legacy_item_id,mrn_number,item_key,asset_key,requested_qty,received_qty,uom,category_code,notes,status,created_at
10029,167442,hub grease 12kg (valvoline),work shop stores,36,0,Kg,oil_lubricants,,PENDING,2026-07-12 10:48:41
10028,167441,diesel,smg-02,10,10,EA,general_items,For Repair,FULFILLED,2026-07-12 10:48:41
10027,167440,used diesel,lb-1720,2,2,EA,general_items,,FULFILLED,2026-07-12 10:48:41
10025,167094,air filter (pa-1055),zb-1980,1,0,EA,filters,,PENDING,2026-07-12 10:48:41
10005,140617,pvc tape,work shop stores,1,1,EA,general_items,,FULFILLED,2026-07-12 10:48:41
9999,165495,13amp plug base,tinkering work shop,2,0,EA,battery,,PENDING,2026-07-12 10:48:41
9998,165494,inter cooler hose clip,48-8072,4,0,EA,hydraulics,,PENDING,2026-07-12 10:48:41
9997,165493,wiper motor repair,28-4314,1,0,EA,general_items,,PENDING,2026-07-12 10:48:41
9996,165493,alternator repair (battery not working),28-4314,1,0,EA,battery,,PENDING,2026-07-12 10:48:41
9995,165492,brake light cup (rear l),41-1130,1,0,EA,general_items,,PENDING,2026-07-12 10:48:41
9994,165492,spring blade bush replacing,41-1130,1,0,EA,bearings_seals,,PENDING,2026-07-12 10:48:41
9993,165491,brake light cup (rear),lp-1713,2,0,EA,general_items,,PENDING,2026-07-12 10:48:41
9992,165490,"1 1/2""*2"" copper bronse",pa-6399,1,1,EA,general_items,,FULFILLED,2026-07-12 10:48:41
10026,167439,diesel,sl-09,20,20,EA,general_items,,FULFILLED,2026-07-12 10:48:41
10024,167093,fuel filter mahendra (at54331/1001caa 14881n),work shop stock,1,0,EA,filters,,PENDING,2026-07-12 10:48:41
10023,167091,fuel filter (fc-1821),ln-1867,1,0,EA,filters,,PENDING,2026-07-12 10:48:41
10022,167091,oil filter (c-1511),ln-1867,1,0,EA,filters,,PENDING,2026-07-12 10:48:41
10017,167088,primery fuel filter (fc-1521),hex-05,1,0,EA,filters,,PENDING,2026-07-12 10:48:41
10016,167088,air filter (js-3704a),hex-05,1,0,EA,filters,,PENDING,2026-07-12 10:48:41
10015,167088,engine oil filter (c-5604),hex-05,1,0,EA,filters,,PENDING,2026-07-12 10:48:41
10014,167087,oil filter (js-1876),mg-17,1,0,EA,filters,,PENDING,2026-07-12 10:48:41
10013,167087,primery fuel filter (js-1076),mg-17,2,0,EA,filters,,PENDING,2026-07-12 10:48:41
10012,167087,fuel water separator (1000447498),mg-17,1,0,EA,general_items,,PENDING,2026-07-12 10:48:41
10011,167085,fuel filter (32-925994),za-7034,1,0,EA,filters,,PENDING,2026-07-12 10:48:41
10010,167084,oil filter (c-206),vr-54,1,0,EA,filters,,PENDING,2026-07-12 10:48:41
10009,167084,fuel filter (fc 707a),vr-54,1,0,EA,filters,,PENDING,2026-07-12 10:48:41
10008,166083,fuel filter (2766 0798 9916),ly-1614,1,0,EA,filters,,PENDING,2026-07-12 10:48:41
10007,167083,fuel line filter (2786 9999 9920),ly-1614,1,0,EA,filters,,PENDING,2026-07-12 10:48:41
10006,167083,fuel water seperator (2786 0911 9904),ly-1614,1,0,EA,general_items,,PENDING,2026-07-12 10:48:41
10004,166922,wire code (multi code),work shop office,1,1,EA,electrical,,FULFILLED,2026-07-12 10:48:41
10003,166922,wifi adapter,work shop office,1,0,EA,general_items,,PENDING,2026-07-12 10:48:41
10002,166921,19mm bush,work shop stores,1,0,EA,bearings_seals,,PENDING,2026-07-12 10:48:41
10001,166921,combination wrench 14mm,work shop stores,1,0,EA,general_items,,PENDING,2026-07-12 10:48:41
10000,166921,"alluminium l angle 1/2""",work shop stores,24,0,Ft,general_items,,PENDING,2026-07-12 10:48:41
9991,165489,track master pin,hex-43,1,0,EA,general_items,Batticoloa Site MR 174920,PENDING,2026-07-12 10:48:41
9990,165488,door winder,hu-5097,1,0,EA,general_items,,PENDING,2026-07-12 10:48:41
9989,165487,24v 04pin relay,lk-4057,2,0,EA,electrical,,PENDING,2026-07-12 10:48:41
9988,165487,double head lamp relay x8003800 (24v 6pin),lk-5047,1,0,EA,electrical,Batticoloa,PENDING,2026-07-12 10:48:41
9987,165486,over roll kit (xl),tinker nawathilaka,1,0,EA,general_items,,PENDING,2026-07-12 10:48:41
9986,165486,over roll kit (l),machanical dilipa,1,0,EA,general_items,,PENDING,2026-07-12 10:48:41
9985,165486,over  roll kit (xl),machanic kumara,1,0,EA,general_items,,PENDING,2026-07-12 10:48:41
9984,165485,pinion assy,lp-1720,1,0,EA,general_items,,PENDING,2026-07-12 10:48:41
9983,165484,door spring,cr-02,1,0,EA,general_items,Whare House Project,PENDING,2026-07-12 10:48:41
9982,165484,bearing (6200du),cr-02,2,0,EA,bearings_seals,Whare House Project,PENDING,2026-07-12 10:48:41
9981,165484,bearing (6000du),cr-02,4,0,EA,bearings_seals,Whare House Project,PENDING,2026-07-12 10:48:41
9974,167438,80w 90 gear oil,work shop stores,210,210,EA,oil_lubricants,,FULFILLED,2026-07-12 10:48:41
9973,167082,oil filter (f 002 h20 247 8f),rc-9894,1,1,EA,filters,,FULFILLED,2026-07-12 10:48:41
9972,167082,fuel filter,rc-9894,1,1,Set,filters,,FULFILLED,2026-07-12 10:48:41
9971,167082,fuel filter (2126331k91),rc-9894,1,1,EA,filters,,FULFILLED,2026-07-12 10:48:41
9970,165483,filler,lo-4824,2,2,EA,general_items,,FULFILLED,2026-07-12 10:48:41
9969,165483,primer,lo-4824,1,1,EA,general_items,,FULFILLED,2026-07-12 10:48:41
9968,165483,"2"" masking",lo-4824,1,1,EA,general_items,,FULFILLED,2026-07-12 10:48:41
9967,165483,paint gray,lo-4824,3,3,EA,general_items,,FULFILLED,2026-07-12 10:48:41
9966,165483,2k lacker,lo-4824,1,1,EA,general_items,,FULFILLED,2026-07-12 10:48:41
9965,165483,slow thinner,lo-4824,0.5,0.5,EA,general_items,,FULFILLED,2026-07-12 10:48:41
9964,165482,benjo washer,hex-17,20,0,EA,general_items,,PENDING,2026-07-12 10:48:41
9963,165482,injector service,hex-17,6,0,EA,general_items,,PENDING,2026-07-12 10:48:41
9962,165482,injection pump service,hex-17,1,0,EA,general_items,,PENDING,2026-07-12 10:48:41
9961,165481,winder handle,li-3851,1,1,EA,general_items,,FULFILLED,2026-07-12 10:48:41
9960,165481,door winder,li-3851,1,1,EA,general_items,,FULFILLED,2026-07-12 10:48:41
9959,165480,wiper blade,165480,2,2,EA,general_items,,FULFILLED,2026-07-12 10:48:41
9958,165479,signal switch (l/r),rc-9894,1,0,EA,electrical,,PENDING,2026-07-12 10:48:41
9957,165479,head light switch,rc-9894,1,0,EA,electrical,,PENDING,2026-07-12 10:48:41
9956,165479,double signal  switch,rc-9894,1,0,EA,electrical,,PENDING,2026-07-12 10:48:41
9955,165478,center mount,28-4314,1,1,EA,general_items,,FULFILLED,2026-07-12 10:48:41
9954,165477,balance bar bush,51-7158,8,0,EA,bearings_seals,,PENDING,2026-07-12 10:48:41
9953,165477,hub racer,51-7158,2,0,EA,general_items,,PENDING,2026-07-12 10:48:41
9952,165477,rack mount,51-7158,2,0,EA,general_items,,PENDING,2026-07-12 10:48:41
9951,165477,tie bar bush,51-7158,4,0,EA,bearings_seals,,PENDING,2026-07-12 10:48:41
9950,165477,upper arm bush,51-7158,4,0,EA,bearings_seals,,PENDING,2026-07-12 10:48:41
9949,165477,gear cable,51-7158,1,1,EA,electrical,,FULFILLED,2026-07-12 10:48:41
9948,165477,seat belt full set,51-7158,1,0,EA,belts,,PENDING,2026-07-12 10:48:41
9947,165477,signal light cup (r),51-7158,1,0,EA,general_items,,PENDING,2026-07-12 10:48:41
9946,165476,silicon,lk-4057,1,1,EA,general_items,,FULFILLED,2026-07-12 10:48:41
9945,165475,feed pump nozzel pin,zb-1980,1,0,EA,general_items,,PENDING,2026-07-12 10:48:41
9944,165475,injector service,zb-1980,4,0,EA,general_items,,PENDING,2026-07-12 10:48:41
9943,165475,injector pump repair & service,zb-1980,1,0,EA,general_items,,PENDING,2026-07-12 10:48:41
9942,165474,tapet cover packing,hex-42,1,0,EA,general_items,,PENDING,2026-07-12 10:48:41
9941,165474,a/c filter,hex-42,2,0,EA,filters,,PENDING,2026-07-12 10:48:41
9940,165474,injector service,hex-42,6,0,EA,general_items,,PENDING,2026-07-12 10:48:41
9939,165473,packing set,01 bags concrete mixer,1,1,EA,general_items,,FULFILLED,2026-07-12 10:48:41
9938,165473,bearing,01 bags concrete mixer,2,2,EA,bearings_seals,,FULFILLED,2026-07-12 10:48:41
9937,165473,ring set,01 bags concrete mixer,1,1,EA,general_items,,FULFILLED,2026-07-12 10:48:41
9936,140450,12v  95ah new battery,rc-9894,1,0,EA,battery,,PENDING,2026-07-12 10:48:41
9935,140449,12v  95ah new battery,hex-17,2,0,EA,battery,,PENDING,2026-07-12 10:48:41
10021,167089,water seperator (2208 4770 9902),"lp-1711, lp-1719, lp-1712",3,0,EA,general_items,,PENDING,2026-07-12 10:48:41
10020,167089,primery fuel filter (2786 0999 9822),"lp-1711, lp-1719, lp-1712",3,0,EA,filters,,PENDING,2026-07-12 10:48:41
10019,167089,engine oil filter (2786 1999 9994),"lp-1711, lp-1719, lp-1712",3,0,EA,filters,,PENDING,2026-07-12 10:48:41
9932,165457,gear boot,rc-9894,1,1,EA,general_items,,FULFILLED,2026-07-12 10:48:41
9931,165457,12v signal flasher,rc-9894,1,1,EA,general_items,,FULFILLED,2026-07-12 10:48:41
9877,165457,gear lever new,rc-9894,1,1,EA,general_items,,FULFILLED,2026-07-12 10:48:41
9876,165457,bolt (s),rc-9894,3,3,EA,general_items,,FULFILLED,2026-07-12 10:48:41
9875,165457,bolt (l),rc-9894,4,4,EA,general_items,,FULFILLED,2026-07-12 10:48:41
9878,165457,spring,rc-9894,1,1,EA,general_items,,FULFILLED,2026-07-12 10:48:41
9921,165472,overall kit (l),trainee machanic a.k.m.a senarath,1,0,EA,general_items,,PENDING,2026-07-12 10:48:41
9920,165472,safety shoes (42),trainee machanic a.k.m.a senarath,1,0,EA,general_items,,PENDING,2026-07-12 10:48:41
9919,165472,overoll kit (l),trainee machanic v.a janith piumal,1,0,EA,general_items,,PENDING,2026-07-12 10:48:41
9918,165472,safety shoe (43),trainee machanic v.a janith piumal,1,0,EA,general_items,,PENDING,2026-07-12 10:48:41
9917,165471,main shaft lock nut,67-5115,1,0,EA,general_items,,PENDING,2026-07-12 10:48:41
9916,165471,brass cone,67-5115,1,1,EA,general_items,,FULFILLED,2026-07-12 10:48:41
9915,165471,hub lock,67-5115,2,2,EA,general_items,,FULFILLED,2026-07-12 10:48:41
9914,165470,cabin light,ly-1614,1,0,EA,general_items,,PENDING,2026-07-12 10:48:41
9913,165470,fog light,ly-1614,2,0,EA,general_items,,PENDING,2026-07-12 10:48:41
9912,165469,a/c repair,lp-1571,1,0,EA,general_items,,PENDING,2026-07-12 10:48:41
9911,165467,mud cover (r),py-2408,2,2,EA,general_items,,FULFILLED,2026-07-12 10:48:41
9910,165467,mud cover (f),py-2408,2,2,EA,general_items,,FULFILLED,2026-07-12 10:48:41
9909,165467,floor carpet,py-2408,2,2,EA,general_items,,FULFILLED,2026-07-12 10:48:41
9908,165466,air hose adapter,48-8072,1,0,EA,hydraulics,,PENDING,2026-07-12 10:48:41
9834,167081,air filter (pa-1027),lk-5041,1,0,EA,filters,,PENDING,2026-07-12 10:48:41
9980,165464,bolt,48-4849,8,8,EA,general_items,,FULFILLED,2026-07-12 10:48:41
9906,165464,york,48-4849,1,1,EA,general_items,,FULFILLED,2026-07-12 10:48:41
9905,165464,universal joint,48-4849,1,1,EA,general_items,,FULFILLED,2026-07-12 10:48:41
9930,167370,injector service,dah-2229,4,4,EA,general_items,,FULFILLED,2026-07-12 10:48:41
7933,167370,tank pump,dah-2229,1,0,EA,general_items,,PENDING,2026-07-12 10:48:41
7932,167370,fuel filter,dah-2229,1,0,EA,filters,,PENDING,2026-07-12 10:48:41
7931,167370,fuel feed pump,dah-2229,1,0,EA,general_items,,PENDING,2026-07-12 10:48:41
7930,167370,ev relay,dah-2229,1,0,EA,electrical,,PENDING,2026-07-12 10:48:41
7929,167370,fuel sys repair,dah-2229,1,0,EA,general_items,,PENDING,2026-07-12 10:48:41
9907,165465,gear cable,ld-05,2,1,EA,electrical,,PARTIAL,2026-07-12 10:48:41
9904,165463,radiator repair,zb-1979,1,0,EA,general_items,,PENDING,2026-07-12 10:48:41
9903,165462,door lock,"lo-8349, lo-8350",4,4,EA,general_items,,FULFILLED,2026-07-12 10:48:41
9902,165462,winder handle,lo-8350,1,1,EA,general_items,,FULFILLED,2026-07-12 10:48:41
9901,165461,boot clip,49-5294,4,4,EA,general_items,,FULFILLED,2026-07-12 10:48:41
9900,165461,low gear assy,49-5294,1,1,EA,general_items,,FULFILLED,2026-07-12 10:48:41
9899,165461,low gear plate,49-5294,1,1,EA,general_items,,FULFILLED,2026-07-12 10:48:41
9898,165461,clutch racer,49-5294,1,1,EA,general_items,,FULFILLED,2026-07-12 10:48:41
9897,165461,flat spring washer,49-5294,8,8,EA,general_items,,FULFILLED,2026-07-12 10:48:41
9896,165461,"1/4 * 1"" bolt",49-5294,8,8,EA,general_items,,FULFILLED,2026-07-12 10:48:41
9895,165461,top shaft seal,49-5294,1,1,EA,bearings_seals,,FULFILLED,2026-07-12 10:48:41
9894,165460,bonet buffer,49-5294,1,1,EA,general_items,,FULFILLED,2026-07-12 10:48:41
9893,165460,steering cap,49-5294,1,1,EA,general_items,,FULFILLED,2026-07-12 10:48:41
9892,165460,gear boot,49-5294,2,2,EA,general_items,,FULFILLED,2026-07-12 10:48:41
9891,165460,l/gear box p/set,49-5294,1,1,EA,general_items,,FULFILLED,2026-07-12 10:48:41
9890,165460,l/gear washer,49-5294,2,2,EA,general_items,,FULFILLED,2026-07-12 10:48:41
9889,165460,rivers shaft,49-5294,1,1,EA,general_items,,FULFILLED,2026-07-12 10:48:41
9888,165460,rivers needle,49-5294,1,1,EA,general_items,,FULFILLED,2026-07-12 10:48:41
9887,165460,228 needle,49-5294,1,1,EA,general_items,,FULFILLED,2026-07-12 10:48:41
9886,165460,6010 nsk bearing,49-5294,2,2,EA,bearings_seals,,FULFILLED,2026-07-12 10:48:41
9885,165460,6208 nsk bearing,49-5294,2,2,EA,bearings_seals,,FULFILLED,2026-07-12 10:48:41
9884,165460,6210 nsk bearing,49-5294,2,2,EA,bearings_seals,,FULFILLED,2026-07-12 10:48:41
9883,165460,6211 nsk bearing,49-5294,1,1,EA,bearings_seals,,FULFILLED,2026-07-12 10:48:41
9882,165459,brake liner set (rear side),lo-7183,2,2,EA,general_items,,FULFILLED,2026-07-12 10:48:41
9881,165459,brake liner set (front side),lo-7183,2,2,EA,general_items,,FULFILLED,2026-07-12 10:48:41
9880,165458,overoll kit (xl),new machanic (kanishka),1,0,EA,general_items,,PENDING,2026-07-12 10:48:41
9879,165458,safety shoes (42),new machanic (kanishka),1,0,EA,general_items,,PENDING,2026-07-12 10:48:41
9838,167437,diesel,lk-5047,10,0,EA,general_items,,PENDING,2026-07-12 10:48:41
9929,165428,valve oil seal,41-1130,1,1,EA,bearings_seals,,FULFILLED,2026-07-12 10:48:41
9726,165428,15mm clip,41-1130,2,2,EA,general_items,,FULFILLED,2026-07-12 10:48:41
9725,165428,15mm end cap,41-1130,2,2,EA,general_items,,FULFILLED,2026-07-12 10:48:41
9724,165428,temperature plug,41-1130,1,1,EA,electrical,,FULFILLED,2026-07-12 10:48:41
9723,165428,radiator cap,41-1130,1,1,EA,general_items,,FULFILLED,2026-07-12 10:48:41
9722,165428,thermo stud cover (presure valve),41-1130,1,1,EA,general_items,,FULFILLED,2026-07-12 10:48:41
9721,165428,head gasket,41-1130,1,1,EA,bearings_seals,,FULFILLED,2026-07-12 10:48:41
9928,166920,laser toner cartridge (83x1crg-337),work shop stores,1,1,EA,general_items,,FULFILLED,2026-07-12 10:48:41
9927,166919,thinner,work shop stores,10,9,EA,general_items,,PARTIAL,2026-07-12 10:48:41
9926,166919,insulating tape,work shop stores,12,0,EA,general_items,,PENDING,2026-07-12 10:48:41
9925,166919,costic soda,work shop stores,5,0,EA,general_items,,PENDING,2026-07-12 10:48:41
9924,166919,cotton waste,work shop stores,10,6,EA,general_items,,PARTIAL,2026-07-12 10:48:41
9923,166919,karosine oil,work shop stores,15,0,EA,oil_lubricants,,PENDING,2026-07-12 10:48:41
9922,166919,petrol,work shop stores,4,4.1,EA,general_items,,FULFILLED,2026-07-12 10:48:41
9874,165456,wire huness (complete),48-8072,1,0,EA,electrical,,PENDING,2026-07-12 10:48:41
9873,165456,air meter flexible hose,48-8072,2,2,EA,hydraulics,,FULFILLED,2026-07-12 10:48:41
9872,165456,hose,48-8072,3,3,Ft,hydraulics,,FULFILLED,2026-07-12 10:48:41
9871,165456,brake oil tank,48-8072,1,1,EA,oil_lubricants,,FULFILLED,2026-07-12 10:48:41
9870,165456,reserve pump washer,48-8072,1,1,EA,general_items,,FULFILLED,2026-07-12 10:48:41
9869,165456,clutch pressure pump,48-8072,1,1,EA,general_items,,FULFILLED,2026-07-12 10:48:41
9868,165455,belt (7333266),sl-15,1,1,EA,belts,,FULFILLED,2026-07-12 10:48:41
9867,165455,power steering pump repair,dah-2230,1,1,EA,general_items,,FULFILLED,2026-07-12 10:48:41
9866,165454,wire socket female,ly-4524,1,0,EA,electrical,,PENDING,2026-07-12 10:48:41
9865,165454,wire socket male,ly-4524,1,0,EA,electrical,,PENDING,2026-07-12 10:48:41
9864,165454,fog light,ly-4524,4,0,EA,general_items,,PENDING,2026-07-12 10:48:41
9863,165454,mid axel repair,ly-4524,1,0,EA,general_items,,PENDING,2026-07-12 10:48:41
9862,165453,"1""*1"" box bar",container box roofing (work shop),3.5,0,EA,general_items,,PENDING,2026-07-12 10:48:41
9861,165452,starter motor solonoide,rc-9894,1,1,EA,electrical,,FULFILLED,2026-07-12 10:48:41
9860,165452,brush holder with brush,rc-9894,1,1,EA,general_items,,FULFILLED,2026-07-12 10:48:41
9859,165451,fog light,lx-1679,2,0,EA,general_items,,PENDING,2026-07-12 10:48:41
9858,165451,chassy light,lx-1679,14,7,EA,general_items,,PARTIAL,2026-07-12 10:48:41
9857,165450,24v main relay,hex-17,1,1,EA,electrical,,FULFILLED,2026-07-12 10:48:41
9856,165450,24v main switch,hex-17,1,0,EA,electrical,,PENDING,2026-07-12 10:48:41
9855,165450,24v/80a 5pin relay,hex-17,10,10,EA,electrical,,FULFILLED,2026-07-12 10:48:41
9833,167080,water separator (sff-5486),hex-42,1,0,EA,general_items,,PENDING,2026-07-12 10:48:41
9832,167080,fuel filter (2992662),hex-42,1,0,EA,filters,,PENDING,2026-07-12 10:48:41
9831,167080,oil filter (2992242),hex-42,1,0,EA,filters,,PENDING,2026-07-12 10:48:41
9830,167079,oil filter (254718130106),pv-6889,1,0,EA,filters,,PENDING,2026-07-12 10:48:41
9854,165449,magnatic socket,container box roofing (work shop),1,1,EA,general_items,,FULFILLED,2026-07-12 10:48:41
9853,165449,amano screw nails,container box roofing (work shop),75,75,EA,general_items,,FULFILLED,2026-07-12 10:48:41
9852,165448,universal joint cross,pa-6399,2,2,EA,general_items,,FULFILLED,2026-07-12 10:48:41
9851,165448,clutch release bearing,pa-6399,1,1,EA,bearings_seals,,FULFILLED,2026-07-12 10:48:41
9850,165448,pilot bearing (bush),pa-6399,1,1,EA,bearings_seals,,FULFILLED,2026-07-12 10:48:41
9849,165447,top shaft bearing,pa-6399,1,1,EA,bearings_seals,,FULFILLED,2026-07-12 10:48:41
9848,165447,top shaft,pa-6399,1,1,EA,general_items,,FULFILLED,2026-07-12 10:48:41
9847,165447,oil seal s/l,pa-6399,2,2,EA,bearings_seals,,FULFILLED,2026-07-12 10:48:41
9846,165447,"3rd,4th hub lock clip",pa-6399,1,0,EA,general_items,,PENDING,2026-07-12 10:48:41
9845,165447,"3rd, 4th hub complete",pa-6399,1,1,EA,general_items,,FULFILLED,2026-07-12 10:48:41
9844,165447,log sring rings,pa-6399,4,4,EA,general_items,,FULFILLED,2026-07-12 10:48:41
9843,165447,dog log,pa-6399,6,6,EA,general_items,,FULFILLED,2026-07-12 10:48:41
9842,165447,shyconicing cone,pa-6399,2,2,EA,general_items,,FULFILLED,2026-07-12 10:48:41
9841,165447,counter shaft bearing,pa-6399,2,2,EA,bearings_seals,,FULFILLED,2026-07-12 10:48:41
9840,165447,counter shaft,pa-6399,1,0,EA,general_items,,PENDING,2026-07-12 10:48:41
9829,167078,fuel filter with filter head (32/925994),lb-21 / zb-1980,1,1,EA,filters,,FULFILLED,2026-07-12 10:48:41
9817,166915,masking tape,work shop stores,3,3,EA,general_items,,FULFILLED,2026-07-12 10:48:41
9815,166915,radiator fan hub bearing,work shop stores,1,1,EA,bearings_seals,,FULFILLED,2026-07-12 10:48:41
9699,166915,cup brush,work shop stores,6,6,EA,general_items,,FULFILLED,2026-07-12 10:48:41
9698,166915,1k lacker,work shop stores,4,4,EA,general_items,,FULFILLED,2026-07-12 10:48:41
9697,166915,paint white,work shop stores,6,6,EA,general_items,,FULFILLED,2026-07-12 10:48:41
9696,166915,filler,work shop stores,4,4,EA,general_items,,FULFILLED,2026-07-12 10:48:41
9695,166915,primer,work shop stores,4,4,EA,general_items,,FULFILLED,2026-07-12 10:48:41
9694,166915,cutting wheel 4 1/2,work shop stores,10,0,EA,tyre,,PENDING,2026-07-12 10:48:41
9693,166915,thinner,work shop stores,20,16,EA,general_items,,PARTIAL,2026-07-12 10:48:41
9934,140448,12v  100ah new battery,zb-1047,1,0,EA,battery,,PENDING,2026-07-12 10:48:41
9933,140447,12v  95ah new battery,lk-5047,2,0,EA,battery,,PENDING,2026-07-12 10:48:41
9839,165446,brake master pump,ph-3945,1,1,EA,general_items,,FULFILLED,2026-07-12 10:48:41
9837,167436,diesel,lk-5586,10,0,EA,general_items,,PENDING,2026-07-12 10:48:41
9835,140616,hand gloves,work shop stores,10,6,EA,general_items,,PARTIAL,2026-07-12 10:48:41
9828,167077,air filter,lk-5047,1,0,EA,filters,Truck Mixer,PENDING,2026-07-12 10:48:41
9827,167076,air filter (6666333),sl-09,1,1,EA,filters,,FULFILLED,2026-07-12 10:48:41
9826,167076,oil filter (c 206l),sl-09,1,1,EA,filters,,FULFILLED,2026-07-12 10:48:41
9825,167075,oil filter (c-1121),pa-6399,1,1,EA,filters,,FULFILLED,2026-07-12 10:48:41
9816,165445,spark plug bm6a,tr-146,1,1,EA,electrical,,FULFILLED,2026-07-12 10:48:41
9810,165445,air filter (130mm*122mm*20mm ),tm-146 tamping rammer,1,1,EA,filters,,FULFILLED,2026-07-12 10:48:41
9808,165445,spark plug (p-rz9h )-16mm key size,tr-146  tamping rammer,1,1,EA,electrical,,FULFILLED,2026-07-12 10:48:41
9809,16445,spark plug (bm6a )-19mm key size,tr-146 tamping rammer,1,0,EA,electrical,,PENDING,2026-07-12 10:48:41
9807,165444,pto switch,lp-1579 tata 1618,1,1,EA,electrical,,FULFILLED,2026-07-12 10:48:41
9806,165444,pto switch -new,lp-1710 tata 1618,1,1,EA,electrical,,FULFILLED,2026-07-12 10:48:41
9836,167435,car wash,work shop stores,10,10,EA,general_items,,FULFILLED,2026-07-12 10:48:41
9824,167074,fuel filter (fc-1503),ph-6742,1,1,EA,filters,,FULFILLED,2026-07-12 10:48:41
9823,167074,ph-6742,oil filter (c-502),1,1,EA,general_items,,FULFILLED,2026-07-12 10:48:41
9822,167074,fuel filter (fc-1104),325-3448,1,1,EA,filters,,FULFILLED,2026-07-12 10:48:41
9821,167074,oil filter (c-1121),325-3448,1,1,EA,filters,,FULFILLED,2026-07-12 10:48:41
9820,167074,fuel filter (fhj00700/800),43-1191,1,1,EA,filters,,FULFILLED,2026-07-12 10:48:41
9819,167074,oil filter (oh-0108),43-1191,1,1,EA,filters,,FULFILLED,2026-07-12 10:48:41
9818,167074,air filter (32-915801),za-7034,1,1,EA,filters,,FULFILLED,2026-07-12 10:48:41
9814,140615,"motor grader cutting blade (6"")",mg-10,2,2,EA,general_items,,FULFILLED,2026-07-12 10:48:41
9805,165442,01st/02nth sliding sleeve with reverse gear,40-8060 nissan atlas crew cab,1,0,EA,general_items,,PENDING,2026-07-12 10:48:41
9804,165442,05th neele bearing innerwith coller sleeve,40-8060 nissan atlas crew cab,1,0,EA,bearings_seals,,PENDING,2026-07-12 10:48:41
9803,165442,clutch release bearing,40-8060 nissan atlas crew cab,1,0,EA,bearings_seals,,PENDING,2026-07-12 10:48:41
9802,165442,cluth plate,40-8060 nissan atlas crew cab,1,0,EA,general_items,,PENDING,2026-07-12 10:48:41
9801,165442,bearing guide p[late,40/8060 nissan atlas crew cab,1,0,EA,bearings_seals,,PENDING,2026-07-12 10:48:41
9800,165442,oil seal,40-8060 nissan atlas crew cab,2,0,EA,bearings_seals,,PENDING,2026-07-12 10:48:41
9799,165441,lock ring,40-8060 nissan atlas crew cab,6,0,EA,general_items,,PENDING,2026-07-12 10:48:41
9798,165441,sliding sleeve lock,40-8060 nissan atlas crew cab,9,0,EA,general_items,,PENDING,2026-07-12 10:48:41
9797,165441,needle bearing,40-8060 nissan atlas crew cab,4,0,EA,bearings_seals,,PENDING,2026-07-12 10:48:41
9796,165441,piolot bearing,40-8060 nissan atlas crew cab,1,0,EA,bearings_seals,,PENDING,2026-07-12 10:48:41
9795,165441,synchoronice cone,40-8060 nissan atlas crew cab,1,0,EA,general_items,,PENDING,2026-07-12 10:48:41
9794,165441,05th gear wheel,40-8060 nissan atlas crew cab,1,0,EA,tyre,,PENDING,2026-07-12 10:48:41
9793,165441,counter shaft bearing,40-8060 nissan atlas crew cab,2,0,EA,bearings_seals,,PENDING,2026-07-12 10:48:41
9792,165441,top shaft bearing,40-8060 nissan atlas crew cab,1,0,EA,bearings_seals,,PENDING,2026-07-12 10:48:41
9791,165441,main shaft bearing,40-8060 nissan atlas crew cab,2,0,EA,bearings_seals,,PENDING,2026-07-12 10:48:41
9790,165441,main  shaft,40-8050 nissan atlas crew cab,2,0,EA,general_items,,PENDING,2026-07-12 10:48:41
9789,165440,rear sockabshober-48551-oko50 (gas filled),pe-3911,2,0,EA,general_items,,PENDING,2026-07-12 10:48:41
9788,165439,belt adjuster,sl-03,1,0,EA,belts,,PENDING,2026-07-12 10:48:41
9787,165439,drive belt,sl-03,1,0,EA,belts,,PENDING,2026-07-12 10:48:41
9786,165439,fuel feed pump (hand primer pump ),sl-03,1,0,EA,general_items,,PENDING,2026-07-12 10:48:41
9785,165438,"concrete mixer engine (02 bags) type-yanmar,model-cy-1115 xm,cpacity-16.2kw,,rpm-2200p/m",concrete mixer,1,0,EA,general_items,,PENDING,2026-07-12 10:48:41
9784,165437,"02"" hose clip",48-8072,6,6,EA,hydraulics,,FULFILLED,2026-07-12 10:48:41
9783,165437,upper cooling water line,48-8072,1,1,EA,general_items,,FULFILLED,2026-07-12 10:48:41
9782,165437,radiator bracket set,48-8072,2,2,EA,general_items,,FULFILLED,2026-07-12 10:48:41
9781,165437,inter cooler rubber mount,48-8072,8,8,EA,general_items,,FULFILLED,2026-07-12 10:48:41
9780,165437,radiator rubber mount,48-8072,4,4,EA,general_items,,FULFILLED,2026-07-12 10:48:41
9779,165437,45 mm water hose,48-8072,3,3,EA,hydraulics,,FULFILLED,2026-07-12 10:48:41
9778,165437,radiator fan hub bearing,48-8072,1,1,EA,bearings_seals,,FULFILLED,2026-07-12 10:48:41
9975,165429,24v relay,41-7225,2,2,EA,electrical,,FULFILLED,2026-07-12 10:48:41
9977,165429,meter board repair,41-7225,1,0,EA,general_items,,PENDING,2026-07-12 10:48:41
9976,165429,electrical repair,41-7225,1,0,EA,general_items,,PENDING,2026-07-12 10:48:41
9729,165429,head light 2pin,41-7225,2,2,EA,electrical,,FULFILLED,2026-07-12 10:48:41
9727,165429,signal light (r/l),41-7225,2,2,EA,general_items,,FULFILLED,2026-07-12 10:48:41
9728,165429,head light  3pin,41-7225,2,2,EA,electrical,,FULFILLED,2026-07-12 10:48:41
9737,165436,automatic transmission fluid (at fluid d-11) 4 ltr can,57-3062,2,0,EA,general_items,4 Ltr Can,PENDING,2026-07-12 10:48:41
9716,165431,battery post repair,gl-0019,1,1,EA,battery,,FULFILLED,2026-07-12 10:48:41
9731,165431,starter relay,gl-0019,1,1,EA,electrical,,FULFILLED,2026-07-12 10:48:41
9813,166865,windscreen,le-4986,1,1,EA,general_items,,FULFILLED,2026-07-12 10:48:41
8076,166865,wind screen beeding,le-4986,1,1,EA,general_items,,FULFILLED,2026-07-12 10:48:41
9777,166918,silicon,work shop stores,1,1,EA,general_items,,FULFILLED,2026-07-12 10:48:41
9776,166918,5a mini fuse,work shop stores,20,0,EA,electrical,,PENDING,2026-07-12 10:48:41
9775,166918,7.5a mini fuse,work shop stores,20,7,EA,electrical,,PARTIAL,2026-07-12 10:48:41
9773,166918,15a mini fuse,work shop stores,20,20,EA,electrical,,FULFILLED,2026-07-12 10:48:41
9772,166918,20a mini fuse,work shop stores,20,20,EA,electrical,,FULFILLED,2026-07-12 10:48:41
9771,166918,25a mini fuse,work shop stores,20,15,EA,electrical,,PARTIAL,2026-07-12 10:48:41
9770,166918,30a mini fuse,work shop stores,20,20,EA,electrical,,FULFILLED,2026-07-12 10:48:41
9774,166918,10a mini fuse,work shop stores,20,13,EA,electrical,,PARTIAL,2026-07-12 10:48:41
9756,140446,120ah 12v new battery,mg-10,2,0,EA,battery,,PENDING,2026-07-12 10:48:41
9738,167434,diesel,lk-4058,4,4,EA,general_items,,FULFILLED,2026-07-12 10:48:41
9736,165435,turbo cooler (inter cooler) repair,48-8072,1,1,EA,general_items,,FULFILLED,2026-07-12 10:48:41
9812,166914,selastic,work shop stores,6,6,EA,general_items,,FULFILLED,2026-07-12 10:48:41
9692,166914,grease nipple,work shop stores,40,45,EA,oil_lubricants,,FULFILLED,2026-07-12 10:48:41
9690,166914,sand paper (400),work shop stores,8,0,EA,general_items,,PENDING,2026-07-12 10:48:41
9688,166914,sand paper (320),work shop stores,8,0,EA,general_items,,PENDING,2026-07-12 10:48:41
9687,166914,break oil (1000ml),work shop stores,5,2,EA,oil_lubricants,,PARTIAL,2026-07-12 10:48:41
9686,166914,lead,work shop stores,5,5,EA,general_items,,FULFILLED,2026-07-12 10:48:41
9685,166914,auto wire,work shop stores,60,30,EA,electrical,Meter,PARTIAL,2026-07-12 10:48:41
9684,166914,cotton waste,work shop stores,10,10,EA,general_items,,FULFILLED,2026-07-12 10:48:41
9691,166914,sand paper (150),work shop stores,8,0,EA,general_items,,PENDING,2026-07-12 10:48:41
9689,166914,sand paper (120),work shop stores,8,0,EA,general_items,,PENDING,2026-07-12 10:48:41
9755,140445,95ah 12v new battery,lk-4061,2,0,EA,battery,,PENDING,2026-07-12 10:48:41
9754,140444,150ah new battery,za-7925,2,0,EA,battery,,PENDING,2026-07-12 10:48:41
9753,140443,90ah 12v new battery,ld-08,2,0,EA,battery,,PENDING,2026-07-12 10:48:41
9741,141986,new tube (700*16),py-2408,4,0,EA,tyre,,PENDING,2026-07-12 10:48:41
9740,141986,700*16 new tyre,py-2408,4,0,EA,tyre,,PENDING,2026-07-12 10:48:41
9735,165434,brush holder,lk-5586,1,1,EA,general_items,,FULFILLED,2026-07-12 10:48:41
9734,165434,brush,lk-5586,4,4,EA,general_items,,FULFILLED,2026-07-12 10:48:41
9733,165433,door side mirror,lp-1574,1,0,EA,general_items,,PENDING,2026-07-12 10:48:41
9732,165432,universal joint,48-8072,1,1,EA,general_items,,FULFILLED,2026-07-12 10:48:41
9730,165430,engine head (presure check),41-1130,1,1,EA,general_items,,FULFILLED,2026-07-12 10:48:41
9705,165409,"9""*9"" packing",41-1130,1,1,Set,general_items,,FULFILLED,2026-07-12 10:48:41
9624,165409,presure relief valve (over flow valve),41-1130,1,0,EA,general_items,,PENDING,2026-07-12 10:48:41
9623,165409,over flow hose,41-1130,3,3,Ft,hydraulics,,FULFILLED,2026-07-12 10:48:41
9622,165409,sealing ring (o ring),41-1130,1,1,EA,general_items,,FULFILLED,2026-07-12 10:48:41
9621,165409,front oil seal,41-1130,1,1,EA,bearings_seals,,FULFILLED,2026-07-12 10:48:41
9620,165409,front cover (oil seal),41-1130,1,1,EA,bearings_seals,,FULFILLED,2026-07-12 10:48:41
9619,165409,reserve tank,41-1130,1,1,EA,general_items,,FULFILLED,2026-07-12 10:48:41
9618,165409,water pump,41-1130,1,1,EA,general_items,,FULFILLED,2026-07-12 10:48:41
9769,166917,safety shoe (46),machanical forman mr upul kumara (ecs-2117),1,1,EA,general_items,,FULFILLED,2026-07-12 10:48:41
9768,166917,over roll (xl),tinker rm nawathilaka,2,1,EA,general_items,,PARTIAL,2026-07-12 10:48:41
9767,166917,safety shoe (42),tinker rm nawathilaka (ecd 3023),1,1,EA,general_items,,FULFILLED,2026-07-12 10:48:41
9766,166917,over roll kit (l),machanical forman dilip (ecs 2047),2,1,EA,general_items,,PARTIAL,2026-07-12 10:48:41
9765,166917,safety shoe (42),machanical forman dilip (ecs 2047),1,1,EA,general_items,,FULFILLED,2026-07-12 10:48:41
9764,166917,over roll kit (xl),machanic kumara,1,1,EA,general_items,,FULFILLED,2026-07-12 10:48:41
9763,166917,safety shoe (43),machanic kumara,1,1,Pair,general_items,,FULFILLED,2026-07-12 10:48:41
9761,167072,air filter,ge-102,1,1,EA,filters,,FULFILLED,2026-07-12 10:48:41
9760,167072,fuel filter (f-6241304),ge-102,1,1,EA,filters,,FULFILLED,2026-07-12 10:48:41
9759,167072,oil filter (c-1804),ge-102,1,1,EA,filters,,FULFILLED,2026-07-12 10:48:41
9752,140442,95ah new battery,ge-66,1,0,EA,battery,,PENDING,2026-07-12 10:48:41
9751,140441,95ah new battery,ge-102,1,0,EA,battery,,PENDING,2026-07-12 10:48:41
9750,140440,65ah new battery,smg-01,2,0,EA,battery,,PENDING,2026-07-12 10:48:41
9749,140439,95ah new battery,hex-21,2,0,EA,battery,,PENDING,2026-07-12 10:48:41
9747,140438,95amp new battery,sl-08,1,0,EA,battery,,PENDING,2026-07-12 10:48:41
9746,140437,95ah new battery,lk-5047,2,0,EA,battery,,PENDING,2026-07-12 10:48:41
9745,140436,120ah new battery,li-3851,1,0,EA,battery,,PENDING,2026-07-12 10:48:41
9744,140435,120amp new battery,lj-5203,1,0,EA,battery,,PENDING,2026-07-12 10:48:41
9743,140434,120ah  new battery,za-2963,1,0,EA,battery,,PENDING,2026-07-12 10:48:41
9742,140433,120ah new battery,48-8072,1,0,EA,battery,,PENDING,2026-07-12 10:48:41
9720,165427,belt (a-34),asc-25,3,3,EA,belts,,FULFILLED,2026-07-12 10:48:41
9719,165427,petrol engine oil,asc-25,2,0,EA,oil_lubricants,,PENDING,2026-07-12 10:48:41
9709,165427,engine rachet,asc-25,1,1,EA,general_items,,FULFILLED,2026-07-12 10:48:41
9718,165426,wiper arm with balde,py-2408,2,2,EA,general_items,,FULFILLED,2026-07-12 10:48:41
9717,165426,wiper arm set,py-2408,1,1,EA,general_items,,FULFILLED,2026-07-12 10:48:41
9762,166916,gasket sellak,work shop stores,5,5,EA,bearings_seals,,FULFILLED,2026-07-12 10:48:41
9758,167071,fuel filter (ff-5052),hex-19,1,1,EA,filters,,FULFILLED,2026-07-12 10:48:41
9757,167071,fuel filter (32-925994),zb-1548,1,1,EA,filters,,FULFILLED,2026-07-12 10:48:41
9713,165421,winder handle,lp-1574 tata 1618,2,2,EA,general_items,,FULFILLED,2026-07-12 10:48:41
9712,165421,door winder,lp-1574 tata-1618,2,2,EA,general_items,,FULFILLED,2026-07-12 10:48:41
9636,165421,door winder,lp-1713,1,1,EA,general_items,,FULFILLED,2026-07-12 10:48:41
9679,167433,battery water,work shop stores,5,2,EA,battery,,PARTIAL,2026-07-12 10:48:41
9678,167433,ci-4 15w 40,work shop stores,200,200,EA,general_items,,FULFILLED,2026-07-12 10:48:41
9677,167433,grease,work shop stores,182,182,EA,oil_lubricants,,FULFILLED,2026-07-12 10:48:41
9672,167070,air dryer filter (febc 45065),ly-4524,1,1,EA,filters,,FULFILLED,2026-07-12 10:48:41
9671,167069,hydrolic filter (sfh-6100),hex-23,1,0,EA,filters,,PENDING,2026-07-12 10:48:41
9670,167069,hydrolic filter (sfh-6100),hex-23,1,1,EA,filters,,FULFILLED,2026-07-12 10:48:41
9641,165425,clutch plate,40-8060,1,0,EA,general_items,,PENDING,2026-07-12 10:48:41
9640,165425,clutch release bearing,40-8060,1,0,EA,bearings_seals,,PENDING,2026-07-12 10:48:41
9639,165424,pressure senser,za-8373,1,0,EA,general_items,,PENDING,2026-07-12 10:48:41
9638,165423,turbo cherger repair,lb-21,1,1,EA,general_items,,FULFILLED,2026-07-12 10:48:41
9637,166422,gasket (new),lk-4058,1,1,EA,bearings_seals,,FULFILLED,2026-07-12 10:48:41
9739,141985,165r 13 8pr new tyre,51-7158,4,0,EA,tyre,"Front 2, Rear 2",PENDING,2026-07-12 10:48:41
9635,165420,mahindra rear brake,ph-3945,1,1,EA,general_items,,FULFILLED,2026-07-12 10:48:41
9634,165419,belt (6300),asc-21,3,3,EA,belts,,FULFILLED,2026-07-12 10:48:41
9683,166913,contact cleaner,work shop stores,5,5,EA,general_items,,FULFILLED,2026-07-12 10:48:41
9682,166913,kerosine oil,work shop stores,15,14,EA,oil_lubricants,,PARTIAL,2026-07-12 10:48:41
9681,166913,petrol,work shop stores,8,6.5,EA,general_items,,PARTIAL,2026-07-12 10:48:41
9680,166912,petrol engine oil,gx-390 (asc-21),2,2,EA,oil_lubricants,,FULFILLED,2026-07-12 10:48:41
9676,167432,diesel,fl-03,10,10,EA,general_items,,FULFILLED,2026-07-12 10:48:41
9675,167431,hd-68 hy/ oil,work shop stores,200,200,EA,oil_lubricants,,FULFILLED,2026-07-12 10:48:41
9673,167431,hd-46 hy/oil,work shop stores,210,210,EA,oil_lubricants,,FULFILLED,2026-07-12 10:48:41
9669,167068,fuel filter (fc-1002),28-4314,1,1,EA,filters,,FULFILLED,2026-07-12 10:48:41
9668,167068,oil filter (c-1803),28-4314,1,1,EA,filters,,FULFILLED,2026-07-12 10:48:41
9633,165416,gear handle guid (lever),48-8072,2,2,EA,general_items,,FULFILLED,2026-07-12 10:48:41
9632,165416,brush holder,48-8072,1,1,EA,general_items,,FULFILLED,2026-07-12 10:48:41
9631,165416,brush,48-8072,4,4,EA,general_items,,FULFILLED,2026-07-12 10:48:41
9629,165414,brush holder,lb-01,1,1,EA,general_items,,FULFILLED,2026-07-12 10:48:41
9628,165414,brush,lb-01,1,1,EA,general_items,,FULFILLED,2026-07-12 10:48:41
9627,165413,mud cover,hd-9005,8,0,EA,general_items,,PENDING,2026-07-12 10:48:41
9626,165412,starter motor solonoid (cummins engine motor),sr-11,1,1,EA,electrical,,FULFILLED,2026-07-12 10:48:41
9667,167067,oil filter,lb-4824,1,0,EA,filters,,PENDING,2026-07-12 10:48:41
9666,167066,water separator(f002h20306),lk-2276,1,1,EA,general_items,,FULFILLED,2026-07-12 10:48:41
9665,167066,fuel filter (f002h20239),lk-2276,2,2,EA,filters,,FULFILLED,2026-07-12 10:48:41
9664,167066,oil filter (f002h20240),lk-2276,1,1,EA,filters,,FULFILLED,2026-07-12 10:48:41
9663,167066,fuel filter (f4000400),rd-3537,1,1,EA,filters,,FULFILLED,2026-07-12 10:48:41
9662,167066,oil filter (f 00 h20 244 6f8),rd-3537,1,1,EA,filters,,FULFILLED,2026-07-12 10:48:41
9661,167066,fuel filter (f-4000400),rd-6318,1,1,EA,filters,,FULFILLED,2026-07-12 10:48:41
9660,167066,oil filter (1447082m11),rd-6318,1,1,EA,filters,,FULFILLED,2026-07-12 10:48:41
9659,167065,fuel filter (afm-04347),ph-0765,1,1,EA,filters,,FULFILLED,2026-07-12 10:48:41
9658,167065,fuel filter (fl-325),ph-0765,1,1,EA,filters,,FULFILLED,2026-07-12 10:48:41
9657,167065,oil filter (th-93296),ph-0765,1,1,EA,filters,,FULFILLED,2026-07-12 10:48:41
9656,167065,fuel filter (f-503),68-5115,1,0,EA,filters,,PENDING,2026-07-12 10:48:41
9655,167065,oil filter (o-1502),68-5115,1,1,EA,filters,,FULFILLED,2026-07-12 10:48:41
9654,167065,air filter (js-3700a),hex-36,1,1,EA,filters,,FULFILLED,2026-07-12 10:48:41
9653,167065,fuel filter (fc-n42055),hex-36,1,1,EA,filters,,FULFILLED,2026-07-12 10:48:41
9652,167065,oil filter (c-805),hex-39,1,1,EA,filters,,FULFILLED,2026-07-12 10:48:41
9651,167065,fuel filter (js-1048),hex-39,1,1,EA,filters,,FULFILLED,2026-07-12 10:48:41
9650,167065,oil filter (c-805),hex-39,1,1,EA,filters,,FULFILLED,2026-07-12 10:48:41
9630,165415,aluminium bar 3',fl-01,1,0,Ft,general_items,,PENDING,2026-07-12 10:48:41
9649,167064,oil filter (252718130145),48-8072,1,0,EA,filters,,PENDING,2026-07-12 10:48:41
9648,167062,fuel filter (js-1039),hex-33,1,1,EA,filters,,FULFILLED,2026-07-12 10:48:41
9647,167062,hydrolic filter (hc-7901/31n4-01461),hex-33,1,1,EA,filters,,FULFILLED,2026-07-12 10:48:41
9646,167061,air filter (af-25333),ly-4524,1,1,EA,filters,,FULFILLED,2026-07-12 10:48:41
9645,167061,water separator (20976003),ly-4524,1,1,EA,general_items,,FULFILLED,2026-07-12 10:48:41
9644,167061,fuel filter (21380488),ly-4524,1,1,EA,filters,,FULFILLED,2026-07-12 10:48:41
9643,167061,oil filter (21707132),ly-4524,1,1,EA,filters,,FULFILLED,2026-07-12 10:48:41
9642,167061,oil filter (21707134),ly-4524,2,2,EA,filters,,FULFILLED,2026-07-12 10:48:41
9625,165410,head light polish,ln-8279,2,2,EA,electrical,,FULFILLED,2026-07-12 10:48:41
9617,165407,key cutting,lk-5047,2,2,EA,general_items,,FULFILLED,2026-07-12 10:48:41
9616,165403,14mm nut,ptr-10,12,12,EA,general_items,,FULFILLED,2026-07-12 10:48:41
9704,165403,12mm nut,28-4314 double cab,2,2,EA,general_items,,FULFILLED,2026-07-12 10:48:41
9529,165403,seal (grease),ptr-10,1,1,EA,bearings_seals,,FULFILLED,2026-07-12 10:48:41
9528,165403,spring washer,ptr-10,12,12,EA,general_items,,FULFILLED,2026-07-12 10:48:41
9527,165403,bolt,ptr-10,12,12,EA,general_items,,FULFILLED,2026-07-12 10:48:41
9615,165406,steering rack assy (repair/purchase),pc-7812,1,1,EA,general_items,,FULFILLED,2026-07-12 10:48:41
9715,165402,seat cushion work,ph-6744,1,1,EA,general_items,,FULFILLED,2026-07-12 10:48:41
9714,165402,floor carpet ( front / rear ),ph-6744,1,1,EA,general_items,,FULFILLED,2026-07-12 10:48:41
9526,165402,seat beeding,ph-6744,7,0,EA,general_items,,PENDING,2026-07-12 10:48:41
9593,166167,paint white (brillient white),py-2408,0.5,0.5,EA,general_items,,FULFILLED,2026-07-12 10:48:41
9363,166167,wiper motor,py-2408,1,2,EA,general_items,,FULFILLED,2026-07-12 10:48:41
9493,166167,signal light,py-2408,1,1,EA,general_items,,FULFILLED,2026-07-12 10:48:41
9362,166167,side mirror (r),py-2408,1,1,EA,general_items,,FULFILLED,2026-07-12 10:48:41
9332,166167,gear liver boot,py-2408,1,1,EA,general_items,,FULFILLED,2026-07-12 10:48:41
9570,165405,starter motor brush,sr-11,4,4,EA,electrical,,FULFILLED,2026-07-12 10:48:41
9564,167060,fuel filter (fc-1003),mg-07,1,1,EA,filters,,FULFILLED,2026-07-12 10:48:41
9563,167060,oil filter (c-223/c-370-1),mg-07,1,1,EA,filters,,FULFILLED,2026-07-12 10:48:41
9562,167060,oil filter (js-2014),mg-07,1,0,EA,filters,,PENDING,2026-07-12 10:48:41
9561,167059,fuel filter (fc-1503),57-3062,1,1,EA,filters,,FULFILLED,2026-07-12 10:48:41
9560,167059,oil filter (c-115),57-3062,1,1,EA,filters,,FULFILLED,2026-07-12 10:48:41
9536,166195,jack seal r/kit,mg-14,1,1,EA,bearings_seals,,FULFILLED,2026-07-12 10:48:41
9539,166195,bearing (6206ddunr),cm-27 (concrete mixer),2,0,EA,bearings_seals,,PENDING,2026-07-12 10:48:41
9537,166195,dust boot,mg-14,1,0,EA,general_items,,PENDING,2026-07-12 10:48:41
9535,166195,jack seal r/kit,mg-14,1,1,EA,bearings_seals,,FULFILLED,2026-07-12 10:48:41
9530,165404,led fog light,lc-0434,1,0,EA,electrical,,PENDING,2026-07-12 10:48:41
9525,165401,ball valve,service bay,1,1,EA,general_items,,FULFILLED,2026-07-12 10:48:41
9522,140614,tata water pump,48-8072,1,1,EA,general_items,,FULFILLED,2026-07-12 10:48:41
9703,166200,union,mannar site,1,1,EA,general_items,,FULFILLED,2026-07-12 10:48:41
9556,166200,oil spray gun,mannar site,1,1,EA,oil_lubricants,,FULFILLED,2026-07-12 10:48:41
9555,166200,hose adapter,mannar site,1,1,EA,hydraulics,,FULFILLED,2026-07-12 10:48:41
9554,166200,hose clip,mannar site,2,2,EA,hydraulics,,FULFILLED,2026-07-12 10:48:41
9553,166200,hose (oxygen) ft,mannar site,15,10,EA,hydraulics,,PARTIAL,2026-07-12 10:48:41
9552,166200,regulator,mannar site,1,1,EA,general_items,,FULFILLED,2026-07-12 10:48:41
9551,166200,oxygen cylinder,mannar site,1,1,EA,hydraulics,,FULFILLED,2026-07-12 10:48:41
9550,166198,a/c belt (recmf6460),hex-41,1,1,EA,belts,,FULFILLED,2026-07-12 10:48:41
9549,166197,bearing (382a),sl-17,2,2,EA,bearings_seals,,FULFILLED,2026-07-12 10:48:41
9548,166197,bearing (28682),sl-17,2,2,EA,bearings_seals,,FULFILLED,2026-07-12 10:48:41
9547,166197,travelling motor seal,sl-17,2,2,EA,bearings_seals,,FULFILLED,2026-07-12 10:48:41
9546,166197,seat repair,sl-17,1,0,EA,general_items,,PENDING,2026-07-12 10:48:41
9545,166197,hose bracket,sl-17,1,0,EA,hydraulics,,PENDING,2026-07-12 10:48:41
9711,166196,key way cutting for wheel,cm-27 (concrete mixer ),1,0,EA,tyre,,PENDING,2026-07-12 10:48:41
9544,166196,bearing (6310),cm-27 (concrete mixer),1,1,EA,bearings_seals,,FULFILLED,2026-07-12 10:48:41
9543,166196,bearing (6308ddunr),cm-27 (concrete mixer),1,1,EA,bearings_seals,,FULFILLED,2026-07-12 10:48:41
9542,166196,wheel (s),cm-27 (concrete mixer),1,1,EA,tyre,,FULFILLED,2026-07-12 10:48:41
9541,166196,bearing (6206ddunr),cm-27 (concrete mixer),2,2,EA,bearings_seals,,FULFILLED,2026-07-12 10:48:41
9540,166196,wheel(l),cm-27 (concrete mixer),1,1,EA,tyre,,FULFILLED,2026-07-12 10:48:41
9538,166196,concrete mixer repair,cm-27 (concrete mixer),1,0,EA,general_items,,PENDING,2026-07-12 10:48:41
9567,166911,wifi adapter,work shop stores,1,0,EA,general_items,,PENDING,2026-07-12 10:48:41
9566,166911,cotton waste,work shop stores,10,10,EA,general_items,,FULFILLED,2026-07-12 10:48:41
9565,140613,car wash,work shop stores,10,10,EA,general_items,,FULFILLED,2026-07-12 10:48:41
9512,166184,sprocket wheel,hex-26,2,2,EA,tyre,,FULFILLED,2026-07-12 10:48:41
9499,166184,truck line repair,hex-26,2,2,EA,general_items,,FULFILLED,2026-07-12 10:48:41
9452,166184,boom jack seal r/kit,hex-26,1,1,EA,bearings_seals,,FULFILLED,2026-07-12 10:48:41
9748,166194,seat cushion work,zb-1047,1,1,EA,general_items,,FULFILLED,2026-07-12 10:48:41
9710,166194,perspeck,zb-1047,1,1,EA,general_items,,FULFILLED,2026-07-12 10:48:41
9534,166194,static pad,zb-1047,4,4,EA,general_items,,FULFILLED,2026-07-12 10:48:41
9569,141871,a/c repair,hex-39,1,1,EA,general_items,,FULFILLED,2026-07-12 10:48:41
9568,141870,a/c repair,lp-1576,1,1,EA,general_items,,FULFILLED,2026-07-12 10:48:41
9559,167058,air filter (js-3541a),ll-1782,1,1,EA,filters,,FULFILLED,2026-07-12 10:48:41
9533,166193,a/c repair,hex-21,1,0,EA,general_items,,PENDING,2026-07-12 10:48:41
9532,166192,steering rack repair,51-7158,1,1,EA,general_items,,FULFILLED,2026-07-12 10:48:41
9558,167057,filter with senser,ph-3945,1,0,EA,filters,,PENDING,2026-07-12 10:48:41
9557,167057,"fuel filter (uw0061-d), (1105100le 190), (jac-1228)",ph-3945,1,1,EA,filters,,FULFILLED,2026-07-12 10:48:41
9531,166191 (Site MR 03293),main hy/ spool- valve solonaid unit,za-9395,1,1,EA,general_items,,FULFILLED,2026-07-12 10:48:41
9523,166187,water pump repair,ph-6744,1,1,EA,general_items,,FULFILLED,2026-07-12 10:48:41
9457,166187,speedo meter repair,ph-6744,1,1,EA,general_items,,FULFILLED,2026-07-12 10:48:41
9456,166187,water pump (new),ph-6744,1,1,EA,general_items,,FULFILLED,2026-07-12 10:48:41
9497,166187,speed meter repair,ph-6744,1,1,EA,general_items,,FULFILLED,2026-07-12 10:48:41
9481,167430,hd-68 oil (valvoline),work shop stores,200,200,EA,oil_lubricants,,FULFILLED,2026-07-12 10:48:41
9478,167429,diesel,sl-08,10,10,EA,general_items,,FULFILLED,2026-07-12 10:48:41
9467,166190,bonet socketshober,sr-13,2,0,EA,general_items,,PENDING,2026-07-12 10:48:41
9466,166189,belt (as per sample),28-4314,1,1,EA,belts,,FULFILLED,2026-07-12 10:48:41
9465,166189,york with teeth,28-4314,1,1,EA,general_items,,FULFILLED,2026-07-12 10:48:41
9464,166189,signal light (rear),28-4314,2,0,EA,general_items,,PENDING,2026-07-12 10:48:41
9463,166189,toshen bar,28-4314,2,2,EA,general_items,,FULFILLED,2026-07-12 10:48:41
9462,166189,belt (6370),28-4314,1,1,EA,belts,,FULFILLED,2026-07-12 10:48:41
9461,166189,lock,28-4314,8,0,EA,general_items,,PENDING,2026-07-12 10:48:41
9460,166189,bush,28-4314,4,4,EA,bearings_seals,,FULFILLED,2026-07-12 10:48:41
9459,166189,universal joint,28-4314,2,2,EA,general_items,,FULFILLED,2026-07-12 10:48:41
9458,166188,fan belt (6390),sl-08,1,1,EA,belts,,FULFILLED,2026-07-12 10:48:41
9455,166186,wiper blade,ll-1782,3,3,EA,general_items,,FULFILLED,2026-07-12 10:48:41
9454,166185,"brass rod 1 1/2""",57-3062,1,1,EA,general_items,,FULFILLED,2026-07-12 10:48:41
9453,164185,"brass rod 1 1/2""",57-3062,1,0,EA,general_items,,PENDING,2026-07-12 10:48:41
9473,140430,120amp new battery,hex-23,2,0,EA,battery,,PENDING,2026-07-12 10:48:41
9451,166183,riverse light,lp-1574,2,0,EA,general_items,,PENDING,2026-07-12 10:48:41
9450,166182,bonet jack,sr-13,1,0,EA,general_items,,PENDING,2026-07-12 10:48:41
9449,166182,seat cushion work,sr-13,1,1,EA,general_items,,FULFILLED,2026-07-12 10:48:41
9448,166182,signal light,sr-13,1,0,EA,general_items,,PENDING,2026-07-12 10:48:41
9447,166182,head light,sr-13,2,0,EA,electrical,,PENDING,2026-07-12 10:48:41
9979,166179,d/f bulb 12v,49-5294,8,8,EA,electrical,,FULFILLED,2026-07-12 10:48:41
9978,166179,head light bracket,49-5294,1,1,EA,electrical,,FULFILLED,2026-07-12 10:48:41
9706,166179,steering shaft,49-5294,1,1,EA,general_items,,FULFILLED,2026-07-12 10:48:41
9440,166179,head light,49-5294,1,2,EA,electrical,,FULFILLED,2026-07-12 10:48:41
9439,166179,mud guard light,48-5294,2,2,EA,general_items,,FULFILLED,2026-07-12 10:48:41
9438,166179,steering repair,49-5294,1,2,EA,general_items,,FULFILLED,2026-07-12 10:48:41
9708,166910,costic soda,stores,5,5,EA,general_items,,FULFILLED,2026-07-12 10:48:41
9429,166910,petrol,work shop stores,3,3.5,EA,general_items,,FULFILLED,2026-07-12 10:48:41
9428,166910,karosine oil,work shop stores,15,15,EA,oil_lubricants,,FULFILLED,2026-07-12 10:48:41
9477,167428,diesel,hex-21,40,40,EA,general_items,,FULFILLED,2026-07-12 10:48:41
9446,166181,speedo meter senser,"lo-7182, lo-5983",2,2,EA,general_items,,FULFILLED,2026-07-12 10:48:41
9445,166181,diade plate,ld-09,1,1,EA,general_items,,FULFILLED,2026-07-12 10:48:41
9444,166180,80*95*95mm bush,hex-26,2,2,EA,bearings_seals,,FULFILLED,2026-07-12 10:48:41
9443,166180,starter relay 24v,hex-26,1,1,EA,electrical,,FULFILLED,2026-07-12 10:48:41
9442,166180,shims 95*0.05mm,hex-26,2,5,EA,general_items,,FULFILLED,2026-07-12 10:48:41
9441,166180,shims 95*1mm (thickness),hex-26,2,5,EA,general_items,,FULFILLED,2026-07-12 10:48:41
9437,166178,bearing (212049/10 japan),lx-1679,1,1,EA,bearings_seals,,FULFILLED,2026-07-12 10:48:41
9425,166987,break cable,dah-2228,1,1,EA,electrical,,FULFILLED,2026-07-12 10:48:41
9589,166987,seat cushion work,dah-2228,1,1,EA,general_items,,FULFILLED,2026-07-12 10:48:41
9208,166987,door uphosting (r),dah-2228,1,1,EA,general_items,,FULFILLED,2026-07-12 10:48:41
9207,166987,mudguard cover l/r fiber,dah-2228,2,2,EA,general_items,,FULFILLED,2026-07-12 10:48:41
9206,166987,mudguard cover l/r fiber,dah-2228,2,0,EA,general_items,,PENDING,2026-07-12 10:48:41
9424,166177,o rings (s),pd-7049,2,2,EA,general_items,,FULFILLED,2026-07-12 10:48:41
9423,166177,o rings (l),pd-7049,2,2,EA,general_items,,FULFILLED,2026-07-12 10:48:41
9422,166177,vanes,pd-7049,5,5,EA,general_items,,FULFILLED,2026-07-12 10:48:41
9421,166177,brake exhaoster,pd-7049,1,1,EA,general_items,,FULFILLED,2026-07-12 10:48:41
9419,140612,tensioner belt (278615999902),hex-26,1,1,EA,belts,,FULFILLED,2026-07-12 10:48:41
9498,166175,cab mount,48-8072,2,2,EA,general_items,,FULFILLED,2026-07-12 10:48:41
9436,166175,gear box cupling (8 hole),48-8072,1,1,EA,general_items,,FULFILLED,2026-07-12 10:48:41
9435,166175,shock abshober,48-8072,2,2,EA,general_items,,FULFILLED,2026-07-12 10:48:41
9434,166175,spring leaf bracket,48-8072,1,1,EA,general_items,,FULFILLED,2026-07-12 10:48:41
9433,166175,spring lea set (rear),48-8072,1,1,EA,general_items,,FULFILLED,2026-07-12 10:48:41
9432,166175,rubber cab mount (front),48-8072,2,2,EA,general_items,,FULFILLED,2026-07-12 10:48:41
9476,167427,diesel,sr-11,20,20,EA,general_items,,FULFILLED,2026-07-12 10:48:41
9475,167424,diesel,sr-11,20,0,EA,general_items,,PENDING,2026-07-12 10:48:41
9317,167424,diesel,sr-11,5,5,EA,general_items,,FULFILLED,2026-07-12 10:48:41
9474,167426,radiator coolant,sr-11,4,4,EA,oil_lubricants,,FULFILLED,2026-07-12 10:48:41
9431,166174,jack seal kit,ap-11  site mr 203457,2,2,EA,bearings_seals,,FULFILLED,2026-07-12 10:48:41
9430,166173,"1"" 3/4"" impact reducer socket",work shop stores,2,1,EA,general_items,,PARTIAL,2026-07-12 10:48:41
9359,166176,cv boot,pd-7049,2,2,EA,general_items,,FULFILLED,2026-07-12 10:48:41
9358,166172,cattloy paste,cr-02,1.5,1.5,EA,general_items,,FULFILLED,2026-07-12 10:48:41
9357,166172,4 1/2 cutting wheel,work shop stores,5,5,EA,tyre,,FULFILLED,2026-07-12 10:48:41
9340,166172,paint yellow,cr-02,0.5,0.5,EA,general_items,,FULFILLED,2026-07-12 10:48:41
9339,166172,paint gold,dah-2228,0.25,0.25,EA,general_items,,FULFILLED,2026-07-12 10:48:41
9338,166171,side mirror (r),py-2408,1,1,EA,general_items,,FULFILLED,2026-07-12 10:48:41
9427,166909,test lamp,machanic themida,1,1,EA,electrical,,FULFILLED,2026-07-12 10:48:41
9426,166909,"pad lock 1""",machanic theminda,1,1,EA,general_items,,FULFILLED,2026-07-12 10:48:41
9337,166170,starter motor repair,pa-4879,1,1,EA,electrical,,FULFILLED,2026-07-12 10:48:41
9336,166169,electric  repair,41-1130,1,1,EA,general_items,,FULFILLED,2026-07-12 10:48:41
9335,166169,seat cushion work (front),41-1130,1,1,EA,general_items,,FULFILLED,2026-07-12 10:48:41
9334,166166,steering cover,lc-0434,1,1,EA,general_items,,FULFILLED,2026-07-12 10:48:41
9333,166166,fuel feed pump r/kit,lc-0434,1,1,EA,general_items,,FULFILLED,2026-07-12 10:48:41
9318,167425,diesel,lk-4061,5,5,EA,general_items,,FULFILLED,2026-07-12 10:48:41
9420,166165,door lock,48-4849,1,1,EA,general_items,,FULFILLED,2026-07-12 10:48:41
9331,166165,wiper blade,48-4849,1,1,EA,general_items,,FULFILLED,2026-07-12 10:48:41
9330,166165,wiper arm,48-4849,1,1,EA,general_items,,FULFILLED,2026-07-12 10:48:41
9329,166164,bearing (hm212049),lx-1679,2,1,EA,bearings_seals,,PARTIAL,2026-07-12 10:48:41
9328,166163,brake liner set,ph-9072,2,2,EA,general_items,,FULFILLED,2026-07-12 10:48:41
9327,166162,bearing,ase-21,4,4,EA,bearings_seals,,FULFILLED,2026-07-12 10:48:41
9326,166162,belt,ase-21,3,3,EA,belts,,FULFILLED,2026-07-12 10:48:41
9325,166161,center bit,lathe shop,2,1,EA,general_items,,PARTIAL,2026-07-12 10:48:41
9472,140429,120amp new battery,lp-1574,2,0,EA,battery,,PENDING,2026-07-12 10:48:41
9471,140428,120amp new battery,lp-1720,2,0,EA,battery,,PENDING,2026-07-12 10:48:41
9470,140427,95amp new battery,sl-15,1,0,EA,battery,,PENDING,2026-07-12 10:48:41
9468,141864,a/c repair,hex-33,1,3,EA,general_items,,FULFILLED,2026-07-12 10:48:41
9368,141868,a/c repair,ln-8277,1,1,EA,general_items,,FULFILLED,2026-07-12 10:48:41
9367,141869,power steering box,48-8072,1,1,EA,general_items,,FULFILLED,2026-07-12 10:48:41
9365,141867,a/c repair,ph-9072,1,1,EA,general_items,,FULFILLED,2026-07-12 10:48:41
9324,166160,24v/ electric hone set,hex-33,1,1,EA,general_items,,FULFILLED,2026-07-12 10:48:41
9323,166159,injector service,pa-3945,4,4,EA,general_items,,FULFILLED,2026-07-12 10:48:41
9322,166159,injector pump repair,pa-3945,1,1,EA,general_items,,FULFILLED,2026-07-12 10:48:41
9321,166158,"wiring sleeving 1/2"" (wire casing)",hex-21,10,10,EA,electrical,,FULFILLED,2026-07-12 10:48:41
9320,166158,"wiring sleeving 3/4"" (wire casing)",hex-21,10,10,EA,electrical,,FULFILLED,2026-07-12 10:48:41
9319,166157,hydrolic pump regulator,hex-23,2,0,EA,general_items,,PENDING,2026-07-12 10:48:41
9311,166908,fan gell,batticoloa,12,12,EA,general_items,,FULFILLED,2026-07-12 10:48:41
9299,166907,contact cleaner,work shop stores,4,4,EA,general_items,,FULFILLED,2026-07-12 10:48:41
9298,166907,rubber grease,work shop stores,8,8,EA,oil_lubricants,,FULFILLED,2026-07-12 10:48:41
9297,166907,auto wire,work shop stores,30,30,EA,electrical,,FULFILLED,2026-07-12 10:48:41
9296,166907,insulating tape,work shop stores,24,24,EA,general_items,,FULFILLED,2026-07-12 10:48:41
9295,166907,cotton waste,work shop stores,10,6,EA,general_items,,PARTIAL,2026-07-12 10:48:41
9294,166907,super glue,work shop stores,24,12,EA,general_items,,PARTIAL,2026-07-12 10:48:41
9293,166907,selastic,work shop stores,6,6,EA,general_items,,FULFILLED,2026-07-12 10:48:41
9292,166907,aroldite,work shop stores,6,3,EA,general_items,,PARTIAL,2026-07-12 10:48:41
9291,166907,wd-40,work shop stores,5,2,EA,general_items,,PARTIAL,2026-07-12 10:48:41
9263,166156,clamp seal,rs-0483,1,1,EA,bearings_seals,,FULFILLED,2026-07-12 10:48:41
9260,166155,crane altrnator repair,cr-02,1,1,EA,general_items,,FULFILLED,2026-07-12 10:48:41
9259,166154,starter motor,ac-24,1,1,EA,electrical,,FULFILLED,2026-07-12 10:48:41
9258,166153,accelator sprin,48-4849,1,1,EA,general_items,,FULFILLED,2026-07-12 10:48:41
9257,166152,fan belt (2470),cr-02,3,3,EA,belts,,FULFILLED,2026-07-12 10:48:41
9309,167056,fuel filter ( f 4000400-1500),la-9208,1,1,EA,filters,,FULFILLED,2026-07-12 10:48:41
9308,167056,oil filter (2534 1813 0291),la-9208,1,1,EA,filters,,FULFILLED,2026-07-12 10:48:41
9307,167055,fuel filter (p-550042),ll-1782,1,1,EA,filters,,FULFILLED,2026-07-12 10:48:41
9306,167055,oil filter (o-579),ll-1782,1,1,EA,filters,,FULFILLED,2026-07-12 10:48:41
9305,167055,oil filter (o-581 (vic),ll-1782,1,1,EA,filters,,FULFILLED,2026-07-12 10:48:41
9304,167054,oil filter (c-5510a),hex-21,1,0,EA,filters,,PENDING,2026-07-12 10:48:41
9303,167054,oil filter (c-519),hex-21,1,0,EA,filters,,PENDING,2026-07-12 10:48:41
9302,167054,fuel filter,hex-21,1,0,EA,filters,,PENDING,2026-07-12 10:48:41
9301,167423,coolant,dah-2228,8,8,EA,oil_lubricants,,FULFILLED,2026-07-12 10:48:41
9285,166996,canopy,smg-02,2,0,EA,general_items,,PENDING,2026-07-12 10:48:41
9284,166996,seat cushion work,smg-02,1,0,EA,general_items,,PENDING,2026-07-12 10:48:41
9283,166995,jeck black paint,lo-8350,1,1,EA,general_items,,FULFILLED,2026-07-12 10:48:41
9282,166994,shock abshober washer,dah-2231,4,4,EA,general_items,,FULFILLED,2026-07-12 10:48:41
9281,166994,balance bar bush,dah-2231,4,4,EA,bearings_seals,,FULFILLED,2026-07-12 10:48:41
9280,166994,fan belt,dah-2231,1,1,EA,belts,,FULFILLED,2026-07-12 10:48:41
9278,166994,spacer (washer),dah-2231,16,16,EA,general_items,,FULFILLED,2026-07-12 10:48:41
9277,166994,s/leaf bush,dah-2231,6,6,EA,bearings_seals,,FULFILLED,2026-07-12 10:48:41
9276,166994,front s/leaf pin,dah-2231,2,2,EA,general_items,,FULFILLED,2026-07-12 10:48:41
9275,166994,spring suckle,dah-2231,2,2,EA,general_items,,FULFILLED,2026-07-12 10:48:41
9274,166994,gear box mount,dah-2231,1,1,EA,general_items,,FULFILLED,2026-07-12 10:48:41
9273,166994,shok abshober,dah-2231,2,2,EA,general_items,,FULFILLED,2026-07-12 10:48:41
9279,166994,shok abshober bush,dah-2231,8,8,EA,bearings_seals,,FULFILLED,2026-07-12 10:48:41
9272,166993,bolt,48-8072,20,20,EA,general_items,,FULFILLED,2026-07-12 10:48:41
9271,166993,center mount with bracket,48-8072,1,2,EA,general_items,,FULFILLED,2026-07-12 10:48:41
9270,166992,door lock,"lo-4816, dt-45",2,0,EA,general_items,,PENDING,2026-07-12 10:48:41
9269,166992,water pump,"lo-4816, dt-45",1,1,EA,general_items,,FULFILLED,2026-07-12 10:48:41
9268,166992,pinion seal (front),"lb-17, zb-1546",1,1,EA,bearings_seals,,FULFILLED,2026-07-12 10:48:41
9267,166992,arm jack seal,"lb-17, zb-1546",1,1,EA,bearings_seals,,FULFILLED,2026-07-12 10:48:41
9266,166992,backhose bucket jack seal,"lb-17, zb-1546",1,1,EA,bearings_seals,,FULFILLED,2026-07-12 10:48:41
9265,166992,loader bucket jack seal,"lb-17, zb-1546",1,1,EA,bearings_seals,,FULFILLED,2026-07-12 10:48:41
9264,166992,multi jack seal,"lb-17, zb-1546",2,2,EA,bearings_seals,,FULFILLED,2026-07-12 10:48:41
9256,166897,a/c repair,ln-8282,1,1,EA,general_items,,FULFILLED,2026-07-12 10:48:41
8888,166897,socket sober bush,ln-8282,4,4,EA,bearings_seals,,FULFILLED,2026-07-12 10:48:41
8887,166897,socket sober,ln-8281,2,2,EA,general_items,,FULFILLED,2026-07-12 10:48:41
8886,166897,dust cover,ln-8280,8,8,EA,general_items,,FULFILLED,2026-07-12 10:48:41
8885,166897,brake washer,ln-8279,8,8,EA,general_items,,FULFILLED,2026-07-12 10:48:41
8884,166897,brake shoe re-lining,ln-8278,4,4,EA,general_items,,FULFILLED,2026-07-12 10:48:41
9251,140611,water pump,work shop stores,1,1,EA,general_items,,FULFILLED,2026-07-12 10:48:41
9469,140426,95amp/12v  battery,vr-59,1,0,EA,battery,,PENDING,2026-07-12 10:48:41
9366,141866,spring leaf repair,59-5421,2,2,EA,general_items,,FULFILLED,2026-07-12 10:48:41
9300,167422,battery water,lc-0434,2,2,EA,battery,,FULFILLED,2026-07-12 10:48:41
9231,140610,hd-68 oil,batticoloa site,200,200,EA,oil_lubricants,,FULFILLED,2026-07-12 10:48:41
9230,140610,coolent,batticoloa site,8,8,EA,general_items,,FULFILLED,2026-07-12 10:48:41
9229,140610,battery water,batticoloa site,5,5,EA,battery,,FULFILLED,2026-07-12 10:48:41
9591,166983,electric repair (24v relay 2),41-7225,2,2,EA,electrical,,FULFILLED,2026-07-12 10:48:41
9590,166983,seat repair (cushion),41-7225,1,0,EA,general_items,,PENDING,2026-07-12 10:48:41
9194,166983,uphosting lock,41-7225,20,20,EA,general_items,,FULFILLED,2026-07-12 10:48:41
9193,166983,winder handle (door),41-7225,4,4,EA,general_items,,FULFILLED,2026-07-12 10:48:41
9521,166986,ac repair,ln-8278,1,1,EA,general_items,,FULFILLED,2026-07-12 10:48:41
9205,166986,signal bulb,ln-8278,2,0,EA,electrical,,PENDING,2026-07-12 10:48:41
9262,166991,starter motor,ac-25,1,1,EA,electrical,,FULFILLED,2026-07-12 10:48:41
9261,166990,hand break cable,51-8083,2,2,EA,electrical,,FULFILLED,2026-07-12 10:48:41
9246,140609,car wash,work shop stores,10,0,EA,general_items,,PENDING,2026-07-12 10:48:41
9204,140609,car wash,work shop stores,10,10,EA,general_items,,FULFILLED,2026-07-12 10:48:41
9217,166989,cable lock,pv-6889,4,5,EA,electrical,,FULFILLED,2026-07-12 10:48:41
9216,166989,hand break cable,pv-6889,1,1,EA,electrical,,FULFILLED,2026-07-12 10:48:41
9214,166989,166989 pv-6889 hub grease seal (67/8/51),pv-6883,1,1,EA,bearings_seals,,FULFILLED,2026-07-12 10:48:41
9213,166989,hub grease seal (67/8/51),pv-6889,1,1,EA,bearings_seals,,FULFILLED,2026-07-12 10:48:41
9212,166989,hub racer (lm48548),pv-6889,1,1,EA,general_items,,FULFILLED,2026-07-12 10:48:41
9211,166989,hub racer (e30205j),pv-6889,1,1,EA,general_items,,FULFILLED,2026-07-12 10:48:41
9210,166989,ball joint,pv-6889,1,1,EA,general_items,,FULFILLED,2026-07-12 10:48:41
9215,166898,hand break cable,pv-6883,1,0,EA,electrical,,PENDING,2026-07-12 10:48:41
8138,166898,seat kit,za-8395,4,0,EA,general_items,,PENDING,2026-07-12 10:48:41
8889,166898,seal kit,cr-1 / za 8395  crain truck cep - 03,4,0,EA,bearings_seals,,PENDING,2026-07-12 10:48:41
9209,166988,grinding stone (rough),lade machine shop,10,10,EA,general_items,,FULFILLED,2026-07-12 10:48:41
9203,167053,fuel strainer (line filter)  2786 0999 9920),lc-0434,2,1,EA,filters,,PARTIAL,2026-07-12 10:48:41
9201,167053,air filter (01d24g),lc-0434,1,1,EA,filters,,FULFILLED,2026-07-12 10:48:41
9200,167053,fuel filter (fs 1275),lc-0434,1,1,EA,filters,,FULFILLED,2026-07-12 10:48:41
9199,167053,diesel filter (2786 0878 9967),lc-0434,1,0,EA,filters,,PENDING,2026-07-12 10:48:41
9198,167052,oil filter (lf-3959),lc-0434,1,1,EA,filters,,FULFILLED,2026-07-12 10:48:41
9192,166906,on/off switch,work shop stores,5,5,EA,electrical,,FULFILLED,2026-07-12 10:48:41
9592,166975,door lock pin,325-5120,2,2,EA,general_items,,FULFILLED,2026-07-12 10:48:41
9165,166975,bonet cable,325-5120,1,0,EA,electrical,,PENDING,2026-07-12 10:48:41
9164,166975,bonet lock,325-5120,2,2,EA,general_items,,FULFILLED,2026-07-12 10:48:41
9163,166975,bonet hingers,325-5120,2,2,EA,general_items,,FULFILLED,2026-07-12 10:48:41
9162,166975,winder,325-5120,2,2,EA,general_items,,FULFILLED,2026-07-12 10:48:41
9161,166975,door lock l/r,325-5120,2,2,EA,general_items,,FULFILLED,2026-07-12 10:48:41
9196,166985,70*85*70mm bush,hex-33,2,0,EA,bearings_seals,,PENDING,2026-07-12 10:48:41
9195,166984,clutch release bearing,48-8072,1,1,EA,bearings_seals,,FULFILLED,2026-07-12 10:48:41
9179,167051,fuel filter (fc-1503),ph-6747,1,1,EA,filters,,FULFILLED,2026-07-12 10:48:41
9178,167051,fuel filter (32/925994),xb-1979,1,1,EA,filters,,FULFILLED,2026-07-12 10:48:41
9177,166982,pork light (24v),hex-33,2,2,EA,general_items,,FULFILLED,2026-07-12 10:48:41
9176,166981,ac belt (8510),ll-1782,1,1,EA,belts,,FULFILLED,2026-07-12 10:48:41
9175,166981,fan belt (8520),ll-1782,2,2,EA,belts,,FULFILLED,2026-07-12 10:48:41
9174,166981,break foot valve r/kit,ll-1782,1,1,EA,general_items,,FULFILLED,2026-07-12 10:48:41
9222,166980,wire,work shop stores,30,6,EA,electrical,,PARTIAL,2026-07-12 10:48:41
9173,166980,gas welding rod (kg),work shop stores,3,3,EA,general_items,,FULFILLED,2026-07-12 10:48:41
9172,166980,wd-40,work shop stores,5,0,EA,general_items,,PENDING,2026-07-12 10:48:41
9171,166980,rubber grease,work shop stores,5,0,EA,oil_lubricants,,PENDING,2026-07-12 10:48:41
9170,166980,break oil (1 ltr),work shop stores,5,3,EA,oil_lubricants,,PARTIAL,2026-07-12 10:48:41
9169,166979,ac-belt (45),hex-41,1,1,EA,belts,,FULFILLED,2026-07-12 10:48:41
9168,166978,door handle (l/r),dah-2228,2,2,EA,general_items,,FULFILLED,2026-07-12 10:48:41
9167,166977,side mirror (r/side),za-9716,1,1,EA,general_items,,FULFILLED,2026-07-12 10:48:41
9166,166976,stop cable 1615,li-3851,1,1,EA,electrical,,FULFILLED,2026-07-12 10:48:41
9130,167421,hd-68 oil (valvoline),work shop stores,200,200,EA,oil_lubricants,,FULFILLED,2026-07-12 10:48:41
9126,141650,oil filter (253418130129),lb-4824,1,1,EA,filters,,FULFILLED,2026-07-12 10:48:41
9125,141650,fuel filter (fc1503),ptr-08,1,1,EA,filters,,FULFILLED,2026-07-12 10:48:41
9124,141650,fuel filter (f6245),ptr-08,1,1,EA,filters,,FULFILLED,2026-07-12 10:48:41
9123,141650,oil filter (o.6746),ptr-08,1,1,EA,filters,,FULFILLED,2026-07-12 10:48:41
9122,141650,fuel filter (1303),ptr-06,1,1,EA,filters,,FULFILLED,2026-07-12 10:48:41
9121,141650,oil filter (o.1301),ptr-06,1,1,EA,filters,,FULFILLED,2026-07-12 10:48:41
9120,141650,fuel filter (1303),ptr-01,1,1,EA,filters,,FULFILLED,2026-07-12 10:48:41
9119,141650,oil filter (o.1301),ptr-01,1,1,EA,filters,,FULFILLED,2026-07-12 10:48:41
9118,141650,fuel filter (fc033),sr-10,1,1,EA,filters,,FULFILLED,2026-07-12 10:48:41
9117,141650,oil filter (th10224),sr-10,1,1,EA,filters,,FULFILLED,2026-07-12 10:48:41
9116,141650,fuel filter (fc-319),ap-11,1,1,EA,filters,,FULFILLED,2026-07-12 10:48:41
9115,141650,oil filter (c-519),ap-11,1,1,EA,filters,,FULFILLED,2026-07-12 10:48:41
9160,166974,p.t.o seal,lm-7951,1,1,EA,bearings_seals,,FULFILLED,2026-07-12 10:48:41
9159,166974,unversal joint,lm-7951,1,1,EA,general_items,,FULFILLED,2026-07-12 10:48:41
9158,166974,gear box coupling oil seal,lm-7951,1,1,EA,bearings_seals,,FULFILLED,2026-07-12 10:48:41
9157,166974,crank oil seal,lm-7951,1,1,EA,bearings_seals,,FULFILLED,2026-07-12 10:48:41
9156,166973,turbo hose,lb-21,1,1,EA,hydraulics,,FULFILLED,2026-07-12 10:48:41
9155,166972,alternator repair,ac-24,1,1,EA,electrical,,FULFILLED,2026-07-12 10:48:41
9154,166971,starter switch (ignition),41-7225,1,1,EA,electrical,,FULFILLED,2026-07-12 10:48:41
9153,166970,silicone (all purpose) white,py-2408,1,1,EA,general_items,,FULFILLED,2026-07-12 10:48:41
9152,166970,silicone (all purpose) black,py-2408,1,1,EA,general_items,,FULFILLED,2026-07-12 10:48:41
9406,166963,cotton wate,stores,20,6,EA,general_items,,PARTIAL,2026-07-12 10:48:41
9141,166963,masking tape,work shop stores,5,5,EA,general_items,,FULFILLED,2026-07-12 10:48:41
9140,166963,insulating tape,work shop stores,12,12,EA,general_items,,FULFILLED,2026-07-12 10:48:41
9139,166963,wd-40,work shop stores,2,2,EA,general_items,,FULFILLED,2026-07-12 10:48:41
9138,166963,contact cleaner,work shop stores,2,0,EA,general_items,,PENDING,2026-07-12 10:48:41
9137,166963,araldite gum,work shop stores,10,6,EA,general_items,,PARTIAL,2026-07-12 10:48:41
9405,166968,tie bar link washer,pa-4193,2,2,EA,general_items,,FULFILLED,2026-07-12 10:48:41
9250,166968,head light bulb holder,pa-4193,1,1,EA,electrical,,FULFILLED,2026-07-12 10:48:41
9249,166968,wheel alignment,pa-4193,1,1,EA,tyre,,FULFILLED,2026-07-12 10:48:41
9248,166968,bush,pa-4193,4,4,EA,bearings_seals,,FULFILLED,2026-07-12 10:48:41
9247,166968,stablizer link,pa-4193,2,2,EA,general_items,,FULFILLED,2026-07-12 10:48:41
9150,166968,lh stablizer,pa-4193,1,0,EA,general_items,,PENDING,2026-07-12 10:48:41
9287,166998,a/c repair,hex-23,1,4,EA,general_items,,FULFILLED,2026-07-12 10:48:41
9253,167193,radiator cap,dah-2223,1,1,EA,general_items,,FULFILLED,2026-07-12 10:48:41
9181,167193,engine head machine work,dah-2228,1,1,EA,general_items,,FULFILLED,2026-07-12 10:48:41
9074,167193,radiator repair,dah-2228,1,0,EA,general_items,,PENDING,2026-07-12 10:48:41
9073,167193,radiator,dah-2228,1,1,EA,general_items,,FULFILLED,2026-07-12 10:48:41
9072,167193,radiator hose,dah-2228,5,5,EA,hydraulics,,FULFILLED,2026-07-12 10:48:41
9071,167193,full gasket kit,dah-2228,1,1,EA,bearings_seals,,FULFILLED,2026-07-12 10:48:41
9182,166962,starter motor solanoid,lb-4824,1,1,EA,electrical,,FULFILLED,2026-07-12 10:48:41
9136,166962,starting defect elec. repair (chech starter motor),lb-4824,1,1,EA,electrical,,FULFILLED,2026-07-12 10:48:41
9151,166969,alternator assy repair,cr-02,1,1,EA,electrical,,FULFILLED,2026-07-12 10:48:41
9149,166967,hour meter (12v),"fl-03, za-8337, vr-14",3,3,EA,general_items,,FULFILLED,2026-07-12 10:48:41
9148,166966,hub seal,pa-4879,2,2,EA,bearings_seals,,FULFILLED,2026-07-12 10:48:41
9147,166966,bearing lm102910,pa-4879,2,2,EA,general_items,,FULFILLED,2026-07-12 10:48:41
9146,166966,bearing (l) jlm104910,pa-4879,2,2,EA,bearings_seals,,FULFILLED,2026-07-12 10:48:41
9145,166965,horn,ph-6744,2,2,EA,electrical,,FULFILLED,2026-07-12 10:48:41
9144,166965,fuel feed pump,ph-6744,1,1,EA,general_items,,FULFILLED,2026-07-12 10:48:41
9143,166964,clutch pump lower r/kit,fl-02,1,1,EA,general_items,,FULFILLED,2026-07-12 10:48:41
9142,166964,clutch pump master r/kit,fl-02,1,1,EA,general_items,,FULFILLED,2026-07-12 10:48:41
9131,140607,battery water,work shop stores,5,5,EA,battery,,FULFILLED,2026-07-12 10:48:41
9129,167420,15w 40 (valvoline),work shop stores,200,200,EA,general_items,,FULFILLED,2026-07-12 10:48:41
9128,167420,grease,work shop stores,182,182,EA,oil_lubricants,,FULFILLED,2026-07-12 10:48:41
9127,167419,diesel,fl-03,20,20,EA,general_items,,FULFILLED,2026-07-12 10:48:41
9113,166961,brake master pump washer,pa-4879,1,1,EA,general_items,,FULFILLED,2026-07-12 10:48:41
9286,166997,bulb,ln-8278,2,2,EA,electrical,,FULFILLED,2026-07-12 10:48:41
9180,167195,recondition starter motor,ln-8279,1,1,EA,electrical,,FULFILLED,2026-07-12 10:48:41
9077,167195,amature,ln-8279,1,0,EA,general_items,,PENDING,2026-07-12 10:48:41
9076,167195,solonide cup,ln-8279,1,0,EA,general_items,,PENDING,2026-07-12 10:48:41
9079,167195,brush set,ln-8279,1,0,EA,general_items,,PENDING,2026-07-12 10:48:41
9078,167195,brush holder,ln-8279,1,0,EA,general_items,,PENDING,2026-07-12 10:48:41
9135,166960,speedo meter wheel,pa-4879,1,0,EA,tyre,,PENDING,2026-07-12 10:48:41
9134,166959,fan belt (6403),57-3062,1,2,EA,belts,,FULFILLED,2026-07-12 10:48:41
9133,166959,fan belt (6405),vr-48,1,1,EA,belts,,FULFILLED,2026-07-12 10:48:41
9132,166958,break oil dot-5,cr-02,2,2,EA,oil_lubricants,,FULFILLED,2026-07-12 10:48:41
9098,166956,hose clip,51-7158,4,4,EA,hydraulics,,FULFILLED,2026-07-12 10:48:41
9097,166956,power steering presure hose,51-7158,1,1,EA,hydraulics,,FULFILLED,2026-07-12 10:48:41
9096,166955,gear box top shaft oil seal,li-3851,1,1,EA,bearings_seals,,FULFILLED,2026-07-12 10:48:41
9095,166955,clutch pump,li-3851,1,1,EA,general_items,,FULFILLED,2026-07-12 10:48:41
9094,166955,clutch pump r/kit (uper),li-3851,1,1,EA,general_items,,FULFILLED,2026-07-12 10:48:41
9093,166954,master pump r/kit,pa-4879,2,2,EA,general_items,,FULFILLED,2026-07-12 10:48:41
9092,166954,brake washer,pa-4879,8,8,EA,general_items,,FULFILLED,2026-07-12 10:48:41
9091,166951,master pump r/kit,pa-4879,2,0,EA,general_items,,PENDING,2026-07-12 10:48:41
9088,166951,thinner,hex-21,5,4.5,EA,general_items,,PARTIAL,2026-07-12 10:48:41
9087,166951,masking tape,hex-21,5,5,EA,general_items,,FULFILLED,2026-07-12 10:48:41
9086,166951,paint (ash),hex-21,1.5,1.5,EA,general_items,,FULFILLED,2026-07-12 10:48:41
9085,166951,paint (green),hex-21,2,2,EA,general_items,,FULFILLED,2026-07-12 10:48:41
9090,166953,air horn solonide valve,lc-0434,2,2,EA,electrical,,FULFILLED,2026-07-12 10:48:41
9089,166952,mack foil for ac repair (ft),hex-33,3,3,EA,general_items,,FULFILLED,2026-07-12 10:48:41
9084,167200,door handle,hex-23,1,1,EA,general_items,,FULFILLED,2026-07-12 10:48:41
9316,167198,3/16*3/4 pop rivet,hydraulic hose repair romm,150,150,EA,general_items,,FULFILLED,2026-07-12 10:48:41
9053,167198,2 iron hingers,hydrolic hose room,2,2,EA,general_items,,FULFILLED,2026-07-12 10:48:41
9052,167198,anchor bolt 3/8,hydrolic hose room,7,7,EA,general_items,,FULFILLED,2026-07-12 10:48:41
9083,167199,hose (ft),41-7225,3,3,EA,hydraulics,,FULFILLED,2026-07-12 10:48:41
9082,167199,diaphram (injector pump),41-7225,1,1,EA,general_items,,FULFILLED,2026-07-12 10:48:41
9081,167197,light repair,lp-1574,1,1,EA,general_items,,FULFILLED,2026-07-12 10:48:41
9080,167196,asphalt cutter (engine gx=390),work shop stores,1,1,EA,general_items,,FULFILLED,2026-07-12 10:48:41
9364,141865,a/c repair,hex-41,1,1,EA,general_items,,FULFILLED,2026-07-12 10:48:41
9114,141649,oil filter (90915-yzzj3),pa=4198,1,1,EA,filters,,FULFILLED,2026-07-12 10:48:41
9075,167194,agrew meter (adblue meter),lp-1566,1,0,EA,general_items,,PENDING,2026-07-12 10:48:41
9070,167190,head light,ld-08,2,0,EA,electrical,,PENDING,2026-07-12 10:48:41
9069,167190,wipper arm with blade,ld-08,1,0,EA,general_items,,PENDING,2026-07-12 10:48:41
9068,167190,side mirror,ld-08,2,2,EA,general_items,,FULFILLED,2026-07-12 10:48:41
9066,167189,paint green,hex-41,1.5,1.5,EA,general_items,,FULFILLED,2026-07-12 10:48:41
9065,167189,thinner,hex-41,10,10,EA,general_items,,FULFILLED,2026-07-12 10:48:41
9047,166895,knife,hydrolic repair room,1,0,EA,general_items,,PENDING,2026-07-12 10:48:41
8133,166895,canopy,hydraulic hose crimping machine works,1,1,EA,general_items,,FULFILLED,2026-07-12 10:48:41
8132,166895,230 head light,hydraulic hose crimping machine works,1,0,EA,electrical,,PENDING,2026-07-12 10:48:41
8131,166895,3mm wire,hydraulic hose crimping machine works,30,0,EA,electrical,,PENDING,2026-07-12 10:48:41
8871,166895,canopy,hy. hose repair room,1,0,EA,general_items,,PENDING,2026-07-12 10:48:41
8870,166895,230v forcus light (10w),hy. hose repair room,1,0,EA,general_items,,PENDING,2026-07-12 10:48:41
8869,166895,03 wire (4core) (ft),hy. hose repair room,30,0,EA,electrical,,PENDING,2026-07-12 10:48:41
9042,167192,air horne solonide valve,ln-8278,2,2,EA,electrical,,FULFILLED,2026-07-12 10:48:41
9041,167191,pressur plate,48-5072,1,1,EA,general_items,,FULFILLED,2026-07-12 10:48:41
9064,167187,5m steel tape,hydrolic hose machine,1,0,EA,general_items,,PENDING,2026-07-12 10:48:41
9063,167187,2core wire,hydrolic hose machine,10,3,EA,electrical,,PARTIAL,2026-07-12 10:48:41
9062,167187,bulb holder,hydrolic hose machine,2,2,EA,electrical,,FULFILLED,2026-07-12 10:48:41
9061,167187,18w led bulb,hydrolic hose machine,2,2,EA,electrical,,FULFILLED,2026-07-12 10:48:41
9060,167187,knife s/s,hydrolic hose machine,1,0,EA,general_items,,PENDING,2026-07-12 10:48:41
9034,167187,1.25 / 3 core wire,hydrolic hose machine,3,0,EA,electrical,,PENDING,2026-07-12 10:48:41
9059,167186,3/4 4wire large ferrule,workshop stores,10,4,EA,general_items,,PARTIAL,2026-07-12 10:48:41
9033,167185,light cup (rear),"lp-1576, lp-1574",4,4,EA,general_items,,FULFILLED,2026-07-12 10:48:41
9030,167181,fog hight (r/f),sr-12,4,2,EA,general_items,,PARTIAL,2026-07-12 10:48:41
9029,167181,side mirror,sr-12,2,2,EA,general_items,,FULFILLED,2026-07-12 10:48:41
9058,167182,piston kit,bep-7836,1,1,EA,general_items,,FULFILLED,2026-07-12 10:48:41
9013,167182,re boring,bep-7836,1,1,EA,general_items,,FULFILLED,2026-07-12 10:48:41
9012,167182,oil filter,bep-7836,1,1,EA,filters,,FULFILLED,2026-07-12 10:48:41
9011,167182,full gasket set,bep-7836,1,1,EA,bearings_seals,,FULFILLED,2026-07-12 10:48:41
9010,167182,cam chain,bep-7836,1,1,EA,general_items,,FULFILLED,2026-07-12 10:48:41
9009,167182,spark plug,bep-7836,1,1,EA,electrical,,FULFILLED,2026-07-12 10:48:41
9008,167182,clutch  plate cd 125,bep-7836,1,1,EA,general_items,,FULFILLED,2026-07-12 10:48:41
9007,167182,bearing 6003,bep-7836,1,1,EA,bearings_seals,,FULFILLED,2026-07-12 10:48:41
9006,167182,bearing 6001,bep-7836,1,1,EA,bearings_seals,,FULFILLED,2026-07-12 10:48:41
9005,167182,bearing 6000,bep-7836,1,1,EA,bearings_seals,,FULFILLED,2026-07-12 10:48:41
9004,167182,oil seal,bep-7836,2,2,EA,bearings_seals,,FULFILLED,2026-07-12 10:48:41
9003,167182,clutch plate kit,bep-7836,1,1,EA,general_items,,FULFILLED,2026-07-12 10:48:41
9002,167182,valve kit,bep-7836,1,1,EA,general_items,,FULFILLED,2026-07-12 10:48:41
9254,167182,engine oil,bep-7836,1,1,EA,oil_lubricants,,FULFILLED,2026-07-12 10:48:41
9057,166905,super glue,workshop stores,12,12,EA,general_items,,FULFILLED,2026-07-12 10:48:41
8994,166905,selastic,workshop stores,5,5,EA,general_items,,FULFILLED,2026-07-12 10:48:41
8992,166905,kerosine oil,workshop stores,15,15,EA,oil_lubricants,,FULFILLED,2026-07-12 10:48:41
8997,166905,cable tie,workshop stores,3,3,EA,electrical,,FULFILLED,2026-07-12 10:48:41
8996,166905,cable lug,workshop stores,30,0,EA,electrical,,PENDING,2026-07-12 10:48:41
8995,166905,wd 40,workshop stores,5,4,EA,general_items,,PARTIAL,2026-07-12 10:48:41
8993,166905,araldite tube,workshop stores,5,0,EA,tyre,,PENDING,2026-07-12 10:48:41
9028,167183,1k lacker,hex-23,1,1,EA,general_items,,FULFILLED,2026-07-12 10:48:41
9027,167183,paint blue,hex-41,0.3,0.3,EA,general_items,,FULFILLED,2026-07-12 10:48:41
9026,167183,paint m. gray,hex-41,0.3,0.3,EA,general_items,,FULFILLED,2026-07-12 10:48:41
9025,167183,paint d. gray,hex-41,0.4,0.4,EA,general_items,,FULFILLED,2026-07-12 10:48:41
9024,167183,paint yellow,hex-41,0.4,0.4,EA,general_items,,FULFILLED,2026-07-12 10:48:41
9023,167183,1k lacker,hex-23,1,1,EA,general_items,,FULFILLED,2026-07-12 10:48:41
9022,167183,paint blue,hex-23,0.3,0.3,EA,general_items,,FULFILLED,2026-07-12 10:48:41
9021,167183,paint m. gray,hex-23,0.3,0.3,EA,general_items,,FULFILLED,2026-07-12 10:48:41
9020,167183,paint d. gray,hex-23,0.3,0.3,EA,general_items,,FULFILLED,2026-07-12 10:48:41
9019,167183,paint yellow,hex-23,0.3,0.3,EA,general_items,,FULFILLED,2026-07-12 10:48:41
9018,167183,1k lacker,hex-01,1,1,EA,general_items,,FULFILLED,2026-07-12 10:48:41
9017,167183,paint blue,hex-01,0.3,0.3,EA,general_items,,FULFILLED,2026-07-12 10:48:41
9016,167183,paint m. gray,hex-01,0.3,0.3,EA,general_items,,FULFILLED,2026-07-12 10:48:41
9015,167183,paint d. gray,hex-01,0.3,0.3,EA,general_items,,FULFILLED,2026-07-12 10:48:41
9014,167183,paint yellow,hex-01,0.3,0.3,EA,general_items,,FULFILLED,2026-07-12 10:48:41
8989,167180,screw nail,cr-02,16,16,EA,general_items,,FULFILLED,2026-07-12 10:48:41
9811,141512,expantion tank (reserve tank),hex-01,1,1,EA,general_items,,FULFILLED,2026-07-12 10:48:41
7817,141512,radiator cap,hex-01,1,0,EA,general_items,,PENDING,2026-07-12 10:48:41
9101,167158,radiator  hose,hex-21,2,2,EA,general_items,,FULFILLED,2026-07-12 10:48:41
9356,167158,radiator reserve tank,hex-21,1,1,EA,general_items,,FULFILLED,2026-07-12 10:48:41
8916,167158,engine mount,hex - 21,1,4,EA,general_items,,FULFILLED,2026-07-12 10:48:41
8915,167158,fan belt (8480),hex - 21,1,1,EA,belts,,FULFILLED,2026-07-12 10:48:41
8914,167158,overhaul gasket kit,hex - 21,1,1,EA,bearings_seals,,FULFILLED,2026-07-12 10:48:41
8913,167158,valve stem seal set,hex - 21,1,1,EA,bearings_seals,,FULFILLED,2026-07-12 10:48:41
8912,167158,rear crank oil seal,hex - 21,1,1,EA,bearings_seals,,FULFILLED,2026-07-12 10:48:41
8911,167158,front crank oil seal,hex - 21,1,1,EA,bearings_seals,,FULFILLED,2026-07-12 10:48:41
8910,167158,water pump,hex - 21,1,1,EA,general_items,,FULFILLED,2026-07-12 10:48:41
8909,167158,valve guid set,hex - 21,1,1,EA,general_items,,FULFILLED,2026-07-12 10:48:41
9100,167158,door  handle repair,hex-21,1,1,EA,general_items,,FULFILLED,2026-07-12 10:48:41
8917,167158,radiator cap,hex - 21,1,0,EA,general_items,,PENDING,2026-07-12 10:48:41
9067,166901,"sand paper (80,60,100)",hex-01,3,3,EA,general_items,,FULFILLED,2026-07-12 10:48:41
8986,166901,masking tape,hex-26,5,5,EA,general_items,,FULFILLED,2026-07-12 10:48:41
8983,166901,masking tape,hex-23,5,5,EA,general_items,,FULFILLED,2026-07-12 10:48:41
8981,166901,thinner,hex-01,20,20,EA,general_items,,FULFILLED,2026-07-12 10:48:41
8980,166901,masking tape,hex-01,5,5,EA,general_items,,FULFILLED,2026-07-12 10:48:41
8985,166901,silicon (black),hex-26,0.4,0,EA,general_items,,PENDING,2026-07-12 10:48:41
8982,166901,silicon (black),hex-23,0.3,0,EA,general_items,,PENDING,2026-07-12 10:48:41
8979,166901,silicon (black),hex-01,0.3,0,EA,general_items,,PENDING,2026-07-12 10:48:41
9054,167170,winder handle,lp-1720,2,2,EA,general_items,,FULFILLED,2026-07-12 10:48:41
8974,167173,cv grease,cr-02,2,7,EA,oil_lubricants,,FULFILLED,2026-07-12 10:48:41
8973,167173,oil seal (small),cr-02,4,4,EA,bearings_seals,,FULFILLED,2026-07-12 10:48:41
8972,167173,oring,cr-02,4,4,EA,bearings_seals,,FULFILLED,2026-07-12 10:48:41
8970,167173,cv boot (large),cr-02,4,4,EA,general_items,,FULFILLED,2026-07-12 10:48:41
8968,167173,cv boot lock (large),cr-02,4,8,EA,general_items,,FULFILLED,2026-07-12 10:48:41
8967,167173,oil seal large,cr-02,4,4,EA,bearings_seals,,FULFILLED,2026-07-12 10:48:41
8966,167173,hub oil seal,cr-02,4,4,EA,bearings_seals,,FULFILLED,2026-07-12 10:48:41
8965,167173,engine mount,cr-02,8,8,EA,general_items,,FULFILLED,2026-07-12 10:48:41
8964,167173,bearing,cr-02,4,4,EA,bearings_seals,,FULFILLED,2026-07-12 10:48:41
8971,167173,cv boot (small),cr-02,4,0,EA,general_items,,PENDING,2026-07-12 10:48:41
8969,167173,cv boot lock (small),cr-02,4,0,EA,general_items,,PENDING,2026-07-12 10:48:41
8963,167172,wiper blade,pt-1569,2,2,EA,general_items,,FULFILLED,2026-07-12 10:48:41
8962,167171,wiper blade,hex-33,1,1,EA,general_items,,FULFILLED,2026-07-12 10:48:41
8961,167179,white paint,hex-33,0.25,0.25,EA,general_items,,FULFILLED,2026-07-12 10:48:41
8960,167179,gray paint,hex-33,1,1,EA,general_items,,FULFILLED,2026-07-12 10:48:41
8959,167179,yellow paint,hex-33,1.5,1.5,EA,general_items,,FULFILLED,2026-07-12 10:48:41
9056,167160,cor 500w filement bulb flasher,workshop stores,2,2,EA,electrical,,FULFILLED,2026-07-12 10:48:41
9055,167160,100w/230v bulb filement,workshop stores,2,2,EA,electrical,,FULFILLED,2026-07-12 10:48:41
8945,167160,100w/230v filament bulb,workshop stores,2,0,EA,electrical,,PENDING,2026-07-12 10:48:41
8944,167160,24v double filament bulb,workshop stores,20,0,EA,electrical,,PENDING,2026-07-12 10:48:41
8943,167160,24v single bulb,workshop stores,20,0,EA,electrical,,PENDING,2026-07-12 10:48:41
8957,167169,tie rod boll joint,zb-1047,2,2,EA,general_items,,FULFILLED,2026-07-12 10:48:41
8958,167169,rack end ball joint,zb-1048,2,0,EA,general_items,,PENDING,2026-07-12 10:48:41
8956,167168,3 phase contactor (dol swith 230a),hydrolic hose room,1,1,EA,general_items,,FULFILLED,2026-07-12 10:48:41
8955,167167,halogen bulb (filement),tikering room,4,4,EA,electrical,,FULFILLED,2026-07-12 10:48:41
8951,167163,newmatic hose  socket - i socket,workshop stores,25,10,EA,hydraulics,,PARTIAL,2026-07-12 10:48:41
9702,167152,shocket sober with bush (rear),57-3062,2,2,EA,bearings_seals,,FULFILLED,2026-07-12 10:48:41
9701,167152,pinion seal,57-3062,1,1,EA,bearings_seals,,FULFILLED,2026-07-12 10:48:41
9700,167152,o rings,57-3062,1,1,EA,general_items,,FULFILLED,2026-07-12 10:48:41
8893,167152,shocket sober with bush,57-3062 d/cab,2,2,EA,bearings_seals,,FULFILLED,2026-07-12 10:48:41
9361,167159,injectors,hex-21,4,4,EA,general_items,,FULFILLED,2026-07-12 10:48:41
9360,167159,injector pump,hex-21,1,1,EA,general_items,,FULFILLED,2026-07-12 10:48:41
8920,167159,radiator cleaning,hex-21,1,1,EA,general_items,,FULFILLED,2026-07-12 10:48:41
8919,167159,fip repair & service,hex-21,1,0,EA,general_items,,PENDING,2026-07-12 10:48:41
8918,167159,engine machine work - edirisinghe,hex-21,1,1,EA,general_items,,FULFILLED,2026-07-12 10:48:41
9290,167000,blower switch (ac),28-4314,1,0,EA,electrical,,PENDING,2026-07-12 10:48:41
9289,167000,car set,28-4314,1,1,EA,general_items,,FULFILLED,2026-07-12 10:48:41
9288,167000,bonet cable repair,28-4314,1,2,EA,electrical,,FULFILLED,2026-07-12 10:48:41
9051,167177,primmer,hex-26,1,1,EA,general_items,,FULFILLED,2026-07-12 10:48:41
9050,167177,filler,hex-26,1,1,EA,general_items,,FULFILLED,2026-07-12 10:48:41
8931,167177,paper news,hex-41,1,1,EA,general_items,,FULFILLED,2026-07-12 10:48:41
8930,167177,white paint,hex-41,0.25,0.25,EA,general_items,,FULFILLED,2026-07-12 10:48:41
8929,167177,putty red,hex-41,0.25,0.25,EA,general_items,,FULFILLED,2026-07-12 10:48:41
8928,167177,gray paint,hex-41,0.5,0.5,EA,general_items,,FULFILLED,2026-07-12 10:48:41
8927,167177,yellow paint,hex-41,0.5,0.5,EA,general_items,,FULFILLED,2026-07-12 10:48:41
8926,167177,primmer,hex-41,1,1,EA,general_items,,FULFILLED,2026-07-12 10:48:41
8925,167177,filler,hex-41,1,1,EA,general_items,,FULFILLED,2026-07-12 10:48:41
8924,167177,paper news,hex-26,1,1,EA,general_items,,FULFILLED,2026-07-12 10:48:41
8923,167177,putty red,hex-26,0.25,0.25,EA,general_items,,FULFILLED,2026-07-12 10:48:41
8922,167177,gray paint,hex-26,0.5,0.5,EA,general_items,,FULFILLED,2026-07-12 10:48:41
8921,167177,yellow paint,hex-26,0.5,0.5,EA,general_items,,FULFILLED,2026-07-12 10:48:41
9049,167155,radiator hose set,hex-21,2,2,EA,hydraulics,,FULFILLED,2026-07-12 10:48:41
9048,167155,brake washer,41-7225,4,4,EA,general_items,,FULFILLED,2026-07-12 10:48:41
8898,167155,starter motor new,41-7225 crew cab,1,1,EA,electrical,,FULFILLED,2026-07-12 10:48:41
8897,167155,dust boot,41-7225 crew cab,4,4,EA,general_items,,FULFILLED,2026-07-12 10:48:41
8896,167155,brake cylinder,41-7225 crew cab,4,4,EA,hydraulics,,FULFILLED,2026-07-12 10:48:41
8941,167178,polish pad,hex-41,0.5,0.5,EA,general_items,,FULFILLED,2026-07-12 10:48:41
8940,167178,cup brush,hex-41,1,1,EA,general_items,,FULFILLED,2026-07-12 10:48:41
8939,167178,compound,hex-41,0.5,0.5,EA,general_items,,FULFILLED,2026-07-12 10:48:41
8938,167178,catloy,hex-41,0.75,0.75,EA,general_items,,FULFILLED,2026-07-12 10:48:41
8937,167178,2k lacker,hex-41,0.5,0.5,EA,general_items,,FULFILLED,2026-07-12 10:48:41
8936,167178,polish pad,hex-26,0.5,0.5,EA,general_items,,FULFILLED,2026-07-12 10:48:41
8935,167178,cup brush,hex-26,1,1,EA,general_items,,FULFILLED,2026-07-12 10:48:41
8934,167178,compound,hex-26,0.5,0.5,EA,general_items,,FULFILLED,2026-07-12 10:48:41
8933,167178,catloy,hex-26,0.75,0.75,EA,general_items,,FULFILLED,2026-07-12 10:48:41
8932,167178,2k lacker,hex-26,0.5,0.5,EA,general_items,,FULFILLED,2026-07-12 10:48:41
8908,167157,valve seal set,hex - 21,1,1,EA,bearings_seals,,FULFILLED,2026-07-12 10:48:41
8907,167157,valve set,hex - 21,1,1,EA,general_items,,FULFILLED,2026-07-12 10:48:41
8906,167157,cam. bush set,hex - 21,1,1,EA,bearings_seals,,FULFILLED,2026-07-12 10:48:41
8905,167157,cam. rod bush set,hex - 21,1,1,EA,bearings_seals,,FULFILLED,2026-07-12 10:48:41
8904,167157,thrust bearing set,hex - 21,1,1,EA,bearings_seals,,FULFILLED,2026-07-12 10:48:41
8903,167157,big end bearing set,hex - 21,1,1,EA,bearings_seals,,FULFILLED,2026-07-12 10:48:41
8902,167157,main bearing set,hex - 21,1,1,EA,bearings_seals,,FULFILLED,2026-07-12 10:48:41
8901,167157,piston ring set,hex - 21,1,1,EA,general_items,,FULFILLED,2026-07-12 10:48:41
8900,167157,piston set,hex - 21,1,1,EA,general_items,,FULFILLED,2026-07-12 10:48:41
8899,167157,sleeve set,hex - 21,1,1,EA,general_items,,FULFILLED,2026-07-12 10:48:41
8894,167153,speed meter,pa-4879,1,1,EA,general_items,,FULFILLED,2026-07-12 10:48:41
9221,142348,polising disc 4 1/2,work shop stores,1,1,EA,general_items,,FULFILLED,2026-07-12 10:48:41
9220,142348,sand paper (100),stores,10,10,EA,general_items,,FULFILLED,2026-07-12 10:48:41
8882,142348,24v/ double filament bulb,workshop stores,20,20,EA,electrical,,FULFILLED,2026-07-12 10:48:41
8881,142348,24v/ single filament bulb,workshop stores,20,20,EA,electrical,,FULFILLED,2026-07-12 10:48:41
8880,142348,brake oil,workshop stores,12,2,EA,oil_lubricants,,PARTIAL,2026-07-12 10:48:41
8878,142348,insulating tape,workshop stores,24,24,EA,general_items,,FULFILLED,2026-07-12 10:48:41
8877,142348,cotton waste,workshop stores,20,16,EA,general_items,,PARTIAL,2026-07-12 10:48:41
8876,142348,karosine oil,workshop stores,20,15,EA,oil_lubricants,,PARTIAL,2026-07-12 10:48:41
8879,142348,super glue,workshop stores,12,0,EA,general_items,,PENDING,2026-07-12 10:48:41
9099,166870,electrical repair (light signal),lk-2366,1,1,EA,general_items,,FULFILLED,2026-07-12 10:48:41
8824,166870,power steering belt,51-7158,1,1,EA,belts,,FULFILLED,2026-07-12 10:48:41
8823,166870,alternator belt,51-7158,1,2,EA,belts,,FULFILLED,2026-07-12 10:48:41
8819,166870,fan clutch gel,51-7158,1,4,EA,general_items,,FULFILLED,2026-07-12 10:48:41
8083,166870,protection valve,lk-2366,1,0,EA,general_items,,PENDING,2026-07-12 10:48:41
8082,166870,apposting work floor board carpet,lk-2366,1,1,EA,general_items,,FULFILLED,2026-07-12 10:48:41
8865,142347,nut and bolt (17mm),workshop stores,2,2,EA,general_items,,FULFILLED,2026-07-12 10:48:41
8864,142347,nut and bolt (10mm),workshop stores,2,2,EA,general_items,,FULFILLED,2026-07-12 10:48:41
8863,142347,nut and bolt (13mm),workshop stores,3,3,EA,general_items,,FULFILLED,2026-07-12 10:48:41
8485,142347,auto wire,stores,0,1,EA,electrical,,PARTIAL,2026-07-12 10:48:41
8134,166896,bonet shockabsoer,vr-48,2,2,EA,general_items,,FULFILLED,2026-07-12 10:48:41
8130,166894,coller bush 80*100*50,hex-33,2,2,EA,bearings_seals,,FULFILLED,2026-07-12 10:48:41
8129,166894,bush 80*95*100,hex-33,2,2,EA,bearings_seals,,FULFILLED,2026-07-12 10:48:41
8128,166894,bush 70*85*75,hex-33,2,0,EA,bearings_seals,,PENDING,2026-07-12 10:48:41
8868,166894,collar bush (80���100���50),hex-35,2,2,EA,bearings_seals,,FULFILLED,2026-07-12 10:48:41
8867,166894,bush (80���95���100),hex-34,2,0,EA,bearings_seals,,PENDING,2026-07-12 10:48:41
8866,166894,bush (80���85���75),hex-33,2,2,EA,bearings_seals,,FULFILLED,2026-07-12 10:48:41
6292,141645,fuel filter fc-510,ln-8278,1,1,EA,filters,,FULFILLED,2026-07-12 10:48:41
6291,141645,oil filter c-525,ln-8278,1,1,EA,filters,,FULFILLED,2026-07-12 10:48:41
8875,141645,fuel filter (fc-510),ln-8276,1,0,EA,filters,,PENDING,2026-07-12 10:48:41
8874,141645,oil filter (c-525),ln-8276,1,0,EA,filters,,PENDING,2026-07-12 10:48:41
9496,142345,white polytheen,work shop stores,0.5,0.5,EA,general_items,,FULFILLED,2026-07-12 10:48:41
8851,141644,oil filter c-1511,ln-1867,1,1,EA,filters,,FULFILLED,2026-07-12 10:48:41
6289,141644,oil filter c-512/c-1511,ln-1867,1,0,EA,filters,,PENDING,2026-07-12 10:48:41
6290,141644,fuel filter,ln-1867,1,1,EA,filters,,FULFILLED,2026-07-12 10:48:41
8127,166893,number platye light,li-1782,1,0,EA,general_items,,PENDING,2026-07-12 10:48:41
8126,166893,parking light,li-1782,4,4,EA,general_items,,FULFILLED,2026-07-12 10:48:41
8125,166893,led fog light,li-1782,2,2,EA,electrical,,FULFILLED,2026-07-12 10:48:41
9492,142343,24v relay,work shop stores,6,6,EA,electrical,,FULFILLED,2026-07-12 10:48:41
9491,142343,12v relay,142343,6,6,EA,electrical,,FULFILLED,2026-07-12 10:48:41
8855,142343,caustic soda,service bay,5,5,EA,general_items,,FULFILLED,2026-07-12 10:48:41
8850,142343,24v/80a 5pin relay,stores,6,6,EA,electrical,,FULFILLED,2026-07-12 10:48:41
8849,142343,\,stores,6,6,EA,general_items,,FULFILLED,2026-07-12 10:48:41
8848,142343,24v/3w cables bulb,stores,20,20,EA,electrical,,FULFILLED,2026-07-12 10:48:41
8847,142343,12v/3w cables bulb,stores,20,20,EA,electrical,,FULFILLED,2026-07-12 10:48:41
8846,142343,9/0.30mm auto wire (30m),stores,1,1,EA,electrical,,FULFILLED,2026-07-12 10:48:41
9490,142343,caples bulb holder,work shop stores,5,5,EA,electrical,,FULFILLED,2026-07-12 10:48:41
9227,166891,wiper motor repair,za-8511,1,1,EA,general_items,,FULFILLED,2026-07-12 10:48:41
8123,166891,fuel system repair,za-8511,1,1,EA,general_items,,FULFILLED,2026-07-12 10:48:41
8374,166892,coolant filter (600-411-1161),ge-34,1,1,EA,filters,,FULFILLED,2026-07-12 10:48:41
8373,166892,fuel filter (600-311-3510),ge-34,1,2,EA,filters,,FULFILLED,2026-07-12 10:48:41
8124,166892,sylencer repair,vr-48,1,1,EA,general_items,,FULFILLED,2026-07-12 10:48:41
8122,166890,warth diesel fuel additive,ln-8277,1,0,EA,general_items,,PENDING,2026-07-12 10:48:41
8121,166890,soltron,ln-8277,1,2,EA,general_items,,FULFILLED,2026-07-12 10:48:41
8120,166889,power steering belt,lb-4824,1,1,EA,belts,,FULFILLED,2026-07-12 10:48:41
8119,166888,speedo meter sensor,py-2408,1,0,EA,electrical,,PENDING,2026-07-12 10:48:41
8118,166888,hand brake cable,py-2408,1,2,EA,electrical,,FULFILLED,2026-07-12 10:48:41
6288,141643,air filter f002h60012/fl-2105,dah-2231,1,1,EA,filters,,FULFILLED,2026-07-12 10:48:41
6287,141643,fuel filter 1001caa1485ny,dah-2231,1,1,EA,filters,,FULFILLED,2026-07-12 10:48:41
6286,141643,oil filter 0303bc007in,dah-2231,1,1,EA,filters,,FULFILLED,2026-07-12 10:48:41
8170,166884,hub seal,ln-1867 forton crew cab batticoloa,1,2,EA,bearings_seals,,FULFILLED,2026-07-12 10:48:41
8114,166884,clutch bolt,ln-1867,1,1,EA,general_items,,FULFILLED,2026-07-12 10:48:41
8113,166884,clutch fork,ln-1867,1,1,EA,general_items,,FULFILLED,2026-07-12 10:48:41
8112,166884,crank oil seal,ln-1867,1,1,EA,bearings_seals,,FULFILLED,2026-07-12 10:48:41
8111,166884,pilot bearing,ln-1867,1,1,EA,bearings_seals,,FULFILLED,2026-07-12 10:48:41
8110,166884,clutch releasing bearing,ln-1867,1,1,EA,bearings_seals,,FULFILLED,2026-07-12 10:48:41
8109,166884,presser plate,ln-1867,1,0,EA,general_items,,PENDING,2026-07-12 10:48:41
8108,166884,clutch plate,ln-1867,1,0,EA,general_items,,PENDING,2026-07-12 10:48:41
8117,166887,differencial oil seal,pt-1569,1,1,EA,bearings_seals,,FULFILLED,2026-07-12 10:48:41
8116,166886,alternator repair,za-6068,1,1,EA,electrical,,FULFILLED,2026-07-12 10:48:41
8115,166885,capless bulb holder,lb-4824,10,0,EA,electrical,,PENDING,2026-07-12 10:48:41
8107,166883,ac repair,hex-01,1,1,EA,general_items,,FULFILLED,2026-07-12 10:48:41
6285,141642,oil filter c-219,ld-08,1,1,EA,filters,,FULFILLED,2026-07-12 10:48:41
9494,142338,12v/10w auto bulb yellow,work shop stores,4,4,EA,electrical,,FULFILLED,2026-07-12 10:48:41
8843,142338,24v 21w orange bulb (set),stores,10,10,EA,electrical,,FULFILLED,2026-07-12 10:48:41
8842,142338,bulb holder (caples bulb),stores,5,5,EA,electrical,,FULFILLED,2026-07-12 10:48:41
8839,142338,coconut oil (415),stores,1,1,EA,oil_lubricants,,FULFILLED,2026-07-12 10:48:41
8103,166882,head l;ight,hu-5097,1,0,EA,general_items,,PENDING,2026-07-12 10:48:41
8102,166881,wiper blade,51-7158,2,0,EA,general_items,,PENDING,2026-07-12 10:48:41
8101,166880,seat repair,py-2408,2,2,EA,general_items,,FULFILLED,2026-07-12 10:48:41
8100,166879,hand brake cable,59-5421,2,2,EA,electrical,,FULFILLED,2026-07-12 10:48:41
8099,166878,bearing 6305,3 water pump,1,1,EA,bearings_seals,,FULFILLED,2026-07-12 10:48:41
8098,166878,grand packing,3 water pump,2,2,EA,general_items,,FULFILLED,2026-07-12 10:48:41
6284,141641,fuel filter fc-70\7a,vr-69,1,1,EA,filters,,FULFILLED,2026-07-12 10:48:41
6283,141641,oil filter c-206,vr-69,1,1,EA,filters,,FULFILLED,2026-07-12 10:48:41
6282,141640,fuel filter js-1076,lb-25,1,1,EA,filters,,FULFILLED,2026-07-12 10:48:41
6281,141640,fuel filter js-1810,lb-25,1,1,EA,filters,,FULFILLED,2026-07-12 10:48:41
6280,141640,oil filter 2654407,lb-25,1,1,EA,filters,,FULFILLED,2026-07-12 10:48:41
6278,141639,fuel filter 32/925994,zb-1546,1,2,EA,filters,,FULFILLED,2026-07-12 10:48:41
6277,141638,transmission filter js-2091,mg-11,1,1,EA,filters,,FULFILLED,2026-07-12 10:48:41
6276,141638,fuel filter fc-319,mg-11,1,1,EA,filters,,FULFILLED,2026-07-12 10:48:41
6275,141638,oil filter c-318,mg-11,1,1,EA,filters,,FULFILLED,2026-07-12 10:48:41
8097,166877,fuel hand primer,ln-8277,1,1,EA,general_items,,FULFILLED,2026-07-12 10:48:41
8096,166877,hose clip,ln-8277,10,10,EA,hydraulics,,FULFILLED,2026-07-12 10:48:41
8095,166877,fuel hose,ln-8277,30,30,EA,hydraulics,,FULFILLED,2026-07-12 10:48:41
9489,166876,fan belt,51-7158,1,1,EA,belts,,FULFILLED,2026-07-12 10:48:41
8094,166876,fan cluth gel,51-7158,4,4,EA,general_items,,FULFILLED,2026-07-12 10:48:41
8093,166876,radiator fan,51-7158,1,0,EA,general_items,,PENDING,2026-07-12 10:48:41
8092,166876,power steering belt,51-7158,1,0,EA,belts,,PENDING,2026-07-12 10:48:41
8091,166876,alternator belt,51-7158,2,2,EA,belts,,FULFILLED,2026-07-12 10:48:41
8852,141637,fuel filter fc-182,ln-1867,1,1,EA,filters,,FULFILLED,2026-07-12 10:48:41
6274,141637,air filter a-3735,ln-1867,1,1,EA,filters,,FULFILLED,2026-07-12 10:48:41
6273,141637,fuel filter fc-1503,ln-1867,1,1,EA,filters,,FULFILLED,2026-07-12 10:48:41
6272,141637,oil filter c-502,ln-1867,1,1,EA,filters,,FULFILLED,2026-07-12 10:48:41
6271,141636,air filter a-1119,pa-4879,1,1,EA,filters,,FULFILLED,2026-07-12 10:48:41
6270,141636,fuel filter fc-1104,pa-4879,1,1,EA,filters,,FULFILLED,2026-07-12 10:48:41
6269,141636,oil filter c-1112,pa-4879,1,1,EA,filters,,FULFILLED,2026-07-12 10:48:41
6268,141635,fuel filter fc-1104,51-7158,1,1,EA,filters,,FULFILLED,2026-07-12 10:48:41
6267,141635,oil filter c-1111,51-7158,1,1,EA,filters,,FULFILLED,2026-07-12 10:48:41
8090,166875,75mm shaft,hex-19,17,1,EA,general_items,,PARTIAL,2026-07-12 10:48:41
8089,166874,engine mount,zb-1047,2,2,EA,general_items,,FULFILLED,2026-07-12 10:48:41
8088,166873,water pump,51-7158,1,1,EA,general_items,,FULFILLED,2026-07-12 10:48:41
8087,166873,timing belt,51-7158,1,1,EA,belts,,FULFILLED,2026-07-12 10:48:41
8086,166873,adjuster pully,51-7158,2,2,EA,general_items,,FULFILLED,2026-07-12 10:48:41
9488,166873,bearing (l),51-7158,1,1,EA,bearings_seals,,FULFILLED,2026-07-12 10:48:41
9487,166873,bearing (s),51-7158,1,1,EA,bearings_seals,,FULFILLED,2026-07-12 10:48:41
8085,166872,rubber mount,ln-8277,4,4,EA,general_items,,FULFILLED,2026-07-12 10:48:41
9255,166866,vehicle scaning,ln-8277,1,1,EA,general_items,,FULFILLED,2026-07-12 10:48:41
8837,166866,ventilating fan,for hydraulic hose crimping machine,2,1,EA,general_items,,PARTIAL,2026-07-12 10:48:41
8836,166866,chisel,for hydraulic hose crimping machine,2,1,EA,general_items,,PARTIAL,2026-07-12 10:48:41
8835,166866,rubber hammer,for hydraulic hose crimping machine,2,1,EA,general_items,,PARTIAL,2026-07-12 10:48:41
8834,166866,bench vice,for hydraulic hose crimping machine,2,1,EA,general_items,,PARTIAL,2026-07-12 10:48:41
8833,166866,4.5 angle grinder,for hydraulic hose crimping machine,2,2,EA,general_items,,FULFILLED,2026-07-12 10:48:41
8832,166866,bar cutter machine 355mm,for hydraulic hose crimping machine,2,2,EA,general_items,,FULFILLED,2026-07-12 10:48:41
8077,166866,head light set,ln-8277,2,1,EA,electrical,,PARTIAL,2026-07-12 10:48:41
8809,166869,cam bush,lc-0434,4,2,EA,bearings_seals,,PARTIAL,2026-07-12 10:48:41
8081,166869,seal,lc-0434,4,4,EA,bearings_seals,,FULFILLED,2026-07-12 10:48:41
8080,166869,bearing,lc-0434,4,4,EA,bearings_seals,,FULFILLED,2026-07-12 10:48:41
8084,166871,packing,stores,2,3,EA,general_items,,FULFILLED,2026-07-12 10:48:41
8079,166868,nylon shaft 6,za-6255,3,0,EA,general_items,,PENDING,2026-07-12 10:48:41
8078,166867,wiper blade,lp-1571,2,2,EA,general_items,,FULFILLED,2026-07-12 10:48:41
9486,142337,silicon gum (white),work shop stores,1,1,EA,general_items,,FULFILLED,2026-07-12 10:48:41
8845,142337,cotton waste,stores,7.5,7.5,EA,general_items,,FULFILLED,2026-07-12 10:48:41
8828,142337,petrol,stores,0,3.65,EA,general_items,,PARTIAL,2026-07-12 10:48:41
8805,142337,fuse 20amp,stores,0,50,EA,battery,,PARTIAL,2026-07-12 10:48:41
8804,142337,fuse 15amp,stores,0,50,EA,battery,,PARTIAL,2026-07-12 10:48:41
8803,142337,fuse 10amp,stores,0,50,EA,battery,,PARTIAL,2026-07-12 10:48:41
8802,142337,fuse 20,stores,0,50,EA,electrical,,PARTIAL,2026-07-12 10:48:41
8801,142337,fuse 15,stores,0,50,EA,electrical,,PARTIAL,2026-07-12 10:48:41
8800,142337,fuse 10,stores,0,50,EA,electrical,,PARTIAL,2026-07-12 10:48:41
8792,142337,pad lock / grease nipple,stores (ruwan),0,1,EA,oil_lubricants,,PARTIAL,2026-07-12 10:48:41
8791,142337,cotton waste,stores,0,10,EA,general_items,,PARTIAL,2026-07-12 10:48:41
8790,142337,k oil,stores,0,15,EA,oil_lubricants,,PARTIAL,2026-07-12 10:48:41
9485,141337,silicon gum (white),work shop stores,1,0,EA,general_items,,PENDING,2026-07-12 10:48:41
9102,166861,trust washer (large),hex-41,8,8,EA,general_items,,FULFILLED,2026-07-12 10:48:41
8055,166861,allen key bolt,hex-41,40,40,EA,general_items,,FULFILLED,2026-07-12 10:48:41
8054,166861,ball bearing,hex-41,2,2,EA,bearings_seals,,FULFILLED,2026-07-12 10:48:41
8053,166861,sun gear,hex-41,1,1,EA,general_items,,FULFILLED,2026-07-12 10:48:41
8051,166861,trust plate,hex-41,2,2,EA,general_items,,FULFILLED,2026-07-12 10:48:41
8050,166861,cone seal,hex-41,2,2,EA,bearings_seals,,FULFILLED,2026-07-12 10:48:41
8049,166861,trust washer,hex-41,12,12,EA,general_items,,FULFILLED,2026-07-12 10:48:41
8048,166861,roller bearing large,hex-41,8,8,EA,bearings_seals,,FULFILLED,2026-07-12 10:48:41
8047,166861,roller bearing small,hex-41,6,6,EA,bearings_seals,,FULFILLED,2026-07-12 10:48:41
8844,166862,sprocket wheel,hex-41,2,2,EA,tyre,,FULFILLED,2026-07-12 10:48:41
8060,166862,large pin lock,hex-41,4,4,EA,general_items,,FULFILLED,2026-07-12 10:48:41
8059,166862,small ping lock,hex-41,3,3,EA,general_items,,FULFILLED,2026-07-12 10:48:41
8058,166862,planne gear pin large,hex-41,4,4,EA,general_items,,FULFILLED,2026-07-12 10:48:41
8057,166862,plannet gear pin small,hex-41,3,3,EA,general_items,,FULFILLED,2026-07-12 10:48:41
8056,166862,coupling,hex-41,1,1,EA,general_items,,FULFILLED,2026-07-12 10:48:41
8829,166864,filler,workshop - hose freezing room wall painting,1,10,EA,general_items,,FULFILLED,2026-07-12 10:48:41
8813,166864,roller brush,workshop - hose freezing room wall painting,1,1,EA,general_items,,FULFILLED,2026-07-12 10:48:41
8812,166864,filler,workshop - hose freezing room wall painting,1,2,EA,general_items,,FULFILLED,2026-07-12 10:48:41
8075,166864,paint white,hydraulic hose crimping machine works,1,4,EA,general_items,,FULFILLED,2026-07-12 10:48:41
8074,166864,exhauset fan 1*1,hydraulic hose crimping machine works,1,0,EA,general_items,,PENDING,2026-07-12 10:48:41
8073,166864,chisel,hydraulic hose crimping machine works,1,0,EA,general_items,,PENDING,2026-07-12 10:48:41
8072,166864,rubber hammer,hydraulic hose crimping machine works,1,0,EA,general_items,,PENDING,2026-07-12 10:48:41
8071,166864,bench wise,hydraulic hose crimping machine works,1,0,EA,general_items,,PENDING,2026-07-12 10:48:41
8070,166864,4 1/2 hand grinder,hydraulic hose crimping machine works,1,0,EA,general_items,,PENDING,2026-07-12 10:48:41
8069,166864,bar cutter machine,hydraulic hose crimping machine works,1,0,EA,general_items,,PENDING,2026-07-12 10:48:41
8794,167856,packing hose,ph-3945 mahendra d/cab,1,1,EA,hydraulics,,FULFILLED,2026-07-12 10:48:41
8149,167856,packing hose,ph-3945 mahendra d/cab,1,1,EA,hydraulics,,FULFILLED,2026-07-12 10:48:41
8068,166863,torx allenkey set,ruwan,1,0,EA,general_items,,PENDING,2026-07-12 10:48:41
8067,166863,filler gauge,ruwan,1,0,EA,general_items,,PENDING,2026-07-12 10:48:41
8066,166863,ring spanner set,ruwan,1,0,EA,general_items,,PENDING,2026-07-12 10:48:41
8065,166863,extention bar 10,ruwan,1,0,EA,general_items,,PENDING,2026-07-12 10:48:41
8064,166863,extention bar 6,ruwan,1,0,EA,general_items,,PENDING,2026-07-12 10:48:41
8063,166863,extention bar 3,ruwan,1,0,EA,general_items,,PENDING,2026-07-12 10:48:41
8062,166863,slotted screw drive,ruwan,1,0,EA,general_items,,PENDING,2026-07-12 10:48:41
8061,166863,flat screw drive,ruwan,1,0,EA,general_items,,PENDING,2026-07-12 10:48:41
8046,166860,g-18 zinc coated sheet,hex-01,1,1,EA,general_items,,FULFILLED,2026-07-12 10:48:41
8045,166860,oxygen welding rod,hex-01,2,0,EA,general_items,,PENDING,2026-07-12 10:48:41
8044,166859,grease gun,service bay,1,1,EA,oil_lubricants,,FULFILLED,2026-07-12 10:48:41
8043,166858,grease,lb-01,1,0,EA,oil_lubricants,,PENDING,2026-07-12 10:48:41
8042,166857,tie rod end with rack end,zb-7968,1,0,EA,general_items,,PENDING,2026-07-12 10:48:41
8699,141634,bmga spark plug china,eh-09-2,1,1,EA,electrical,,FULFILLED,2026-07-12 10:48:41
8698,141634,waccker shoe with 4 stud,eh-09-2,1,1,EA,general_items,,FULFILLED,2026-07-12 10:48:41
8697,141634,air cleaner element,eh-09-2,1,1,EA,general_items,,FULFILLED,2026-07-12 10:48:41
8696,141634,carburator assy japan (20f-62342kg),eh-09-2,1,1,EA,general_items,,FULFILLED,2026-07-12 10:48:41
8695,141634,eh 09/ge 100 recoil starter assy,eh-09-2,1,1,EA,electrical,,FULFILLED,2026-07-12 10:48:41
6266,141634,fuel filter fc-158,pa-6399,1,1,EA,filters,,FULFILLED,2026-07-12 10:48:41
6265,141634,oil filter c-101,pa-6399,1,1,EA,filters,,FULFILLED,2026-07-12 10:48:41
8041,166856,water hose,ph-3945,1,1,EA,hydraulics,,FULFILLED,2026-07-12 10:48:41
8040,166855,wiper motor,lb-4824,1,0,EA,general_items,,PENDING,2026-07-12 10:48:41
8039,166855,seat belt,lb-4824,2,2,EA,belts,,FULFILLED,2026-07-12 10:48:41
8038,166855,gear level book,lb-4824,1,0,EA,general_items,,PENDING,2026-07-12 10:48:41
8037,166855,side signal lamp,lb-4824,2,0,EA,electrical,,PENDING,2026-07-12 10:48:41
8036,166855,brake oil tank cap,lb-4824,1,0,EA,oil_lubricants,,PENDING,2026-07-12 10:48:41
8035,166855,side mirror,lb-4824,1,2,EA,general_items,,FULFILLED,2026-07-12 10:48:41
8034,166855,wire casing,lb-4824,10,10,EA,electrical,,FULFILLED,2026-07-12 10:48:41
8033,166854,turbo flexible hose,57-3062,1,1,EA,hydraulics,,FULFILLED,2026-07-12 10:48:41
6264,141633,oil filter 2451u343-1d,za-6255,1,1,EA,filters,,FULFILLED,2026-07-12 10:48:41
8793,166851,water pump,sl-05,1,1,EA,general_items,,FULFILLED,2026-07-12 10:48:41
8030,166851,hose clip,sl-05,1,0,EA,hydraulics,,PENDING,2026-07-12 10:48:41
8029,166851,hose,sl-05,1,1,EA,hydraulics,,FULFILLED,2026-07-12 10:48:41
8028,166851,fan belt,sl-05,1,1,EA,belts,,FULFILLED,2026-07-12 10:48:41
8027,166851,water pump packing,sl-05,1,0,EA,general_items,,PENDING,2026-07-12 10:48:41
8026,166851,water pump,sl-05,1,0,EA,general_items,,PENDING,2026-07-12 10:48:41
8310,166853,air filter 60321434 a,mg-10,1,1,EA,filters,,FULFILLED,2026-07-12 10:48:41
8309,166853,fuel filter element 1000 495913,mg-10,1,1,EA,filters,,FULFILLED,2026-07-12 10:48:41
8308,166853,oil filter element 1678,mg-10,1,1,EA,filters,,FULFILLED,2026-07-12 10:48:41
8307,166853,filter element 13055724,mg-10,1,1,EA,filters,,FULFILLED,2026-07-12 10:48:41
8032,166853,air ballon,ly-4524,1,1,EA,general_items,,FULFILLED,2026-07-12 10:48:41
8031,166852,dram mount,sr-06,1,4,EA,general_items,,FULFILLED,2026-07-12 10:48:41
8025,167399,pto shaft nut and bolty,lk-6740,4,0,EA,general_items,,PENDING,2026-07-12 10:48:41
8024,167399,u joint bearing,lk-6740,2,2,EA,bearings_seals,,FULFILLED,2026-07-12 10:48:41
8023,167399,propeller shaft nut and bolt,lk-6740,9,10,EA,general_items,,FULFILLED,2026-07-12 10:48:41
8022,167399,release bearing lock,lk-6740,2,2,EA,bearings_seals,,FULFILLED,2026-07-12 10:48:41
8021,167399,clutch realing bearing,lk-6740,1,1,EA,bearings_seals,,FULFILLED,2026-07-12 10:48:41
8020,167399,clutch plate,lk-6740,1,0,EA,general_items,,PENDING,2026-07-12 10:48:41
8827,167398,hub,lx-1679,2,1,EA,general_items,,PARTIAL,2026-07-12 10:48:41
8019,167398,tie rod end with rack en,lb-01,2,2,EA,general_items,,FULFILLED,2026-07-12 10:48:41
8018,167397,upsitting works floor board carpet,lb-4824,1,1,EA,general_items,,FULFILLED,2026-07-12 10:48:41
8017,167396,seat cusion work,lk-2266,1,0,EA,general_items,,PENDING,2026-07-12 10:48:41
6263,141632,fuel filter fhn 400/500,pv-6889,1,1,EA,filters,,FULFILLED,2026-07-12 10:48:41
6262,141632,oil filter 25a-718130106,pv-6889,1,1,EA,filters,,FULFILLED,2026-07-12 10:48:41
8016,167395,hub,lx-1679,1,0,EA,general_items,,PENDING,2026-07-12 10:48:41
8015,167395,hub nut,lx-1679,1,0,EA,general_items,,PENDING,2026-07-12 10:48:41
8014,167395,trust washer,lx-1679,1,0,EA,general_items,,PENDING,2026-07-12 10:48:41
8013,167395,lock washer,lx-1679,1,0,EA,general_items,,PENDING,2026-07-12 10:48:41
8012,167395,grease seal,lx-1679,1,0,EA,bearings_seals,,PENDING,2026-07-12 10:48:41
8011,167395,hib bearing 218248,lx-1679,1,0,EA,bearings_seals,,PENDING,2026-07-12 10:48:41
8010,167395,hub bearing 212049,lx-1679,1,1,EA,bearings_seals,,FULFILLED,2026-07-12 10:48:41
8788,167394,clutch plate,lk-6740,2,1,EA,general_items,,PARTIAL,2026-07-12 10:48:41
8775,167394,bob cat wheel stud,sl-04,1,4,EA,tyre,,FULFILLED,2026-07-12 10:48:41
8009,167394,alternator belt,sl-04,1,1,EA,belts,,FULFILLED,2026-07-12 10:48:41
8008,167394,alternator belt,sl-06,1,1,EA,belts,,FULFILLED,2026-07-12 10:48:41
8006,167394,alternator belt 6420,sl-06,2,0,EA,belts,,PENDING,2026-07-12 10:48:41
8784,167393,electrical repair,ph-3945 hto,1,1,EA,general_items,,FULFILLED,2026-07-12 10:48:41
8148,167393,electrical repair,ph-3945 hto,1,1,EA,general_items,,FULFILLED,2026-07-12 10:48:41
8007,167393,water separator cup,tm-20,1,0,EA,general_items,,PENDING,2026-07-12 10:48:41
8005,167393,water separator cup,tm-20,1,1,EA,general_items,,FULFILLED,2026-07-12 10:48:41
8773,167390,front ball joint,tm-17,4,2,EA,general_items,,PARTIAL,2026-07-12 10:48:41
7998,167390,tie rod end set,zb-1979,1,1,EA,general_items,,FULFILLED,2026-07-12 10:48:41
7997,167390,gear lever bolt joint,tm-17,4,0,EA,general_items,,PENDING,2026-07-12 10:48:41
8004,167392,starter motor repair,ld-05,1,1,EA,electrical,,FULFILLED,2026-07-12 10:48:41
8003,167391,power steering pump oil seal,lm-5720,1,0,EA,bearings_seals,,PENDING,2026-07-12 10:48:41
8002,167391,clutch hose,lm-5720,1,0,EA,hydraulics,,PENDING,2026-07-12 10:48:41
8001,167391,speedometer cable,lm-5720,1,0,EA,electrical,,PENDING,2026-07-12 10:48:41
8000,167391,hour meter unit,lm-5720,1,0,EA,general_items,,PENDING,2026-07-12 10:48:41
7999,167391,heat meter unit,lm-5720,1,0,EA,general_items,,PENDING,2026-07-12 10:48:41
7996,167389,tie rod end with rack end,zb-1548,2,2,EA,general_items,,FULFILLED,2026-07-12 10:48:41
6261,141631,hydraulic return filter,zb-1047,1,1,EA,filters,,FULFILLED,2026-07-12 10:48:41
9226,141859,a/c repair,lp-1571,1,1,EA,general_items,,FULFILLED,2026-07-12 10:48:41
9225,141861,vehicle scaning,ln-8277,1,1,EA,general_items,,FULFILLED,2026-07-12 10:48:41
9224,141860,a/c repair,pa-4193,1,1,EA,general_items,,FULFILLED,2026-07-12 10:48:41
8815,167383,fuel filter f-n-60038 (rtd after received),ln-8277,1,1,EA,filters,,FULFILLED,2026-07-12 10:48:41
8814,167383,fuel filter 6240 rtd,ln-8277,1,1,EA,filters,,FULFILLED,2026-07-12 10:48:41
8810,167383,injector pump,ln-8277,6,1,EA,general_items,,PARTIAL,2026-07-12 10:48:41
8778,167383,fuel filter f-6240,ln-8277,1,1,EA,filters,,FULFILLED,2026-07-12 10:48:41
7980,167383,gear box oil filter,ln-8277,1,0,EA,filters,,PENDING,2026-07-12 10:48:41
7979,167383,air filter 1753h (?),ln-8277,1,1,EA,filters,,FULFILLED,2026-07-12 10:48:41
7978,167383,oil filter p550448 or f-557 (?),ln-8277,1,1,EA,filters,,FULFILLED,2026-07-12 10:48:41
7977,167383,flood light circuit / xenon ballaster (?),ln-8277,2,0,EA,general_items,,PENDING,2026-07-12 10:48:41
7976,167383,engine breather filter,ln-8277,1,0,EA,filters,,PENDING,2026-07-12 10:48:41
7975,167383,injector service,ln-8277,6,6,EA,general_items,,FULFILLED,2026-07-12 10:48:41
8786,167382,bush,batticaloa,1,8,EA,bearings_seals,,FULFILLED,2026-07-12 10:48:41
8770,167382,arm blade,ln-1867,2,2,EA,general_items,,FULFILLED,2026-07-12 10:48:41
8769,167382,filter head (feed pump),ln-1867,1,1,EA,filters,,FULFILLED,2026-07-12 10:48:41
8767,167382,brake shoe re-lining,ln-1867,4,4,EA,general_items,,FULFILLED,2026-07-12 10:48:41
8763,167382,speedo meter sensor,ln-1867,1,1,EA,electrical,,FULFILLED,2026-07-12 10:48:41
8184,167382,brake washer,ln-1867,2,8,EA,general_items,,FULFILLED,2026-07-12 10:48:41
7974,167382,speedometer sensor,ln-1867,1,0,EA,electrical,,PENDING,2026-07-12 10:48:41
7973,167382,tappet cover packing,ln-1867,1,0,EA,general_items,,PENDING,2026-07-12 10:48:41
7972,167382,wiper arm with blade,ln-1867,2,0,EA,general_items,,PENDING,2026-07-12 10:48:41
7971,167382,filter head,ln-1867,1,0,EA,filters,,PENDING,2026-07-12 10:48:41
7970,167382,seat belt,ln-1867,1,0,EA,belts,,PENDING,2026-07-12 10:48:41
7969,167382,hand brake cable repair,ln-1867,1,1,EA,electrical,,FULFILLED,2026-07-12 10:48:41
7968,167382,brake shoe re-lining,ln-1867,4,0,EA,general_items,,PENDING,2026-07-12 10:48:41
7967,167382,brake drum front,ln-1867,2,0,EA,general_items,,PENDING,2026-07-12 10:48:41
7995,167388,hy. hose repair,mg-13,1,1,EA,hydraulics,,FULFILLED,2026-07-12 10:48:41
7994,167387,air filter 1753h/a (?),ln-8277,1,1,EA,filters,,FULFILLED,2026-07-12 10:48:41
7993,167387,banjo washer,ln-8277,10,22,EA,general_items,,FULFILLED,2026-07-12 10:48:41
7992,167387,injector chamber washer,ln-8277,6,6,EA,general_items,,FULFILLED,2026-07-12 10:48:41
7991,167387,fuel overflow washer,ln-8277,6,6,EA,general_items,,FULFILLED,2026-07-12 10:48:41
7990,167387,fuel overflow washer,ln-8277,1,1,EA,general_items,,FULFILLED,2026-07-12 10:48:41
7989,167387,fuel rail c/o (?),ln-8277,1,1,EA,general_items,,FULFILLED,2026-07-12 10:48:41
7988,167386,bolt & nut,zb-1548,1,6,EA,general_items,,FULFILLED,2026-07-12 10:48:41
7987,167386,wiper blade,zb-1548,1,1,EA,general_items,,FULFILLED,2026-07-12 10:48:41
7986,167386,side mirror,zb-1548,1,1,EA,general_items,,FULFILLED,2026-07-12 10:48:41
7985,167386,normal horn 12v,zb-1548,1,1,EA,electrical,,FULFILLED,2026-07-12 10:48:41
7984,167386,reverse horn 12v,zb-1548,1,1,EA,electrical,,FULFILLED,2026-07-12 10:48:41
7983,167385,light switch,lk-2276,1,1,EA,electrical,,FULFILLED,2026-07-12 10:48:41
7982,167385,electrical repair,lk-2276,1,0,EA,general_items,,PENDING,2026-07-12 10:48:41
7981,167384,axel / axle rear assy without pinion set,lc-0434,1,1,EA,general_items,,FULFILLED,2026-07-12 10:48:41
7966,167381,perspex sheet,hex-33,1,1,EA,general_items,,FULFILLED,2026-07-12 10:48:41
7965,167381,bottom roller,hex-33,4,0,EA,general_items,,PENDING,2026-07-12 10:48:41
7964,167381,a/c repair,hex-33,1,1,EA,general_items,,FULFILLED,2026-07-12 10:48:41
7963,167381,sprocket bolt,hex-33,15,0,EA,general_items,,PENDING,2026-07-12 10:48:41
7962,167381,track link bush,hex-33,2,0,EA,bearings_seals,,PENDING,2026-07-12 10:48:41
7961,167381,sprocket repair,hex-33,2,2,EA,general_items,,FULFILLED,2026-07-12 10:48:41
7960,167381,idler wheel repair,hex-33,1,2,EA,tyre,,FULFILLED,2026-07-12 10:48:41
7959,167381,track repair / bush turning,hex-33,2,0,EA,bearings_seals,,PENDING,2026-07-12 10:48:41
8776,167378,fiber work,ph-0765,1,2,EA,general_items,,FULFILLED,2026-07-12 10:48:41
7949,167378,power steering belt 1250,ph-0765,1,1,EA,belts,,FULFILLED,2026-07-12 10:48:41
7948,167378,clutch washer down set,ph-0765,1,0,EA,general_items,,PENDING,2026-07-12 10:48:41
7947,167378,clutch washer up set,ph-0765,1,2,EA,general_items,,FULFILLED,2026-07-12 10:48:41
7958,167380,gear box mount,51-8083,1,1,EA,general_items,,FULFILLED,2026-07-12 10:48:41
7957,167380,upper arm bush,51-8083,1,1,EA,bearings_seals,,FULFILLED,2026-07-12 10:48:41
7956,167380,silencer bush bolt,51-8083,1,1,EA,bearings_seals,,FULFILLED,2026-07-12 10:48:41
7955,167380,torsion bar side white (?),51-8083,1,1,EA,general_items,,FULFILLED,2026-07-12 10:48:41
7954,167380,silencer bush,51-8083,1,1,EA,bearings_seals,,FULFILLED,2026-07-12 10:48:41
7953,167380,brake pad set,51-8083,1,1,EA,general_items,,FULFILLED,2026-07-12 10:48:41
7952,167380,engine mount,51-8083,1,1,EA,general_items,,FULFILLED,2026-07-12 10:48:41
7951,167380,link bar bush,51-8083,6,4,EA,bearings_seals,,PARTIAL,2026-07-12 10:48:41
7950,167379,gear cable,vr-64,1,1,EA,electrical,,FULFILLED,2026-07-12 10:48:41
7946,167377,wheel stud,sl-11,4,0,EA,tyre,,PENDING,2026-07-12 10:48:41
9479,141625,oil filter (c-5818),mg-06,1,0,EA,filters,,PENDING,2026-07-12 10:48:41
6236,141625,fuel filter fc-1303 (?),mg-06,1,1,EA,filters,,FULFILLED,2026-07-12 10:48:41
6235,141625,oil filter c-5010 (?),mg-06,1,1,EA,filters,,FULFILLED,2026-07-12 10:48:41
9370,167365,hose clip,lb-4824,2,2,EA,hydraulics,,FULFILLED,2026-07-12 10:48:41
8754,167365,injector,lb-4824,1,4,EA,general_items,,FULFILLED,2026-07-12 10:48:41
7921,167365,diesel tank hose,lb-4824,2,1,EA,hydraulics,,PARTIAL,2026-07-12 10:48:41
7920,167365,water hose,lb-4824,1,1,EA,hydraulics,,FULFILLED,2026-07-12 10:48:41
8831,142336,12w10 auto bulb (yellow),stores,3,4,EA,electrical,,FULFILLED,2026-07-12 10:48:41
6658,142336,speedo meter sensor,stores,3,3,EA,electrical,,FULFILLED,2026-07-12 10:48:41
8826,167371,solinoid switch,ph-3945,1,1,EA,electrical,,FULFILLED,2026-07-12 10:48:41
8825,167371,brush holder,ph-3945,1,1,EA,general_items,,FULFILLED,2026-07-12 10:48:41
8151,167371,solinoid switch,ph-3945,1,1,EA,electrical,,FULFILLED,2026-07-12 10:48:41
8150,167371,brush holder,ph-3945,1,1,EA,general_items,,FULFILLED,2026-07-12 10:48:41
7934,167371,electrical system repair,ph-3945,1,1,EA,general_items,,FULFILLED,2026-07-12 10:48:41
8785,167374,shock absorber,ln-1867,2,2,EA,general_items,,FULFILLED,2026-07-12 10:48:41
8766,167374,injector service,ln-1867,1,4,EA,general_items,,FULFILLED,2026-07-12 10:48:41
8764,167374,tie rod end,ln-1867,2,2,EA,general_items,,FULFILLED,2026-07-12 10:48:41
8169,167374,hub bearing,ln-1867 forton crew cab batticoloa,2,2,EA,bearings_seals,,FULFILLED,2026-07-12 10:48:41
7941,167374,seat repair,ln-1867,3,3,EA,general_items,,FULFILLED,2026-07-12 10:48:41
7940,167374,wheel stud,ln-1867,2,2,EA,tyre,,FULFILLED,2026-07-12 10:48:41
7939,167374,king pin set,ln-1867,1,1,EA,general_items,,FULFILLED,2026-07-12 10:48:41
7938,167374,hub seal,ln-1867,2,2,EA,bearings_seals,,FULFILLED,2026-07-12 10:48:41
7937,167374,sockabsober repair,ln-1867,2,2,EA,general_items,,FULFILLED,2026-07-12 10:48:41
8777,141621,fuel filter 7007h20306,lk-6740,1,1,EA,filters,,FULFILLED,2026-07-12 10:48:41
6227,141621,fuel filter fd00190906 (?),lk-6740,2,0,EA,filters,,PENDING,2026-07-12 10:48:41
6226,141621,fuel filter fc-1803,lk-6740,1,1,EA,filters,,FULFILLED,2026-07-12 10:48:41
6225,141621,oil filter 054 718130106 (?),lk-6740,1,1,EA,filters,,FULFILLED,2026-07-12 10:48:41
8768,167372,tappet cover packing,ln-1867,1,1,EA,general_items,,FULFILLED,2026-07-12 10:48:41
7935,167372,ac repair,57-3062,1,1,EA,general_items,,FULFILLED,2026-07-12 10:48:41
8760,141858,labour charges,ph-3945,1,1,EA,general_items,,FULFILLED,2026-07-12 10:48:41
8759,141858,fuel control unit,ph-3945,1,1,EA,general_items,,FULFILLED,2026-07-12 10:48:41
8758,141858,park relay,ph-3945,1,1,EA,electrical,,FULFILLED,2026-07-12 10:48:41
8757,141858,phase sensor,ph-3945,1,1,EA,electrical,,FULFILLED,2026-07-12 10:48:41
8147,141858,labour charges,ph-3945,1,1,EA,general_items,,FULFILLED,2026-07-12 10:48:41
8146,141858,fuel control unit,ph-3945,1,1,EA,general_items,,FULFILLED,2026-07-12 10:48:41
8145,141858,park relay,ph-3945,1,1,EA,electrical,,FULFILLED,2026-07-12 10:48:41
8144,141858,phase sensor,ph-3945,1,1,EA,electrical,,FULFILLED,2026-07-12 10:48:41
8167,167376,grease seal,hex-45 case excavator marawila,1,4,EA,bearings_seals,,FULFILLED,2026-07-12 10:48:41
7945,167376,oil seal ap28641 (?),hex-45,1,1,EA,bearings_seals,,FULFILLED,2026-07-12 10:48:41
7944,167376,o ring,hex-45,3,3,EA,general_items,,FULFILLED,2026-07-12 10:48:41
7943,167375,fan belt 6430,lb-4824,2,0,EA,belts,,PENDING,2026-07-12 10:48:41
7942,167375,radiator reserve tank,lb-4824,1,0,EA,general_items,,PENDING,2026-07-12 10:48:41
7936,167373,flexible silancer,pv-6889,1,1,EA,general_items,,FULFILLED,2026-07-12 10:48:41
6260,141630,fuel filter fa000700500 (?),za-7810,1,1,EA,filters,,FULFILLED,2026-07-12 10:48:41
6259,141630,oil filter wo-1180,za-7810,1,1,EA,filters,,FULFILLED,2026-07-12 10:48:41
6258,141630,fuel filter 976607999467 (?),za-7810,1,1,EA,filters,,FULFILLED,2026-07-12 10:48:41
6257,141630,fuel filter 976609119909 (?),za-7810,1,1,EA,filters,,FULFILLED,2026-07-12 10:48:41
6256,141630,oil filter 253716130145 (?),za-7810,1,1,EA,filters,,FULFILLED,2026-07-12 10:48:41
6255,141629,fuel filter fa000700500 (?),za-8033,1,1,EA,filters,,FULFILLED,2026-07-12 10:48:41
6254,141629,oil filter no-1180 / wo-1180 (?),za-8033,1,1,EA,filters,,FULFILLED,2026-07-12 10:48:41
6253,141629,fuel filter 976607999467 (?),za-8033,1,1,EA,filters,,FULFILLED,2026-07-12 10:48:41
6252,141629,fuel filter 976609119909 (?),za-8033,1,1,EA,filters,,FULFILLED,2026-07-12 10:48:41
6251,141628,fuel filter fa000700500 (?),za-8545,1,1,EA,filters,,FULFILLED,2026-07-12 10:48:41
6250,141628,oil filter wo-1180,za-8545,1,1,EA,filters,,FULFILLED,2026-07-12 10:48:41
6249,141628,fuel filter 976607999467 (?),za-8545,1,1,EA,filters,,FULFILLED,2026-07-12 10:48:41
6248,141628,fuel filter 976609119909 (?),za-8545,1,1,EA,filters,,FULFILLED,2026-07-12 10:48:41
6247,141628,oil filter 253716130145 (?),za-8545,1,1,EA,filters,,FULFILLED,2026-07-12 10:48:41
6246,141627,fuel filter fa000700500 (?),zb-0050,1,1,EA,filters,,FULFILLED,2026-07-12 10:48:41
6245,141627,oil filter wo-1180,zb-0050,1,1,EA,filters,,FULFILLED,2026-07-12 10:48:41
6244,141627,fuel filter 976607999467 (?),zb-0050,1,1,EA,filters,,FULFILLED,2026-07-12 10:48:41
6243,141627,fuel filter 976609119909 (?),zb-0050,1,1,EA,filters,,FULFILLED,2026-07-12 10:48:41
6242,141627,oil filter 253716130145 (?),zb-0050,1,1,EA,filters,,FULFILLED,2026-07-12 10:48:41
6241,141626,fuel filter fa000700500 (?),za-8511,1,1,EA,filters,,FULFILLED,2026-07-12 10:48:41
6240,141626,oil filter wo-1180,za-8511,1,1,EA,filters,,FULFILLED,2026-07-12 10:48:41
6239,141626,fuel filter 976607999467 (?),za-8511,1,1,EA,filters,,FULFILLED,2026-07-12 10:48:41
6238,141626,fuel filter 976609119909 (?),za-8511,1,1,EA,filters,,FULFILLED,2026-07-12 10:48:41
6237,141626,oil filter 253716130145 (?),za-8511,1,1,EA,filters,,FULFILLED,2026-07-12 10:48:41
6234,141624,fuel filter 666735,sl-15,1,0,EA,filters,,PENDING,2026-07-12 10:48:41
6233,141624,fuel filter 666735,sl-02,1,1,EA,filters,,FULFILLED,2026-07-12 10:48:41
6232,141623,fuel filter 99923,lk-4056,1,1,EA,filters,,FULFILLED,2026-07-12 10:48:41
6231,141623,oil filter xh41000 (?),lk-4056,1,1,EA,filters,,FULFILLED,2026-07-12 10:48:41
6230,141622,air filter a-1502,253-2574,1,1,EA,filters,,FULFILLED,2026-07-12 10:48:41
6229,141622,fuel filter fc-1004 (?),253-2574,1,1,EA,filters,,FULFILLED,2026-07-12 10:48:41
6228,141622,oil filter c-306,253-2574,1,1,EA,filters,,FULFILLED,2026-07-12 10:48:41
6224,141620,fuel filter 33/925994,zb-1978,1,0,EA,filters,,PENDING,2026-07-12 10:48:41
6223,141620,fuel filter 33/925994,2lb-17,1,0,EA,filters,,PENDING,2026-07-12 10:48:41
6222,141620,fuel filter 33/925994,za-8387,1,1,EA,filters,,FULFILLED,2026-07-12 10:48:41
6221,141619,fuel filter fc-319,mgs-01,1,1,EA,filters,,FULFILLED,2026-07-12 10:48:41
6220,141619,oil filter c-305,mgs-01,1,1,EA,filters,,FULFILLED,2026-07-12 10:48:41
6219,141619,oil filter c-216,mgs-01,1,1,EA,filters,,FULFILLED,2026-07-12 10:48:41
6218,141618,air filter a-1117,47-5112,1,1,EA,filters,,FULFILLED,2026-07-12 10:48:41
6217,141618,fuel filter fc-1821,47-5112,1,1,EA,filters,,FULFILLED,2026-07-12 10:48:41
6216,141618,oil filter c-111,47-5112,1,1,EA,filters,,FULFILLED,2026-07-12 10:48:41
8772,167368,fan belt b3430,lb-4824,4,2,EA,belts,,PARTIAL,2026-07-12 10:48:41
8771,167368,radiator pressure tank,lb-4824,4,1,EA,general_items,,PARTIAL,2026-07-12 10:48:41
7924,167368,sylancer mount,lb-4824,4,4,EA,general_items,,FULFILLED,2026-07-12 10:48:41
7928,167369,grease seal,zb-1548,5,5,EA,bearings_seals,,FULFILLED,2026-07-12 10:48:41
7927,167369,bucket jack seal kit,zb-1548,1,1,EA,bearings_seals,,FULFILLED,2026-07-12 10:48:41
7926,167369,bucket jack seal kit,zb-1548,1,1,EA,bearings_seals,,FULFILLED,2026-07-12 10:48:41
7925,167369,boom jack seal kit,zb-1548,1,1,EA,bearings_seals,,FULFILLED,2026-07-12 10:48:41
9495,141862,hydrolic pump repair,01 ton roller,1,1,EA,general_items,,FULFILLED,2026-07-12 10:48:41
8811,167367,fuel rail (clean),ln-8277,1,1,EA,general_items,,FULFILLED,2026-07-12 10:48:41
8755,167367,tapen cover packing,lk-2276,1,1,EA,general_items,,FULFILLED,2026-07-12 10:48:41
7923,167367,tapet cover packing,lk-2276,1,1,EA,general_items,,FULFILLED,2026-07-12 10:48:41
7922,167366,cup brush,tinker shop,5,5,EA,general_items,,FULFILLED,2026-07-12 10:48:41
7919,167364,starter motor repair,fl-03,1,1,EA,electrical,,FULFILLED,2026-07-12 10:48:41
5933,140425,12v 150ah battery,ll-1782,2,0,EA,battery,,PENDING,2026-07-12 10:48:41
5932,140424,12v 90ah battery,sl-15,1,0,EA,battery,,PENDING,2026-07-12 10:48:41
7918,167363,diesel overfloor hose,lb-4824,3,3,EA,hydraulics,,FULFILLED,2026-07-12 10:48:41
7917,167362,steering switch,rc-9894,1,1,EA,electrical,,FULFILLED,2026-07-12 10:48:41
7916,167361,grease seal,hex-01,6,6,EA,bearings_seals,,FULFILLED,2026-07-12 10:48:41
7915,167361,bucket bush,hex-01,2,2,EA,bearings_seals,,FULFILLED,2026-07-12 10:48:41
7914,167361,bucket coller bush,hex-01,2,2,EA,bearings_seals,,FULFILLED,2026-07-12 10:48:41
8838,141613,air filter no.251/21d after,lb-4824,1,1,EA,filters,,FULFILLED,2026-07-12 10:48:41
6206,141613,air filter,tata 207,1,1,EA,filters,,FULFILLED,2026-07-12 10:48:41
6205,141613,oil filter,tata 207,1,2,EA,filters,,FULFILLED,2026-07-12 10:48:41
8761,142335,cotton waste,stores,24,7.5,EA,general_items,,PARTIAL,2026-07-12 10:48:41
6657,142335,wood powder,stores,5,4,EA,general_items,,PARTIAL,2026-07-12 10:48:41
6656,142335,k oil,stores,20,0,EA,oil_lubricants,,PENDING,2026-07-12 10:48:41
6655,142335,petrol,stores,2.5,2.5,EA,general_items,,FULFILLED,2026-07-12 10:48:41
6654,142335,12v signal flasher,stores,1,1,EA,general_items,,FULFILLED,2026-07-12 10:48:41
6653,142335,brake oil 500ml,stores,12,4,EA,oil_lubricants,,PARTIAL,2026-07-12 10:48:41
6652,142335,insulating tape,stores,24,24,EA,general_items,,FULFILLED,2026-07-12 10:48:41
8750,167360,water reserve tank,hex-01,2,1,EA,general_items,,PARTIAL,2026-07-12 10:48:41
7913,167360,jack seal kit,hex-01,2,2,EA,bearings_seals,,FULFILLED,2026-07-12 10:48:41
6215,141617,fuel filter,jcb (ruwanwella),1,1,EA,filters,,FULFILLED,2026-07-12 10:48:41
6214,141616,fuel filter,bobcat s760,1,1,EA,filters,,FULFILLED,2026-07-12 10:48:41
6213,141616,fuel filter,bobcat s760,1,1,EA,filters,,FULFILLED,2026-07-12 10:48:41
6212,141616,oil filter,bobcat s760,1,1,EA,filters,,FULFILLED,2026-07-12 10:48:41
6211,141615,fuel filter,jmc crew cab,1,1,EA,filters,,FULFILLED,2026-07-12 10:48:41
6210,141615,oil filter,jmc crew cab,1,1,EA,filters,,FULFILLED,2026-07-12 10:48:41
6209,141614,fuel filter,jmc crew cab,1,1,EA,filters,,FULFILLED,2026-07-12 10:48:41
6208,141614,fuel filter,jmc crew cab,1,1,EA,filters,,FULFILLED,2026-07-12 10:48:41
6207,141614,oil filter,jmc crew cab,1,1,EA,filters,,FULFILLED,2026-07-12 10:48:41
6204,141612,fuel filter,volvo ec210,1,1,EA,filters,,FULFILLED,2026-07-12 10:48:41
6203,141612,fuel filter,volvo ec210,1,1,EA,filters,,FULFILLED,2026-07-12 10:48:41
6202,141612,oil filter,volvo ec210,1,1,EA,filters,,FULFILLED,2026-07-12 10:48:41
8747,167359,guide jack seal,zb-1047,1,1,EA,bearings_seals,,FULFILLED,2026-07-12 10:48:41
7912,167359,allenkey 5/8,hex-37,1,1,EA,general_items,,FULFILLED,2026-07-12 10:48:41
9310,167355,alternator repair,57-3062,1,1,EA,electrical,,FULFILLED,2026-07-12 10:48:41
8756,167355,bonnet panel fiber work,lk-2276,1,4,EA,general_items,,FULFILLED,2026-07-12 10:48:41
8752,167355,alternator repair,za-6068,1,1,EA,electrical,,FULFILLED,2026-07-12 10:48:41
7908,167355,light repair,lk-2276,1,1,EA,general_items,,FULFILLED,2026-07-12 10:48:41
7907,167355,starter motor repair,hex-29,1,1,EA,electrical,,FULFILLED,2026-07-12 10:48:41
7906,167355,electrical repair,57-3062,1,1,EA,general_items,,FULFILLED,2026-07-12 10:48:41
7911,167358,compressor borng,lb-4824,1,0,EA,general_items,,PENDING,2026-07-12 10:48:41
7910,167357,seat cushion works,lk-2276,1,1,EA,general_items,,FULFILLED,2026-07-12 10:48:41
7909,167356,trail lamp set,lm-7949,2,2,EA,electrical,,FULFILLED,2026-07-12 10:48:41
6201,141611,fuel filter (sff-5486),same machine,1,1,EA,filters,,FULFILLED,2026-07-12 10:48:41
6200,141611,fuel filter (2992662),same machine,1,1,EA,filters,,FULFILLED,2026-07-12 10:48:41
6199,141611,oil filter (2992242),hex-42,1,1,EA,filters,,FULFILLED,2026-07-12 10:48:41
6198,141610,air filter (pa-1057),same machine,1,1,EA,filters,,FULFILLED,2026-07-12 10:48:41
6197,141610,fuel filter (ff-5052),same machine,2,2,EA,filters,,FULFILLED,2026-07-12 10:48:41
6196,141610,fuel filter (32/925994),same machine,1,1,EA,filters,,FULFILLED,2026-07-12 10:48:41
6195,141610,oil filter (c-7004),zb-1047,1,1,EA,filters,,FULFILLED,2026-07-12 10:48:41
8751,167354,trail light,lm-7949,5,2,EA,general_items,,PARTIAL,2026-07-12 10:48:41
7905,167354,320 sand paper,ph-0765,5,5,EA,general_items,,FULFILLED,2026-07-12 10:48:41
7904,167354,catlay paste,ph-0765,2,1.5,EA,general_items,,PARTIAL,2026-07-12 10:48:41
7903,167354,silver paint,ph-0765,1,1,EA,general_items,,FULFILLED,2026-07-12 10:48:41
7902,167354,thinner,ph-0765,5,5,EA,general_items,,FULFILLED,2026-07-12 10:48:41
9484,5458,fuel filter  (tf-8136) (f0021120306),ll-0936,2,2,EA,filters,,FULFILLED,2026-07-12 10:48:41
9483,5458,fuel filter (fc-1001),ll-0936,1,1,EA,filters,,FULFILLED,2026-07-12 10:48:41
9482,5458,oil filter (th-93286) (252418130169),ll-0936,1,1,EA,filters,,FULFILLED,2026-07-12 10:48:41
7901,167353,guide-jack seal,zg-1047,1,0,EA,bearings_seals,,PENDING,2026-07-12 10:48:41
7900,167352,sproket wheel,ptr-05,1,0,EA,tyre,,PENDING,2026-07-12 10:48:41
6651,142334,masking tape (1���),stores,5,5,EA,general_items,,FULFILLED,2026-07-12 10:48:41
6650,142334,pad lock (2���),office / stores / hyd room,3,3,EA,general_items,,FULFILLED,2026-07-12 10:48:41
9369,141550,diesel tank cap,51-7158,1,1,EA,general_items,,FULFILLED,2026-07-12 10:48:41
7899,167351,solenoid (staler motor),generator (katana fuel station),1,1,EA,electrical,,FULFILLED,2026-07-12 10:48:41
8745,141549,bracket,lb-4824,4,1,EA,general_items,,PARTIAL,2026-07-12 10:48:41
8744,141549,packing set,lb-4824,1,1,EA,general_items,,FULFILLED,2026-07-12 10:48:41
7898,141549,brush holder,hey-29,1,1,EA,general_items,,FULFILLED,2026-07-12 10:48:41
7897,141549,brush set,hey-29,4,4,EA,general_items,,FULFILLED,2026-07-12 10:48:41
7896,141549,starter motor clutch,hey-29,1,1,EA,electrical,,FULFILLED,2026-07-12 10:48:41
8358,141548,fuel cut off switch 12v,lb-4986,1,1,EA,electrical,,FULFILLED,2026-07-12 10:48:41
7895,141548,starta (12v),eiche truck kollonchi (-4986 le),1,1,EA,general_items,,FULFILLED,2026-07-12 10:48:41
9228,141662,starter motor repair,pa-4879,1,1,EA,electrical,,FULFILLED,2026-07-12 10:48:41
7686,141662,inector repair,pa-4879,4,4,EA,general_items,,FULFILLED,2026-07-12 10:48:41
7685,141662,injector pump repair,pa-4879,1,1,EA,general_items,,FULFILLED,2026-07-12 10:48:41
8740,141547,iddle wheed with bearing,pa-4193,1,1,EA,bearings_seals,,FULFILLED,2026-07-12 10:48:41
7894,141547,fan belt,pa-4193,1,1,EA,belts,,FULFILLED,2026-07-12 10:48:41
7893,141547,ac compressor roaring,pa-4193,1,0,EA,general_items,,PENDING,2026-07-12 10:48:41
7892,141547,wheel idder (30606220buk),pa-4193,1,1,EA,tyre,,FULFILLED,2026-07-12 10:48:41
7891,141545,hy hose repair,za-0447,1,1,EA,hydraulics,,FULFILLED,2026-07-12 10:48:41
7890,141544,fuel feed pump,lb-1047,1,0,EA,general_items,,PENDING,2026-07-12 10:48:41
7889,141544,jack seal kit (boom),lb-1047,1,0,EA,bearings_seals,,PENDING,2026-07-12 10:48:41
7888,141544,jack seal kit (arm),lb-1047,1,1,EA,bearings_seals,,FULFILLED,2026-07-12 10:48:41
7887,141543,winder handle,ph-0765,2,2,EA,general_items,,FULFILLED,2026-07-12 10:48:41
7886,141543,light set (rear/r),ph-0765,1,1,EA,general_items,,FULFILLED,2026-07-12 10:48:41
7885,141543,door lock in side handle,ph-0765,1,1,EA,general_items,,FULFILLED,2026-07-12 10:48:41
7884,141543,out door handle (l),ph-0765,1,3,EA,general_items,,FULFILLED,2026-07-12 10:48:41
7883,141543,out door handle (r),ph-0765,2,2,EA,general_items,,FULFILLED,2026-07-12 10:48:41
7882,141542,"3, 2 reducer socket",tractor bowser (water pump),1,0,EA,general_items,,PENDING,2026-07-12 10:48:41
7881,141542,2 green hose,tractor bowser (water pump),10,0,EA,hydraulics,,PENDING,2026-07-12 10:48:41
7880,141542,3 foot valve,tractor bowser (water pump),1,0,EA,general_items,,PENDING,2026-07-12 10:48:41
7879,141542,3 valve socket,tractor bowser (water pump),1,0,EA,general_items,,PENDING,2026-07-12 10:48:41
9353,141857,radiator fan cover repair,lb-4824,1,1,EA,general_items,,FULFILLED,2026-07-12 10:48:41
7878,141540,fan clutch gel,pq-7812,4,0,EA,general_items,,PENDING,2026-07-12 10:48:41
9346,141852,ac repair,lp-1576,1,1,EA,general_items,,FULFILLED,2026-07-12 10:48:41
8742,141536,alternator drive belt,gl-0019,1,1,EA,belts,,FULFILLED,2026-07-12 10:48:41
7874,141536,hy/hose repair,gl-0019,1,1,EA,hydraulics,,FULFILLED,2026-07-12 10:48:41
8738,141539,tie rod end,pa-4193 toyota hilux double cab h/o,5,2,EA,general_items,,PARTIAL,2026-07-12 10:48:41
7877,141539,mack foil,pa-4193,5,5,EA,general_items,,FULFILLED,2026-07-12 10:48:41
8733,141538,sealastic,stores,1,5,EA,general_items,,FULFILLED,2026-07-12 10:48:41
7876,141538,ac belt (a36),za-8395,1,1,EA,belts,,FULFILLED,2026-07-12 10:48:41
7875,141537,accelyator cable,"li-3395, li-3405",2,2,EA,electrical,,FULFILLED,2026-07-12 10:48:41
6194,141609,fuel filter (cf-193),same vehicle,1,1,EA,filters,,FULFILLED,2026-07-12 10:48:41
6193,141609,oil filter (c-111),pd-7049,1,1,EA,filters,,FULFILLED,2026-07-12 10:48:41
6192,141608,fuel filter (279709119901),same vehicle,1,1,EA,filters,,FULFILLED,2026-07-12 10:48:41
6191,141608,fuel filter (253409110117),same vehicle,1,1,EA,filters,,FULFILLED,2026-07-12 10:48:41
6190,141608,oil filter (278916130104),dah-2449,1,1,EA,filters,,FULFILLED,2026-07-12 10:48:41
9351,141853,starter motor repair,51-7158,1,1,EA,electrical,,FULFILLED,2026-07-12 10:48:41
8728,141535,dash board repar (meter external repair),28-4314,1,1,EA,general_items,,FULFILLED,2026-07-12 10:48:41
8337,141535,injector pump & injector,28-4314,1,2,EA,general_items,,FULFILLED,2026-07-12 10:48:41
7873,141535,electr fuel feed pump,28-4314,1,0,EA,general_items,,PENDING,2026-07-12 10:48:41
7872,141535,brake light switch,28-4314,1,1,EA,electrical,,FULFILLED,2026-07-12 10:48:41
8743,141532,starter motor cluth brush,za-7965,2,1,EA,electrical,,PARTIAL,2026-07-12 10:48:41
8741,141532,brush hoceder with brush,za-7968,1,1,EA,general_items,,FULFILLED,2026-07-12 10:48:41
7870,141532,ball joint (up & down),40-2955,2,4,EA,general_items,,FULFILLED,2026-07-12 10:48:41
7869,141532,suspensor arm (for fixing bush & repair),40-2955,2,2,EA,bearings_seals,,FULFILLED,2026-07-12 10:48:41
7868,141532,starter motor repair,za-7965,1,1,EA,electrical,,FULFILLED,2026-07-12 10:48:41
8731,141531,radiator socket,4 water pump,1,1,EA,general_items,,FULFILLED,2026-07-12 10:48:41
8730,141531,reducer socket (90 x 75?),4 water pump,1,2,EA,general_items,,FULFILLED,2026-07-12 10:48:41
7867,141531,foot valve 3,4 water pump (awissawella),1,1,EA,general_items,,FULFILLED,2026-07-12 10:48:41
7866,141531,bend 3,4 water pump (awissawella),1,1,EA,general_items,,FULFILLED,2026-07-12 10:48:41
7865,141531,socket,4 water pump (awissawella),1,1,EA,general_items,,FULFILLED,2026-07-12 10:48:41
7864,141531,socket 3,4 water pump (awissawella),1,1,EA,general_items,,FULFILLED,2026-07-12 10:48:41
7871,141533,silicon gum,za-6255,1,1,EA,general_items,,FULFILLED,2026-07-12 10:48:41
6649,142333,cotton waste,stores,20,10,EA,general_items,,PARTIAL,2026-07-12 10:48:41
6648,142333,life buoy soap,stores,5,5,EA,general_items,,FULFILLED,2026-07-12 10:48:41
9614,141518,"bearing (677b0806, 677b0805)",59-5421,2,2,EA,bearings_seals,,FULFILLED,2026-07-12 10:48:41
7835,141518,cam oil seal,59-5421,1,1,EA,bearings_seals,,FULFILLED,2026-07-12 10:48:41
7834,141518,timing adjuster wheel,59-5421,1,1,EA,tyre,,FULFILLED,2026-07-12 10:48:41
7833,141518,timining ideal wheel,59-5421,1,1,EA,tyre,,FULFILLED,2026-07-12 10:48:41
7832,141518,injector service,59-5421,4,4,EA,general_items,,FULFILLED,2026-07-12 10:48:41
7831,141518,injector pump service,59-5421,1,1,EA,general_items,,FULFILLED,2026-07-12 10:48:41
7830,141518,crank oil seal,59-5421,1,1,EA,bearings_seals,,FULFILLED,2026-07-12 10:48:41
7829,141518,cam oil seal,59-5421,1,1,EA,bearings_seals,,FULFILLED,2026-07-12 10:48:41
7828,141518,fab belt,59-5421,1,1,EA,belts,,FULFILLED,2026-07-12 10:48:41
7827,141518,timing belt,59-5421,1,1,EA,belts,,FULFILLED,2026-07-12 10:48:41
7863,141530,pls pump stator,ly-4524,1,0,EA,general_items,,PENDING,2026-07-12 10:48:41
7862,141530,pls pump vanes (assy),ly-4524,10,0,EA,general_items,,PENDING,2026-07-12 10:48:41
7861,141530,pls pump o-ring,ly-4524,3,0,EA,bearings_seals,,PENDING,2026-07-12 10:48:41
7860,141530,power steering pump gasket,ly-4524,1,1,EA,bearings_seals,,FULFILLED,2026-07-12 10:48:41
7859,141530,speedometa coble,ly-4524,1,1,EA,general_items,,FULFILLED,2026-07-12 10:48:41
7858,141530,clutch release bearing,ly-4524,1,1,EA,bearings_seals,,FULFILLED,2026-07-12 10:48:41
7857,141530,clutch plate,ly-4524,1,1,EA,general_items,,FULFILLED,2026-07-12 10:48:41
7856,141529,brake chamber (repair kit),ly-4524,1,1,EA,general_items,,FULFILLED,2026-07-12 10:48:41
7855,141528,mull jark seal t,jcb backhoe loader,1,1,EA,bearings_seals,,FULFILLED,2026-07-12 10:48:41
7854,141528,jack seal rit (bucket),jcb backhoe loader,1,1,EA,bearings_seals,,FULFILLED,2026-07-12 10:48:41
7853,141528,jack sed (6000),za-7092,1,1,EA,general_items,,FULFILLED,2026-07-12 10:48:41
7852,141527,fuel tank cup,for wacckers auto bacs,5,5,EA,general_items,,FULFILLED,2026-07-12 10:48:41
7851,141526,ac repair,57-3062,1,1,EA,general_items,,FULFILLED,2026-07-12 10:48:41
7850,141525,hydratic level indicator,mg-11,1,1,EA,general_items,,FULFILLED,2026-07-12 10:48:41
7849,141525,<120\cdot15$ hub seal,20-5986,2,2,EA,bearings_seals,,FULFILLED,2026-07-12 10:48:41
7848,141525,125-150-12 hub seal,20-5986,2,2,EA,bearings_seals,,FULFILLED,2026-07-12 10:48:41
7847,141525,cup bearing 47115,20-5986,2,0,EA,bearings_seals,,PENDING,2026-07-12 10:48:41
7846,141525,cup bearing 138181,20-5986,2,0,EA,bearings_seals,,PENDING,2026-07-12 10:48:41
7845,141524,bearing,pd-7049,1,1,EA,bearings_seals,,FULFILLED,2026-07-12 10:48:41
7844,141523,voltage indicator,lathe shop,3,0,EA,general_items,,PENDING,2026-07-12 10:48:41
7843,141522,1/2 gi valve,ly-4524,1,0,EA,general_items,,PENDING,2026-07-12 10:48:41
6189,141607,fuel filter (1001caa1486nv ��� genuine),dah-2230,1,1,EA,filters,,FULFILLED,2026-07-12 10:48:41
7842,141521,pilot bearing 6204,le-4986,1,1,EA,bearings_seals,,FULFILLED,2026-07-12 10:48:41
7841,141521,bearing (clutch release),le-4986,1,1,EA,bearings_seals,,FULFILLED,2026-07-12 10:48:41
7840,141520,grease seal,hex-23,4,4,EA,bearings_seals,,FULFILLED,2026-07-12 10:48:41
7839,141520,bush 65*70*85,hex-23,1,1,EA,bearings_seals,,FULFILLED,2026-07-12 10:48:41
7838,141520,coller bush 65*70*80,hex-23,2,2,EA,bearings_seals,,FULFILLED,2026-07-12 10:48:41
7837,141520,bucket bush 65*65*80,hex-23,2,2,EA,bearings_seals,,FULFILLED,2026-07-12 10:48:41
7836,141519,jack seal kit,smg-01,1,1,EA,bearings_seals,,FULFILLED,2026-07-12 10:48:41
9611,141504,universal joint,pa-4193,1,1,EA,general_items,,FULFILLED,2026-07-12 10:48:41
9349,141504,lower arm / upper arm / tie rod end repair,pa-4193,3,3,EA,general_items,,FULFILLED,2026-07-12 10:48:41
8737,141504,upper arm ball joint repair,pa-4193 toyota hilux double cab h/o,2,2,EA,general_items,,FULFILLED,2026-07-12 10:48:41
8736,141504,lower arm ball joint (r),pa-4193 toyota hilux double cab h/o,2,2,EA,general_items,,FULFILLED,2026-07-12 10:48:41
8735,141504,shock absorber repair (f),pa-4193 toyota hilux double cab h/o,1,2,EA,general_items,,FULFILLED,2026-07-12 10:48:41
7802,141504,upper arm ball joint,pa-4193,2,0,EA,general_items,,PENDING,2026-07-12 10:48:41
7801,141504,lower arm ball joint,pa-4193,2,0,EA,general_items,,PENDING,2026-07-12 10:48:41
7800,141504,shock absorber repair,pa-4193,1,0,EA,general_items,,PENDING,2026-07-12 10:48:41
9352,141856,vehicle scaning,hex-23,1,1,EA,general_items,,FULFILLED,2026-07-12 10:48:41
9347,141511,alternator repair,pd-7049,1,1,EA,electrical,,FULFILLED,2026-07-12 10:48:41
7816,141511,adternator pully,pd-7049,1,1,EA,general_items,,FULFILLED,2026-07-12 10:48:41
8724,141514,bearing 6210,za-6255 canter,1,1,EA,bearings_seals,,FULFILLED,2026-07-12 10:48:41
8723,141514,bearing 6208,za-6255 canter,1,1,EA,bearings_seals,,FULFILLED,2026-07-12 10:48:41
7820,141514,hy hose repair,za-6255,1,1,EA,hydraulics,,FULFILLED,2026-07-12 10:48:41
7826,141517,bearing 6203,gl-0019,1,1,EA,bearings_seals,,FULFILLED,2026-07-12 10:48:41
7825,141517,bearing 6201,gl-0019,1,1,EA,bearings_seals,,FULFILLED,2026-07-12 10:48:41
7824,141516,bearing 6302,lk-5041,4,0,EA,bearings_seals,,PENDING,2026-07-12 10:48:41
7823,141516,2 shatting,lk-5041,1,0,EA,general_items,,PENDING,2026-07-12 10:48:41
7822,141515,door cover,lk-2276,1,1,EA,general_items,,FULFILLED,2026-07-12 10:48:41
7821,141515,coner pannel,lk-2276,2,2,EA,general_items,,FULFILLED,2026-07-12 10:48:41
7819,141513,bearing 6210,za-6255,1,0,EA,bearings_seals,,PENDING,2026-07-12 10:48:41
7818,141513,bearing 6208,za-6255,1,0,EA,bearings_seals,,PENDING,2026-07-12 10:48:41
7815,141510,buffer edge,lk-2276,2,2,EA,general_items,,FULFILLED,2026-07-12 10:48:41
7814,141510,mudguard light,lk-2276,1,1,EA,general_items,,FULFILLED,2026-07-12 10:48:41
7813,141510,signal light l,lk-2276,1,1,EA,general_items,,FULFILLED,2026-07-12 10:48:41
7812,141510,bonet cable,lk-2276,1,1,EA,electrical,,FULFILLED,2026-07-12 10:48:41
7811,141509,signal light r,lk-2366,1,1,EA,general_items,,FULFILLED,2026-07-12 10:48:41
7810,141509,coner pannel,lk-2366,2,2,EA,general_items,,FULFILLED,2026-07-12 10:48:41
7809,141509,winder handle,lk-2366,2,2,EA,general_items,,FULFILLED,2026-07-12 10:48:41
7808,141509,bonet cable,lk-2366,1,1,EA,electrical,,FULFILLED,2026-07-12 10:48:41
7807,141508,spark plug,generators/rammers,5,3,EA,electrical,,PARTIAL,2026-07-12 10:48:41
7806,141508,spark plug,generators/rammers,5,3,EA,electrical,,PARTIAL,2026-07-12 10:48:41
7805,141507,bearing 6202,lk-5041,4,4,EA,bearings_seals,,FULFILLED,2026-07-12 10:48:41
7804,141506,4wd solenoid (12v),lb-01,1,1,EA,electrical,,FULFILLED,2026-07-12 10:48:41
7803,141505,fuel tank pump assy,dah-2230,1,1,EA,general_items,,FULFILLED,2026-07-12 10:48:41
6188,141605,hydraulic filter,za-6255,1,1,EA,filters,,FULFILLED,2026-07-12 10:48:41
6187,141604,fuel filter,vr-66,1,0,EA,filters,,PENDING,2026-07-12 10:48:42
6186,141603,fuel filter (f-193),ph-9072,1,1,EA,filters,,FULFILLED,2026-07-12 10:48:42
6185,141602,fuel filter,ge-64,1,1,EA,filters,,FULFILLED,2026-07-12 10:48:42
6184,141601,fuel filter,ge-107,2,2,EA,filters,,FULFILLED,2026-07-12 10:48:42
6183,141601,fuel filter,ge-107,2,2,EA,filters,,FULFILLED,2026-07-12 10:48:42
6182,141601,fuel filter (f-1303),ge-107,1,1,EA,filters,,FULFILLED,2026-07-12 10:48:42
6181,141601,oil filter (o-1301),ge-107,1,1,EA,filters,,FULFILLED,2026-07-12 10:48:42
6180,141601,oil filter (c-1525),ge-02,1,1,EA,filters,,FULFILLED,2026-07-12 10:48:42
6179,141601,oil filter (c-1533),ge-02,1,1,EA,filters,,FULFILLED,2026-07-12 10:48:42
9348,141502,scan,ph-3946,1,1,EA,general_items,,FULFILLED,2026-07-12 10:48:42
7796,141502,lock,ph-3945,4,0,EA,general_items,,PENDING,2026-07-12 10:48:42
7795,141502,universal joint,ph-3945,1,1,EA,general_items,,FULFILLED,2026-07-12 10:48:42
8739,142332,costic soda,stores,5,5,EA,general_items,,FULFILLED,2026-07-12 10:48:42
6647,142332,battery terminal (butterfly),stores,12,12,EA,battery,,FULFILLED,2026-07-12 10:48:42
6646,142332,battery terminal (normal),stores,12,12,EA,battery,,FULFILLED,2026-07-12 10:48:42
6645,142332,caustic soda,stores,5,0,EA,general_items,,PENDING,2026-07-12 10:48:42
6644,142332,brake oil (250ml),stores,24,0,EA,oil_lubricants,,PENDING,2026-07-12 10:48:42
6643,142332,sealastic tube,stores,5,5,EA,tyre,,FULFILLED,2026-07-12 10:48:42
6642,142332,wd-40,stores,5,5,EA,general_items,,FULFILLED,2026-07-12 10:48:42
6641,142332,contact cleaner,stores,5,0,EA,general_items,,PENDING,2026-07-12 10:48:42
6640,142332,araldite gum,stores,5,4,EA,general_items,,PARTIAL,2026-07-12 10:48:42
7799,141503,thinner,lj-5559,10,0,EA,general_items,,PENDING,2026-07-12 10:48:42
7798,141503,filler,lj-5559,3,0,EA,general_items,,PENDING,2026-07-12 10:48:42
7797,141503,primer paint,lj-5559,3,1,EA,general_items,,PARTIAL,2026-07-12 10:48:42
7794,141501,injector service,ge-64,4,0,EA,general_items,,PENDING,2026-07-12 10:48:42
7793,141501,injector pump service,ge-64,1,0,EA,general_items,,PENDING,2026-07-12 10:48:42
7792,141700,10kg table balance,ws,1,1,EA,general_items,,FULFILLED,2026-07-12 10:48:42
9613,141749,track link,hex-05,2,2,EA,general_items,,FULFILLED,2026-07-12 10:48:42
7664,141749,sprockel,hex-05,1,1,EA,general_items,,FULFILLED,2026-07-12 10:48:42
7663,141749,top roller,hex-05,2,2,EA,general_items,,FULFILLED,2026-07-12 10:48:42
7662,141749,track repair,hex-05,1,1,EA,general_items,,FULFILLED,2026-07-12 10:48:42
9573,141749,washer,hex-05,8,8,EA,general_items,,FULFILLED,2026-07-12 10:48:42
8789,141697,silicon,lb-18,1,1,EA,general_items,,FULFILLED,2026-07-12 10:48:42
7789,141697,hond primer pump,hex-18,1,1,EA,general_items,,FULFILLED,2026-07-12 10:48:42
8727,141695,piston set,lb-4824,6,1,EA,general_items,,PARTIAL,2026-07-12 10:48:42
8726,141695,clutch bearing,lb-4824,1,1,EA,bearings_seals,,FULFILLED,2026-07-12 10:48:42
7787,141695,fan cover,lb-4824,1,0,EA,general_items,,PENDING,2026-07-12 10:48:42
7786,141695,cylinder head bolt,lb-4824,6,0,EA,hydraulics,,PENDING,2026-07-12 10:48:42
7785,141695,servo bearing,lb-4824,1,1,EA,bearings_seals,,FULFILLED,2026-07-12 10:48:42
7791,141699,temparature sensor,ld-06,1,1,EA,electrical,,FULFILLED,2026-07-12 10:48:42
7790,141698,compressor air gun,workshop,3,1,EA,general_items,,PARTIAL,2026-07-12 10:48:42
7788,141696,bronze part,water pump,1.5,1.5,EA,general_items,,FULFILLED,2026-07-12 10:48:42
7784,141694,gudgen pin bush,lb-4824,4,4,EA,bearings_seals,,FULFILLED,2026-07-12 10:48:42
7783,141694,valve seal,lb-4824,8,8,EA,bearings_seals,,FULFILLED,2026-07-12 10:48:42
7782,141694,valve guide set,lb-4824,8,8,EA,general_items,,FULFILLED,2026-07-12 10:48:42
7781,141694,valve,lb-4824,8,8,EA,general_items,,FULFILLED,2026-07-12 10:48:42
7780,141694,com bush set,lb-4824,1,1,EA,bearings_seals,,FULFILLED,2026-07-12 10:48:42
7779,141694,piston ring set,lb-4824,1,1,EA,general_items,,FULFILLED,2026-07-12 10:48:42
7778,141694,cylinder sleeve,lb-4824,4,4,EA,hydraulics,,FULFILLED,2026-07-12 10:48:42
7777,141694,trust bearing set 0.25,lb-4824,1,1,EA,bearings_seals,,FULFILLED,2026-07-12 10:48:42
7776,141694,bigend bearing set 0.75,lb-4824,1,1,EA,bearings_seals,,FULFILLED,2026-07-12 10:48:42
7775,141694,main bearing set 0.75,lb-4824,1,1,EA,bearings_seals,,FULFILLED,2026-07-12 10:48:42
7774,141693,copper washer,ld-06,10,10,EA,general_items,,FULFILLED,2026-07-12 10:48:42
7773,141692,key and key way cutting,4 water pump,1,0,EA,general_items,,PENDING,2026-07-12 10:48:42
7772,141692,gtand packing,4 water pump,2,2,EA,general_items,,FULFILLED,2026-07-12 10:48:42
7771,141692,beaing,4 water pump,1,1,EA,general_items,,FULFILLED,2026-07-12 10:48:42
7770,141691,fuel feed pump assy,pc-7812,1,1,EA,general_items,,FULFILLED,2026-07-12 10:48:42
7769,141691,fuel hose,pc-7812,3,3,EA,hydraulics,,FULFILLED,2026-07-12 10:48:42
7768,141691,fuel filter f193,pc-7812,1,1,EA,filters,,FULFILLED,2026-07-12 10:48:42
6639,142331,hub grease (18kg bucket),stores,1,0,EA,oil_lubricants,,PENDING,2026-07-12 10:48:42
6178,141950,air filter (f002h60005),lb-4591,1,0,EA,filters,,PENDING,2026-07-12 10:48:42
6177,141950,fuel filter (9-51037-407-0),lb-4591,1,0,EA,filters,,PENDING,2026-07-12 10:48:42
6176,141950,oil filter (253-110-020c),lb-4591,2,0,EA,filters,,PENDING,2026-07-12 10:48:42
6175,141949,fuel filter,za-7990,1,1,EA,filters,,FULFILLED,2026-07-12 10:48:42
6174,141949,fuel filter (1035193),za-7990,1,1,EA,filters,,FULFILLED,2026-07-12 10:48:42
9600,140598,spring leaf repair charges,pa-6399,1,1,EA,general_items,,FULFILLED,2026-07-12 10:48:42
8722,141690,bronze rods,4 water pump repair,1,1.5,EA,general_items,,FULFILLED,2026-07-12 10:48:42
7767,141690,axel shaft,li-7701,1,1,EA,general_items,,FULFILLED,2026-07-12 10:48:42
7766,141690,axel tube,li-7701,1,1,EA,tyre,,FULFILLED,2026-07-12 10:48:42
8716,141686,stockshober repair,253-2574 double w,1,2,EA,general_items,,FULFILLED,2026-07-12 10:48:42
7760,141686,shockabsober bush,253-2574,4,0,EA,bearings_seals,,PENDING,2026-07-12 10:48:42
7759,141686,front shock absorber,253-2574,2,0,EA,general_items,,PENDING,2026-07-12 10:48:42
7758,141686,power steering pump,253-2574,1,1,EA,general_items,,FULFILLED,2026-07-12 10:48:42
7765,141689,starter motor repair,41-7225,1,1,EA,electrical,,FULFILLED,2026-07-12 10:48:42
7764,141689,starter motor repair,49-5294,1,1,EA,electrical,,FULFILLED,2026-07-12 10:48:42
7763,141688,cylinur,dah-2230 bolero single cab,4,4,EA,general_items,,FULFILLED,2026-07-12 10:48:42
7762,141687,bucket jack seal kit,mg-09,1,1,EA,bearings_seals,,FULFILLED,2026-07-12 10:48:42
7761,141687,power steering jack seal,mg-09,2,2,EA,bearings_seals,,FULFILLED,2026-07-12 10:48:42
8681,141681,new water pump engine,lp-1568 tata 1615 marawila,1,1,EA,general_items,,FULFILLED,2026-07-12 10:48:42
8680,141681,re place armature,57-3062 hilux double cab,1,1,EA,general_items,,FULFILLED,2026-07-12 10:48:42
7747,141681,ac adjuster bearing,57-3062,1,1,EA,bearings_seals,,FULFILLED,2026-07-12 10:48:42
7746,141681,slip ring and bearing replace,57-3062,1,1,EA,bearings_seals,,FULFILLED,2026-07-12 10:48:42
7745,141681,brush holder with brush,57-3062,1,1,EA,general_items,,FULFILLED,2026-07-12 10:48:42
7744,141681,oil seal,57-3062,1,1,EA,bearings_seals,,FULFILLED,2026-07-12 10:48:42
7743,141681,bearing,57-3062,1,1,EA,bearings_seals,,FULFILLED,2026-07-12 10:48:42
7757,141685,side mirror,la-9208,1,1,EA,general_items,,FULFILLED,2026-07-12 10:48:42
7756,141684,hone,ld-8875,1,1,EA,general_items,,FULFILLED,2026-07-12 10:48:42
7755,141684,radiator cap,ld-8875,1,1,EA,general_items,,FULFILLED,2026-07-12 10:48:42
7754,141684,gear leaver ball joint,ld-8875,2,2,EA,general_items,,FULFILLED,2026-07-12 10:48:42
7753,141684,tata gear leaver cross set,ld-8875,1,1,EA,general_items,,FULFILLED,2026-07-12 10:48:42
7752,141683,6mm air hose,lk-5041,2,1,EA,hydraulics,,PARTIAL,2026-07-12 10:48:42
7751,141683,fog light 12v,lk-5041,2,2,EA,general_items,,FULFILLED,2026-07-12 10:48:42
7750,141683,air hose union,lk-5041,2,2,EA,hydraulics,,FULFILLED,2026-07-12 10:48:42
7749,141682,air cleaner hose,51-7158,1,1,EA,hydraulics,,FULFILLED,2026-07-12 10:48:42
7748,141682,engine mount,51-7158,2,2,EA,general_items,,FULFILLED,2026-07-12 10:48:42
7742,141680,center mount,lo-8348,1,0,EA,general_items,,PENDING,2026-07-12 10:48:42
6638,142330,6m air hose (1���),stores,10,0,EA,hydraulics,,PENDING,2026-07-12 10:48:42
6637,142330,wire roll (9/0.30),stores,1,1,EA,electrical,,FULFILLED,2026-07-12 10:48:42
6636,142330,wire roll (1.0/1.5),stores,1,0,EA,electrical,,PENDING,2026-07-12 10:48:42
6635,142330,cotton waste,stores,20,0,EA,general_items,,PENDING,2026-07-12 10:48:42
6634,142330,super glue,stores,2,0,EA,general_items,,PENDING,2026-07-12 10:48:42
6633,142330,battery terminal (+/-),stores,3,0,EA,battery,,PENDING,2026-07-12 10:48:42
6632,142330,10mm air sockets set,stores,12,0,EA,general_items,,PENDING,2026-07-12 10:48:42
7741,141679,head light,ln-8279,2,2,EA,electrical,,FULFILLED,2026-07-12 10:48:42
7740,141678,starter motor repair,ac-01,1,1,EA,electrical,,FULFILLED,2026-07-12 10:48:42
7739,141677,winder handle,59-5421,2,2,EA,general_items,,FULFILLED,2026-07-12 10:48:42
7738,141676,brush set,ac-23,1,1,EA,general_items,,FULFILLED,2026-07-12 10:48:42
7737,141676,starter motor solenoid,ac-23,1,1,EA,electrical,,FULFILLED,2026-07-12 10:48:42
8808,141675,injector pump,lb-4824,1,1,EA,general_items,,FULFILLED,2026-07-12 10:48:42
8806,141675,feed pump,lb-4824,1,1,EA,general_items,,FULFILLED,2026-07-12 10:48:42
8753,141675,injector pump,lb-4824,1,1,EA,general_items,,FULFILLED,2026-07-12 10:48:42
7736,141675,injector pump with nozzel cleaning,lb-4824,1,1,EA,general_items,,FULFILLED,2026-07-12 10:48:42
7735,141675,radiator cleaning,lb-4824,1,1,EA,general_items,,FULFILLED,2026-07-12 10:48:42
8725,141672,(felt seal & rubber seal),lb-4824,1,2,EA,bearings_seals,,FULFILLED,2026-07-12 10:48:42
7726,141672,engine mount,lb-4824,2,1,EA,general_items,,PARTIAL,2026-07-12 10:48:42
7725,141672,water pump,lb-4824,1,2,EA,general_items,,FULFILLED,2026-07-12 10:48:42
7724,141672,temperature plug,lb-4824,1,1,EA,electrical,,FULFILLED,2026-07-12 10:48:42
7723,141672,oil pump,lb-4824,1,1,EA,oil_lubricants,,FULFILLED,2026-07-12 10:48:42
7722,141672,e/oil pump,lb-4824,1,1,EA,oil_lubricants,,FULFILLED,2026-07-12 10:48:42
7721,141672,diesel flexible kit,lb-4824,1,1,EA,general_items,,FULFILLED,2026-07-12 10:48:42
7720,141672,gasket overhall kit,lb-4824,1,1,EA,bearings_seals,,FULFILLED,2026-07-12 10:48:42
7719,141672,valve oil seal,lb-4824,1,1,EA,bearings_seals,,FULFILLED,2026-07-12 10:48:42
7718,141672,crank oil seal,lb-4824,1,1,EA,bearings_seals,,FULFILLED,2026-07-12 10:48:42
7734,141674,pressure plate,bdi-8556 platina 100,1,1,EA,general_items,,FULFILLED,2026-07-12 10:48:42
7733,141673,vaccume compressor piston ring,lb-4824,1,1,EA,general_items,,FULFILLED,2026-07-12 10:48:42
7732,141673,fan belt,lb-4824,2,2,EA,belts,,FULFILLED,2026-07-12 10:48:42
7731,141673,pilot bearing,lb-4824,1,0,EA,bearings_seals,,PENDING,2026-07-12 10:48:42
7730,141673,clutch plate,lb-4824,1,1,EA,general_items,,FULFILLED,2026-07-12 10:48:42
7729,141673,radiator cap,lb-4824,1,1,EA,general_items,,FULFILLED,2026-07-12 10:48:42
7728,141673,gear leaver bracket set,lb-4824,1,0,EA,general_items,,PENDING,2026-07-12 10:48:42
7727,141673,gear box mount,lb-4824,1,1,EA,general_items,,FULFILLED,2026-07-12 10:48:42
7717,141670,grease seal,59-5421,1,1,EA,bearings_seals,,FULFILLED,2026-07-12 10:48:42
7716,141670,bronze hollow shaft,59-5421,6,0,EA,general_items,,PENDING,2026-07-12 10:48:42
7715,141670,hose,59-5421,1,1,EA,hydraulics,,FULFILLED,2026-07-12 10:48:42
8694,141661,injector overflow hose,59-5421,1,3,EA,hydraulics,,FULFILLED,2026-07-12 10:48:42
8693,141661,radiator cup,59-5421,1,1,EA,general_items,,FULFILLED,2026-07-12 10:48:42
8692,141661,valve oil seal set,59-5421,8,8,EA,bearings_seals,,FULFILLED,2026-07-12 10:48:42
8691,141661,gasket,59-5421,1,1,EA,bearings_seals,,FULFILLED,2026-07-12 10:48:42
8690,141661,engine head repair gasket,59-5421,8,1,EA,bearings_seals,,PARTIAL,2026-07-12 10:48:42
8687,141661,injector overflow hose,59-5421,1,3,EA,hydraulics,,FULFILLED,2026-07-12 10:48:42
8686,141661,radiator cup,59-5421,1,1,EA,general_items,,FULFILLED,2026-07-12 10:48:42
7684,141661,valve oil seal set,59-5421,8,8,EA,bearings_seals,,FULFILLED,2026-07-12 10:48:42
7683,141661,gasket,59-5421,1,1,EA,bearings_seals,,FULFILLED,2026-07-12 10:48:42
7682,141661,engine head repair,59-5421,1,1,EA,general_items,,FULFILLED,2026-07-12 10:48:42
8689,141663,rammer shoe,eh-12,1,1,EA,general_items,,FULFILLED,2026-07-12 10:48:42
8685,141663,rammer shoe,eh-12,1,1,EA,general_items,,FULFILLED,2026-07-12 10:48:42
8421,141663,radiator cleaning,vr-12 bathroom,1,1,EA,general_items,,FULFILLED,2026-07-12 10:48:42
7691,141663,plug,eh-12 robin,1,1,EA,electrical,,FULFILLED,2026-07-12 10:48:42
7690,141663,boot,eh-12 robin,1,1,EA,general_items,,FULFILLED,2026-07-12 10:48:42
7689,141663,shoe,eh-12 robin,1,1,EA,general_items,,FULFILLED,2026-07-12 10:48:42
7688,141663,air cleaner,eh-12 robin,1,1,EA,general_items,,FULFILLED,2026-07-12 10:48:42
7687,141663,carbulator,eh-12 robin,1,1,EA,general_items,,FULFILLED,2026-07-12 10:48:42
7714,141669,jack shaft,rs-0401,1,1,EA,general_items,,FULFILLED,2026-07-12 10:48:42
7713,141668,stop switch,eh12  robin,1,1,EA,electrical,,FULFILLED,2026-07-12 10:48:42
7712,141668,plug,eh12  robin,1,1,EA,electrical,,FULFILLED,2026-07-12 10:48:42
7711,141668,ring set,eh12  robin,1,1,EA,general_items,,FULFILLED,2026-07-12 10:48:42
7710,141668,shoe,eh12  robin,1,1,EA,general_items,,FULFILLED,2026-07-12 10:48:42
7709,141668,air cleaner,eh12  robin,1,1,EA,general_items,,FULFILLED,2026-07-12 10:48:42
7708,141668,rewind stater kit,eh12  robin,1,1,EA,general_items,,FULFILLED,2026-07-12 10:48:42
7707,141667,stop switch,eh09-02 wacker machine,1,1,EA,electrical,,FULFILLED,2026-07-12 10:48:42
7706,141667,plug,eh09-02 wacker machine,1,1,EA,electrical,,FULFILLED,2026-07-12 10:48:42
7705,141667,ring set,eh09-02 wacker machine,1,1,EA,general_items,,FULFILLED,2026-07-12 10:48:42
7704,141667,shoe,eh09-02 wacker machine,1,1,EA,general_items,,FULFILLED,2026-07-12 10:48:42
7703,141667,air cleaner,eh09-02 wacker machine,1,1,EA,general_items,,FULFILLED,2026-07-12 10:48:42
7702,141667,rewind stater kit,eh09-02 wacker machine,1,1,EA,general_items,,FULFILLED,2026-07-12 10:48:42
7701,141666,plug,eh09-02 wacker machine,1,1,EA,electrical,,FULFILLED,2026-07-12 10:48:42
7700,141666,air cleaner,eh09-02 wacker machine,1,1,EA,general_items,,FULFILLED,2026-07-12 10:48:42
7699,141666,shoe,eh09-02 wacker machine,1,1,EA,general_items,,FULFILLED,2026-07-12 10:48:42
7698,141666,carbalator,eh09-02 wacker machine,1,1,EA,general_items,,FULFILLED,2026-07-12 10:48:42
7697,141666,rewind stater kit,eh09-02 wacker machine,1,1,EA,general_items,,FULFILLED,2026-07-12 10:48:42
7696,141665,stop switch,eh09-02 wacker machine,1,1,EA,electrical,,FULFILLED,2026-07-12 10:48:42
7695,141665,plug,eh09-02 wacker machine,1,1,EA,electrical,,FULFILLED,2026-07-12 10:48:42
7694,141665,shoe,eh09-02 wacker machine,1,1,EA,general_items,,FULFILLED,2026-07-12 10:48:42
7693,141665,air cleaner,eh09-02 wacker machine,1,1,EA,general_items,,FULFILLED,2026-07-12 10:48:42
7692,141665,rewind starter kit,eh09-02 wacker machine,1,1,EA,electrical,,FULFILLED,2026-07-12 10:48:42
7681,141660,bearing,6 water pump engine avissawella bridge,2,2,EA,bearings_seals,,FULFILLED,2026-07-12 10:48:42
7680,141659,fan belt,gl-0019,1,1,EA,belts,,FULFILLED,2026-07-12 10:48:42
8678,141947,the rod and,59-5421 double coil,1,1,EA,general_items,,FULFILLED,2026-07-12 10:48:42
8677,141947,lower ball joint,59-5421 double coil,1,2,EA,general_items,,FULFILLED,2026-07-12 10:48:42
8676,141947,lower arm bash,59-5421 double coil,1,2,EA,general_items,,FULFILLED,2026-07-12 10:48:42
8675,141947,upper arm bash,59-5421 double coil,1,4,EA,general_items,,FULFILLED,2026-07-12 10:48:42
6172,141947,oil filter (f003a600),48-4849,1,1,EA,filters,,FULFILLED,2026-07-12 10:48:42
7679,141658,cam shaft oil seal,pc-7812,1,1,EA,bearings_seals,,FULFILLED,2026-07-12 10:48:42
7678,141657,t belt adjuster,pc-7812,1,1,EA,belts,,FULFILLED,2026-07-12 10:48:42
7677,141656,d bush mounting bush,59-5421,4,0,EA,bearings_seals,,PENDING,2026-07-12 10:48:42
7676,141656,spring,59-5421,1,1,EA,general_items,,FULFILLED,2026-07-12 10:48:42
7675,141656,gww plug,59-5421,4,4,EA,electrical,,FULFILLED,2026-07-12 10:48:42
7674,141656,caliper boot large,59-5421,2,2,EA,general_items,,FULFILLED,2026-07-12 10:48:42
7673,141656,caliper boot small,59-5421,2,2,EA,general_items,,FULFILLED,2026-07-12 10:48:42
6173,141948,fuel filter (fc-226),pa-4879,1,1,EA,filters,,FULFILLED,2026-07-12 10:48:42
9596,141748,s/s hose,59-5421,1,1,EA,hydraulics,,FULFILLED,2026-07-12 10:48:42
8715,141748,c-512 oil filter,59-5421,1,1,EA,filters,,FULFILLED,2026-07-12 10:48:42
8674,141748,brake liner repair,59-5421 double coil,4,4,EA,general_items,,FULFILLED,2026-07-12 10:48:42
7661,141748,d bush mounting bolt bush,59-5421,4,8,EA,bearings_seals,,FULFILLED,2026-07-12 10:48:42
7660,141748,spring,59-5421,1,0,EA,general_items,,PENDING,2026-07-12 10:48:42
7659,141748,bolt,59-5421,2,2,EA,general_items,,FULFILLED,2026-07-12 10:48:42
7658,141748,air filter,59-5421,1,0,EA,filters,,PENDING,2026-07-12 10:48:42
7657,141748,glow plugs,59-5421,4,0,EA,general_items,,PENDING,2026-07-12 10:48:42
7656,141748,brake shoue relasing,59-5421,4,0,EA,general_items,,PENDING,2026-07-12 10:48:42
7655,141748,d bush,59-5421,2,2,EA,bearings_seals,,FULFILLED,2026-07-12 10:48:42
7654,141748,link end bush with bolt,59-5421,2,2,EA,bearings_seals,,FULFILLED,2026-07-12 10:48:42
7653,141748,caliper boot,59-5421,4,0,EA,general_items,,PENDING,2026-07-12 10:48:42
7672,141655,jack seal kit,ld-05,2,2,EA,bearings_seals,,FULFILLED,2026-07-12 10:48:42
7671,141655,grease seal,ld-05,8,8,EA,bearings_seals,,FULFILLED,2026-07-12 10:48:42
7670,141655,bush,ld-05,4,4,EA,bearings_seals,,FULFILLED,2026-07-12 10:48:42
7665,141750,heater switch,ws,1,1,EA,electrical,,FULFILLED,2026-07-12 10:48:42
6631,142329,silicon,stores,1,1,EA,general_items,,FULFILLED,2026-07-12 10:48:42
6630,142329,multi bond,stores,1,1,EA,general_items,,FULFILLED,2026-07-12 10:48:42
6629,142329,insulating tape,stores,24,24,EA,general_items,,FULFILLED,2026-07-12 10:48:42
6171,141946,air filter (a-5403),pc-7812,1,1,EA,filters,,FULFILLED,2026-07-12 10:48:42
6170,141946,fuel filter (f-199),pc-7812,1,1,EA,filters,,FULFILLED,2026-07-12 10:48:42
6169,141946,oil filter (c-111),pc-7812,1,1,EA,filters,,FULFILLED,2026-07-12 10:48:42
6168,141945,air filter (a-5904 / a-1508 sakura),59-5901,1,1,EA,filters,,FULFILLED,2026-07-12 10:48:42
6167,141945,fuel filter (cc-1001),59-5901,1,1,EA,filters,,FULFILLED,2026-07-12 10:48:42
6166,141945,oil filter (c-512),59-5901,1,1,EA,filters,,FULFILLED,2026-07-12 10:48:42
7652,141747,wheel stud,59-5421,3,3,EA,tyre,,FULFILLED,2026-07-12 10:48:42
7651,141747,hub seal,59-5421,2,2,EA,bearings_seals,,FULFILLED,2026-07-12 10:48:42
7650,141747,wheel bearing outer,59-5421,2,2,EA,bearings_seals,,FULFILLED,2026-07-12 10:48:42
7649,141747,whell bearing inner,59-5421,2,2,EA,bearings_seals,,FULFILLED,2026-07-12 10:48:42
7648,141747,shockabsober repair,59-5421,4,4,EA,general_items,,FULFILLED,2026-07-12 10:48:42
7647,141747,lower arm ball joint (lh & rh),59-5421,2,0,EA,general_items,,PENDING,2026-07-12 10:48:42
7646,141747,tie rod end,59-5421,2,1,EA,general_items,,PARTIAL,2026-07-12 10:48:42
7645,141747,link end steering,59-5421,2,0,EA,general_items,,PENDING,2026-07-12 10:48:42
7644,141747,lower arm bush,59-5421,2,3,EA,bearings_seals,,FULFILLED,2026-07-12 10:48:42
7643,141747,upper arm bush,59-5421,4,4,EA,bearings_seals,,FULFILLED,2026-07-12 10:48:42
7642,141746,inter lock,za-7290,2,2,EA,general_items,,FULFILLED,2026-07-12 10:48:42
7641,141746,dual door handle,za-7290,1,1,EA,general_items,,FULFILLED,2026-07-12 10:48:42
7640,141746,door lock,za-7290,1,1,EA,general_items,,FULFILLED,2026-07-12 10:48:42
7639,141745,travelling solanoid 12v,lb-01,1,1,EA,general_items,,FULFILLED,2026-07-12 10:48:42
7638,141744,hydraulic hose repair,hex-18,1,1,EA,hydraulics,,FULFILLED,2026-07-12 10:48:42
7637,141743,hose clip (8-12),gl-0019,8,8,EA,hydraulics,,FULFILLED,2026-07-12 10:48:42
7636,141743,air hose joint,gl-0019,4,4,EA,hydraulics,,FULFILLED,2026-07-12 10:48:42
8458,141738,6f4718 seal o ring,ld-02,1,1,EA,bearings_seals,,FULFILLED,2026-07-12 10:48:42
7632,141738,compressor valve,ac-02,1,0,EA,general_items,,PENDING,2026-07-12 10:48:42
7631,141738,safety switch,sl-04,1,0,EA,electrical,,PENDING,2026-07-12 10:48:42
7630,141738,ignition switch,sl-04,1,0,EA,electrical,,PENDING,2026-07-12 10:48:42
7635,141742,vaccume pressure gauge,ws,1,0,EA,general_items,,PENDING,2026-07-12 10:48:42
7634,141741,alternator bush,pt-1569 (tata 207),1,1,EA,bearings_seals,,FULFILLED,2026-07-12 10:48:42
7633,141740,stop solanoid,za-2609 3dx jcb,2,2,EA,general_items,,FULFILLED,2026-07-12 10:48:42
6628,142328,led bulb 15w,stores,4,4,EA,electrical,,FULFILLED,2026-07-12 10:48:42
6627,142328,holder,stores,4,4,EA,general_items,,FULFILLED,2026-07-12 10:48:42
6626,142328,13a plug base,stores / service bay / lathe,3,3,EA,electrical,,FULFILLED,2026-07-12 10:48:42
6625,142328,switch box,stores / service bay,2,2,EA,electrical,,FULFILLED,2026-07-12 10:48:42
6624,142328,13a plug top,stores / lathe / service bay,5,5,EA,electrical,,FULFILLED,2026-07-12 10:48:42
6623,142327,wire casing (1/4),stores,25,25,EA,electrical,,FULFILLED,2026-07-12 10:48:42
6622,142327,wire casing (1/2),stores,25,25,EA,electrical,,FULFILLED,2026-07-12 10:48:42
6621,142327,wire casing (3/4),stores,25,25,EA,electrical,,FULFILLED,2026-07-12 10:48:42
6620,142326,2g switch,stores,2,2,EA,electrical,,FULFILLED,2026-07-12 10:48:42
6619,142326,switch box,stores,2,2,EA,electrical,,FULFILLED,2026-07-12 10:48:42
6618,142326,13a plug base,stores,2,2,EA,electrical,,FULFILLED,2026-07-12 10:48:42
6617,142326,led 15w bulb,stores,4,4,EA,electrical,,FULFILLED,2026-07-12 10:48:42
6616,142326,holder,stores,4,4,EA,general_items,,FULFILLED,2026-07-12 10:48:42
5931,140423,12v 90ah battery,ld-08,2,0,EA,battery,,PENDING,2026-07-12 10:48:42
8688,142325,cotton waste,stores,100,13.5,EA,general_items,,PARTIAL,2026-07-12 10:48:42
8684,142325,cotton waste,stones,20,13.5,EA,general_items,,PARTIAL,2026-07-12 10:48:42
6615,142325,hose clip (8���12),stores,30,12,EA,hydraulics,,PARTIAL,2026-07-12 10:48:42
6614,142325,hose clip (20���32),stores,30,12,EA,hydraulics,,PARTIAL,2026-07-12 10:48:42
6613,142325,hose clip (10���20),stores,30,12,EA,hydraulics,,PARTIAL,2026-07-12 10:48:42
6612,142325,hose clip (10���25),stores,30,12,EA,hydraulics,,PARTIAL,2026-07-12 10:48:42
6611,142325,hose clip (various sizes),stores,100,50,EA,hydraulics,,PARTIAL,2026-07-12 10:48:42
6610,142325,kerosene oil,stores,20,21.8,EA,oil_lubricants,,FULFILLED,2026-07-12 10:48:42
7629,141737,mask with glass,ws,4,0,EA,general_items,,PENDING,2026-07-12 10:48:42
7628,141736,wiper arm,ln-1867 jmc,1,2,EA,general_items,,FULFILLED,2026-07-12 10:48:42
7626,141734,rubber mount,hex-37,4,4,EA,general_items,,FULFILLED,2026-07-12 10:48:42
6609,142324,banjo washer (aluminium),stores,60,0,EA,general_items,,PENDING,2026-07-12 10:48:42
6608,142324,banjo washer (copper 12mm / 10mm mix),stores,60,0,EA,general_items,,PENDING,2026-07-12 10:48:42
6607,142323,drill bit (12.5mm),lathe shop,1,0,EA,general_items,,PENDING,2026-07-12 10:48:42
6606,142323,drill bit (12mm),lathe shop,1,0,EA,general_items,,PENDING,2026-07-12 10:48:42
6605,142323,drill bit (11mm),lathe shop,1,0,EA,general_items,,PENDING,2026-07-12 10:48:42
6604,142323,nylon rod (1���),lathe shop,2,2,EA,general_items,,FULFILLED,2026-07-12 10:48:42
6603,142323,nylon rod (5/8���),lathe shop,2,2,EA,general_items,,FULFILLED,2026-07-12 10:48:42
6165,141944,hydraulic filter (6666149),sl-o6,1,1,EA,filters,,FULFILLED,2026-07-12 10:48:42
6164,141944,air filter (js-3036a),sl-o6,1,1,EA,filters,,FULFILLED,2026-07-12 10:48:42
6163,141944,fuel filter (6667352),sl-o6,1,1,EA,filters,,FULFILLED,2026-07-12 10:48:42
6162,141944,oil filter (c-206),sl-o6,1,1,EA,filters,,FULFILLED,2026-07-12 10:48:42
6161,141943,oil filter (c-219 / th-93g),ld-09,1,1,EA,filters,,FULFILLED,2026-07-12 10:48:42
9612,141709,electrical repair (horne repair),ph-6742,1,1,EA,electrical,,FULFILLED,2026-07-12 10:48:42
8588,141709,hand brake repair,ph-6742,1,1,EA,general_items,,FULFILLED,2026-07-12 10:48:42
7547,141709,hand brake repair,ph-6742 jmc crew cab,1,0,EA,general_items,,PENDING,2026-07-12 10:48:42
9599,140596,spring leafe repair (for spares),lk-2276,1,1,EA,general_items,,FULFILLED,2026-07-12 10:48:42
9598,140695,gi pipe 50*2859,pa-6398,1,1,EA,general_items,,FULFILLED,2026-07-12 10:48:42
9594,141719,ignition switch (key cutting),pa-6398,1,1,EA,electrical,,FULFILLED,2026-07-12 10:48:42
9595,141719,hose clip,pa-6398,2,2,EA,hydraulics,,FULFILLED,2026-07-12 10:48:42
8665,141719,radiator repair,pa-6398,2,2,EA,general_items,,FULFILLED,2026-07-12 10:48:42
8664,141719,radiator hose (steel),pa-6398,1,1,EA,hydraulics,,FULFILLED,2026-07-12 10:48:42
8652,141719,shock ab shobor repair,pa-6398,4,2,EA,general_items,,PARTIAL,2026-07-12 10:48:42
8182,141719,wiper blade with arm,pa-6398,1,1,EA,general_items,,FULFILLED,2026-07-12 10:48:42
7591,141719,radiator hose (l) steel,pa-6398 toyota crew cab,1,0,EA,hydraulics,,PENDING,2026-07-12 10:48:42
7590,141719,shock absorber bush,pa-6398 toyota crew cab,4,0,EA,bearings_seals,,PENDING,2026-07-12 10:48:42
7589,141719,balance bar bush,pa-6398 toyota crew cab,6,4,EA,bearings_seals,,PARTIAL,2026-07-12 10:48:42
7588,141719,calipers boot set,pa-6398 toyota crew cab,1,1,EA,general_items,,FULFILLED,2026-07-12 10:48:42
7587,141719,balance bar bush (d-bush),pa-6398 toyota crew cab,2,2,EA,bearings_seals,,FULFILLED,2026-07-12 10:48:42
7586,141719,wiper arm,pa-6398 toyota crew cab,1,0,EA,general_items,,PENDING,2026-07-12 10:48:42
8457,141732,sm 6509 seal,ld-02,1,2,EA,bearings_seals,,FULFILLED,2026-07-12 10:48:42
8456,141732,3k 2876 seal,ld-02,1,2,EA,bearings_seals,,FULFILLED,2026-07-12 10:48:42
7624,141732,brush holder with brush,fl-02,1,1,EA,general_items,,FULFILLED,2026-07-12 10:48:42
7623,141732,armature (24v),fl-02,1,1,EA,general_items,,FULFILLED,2026-07-12 10:48:42
7625,141733,brake loud sensing valve,hu-5097 mitsubishi,1,1,EA,general_items,,FULFILLED,2026-07-12 10:48:42
7622,141731,hand brake repair,pa-6399 toyota,1,1,EA,general_items,,FULFILLED,2026-07-12 10:48:42
7621,141731,speedo meter cable,pa-6399 toyota,1,1,EA,electrical,,FULFILLED,2026-07-12 10:48:42
7620,141730,wiper blade,lm-7949 tata,2,2,EA,general_items,,FULFILLED,2026-07-12 10:48:42
7619,141730,trail light set,lm-7949 tata,2,2,EA,general_items,,FULFILLED,2026-07-12 10:48:42
6602,142322,g.i measuring can (���l),stores,1,0,EA,general_items,,PENDING,2026-07-12 10:48:42
6601,142322,g.i measuring can (1l),stores,1,0,EA,general_items,,PENDING,2026-07-12 10:48:42
6600,142322,g.i measuring can (2l),stores,1,0,EA,general_items,,PENDING,2026-07-12 10:48:42
6599,142322,g.i measuring can (5l),stores,1,0,EA,general_items,,PENDING,2026-07-12 10:48:42
6598,142322,g.i measuring can (10l),stores,1,0,EA,general_items,,PENDING,2026-07-12 10:48:42
8732,141729,spool solenoid,hex-23,2,1,EA,electrical,,PARTIAL,2026-07-12 10:48:42
7618,141729,wire socket (large),hex-23 kobelco,3,3,EA,electrical,,FULFILLED,2026-07-12 10:48:42
7617,141729,wire socket (small),hex-23 kobelco,3,3,EA,electrical,,FULFILLED,2026-07-12 10:48:42
7616,141729,spool solenoid,hex-23 kobelco,2,2,EA,electrical,,FULFILLED,2026-07-12 10:48:42
8657,141942,oil filter o-1016,ptr-06,1,1,EA,filters,,FULFILLED,2026-07-12 10:48:42
8656,141942,diesel filter f-1303,ptr-06,1,1,EA,filters,,FULFILLED,2026-07-12 10:48:42
6160,141942,fuel filter (cf-1303),ptr-06,1,0,EA,filters,,PENDING,2026-07-12 10:48:42
6159,141942,oil filter (mo-1013),ptr-06,1,0,EA,filters,,PENDING,2026-07-12 10:48:42
8655,142321,cosmic soda,workshop,5,5,EA,general_items,,FULFILLED,2026-07-12 10:48:42
6597,142321,cotton waste,stores,20,15,EA,general_items,,PARTIAL,2026-07-12 10:48:42
6596,142321,caustic soda,stores,5,0,EA,general_items,,PENDING,2026-07-12 10:48:42
8647,141725,aerialite,stores,1,1,EA,general_items,,FULFILLED,2026-07-12 10:48:42
7605,141725,tipping jack seal,lk-6738,1,0,EA,bearings_seals,,PENDING,2026-07-12 10:48:42
7615,141728,starter motor repair,lh-5586 leyland,1,1,EA,electrical,,FULFILLED,2026-07-12 10:48:42
7614,141727,diode plate,ge-66,1,1,EA,general_items,,FULFILLED,2026-07-12 10:48:42
7613,141726,hose clip (60-80),pc-7812 toyota,5,1,EA,hydraulics,,PARTIAL,2026-07-12 10:48:42
7612,141726,breather hose,pc-7812 toyota,0,1,EA,hydraulics,,PARTIAL,2026-07-12 10:48:42
7611,141726,fan belt,pc-7812 toyota,1,1,EA,belts,,FULFILLED,2026-07-12 10:48:42
7610,141726,water hose,pc-7812 toyota,1,1,EA,hydraulics,,FULFILLED,2026-07-12 10:48:42
7609,141726,radiator hose,pc-7812 toyota,1,1,EA,hydraulics,,FULFILLED,2026-07-12 10:48:42
7608,141726,turbo hose,pc-7812 toyota,1,1,EA,hydraulics,,FULFILLED,2026-07-12 10:48:42
7607,141726,water pump,pc-7812 toyota,1,1,EA,general_items,,FULFILLED,2026-07-12 10:48:42
7606,141726,glow plugs,pc-7812 toyota,4,4,EA,general_items,,FULFILLED,2026-07-12 10:48:42
7604,141724,air tank union,gl-0019,2,2,EA,general_items,,FULFILLED,2026-07-12 10:48:42
8477,141722,h7 bulb,ly-4524,1,4,EA,electrical,,FULFILLED,2026-07-12 10:48:42
7602,141722,balcon level repair,ly-4524 renault,2,2,EA,general_items,,FULFILLED,2026-07-12 10:48:42
7601,141722,balcon valve r/kit,ly-4524 renault,1,1,EA,general_items,,FULFILLED,2026-07-12 10:48:42
7600,141722,eex mid axel modulator,ly-4524 renault,1,1,EA,general_items,,FULFILLED,2026-07-12 10:48:42
7603,141723,spring blade repair,pa-6399,1,0,EA,general_items,,PENDING,2026-07-12 10:48:42
7599,141721,301 black paint,lo-5985 tata,1,1,EA,general_items,,FULFILLED,2026-07-12 10:48:42
7598,141721,3020 sand paper,lo-5985 tata,3,3,EA,general_items,,FULFILLED,2026-07-12 10:48:42
7597,141721,masking tape,lo-5985 tata,2,2,EA,general_items,,FULFILLED,2026-07-12 10:48:42
7596,141721,filler,lo-5985 tata,2,2,EA,general_items,,FULFILLED,2026-07-12 10:48:42
7595,141721,thinet,lo-5985 tata,6,6,EA,general_items,,FULFILLED,2026-07-12 10:48:42
7594,141721,lacker (clear),lo-5985 tata,2,2,EA,general_items,,FULFILLED,2026-07-12 10:48:42
7593,141721,white paint,lo-5985 tata,3,3,EA,general_items,,FULFILLED,2026-07-12 10:48:42
7592,141720,bearing 6201,pc-7812 hilux double cab,1,1,EA,bearings_seals,,FULFILLED,2026-07-12 10:48:42
6595,142320,diesel,"service cab (wg-08, badalgama)",10,0,EA,general_items,,PENDING,2026-07-12 10:48:42
6158,141941,fuel filter (fc-321),hu-5097,1,1,EA,filters,,FULFILLED,2026-07-12 10:48:42
6157,141941,oil filter (c-306),hu-5097,1,1,EA,filters,,FULFILLED,2026-07-12 10:48:42
6156,141940,hydraulic filter (6661248),sl-04,1,1,EA,filters,,FULFILLED,2026-07-12 10:48:42
6155,141940,air filter (js-3038),sl-04,1,1,EA,filters,,FULFILLED,2026-07-12 10:48:42
6154,141940,fuel filter (6667352),sl-04,1,1,EA,filters,,FULFILLED,2026-07-12 10:48:42
6153,141940,oil filter (c-206),sl-04,1,1,EA,filters,,FULFILLED,2026-07-12 10:48:42
6152,141939,fuel filter (fc-1503),pd-6747,1,1,EA,filters,,FULFILLED,2026-07-12 10:48:42
6151,141939,oil filter (c-502),pd-6747,1,1,EA,filters,,FULFILLED,2026-07-12 10:48:42
6150,141938,air filter (a-7002),vr-70,1,1,EA,filters,,FULFILLED,2026-07-12 10:48:42
6149,141938,fuel filter (fc-707a),vr-70,1,1,EA,filters,,FULFILLED,2026-07-12 10:48:42
6148,141938,oil filter (c-306),vr-70,1,1,EA,filters,,FULFILLED,2026-07-12 10:48:42
6147,141937,fuel filter (r-90p),lo-9810,1,1,EA,filters,,FULFILLED,2026-07-12 10:48:42
6146,141937,fuel filter (f-513),lo-9810,1,1,EA,filters,,FULFILLED,2026-07-12 10:48:42
6145,141937,oil filter (c-526),lo-9810,1,1,EA,filters,,FULFILLED,2026-07-12 10:48:42
9597,140594,covering plate (plug),wash room (w/s),1,1,EA,electrical,,FULFILLED,2026-07-12 10:48:42
8666,141718,engnition switch,pa-6398,1,1,EA,electrical,,FULFILLED,2026-07-12 10:48:42
8650,141718,injector pump repair,ph-3945,1,1,EA,general_items,,FULFILLED,2026-07-12 10:48:42
8646,141718,epoxy gun,stores,5,4,EA,general_items,,PARTIAL,2026-07-12 10:48:42
8643,141718,rubber bush,pa-6398,2,4,EA,bearings_seals,,FULFILLED,2026-07-12 10:48:42
8642,141718,seal shock absorber bush,pa-6398,2,2,EA,bearings_seals,,FULFILLED,2026-07-12 10:48:42
8641,141718,balance bar bush,pa-6398,4,6,EA,bearings_seals,,FULFILLED,2026-07-12 10:48:42
8640,141718,balance bar bush (d-bush),pa-6398,2,2,EA,bearings_seals,,FULFILLED,2026-07-12 10:48:42
7585,141718,radiator hose,pa-6398 toyota crew cab,1,1,EA,hydraulics,,FULFILLED,2026-07-12 10:48:42
7584,141718,brake pad lock set,pa-6398 toyota crew cab,1,1,EA,general_items,,FULFILLED,2026-07-12 10:48:42
7583,141718,brake pad set,pa-6398 toyota crew cab,1,1,EA,general_items,,FULFILLED,2026-07-12 10:48:42
7582,141718,gear lever ball joint,pa-6398 toyota crew cab,5,7,EA,general_items,,FULFILLED,2026-07-12 10:48:42
7581,141718,upper arm bush,pa-6398 toyota crew cab,4,4,EA,bearings_seals,,FULFILLED,2026-07-12 10:48:42
7580,141718,lower arm bush,pa-6398 toyota crew cab,2,2,EA,bearings_seals,,FULFILLED,2026-07-12 10:48:42
7579,141718,upper arm ball joint repair,pa-6398 toyota crew cab,2,2,EA,general_items,,FULFILLED,2026-07-12 10:48:42
7578,141718,shock absorber repair,pa-6398 toyota crew cab,2,2,EA,general_items,,FULFILLED,2026-07-12 10:48:42
8638,142318,gas steel nut,store,200,5,EA,general_items,,PARTIAL,2026-07-12 10:48:42
8637,142318,sand paper 400,stores,24,8,EA,general_items,,PARTIAL,2026-07-12 10:48:42
8636,142318,sand paper 150,stores,24,8,EA,general_items,,PARTIAL,2026-07-12 10:48:42
8635,142318,sand paper 320,stores,24,8,EA,general_items,,PARTIAL,2026-07-12 10:48:42
8634,142318,hand brake repair,pd-6917,24,1,EA,general_items,,PARTIAL,2026-07-12 10:48:42
6589,142318,shellac,stores,2,6,EA,general_items,,FULFILLED,2026-07-12 10:48:42
6588,142318,sealastic 999,stores,5,5,EA,general_items,,FULFILLED,2026-07-12 10:48:42
6587,142318,brake oil (250ml),stores,24,0,EA,oil_lubricants,,PENDING,2026-07-12 10:48:42
6586,142318,petrol,stores,2,1.4,EA,general_items,,PARTIAL,2026-07-12 10:48:42
6585,142318,kerosene oil,stores,20,15,EA,oil_lubricants,,PARTIAL,2026-07-12 10:48:42
6584,142318,cable tie (small),stores,200,200,EA,electrical,,FULFILLED,2026-07-12 10:48:42
6583,142318,cable tie (large),stores,200,200,EA,electrical,,FULFILLED,2026-07-12 10:48:42
6582,142318,thread seal tape,stores,24,24,EA,bearings_seals,,FULFILLED,2026-07-12 10:48:42
6581,142318,super glue,stores,24,24,EA,general_items,,FULFILLED,2026-07-12 10:48:42
6580,142318,insulating tape,stores,24,24,EA,general_items,,FULFILLED,2026-07-12 10:48:42
8617,141717,looser arm limit mount,28-4314,2,1,EA,general_items,,PARTIAL,2026-07-12 10:48:42
8616,141717,engin mount,28-4314,2,2,EA,general_items,,FULFILLED,2026-07-12 10:48:42
7577,141717,lower control arm mount,28-4314 nissan d20,2,0,EA,general_items,,PENDING,2026-07-12 10:48:42
7576,141717,engine mount,28-4314 nissan d20,2,0,EA,general_items,,PENDING,2026-07-12 10:48:42
6594,142319,petrol,stores,8,8,EA,general_items,,FULFILLED,2026-07-12 10:48:42
6593,142319,petrol engine oil,stores,2,2,EA,oil_lubricants,,FULFILLED,2026-07-12 10:48:42
6592,142319,sand paper 400,stores,8,8,EA,general_items,,FULFILLED,2026-07-12 10:48:42
6591,142319,sand paper 320,stores,8,8,EA,general_items,,FULFILLED,2026-07-12 10:48:42
6590,142319,sand paper 150,stores,8,8,EA,general_items,,FULFILLED,2026-07-12 10:48:42
6144,141936,fuel filter (fc-158),57-3062,1,1,EA,filters,,FULFILLED,2026-07-12 10:48:42
6143,141936,oil filter (c-115),57-3062,1,1,EA,filters,,FULFILLED,2026-07-12 10:48:42
8658,141714,radiator repair,dah-2280,1,1,EA,general_items,,FULFILLED,2026-07-12 10:48:42
8625,141714,radiator tank,dah-2230,1,1,EA,general_items,,FULFILLED,2026-07-12 10:48:42
8383,141714,door lock,dah-2230,4,1,EA,general_items,,PARTIAL,2026-07-12 10:48:42
7565,141714,valve oil seal,dah-2230 bolero single cab,8,8,EA,bearings_seals,,FULFILLED,2026-07-12 10:48:42
7564,141714,gasket overhaul kit,dah-2230 bolero single cab,1,1,EA,bearings_seals,,FULFILLED,2026-07-12 10:48:42
7563,141714,engine head (front repair),dah-2230 bolero single cab,1,1,EA,general_items,,FULFILLED,2026-07-12 10:48:42
7562,141714,radiator cleaning,dah-2230 bolero single cab,1,1,EA,general_items,,FULFILLED,2026-07-12 10:48:42
7561,141714,clutch pump (upper),dah-2230 bolero single cab,1,1,EA,general_items,,FULFILLED,2026-07-12 10:48:42
7560,141714,injector service washer,dah-2230 bolero single cab,4,4,EA,general_items,,FULFILLED,2026-07-12 10:48:42
8623,141712,timing belt,pc-7812,1,1,EA,belts,,FULFILLED,2026-07-12 10:48:42
8622,141712,clutch release bearing,pc-7812,1,1,EA,bearings_seals,,FULFILLED,2026-07-12 10:48:42
8621,141712,pressor plate,pc-7812,1,1,EA,general_items,,FULFILLED,2026-07-12 10:48:42
8620,141712,clutch plate,pc-7812,1,1,EA,general_items,,FULFILLED,2026-07-12 10:48:42
7558,141712,timing belt,pc-7812 hilux double cab,1,0,EA,belts,,PENDING,2026-07-12 10:48:42
7557,141712,clutch release bearing,pc-7812 hilux double cab,1,0,EA,bearings_seals,,PENDING,2026-07-12 10:48:42
7556,141712,pressure plate,pc-7812 hilux double cab,1,0,EA,general_items,,PENDING,2026-07-12 10:48:42
7555,141712,clutch plate,pc-7812 hilux double cab,1,0,EA,general_items,,PENDING,2026-07-12 10:48:42
8614,141715,brake chamber r/kit,lk-2276,2,2,EA,general_items,,FULFILLED,2026-07-12 10:48:42
7566,141715,brake chamber r/kit,lk-2276 tata green tipper,2,0,EA,general_items,,PENDING,2026-07-12 10:48:42
8610,141713,12v relay (40a mini),stores,10,10,EA,electrical,,FULFILLED,2026-07-12 10:48:42
7559,141713,12v / 5 pin relay,stores (h/o),10,0,EA,electrical,,PENDING,2026-07-12 10:48:42
8590,141934,filter element kit,dah-2230,1,1,EA,filters,,FULFILLED,2026-07-12 10:48:42
8589,141934,oil filter element,dah-2230,1,1,EA,filters,,FULFILLED,2026-07-12 10:48:42
6139,141934,fuel filter (1001caa1486nv),dah-2220,1,0,EA,filters,,PENDING,2026-07-12 10:48:42
6138,141934,oil filter (th-93296 / f002h8439),dah-2220,1,0,EA,filters,,PENDING,2026-07-12 10:48:42
7575,141716,gasket full set,pc-7812 hilux double cab,1,1,EA,bearings_seals,,FULFILLED,2026-07-12 10:48:42
7574,141716,gudgeon pin bush set,pc-7812 hilux double cab,1,1,EA,bearings_seals,,FULFILLED,2026-07-12 10:48:42
7573,141716,valve guide set,pc-7812 hilux double cab,1,1,EA,general_items,,FULFILLED,2026-07-12 10:48:42
7572,141716,trust bearing set,pc-7812 hilux double cab,1,1,EA,bearings_seals,,FULFILLED,2026-07-12 10:48:42
7571,141716,began bearing set (0.25),pc-7812 hilux double cab,1,1,EA,bearings_seals,,FULFILLED,2026-07-12 10:48:42
7570,141716,main bearing set (0.25),pc-7812 hilux double cab,1,1,EA,bearings_seals,,FULFILLED,2026-07-12 10:48:42
7569,141716,piston ring set,pc-7812 hilux double cab,1,1,EA,general_items,,FULFILLED,2026-07-12 10:48:42
7568,141716,liner set,pc-7812 hilux double cab,1,1,EA,general_items,,FULFILLED,2026-07-12 10:48:42
7567,141716,piston set - a1ro cooling,pc-7812 hilux double cab,1,1,EA,general_items,,FULFILLED,2026-07-12 10:48:42
6142,141935,fuel water separator (sfc-7939-30),lb-25,1,1,EA,general_items,,FULFILLED,2026-07-12 10:48:42
6141,141935,fuel filter (ef-5102),lb-25,1,1,EA,filters,,FULFILLED,2026-07-12 10:48:42
6140,141935,oil filter (2654407),lb-25,1,1,EA,filters,,FULFILLED,2026-07-12 10:48:42
6137,141933,fuel filter (1001caa1486nv),dah-2229,1,1,EA,filters,,FULFILLED,2026-07-12 10:48:42
6136,141933,oil filter (th-93296),dah-2229,1,1,EA,filters,,FULFILLED,2026-07-12 10:48:42
6135,141933,fuel filter (ff-5052),dah-2229,1,1,EA,filters,,FULFILLED,2026-07-12 10:48:42
8765,141711,hty/hose repair,mg-10,3,1,EA,hydraulics,,PARTIAL,2026-07-12 10:48:42
8651,141711,bracke washer dust boots,ptr-10,4,6,EA,general_items,,FULFILLED,2026-07-12 10:48:42
8649,141711,tipping jack seal kit,lk-6738,2,1,EA,bearings_seals,,PARTIAL,2026-07-12 10:48:42
8615,141711,radiator (repair),ptr-10,1,2,EA,general_items,,FULFILLED,2026-07-12 10:48:42
7554,141711,foglight (24v),ptr-10 asphalt team,3,0,EA,general_items,,PENDING,2026-07-12 10:48:42
7553,141711,radiator repair,ptr-10 asphalt team,1,0,EA,general_items,,PENDING,2026-07-12 10:48:42
7552,141711,liner lock set,ptr-10 asphalt team,4,8,EA,general_items,,FULFILLED,2026-07-12 10:48:42
7551,141711,"brake cylinder set (piston, seal)",ptr-10 asphalt team,2,0,EA,bearings_seals,,PENDING,2026-07-12 10:48:42
8609,141710,armature,ptr-10,1,1,EA,general_items,,FULFILLED,2026-07-12 10:48:42
8608,141710,brush holder,ptr-10,1,1,EA,general_items,,FULFILLED,2026-07-12 10:48:42
8607,141710,brush set,ptr-10,1,1,EA,general_items,,FULFILLED,2026-07-12 10:48:42
7550,141710,armature 24v,ptr-10 asphalt team,1,0,EA,general_items,,PENDING,2026-07-12 10:48:42
7549,141710,brush holder,ptr-10 asphalt team,1,0,EA,general_items,,PENDING,2026-07-12 10:48:42
7548,141710,brush set,ptr-10 asphalt team,1,0,EA,general_items,,PENDING,2026-07-12 10:48:42
8604,141932,hyd filter (244602185),ton roller,1,1,EA,filters,,FULFILLED,2026-07-12 10:48:42
6134,141932,hydraulic filter,10 ton roller,1,0,EA,filters,,PENDING,2026-07-12 10:48:42
8587,141706,hose chip,pa-6399,2,2,EA,hydraulics,,FULFILLED,2026-07-12 10:48:42
8586,141706,power steering hose,pa-6399,1,1,EA,hydraulics,,FULFILLED,2026-07-12 10:48:42
8585,141706,gear box mount,pa-6399,1,1,EA,general_items,,FULFILLED,2026-07-12 10:48:42
7545,141706,hose clip,pa-6399 toyota double cab,2,0,EA,hydraulics,,PENDING,2026-07-12 10:48:42
7544,141706,power steering hose,pa-6399 toyota double cab,1,1,EA,hydraulics,,FULFILLED,2026-07-12 10:48:42
7543,141706,gear box mount,pa-6399 toyota double cab,1,0,EA,general_items,,PENDING,2026-07-12 10:48:42
8583,141708,paint,pd-6917,1,0.5,EA,general_items,,PARTIAL,2026-07-12 10:48:42
8582,141708,thruster,pd-6917,1,1,EA,general_items,,FULFILLED,2026-07-12 10:48:42
7546,141708,thinner,pd-6917 bolero (rear door lock paint),1,1,EA,general_items,,FULFILLED,2026-07-12 10:48:42
9601,140597,spring leaf repairs,lk-2276,1,1,EA,general_items,,FULFILLED,2026-07-12 10:48:42
7542,141705,hand brake repair,pd-6917 bolero (batticaloa),1,1,EA,general_items,,FULFILLED,2026-07-12 10:48:42
8644,141703,spring blade repair,pa-6399,1,1,EA,general_items,,FULFILLED,2026-07-12 10:48:42
8576,141703,spring blade repair,lk-2276,1,1,EA,general_items,,FULFILLED,2026-07-12 10:48:42
7540,141703,unloading valve,lc-0434 tata 1613,1,1,EA,general_items,,FULFILLED,2026-07-12 10:48:42
8639,141704,seal (dust),ld-08,2,1,EA,bearings_seals,,PARTIAL,2026-07-12 10:48:42
7541,141704,jack seal kit,ld-08 wheel loader,2,2,EA,bearings_seals,,FULFILLED,2026-07-12 10:48:42
8606,142100,fan belt (h pk-1290),ln-9046,1,1,EA,belts,,FULFILLED,2026-07-12 10:48:42
8605,142100,belt adjuster (a21-8111200),ln-9046,1,1,EA,belts,,FULFILLED,2026-07-12 10:48:42
7536,142100,fan belt,ln-9046 eicher,1,0,EA,belts,,PENDING,2026-07-12 10:48:42
7535,142100,belt adjector,ln-9046 eicher,1,0,EA,belts,,PENDING,2026-07-12 10:48:42
8455,141653,2s 4663 seal,ld-02,2,1,EA,bearings_seals,,PARTIAL,2026-07-12 10:48:42
8454,141653,2p 3597 rings,ld-02,1,2,EA,general_items,,FULFILLED,2026-07-12 10:48:42
8450,141653,h6227 seal,ld-02,2,1,EA,bearings_seals,,PARTIAL,2026-07-12 10:48:42
7669,141653,jack seal kit,fl-02,2,2,EA,bearings_seals,,FULFILLED,2026-07-12 10:48:42
7668,141653,clutch pump repair kit,fl-02,2,2,EA,general_items,,FULFILLED,2026-07-12 10:48:42
7667,141653,clutch booster,fl-02,1,1,EA,general_items,,FULFILLED,2026-07-12 10:48:42
7666,141652,10pk-1440 fan belt,hex-01,1,1,EA,belts,,FULFILLED,2026-07-12 10:48:42
7539,141702,gear boot bracket,lp-1712 tata 1618,1,1,EA,general_items,,FULFILLED,2026-07-12 10:48:42
7538,141701,fibre (hood repair fiber),rf-8340 tractor,1,1,EA,general_items,,FULFILLED,2026-07-12 10:48:42
7537,141701,hub bolt (wheel nut),rd-6318 tractor trailer,6,6,EA,tyre,,FULFILLED,2026-07-12 10:48:42
6133,141931,hydraulic breather filter (ds102117),lp-1561 / lp-1709 / lp-171 / ln-566 / ln-569,5,2,EA,filters,,PARTIAL,2026-07-12 10:48:42
6132,141931,air filter (278609129986),lp-1561 / lp-1709 / lp-171 / ln-566 / ln-569,5,5,EA,filters,,FULFILLED,2026-07-12 10:48:42
5930,140422,12v 90ah battery,vr-53,1,0,EA,battery,,PENDING,2026-07-12 10:48:42
8572,141930,c 805 oil filter,hex-26,1,1,EA,filters,,FULFILLED,2026-07-12 10:48:42
6131,141930,air filter (js-3700a),hex-36,1,1,EA,filters,,FULFILLED,2026-07-12 10:48:42
6130,141930,fuel filter (sff-5486),hex-36,1,1,EA,filters,,FULFILLED,2026-07-12 10:48:42
6129,141930,oil filter (c-6051),hex-36,1,1,EA,filters,,FULFILLED,2026-07-12 10:48:42
7534,142099,24v/5 pin relay,hex-23 kobelco sk 200 excavator,10,10,EA,electrical,,FULFILLED,2026-07-12 10:48:42
7533,142098,engine stop cable,za-6395 leyland cargo truck mixer,1,1,EA,electrical,,FULFILLED,2026-07-12 10:48:42
7532,142098,air hose repair,za-6395 leyland cargo truck mixer,2,2,EA,hydraulics,,FULFILLED,2026-07-12 10:48:42
8668,142315,brake oil 500ml,stores,10,4,EA,oil_lubricants,,PARTIAL,2026-07-12 10:48:42
8667,142315,brake oil 250ml,stores,20,4,EA,oil_lubricants,,PARTIAL,2026-07-12 10:48:42
6572,142315,plastic funnel,stores,1,1,EA,general_items,,FULFILLED,2026-07-12 10:48:42
6571,142315,fuse 30a,stores,50,30,EA,electrical,,PARTIAL,2026-07-12 10:48:42
6570,142315,fuse 25a,stores,50,30,EA,electrical,,PARTIAL,2026-07-12 10:48:42
6569,142315,fuse 20a,stores,50,30,EA,electrical,,PARTIAL,2026-07-12 10:48:42
6568,142315,fuse 15a,stores,50,30,EA,electrical,,PARTIAL,2026-07-12 10:48:42
6567,142315,fuse 10a,stores,50,30,EA,electrical,,PARTIAL,2026-07-12 10:48:42
6566,142315,12v 21w bulb,stores,10,10,EA,electrical,,FULFILLED,2026-07-12 10:48:42
6565,142315,24v 100w bulb,stores,20,20,EA,electrical,,FULFILLED,2026-07-12 10:48:42
8599,141929,oil filter (0-959),cr-01,1,1,EA,filters,,FULFILLED,2026-07-12 10:48:42
8598,141929,oil filter (c-5614 mr),ld-06,1,1,EA,filters,,FULFILLED,2026-07-12 10:48:42
6128,141929,oil filter (c-5614 / js-2003),ld-06,1,1,EA,filters,,FULFILLED,2026-07-12 10:48:42
8593,141928,fuel filter (js-9700a),fl-01,1,1,EA,filters,,FULFILLED,2026-07-12 10:48:42
8592,141928,oil filter (th-93296),fl-01,1,1,EA,filters,,FULFILLED,2026-07-12 10:48:42
6127,141928,air filter (a-5505),fl-01,1,1,EA,filters,,FULFILLED,2026-07-12 10:48:42
6126,141928,oil filter (c-7962),fl-01,1,1,EA,filters,,FULFILLED,2026-07-12 10:48:42
8570,142096,door lock handle,pd-6917,1,1,EA,general_items,,FULFILLED,2026-07-12 10:48:42
8569,142096,door lock handle,pd-6917,2,2,EA,general_items,,FULFILLED,2026-07-12 10:48:42
8568,142096,door winder,pd-6917,2,2,EA,general_items,,FULFILLED,2026-07-12 10:48:42
8567,142096,door winder handle,pd-6917,4,4,EA,general_items,,FULFILLED,2026-07-12 10:48:42
7527,142096,door lock handle,pd-6917 mahindra bolero,1,0,EA,general_items,,PENDING,2026-07-12 10:48:42
7526,142096,door lock handle (outer/inner),pd-6917 mahindra bolero,2,0,EA,general_items,,PENDING,2026-07-12 10:48:42
7525,142096,door winder with roll,pd-6917 mahindra bolero,2,0,EA,general_items,,PENDING,2026-07-12 10:48:42
7524,142096,door winder handle,pd-6917 mahindra bolero,4,0,EA,general_items,,PENDING,2026-07-12 10:48:42
7531,142097,calipar pin boot set,hu-5097 mitsubishi 1200,1,1,EA,general_items,,FULFILLED,2026-07-12 10:48:42
7530,142097,calipar dust seal,hu-5097 mitsubishi 1200,2,2,EA,bearings_seals,,FULFILLED,2026-07-12 10:48:42
7529,142097,calipar gear,hu-5097 mitsubishi 1200,2,2,EA,general_items,,FULFILLED,2026-07-12 10:48:42
7528,142097,piston,hu-5097 mitsubishi 1200,2,2,EA,general_items,,FULFILLED,2026-07-12 10:48:42
7523,142095,fan belt,lm-5720,1,0,EA,belts,,PENDING,2026-07-12 10:48:42
7522,142095,alternator repair,lm-5720,1,1,EA,electrical,,FULFILLED,2026-07-12 10:48:42
7521,142094,starter motor repair,rs-0483,1,1,EA,electrical,,FULFILLED,2026-07-12 10:48:42
7520,142093,fuel feed pump repair (oil leak),ld-06 komatsu pay loader,1,1,EA,oil_lubricants,,FULFILLED,2026-07-12 10:48:42
6579,142317,welding glass,lathe shop (badalgama),3,3,EA,general_items,,FULFILLED,2026-07-12 10:48:42
6578,142316,12v head light,stores,1,1,EA,electrical,,FULFILLED,2026-07-12 10:48:42
6577,142316,mini fuse 25a,stores,20,15,EA,electrical,,PARTIAL,2026-07-12 10:48:42
6576,142316,mini fuse 20a,stores,20,15,EA,electrical,,PARTIAL,2026-07-12 10:48:42
6575,142316,mini fuse 15a,stores,20,7,EA,electrical,,PARTIAL,2026-07-12 10:48:42
6574,142316,mini fuse 10a,stores,20,15,EA,electrical,,PARTIAL,2026-07-12 10:48:42
6573,142316,mini fuse 5a,stores,20,0,EA,electrical,,PENDING,2026-07-12 10:48:42
8566,142092,caliper pin dust boots,za-6255,2,2,EA,general_items,,FULFILLED,2026-07-12 10:48:42
8565,142092,dust boot,za-6255,2,2,EA,general_items,,FULFILLED,2026-07-12 10:48:42
8564,142092,caliper seal,za-6255,2,2,EA,bearings_seals,,FULFILLED,2026-07-12 10:48:42
8563,142092,caliper piston,za-6255,2,2,EA,general_items,,FULFILLED,2026-07-12 10:48:42
8562,142092,brake pad set,za-6255,1,1,EA,general_items,,FULFILLED,2026-07-12 10:48:42
7519,142092,calipax pin drill boot,za-6255 mitsubishi center,2,0,EA,general_items,,PENDING,2026-07-12 10:48:42
7518,142092,dust boot,za-6255 mitsubishi center,2,0,EA,general_items,,PENDING,2026-07-12 10:48:42
7517,142092,calipax seal,za-6255 mitsubishi center,2,0,EA,bearings_seals,,PENDING,2026-07-12 10:48:42
7516,142092,calipax duston,za-6255 mitsubishi center,2,0,EA,general_items,,PENDING,2026-07-12 10:48:42
7515,142092,brake pad set,za-6255 mitsubishi center,1,0,EA,general_items,,PENDING,2026-07-12 10:48:42
8561,142091,head lamp bracket,za-6395,2,2,EA,electrical,,FULFILLED,2026-07-12 10:48:42
7514,142091,engine stop cable,za-6395 leyland 1603,1,1,EA,electrical,,FULFILLED,2026-07-12 10:48:42
7513,142091,accelerator cable,za-6395 leyland 1603,1,1,EA,electrical,,FULFILLED,2026-07-12 10:48:42
7512,142091,tail light lense,za-6395 leyland 1603,2,2,EA,electrical,,FULFILLED,2026-07-12 10:48:42
7511,142091,head lamp,za-6395 leyland 1603,2,2,EA,electrical,,FULFILLED,2026-07-12 10:48:42
7510,142091,speedometer cable,za-6395 leyland 1603,1,1,EA,electrical,,FULFILLED,2026-07-12 10:48:42
7509,142091,center bearing,za-6395 leyland 1603,1,1,EA,bearings_seals,,FULFILLED,2026-07-12 10:48:42
7508,142091,universal joint,za-6395 leyland 1603,2,2,EA,general_items,,FULFILLED,2026-07-12 10:48:42
8611,142090,sliding fork (sleeve assy),lc-0434,1,1,EA,general_items,,FULFILLED,2026-07-12 10:48:42
7507,142090,sliding sleeve ossay (proof shaft),lc-0434 tata 1613,1,1,EA,general_items,,FULFILLED,2026-07-12 10:48:42
7506,142090,pinion oil seal,lc-0434 tata 1613,1,1,EA,bearings_seals,,FULFILLED,2026-07-12 10:48:42
7505,142090,great oil seal (front),lc-0434 tata 1613,1,1,EA,bearings_seals,,FULFILLED,2026-07-12 10:48:42
7504,142090,radiator cleaning,lc-0434 tata 1613,1,1,EA,general_items,,FULFILLED,2026-07-12 10:48:42
8603,141925,air filter (fl-2105),dah-2231,1,1,EA,filters,,FULFILLED,2026-07-12 10:48:42
8602,141925,fuel filter (1001 caa1468v mr),dah-2231,1,1,EA,filters,,FULFILLED,2026-07-12 10:48:42
8601,141925,oil filter (fc-322),dah-2231,1,1,EA,filters,,FULFILLED,2026-07-12 10:48:42
6121,141925,air filter (f002h160012),dah-2231,1,1,EA,filters,,FULFILLED,2026-07-12 10:48:42
6120,141925,fuel filter (1001caa1488nv),dah-2231,1,1,EA,filters,,FULFILLED,2026-07-12 10:48:42
6119,141925,oil filter (mvo30bn005n),dah-2231,1,1,EA,filters,,FULFILLED,2026-07-12 10:48:42
8600,141924,fuel filter (mf 056670 mr),cr-01,1,1,EA,filters,,FULFILLED,2026-07-12 10:48:42
6118,141924,fuel filter (me 056670),cp-01,1,0,EA,filters,,PENDING,2026-07-12 10:48:42
6117,141924,oil filter (c-359 uc),cp-01,1,1,EA,filters,,FULFILLED,2026-07-12 10:48:42
8597,141926,fuel filter (fa000 m00/500),py-2408,1,1,EA,filters,,FULFILLED,2026-07-12 10:48:42
8596,141926,oil filter (554013 c),py-2408,1,1,EA,filters,,FULFILLED,2026-07-12 10:48:42
6123,141926,fuel filter (fhn400/500),py-2406,1,0,EA,filters,,PENDING,2026-07-12 10:48:42
6122,141926,oil filter (ssa013c),py-2406,1,0,EA,filters,,PENDING,2026-07-12 10:48:42
8595,141927,fuel filter (sff 3560),rf-8340,1,1,EA,filters,,FULFILLED,2026-07-12 10:48:42
8594,141927,oil filter (c-206 mr),rf-8340,1,1,EA,filters,,FULFILLED,2026-07-12 10:48:42
6125,141927,fuel filter (126-630-5700),rf-6340,1,1,EA,filters,,FULFILLED,2026-07-12 10:48:42
6124,141927,oil filter (c-206),rf-6340,1,1,EA,filters,,FULFILLED,2026-07-12 10:48:42
7503,142089,key switch,rc-9894,1,1,EA,electrical,,FULFILLED,2026-07-12 10:48:42
7502,142089,air cleaner assembly (pre cleaner),rc-9894,1,1,EA,general_items,,FULFILLED,2026-07-12 10:48:42
8577,142087,hub bolt with nut,28-4314,2,6,EA,general_items,,FULFILLED,2026-07-12 10:48:42
7492,142087,speedometer rp01,28-4314 nissan d20,1,0,EA,general_items,,PENDING,2026-07-12 10:48:42
7491,142087,speedometer cable,28-4314 nissan d20,1,1,EA,electrical,,FULFILLED,2026-07-12 10:48:42
7490,142087,center bearing,28-4314 nissan d20,1,1,EA,bearings_seals,,FULFILLED,2026-07-12 10:48:42
7489,142087,gearbox oil seal,28-4314 nissan d20,1,1,EA,bearings_seals,,FULFILLED,2026-07-12 10:48:42
7488,142087,rear shock absorber,28-4314 nissan d20,2,2,EA,general_items,,FULFILLED,2026-07-12 10:48:42
7487,142087,front shock absorber,28-4314 nissan d20,2,2,EA,general_items,,FULFILLED,2026-07-12 10:48:42
7501,142088,bolt with spring and flat washer,48-8072 tata 1310,4,4,EA,general_items,,FULFILLED,2026-07-12 10:48:42
7500,142088,gear lever boot,48-8072 tata 1310,1,1,EA,general_items,,FULFILLED,2026-07-12 10:48:42
7499,142088,gear lever lock key,48-8072 tata 1310,2,0,EA,general_items,,PENDING,2026-07-12 10:48:42
7498,142088,gearbox seat,48-8072 tata 1310,2,2,EA,general_items,,FULFILLED,2026-07-12 10:48:42
7497,142088,gearbox packing set,48-8072 tata 1310,1,1,EA,general_items,,FULFILLED,2026-07-12 10:48:42
7496,142088,roller bearing (large),48-8072 tata 1310,1,1,EA,bearings_seals,,FULFILLED,2026-07-12 10:48:42
7495,142088,roller bearing (small),48-8072 tata 1310,2,2,EA,bearings_seals,,FULFILLED,2026-07-12 10:48:42
7494,142088,finger nut,48-8072 tata 1310,4,4,EA,general_items,,FULFILLED,2026-07-12 10:48:42
7493,142088,pressure plate spring,48-8072 tata 1310,12,12,EA,general_items,,FULFILLED,2026-07-12 10:48:42
7486,142086,1/2 join socket,workshop water pipe line,2,2,EA,general_items,,FULFILLED,2026-07-12 10:48:42
7485,142086,1/2 l socket,workshop water pipe line,1,1,EA,general_items,,FULFILLED,2026-07-12 10:48:42
7484,142086,1 join socket,workshop water pipe line,3,3,EA,general_items,,FULFILLED,2026-07-12 10:48:42
7483,142086,1 pvc l socket,workshop water pipe line,3,3,EA,general_items,,FULFILLED,2026-07-12 10:48:42
7482,142086,1 pvc t socket,workshop water pipe line,1,1,EA,general_items,,FULFILLED,2026-07-12 10:48:42
7481,142085,valve oil seal,fl-01 (fork lift),8,0,EA,bearings_seals,,PENDING,2026-07-12 10:48:42
7480,142085,full overhaul gasket kit,fl-01 (fork lift),1,1,EA,bearings_seals,,FULFILLED,2026-07-12 10:48:42
7479,142085,cylinder head check (valve seal/guide/facing),fl-01 (fork lift),1,1,EA,bearings_seals,,FULFILLED,2026-07-12 10:48:42
7478,142084,bearing (block x pulley),lk-5041 tata 1625 boom truck,1,2,EA,bearings_seals,,FULFILLED,2026-07-12 10:48:42
9252,142312,screw holder,lathe,1,1,EA,general_items,,FULFILLED,2026-07-12 10:48:42
9223,142312,cotton wool,stores,2,2,EA,general_items,,FULFILLED,2026-07-12 10:48:42
8632,142312,piriton tablet,first aid  box work shop,10,60,EA,general_items,,FULFILLED,2026-07-12 10:48:42
8631,142312,bondage roll,first aid  box work shop,1,2,EA,general_items,,FULFILLED,2026-07-12 10:48:42
8630,142312,idex head fast,first aid  box work shop,1,1,EA,general_items,,FULFILLED,2026-07-12 10:48:42
8629,142312,idex,first aid  box work shop,2,1,EA,general_items,,PARTIAL,2026-07-12 10:48:42
8628,142312,panado,first aid  box work shop,2,1,EA,general_items,,PARTIAL,2026-07-12 10:48:42
8627,142312,grouse,first aid  box work shop,1,1,EA,general_items,,FULFILLED,2026-07-12 10:48:42
6558,142312,thread bulb 20w,lathe shop,2,1,EA,electrical,,PARTIAL,2026-07-12 10:48:42
6557,142312,hand gloves,stores,10,0,EA,general_items,,PENDING,2026-07-12 10:48:42
6556,142312,vintogeno,stores,1,1,EA,general_items,,FULFILLED,2026-07-12 10:48:42
6555,142312,burn cream,stores,1,0,EA,general_items,,PENDING,2026-07-12 10:48:42
6554,142312,betadine,stores,2,1,EA,general_items,,PARTIAL,2026-07-12 10:48:42
6553,142312,plaster roll,stores,2,2,EA,general_items,,FULFILLED,2026-07-12 10:48:42
6552,142312,saline bottle,stores,1,1,EA,general_items,,FULFILLED,2026-07-12 10:48:42
8619,142083,120 battery (remount-ly-1614),l0-8349,2,1,EA,battery,,PARTIAL,2026-07-12 10:48:42
8618,142083,battery repair 28-4314,28-4314,1,0,EA,battery,,PENDING,2026-07-12 10:48:42
7477,142083,battery post repair,sr-13 / ly-1614,2,2,EA,battery,,FULFILLED,2026-07-12 10:48:42
7476,142083,battery post repair,lo-8349,2,0,EA,battery,,PENDING,2026-07-12 10:48:42
7475,142083,battery post repair,28-4314,1,1,EA,battery,,FULFILLED,2026-07-12 10:48:42
8581,142082,air tank drain valve,ll-0690,2,2,EA,general_items,,FULFILLED,2026-07-12 10:48:42
7474,142082,air tank drain valve,ll-0690,2,0,EA,general_items,,PENDING,2026-07-12 10:48:42
7473,142081,s-lon gum (small),water line repair work shop,1,1,EA,general_items,,FULFILLED,2026-07-12 10:48:42
7472,142081,1/2 socket,water line repair work shop,1,1,EA,general_items,,FULFILLED,2026-07-12 10:48:42
7471,142081,1 t socket,water line repair work shop,1,1,EA,general_items,,FULFILLED,2026-07-12 10:48:42
7470,142081,1 socket (pvc),water line repair work shop,2,2,EA,general_items,,FULFILLED,2026-07-12 10:48:42
7469,142080,4 angle grinder,lathe shop badalgama,1,0,EA,general_items,,PENDING,2026-07-12 10:48:42
7468,142079,end cap (15mm),hex-23 kobelco sk 200 excavator,2,0,EA,general_items,,PENDING,2026-07-12 10:48:42
6564,142314,battery acid (1l bottle),stores (badalgama),6,0,EA,battery,,PENDING,2026-07-12 10:48:42
6563,142313,3 core wire,stores,12,12,EA,electrical,,FULFILLED,2026-07-12 10:48:42
6562,142313,plug base (13a),stores,2,2,EA,electrical,,FULFILLED,2026-07-12 10:48:42
6561,142313,square pin plug top,stores,2,2,EA,electrical,,FULFILLED,2026-07-12 10:48:42
6560,142313,switch box cover,stores,6,6,EA,electrical,,FULFILLED,2026-07-12 10:48:42
6559,142313,pad lock (50mm),stores,5,5,EA,general_items,,FULFILLED,2026-07-12 10:48:42
6116,141923,hydraulic filter (133a0201da),hex-23,1,0,EA,filters,,PENDING,2026-07-12 10:48:42
5929,140421,12v 90ah battery,28-4314,1,0,EA,battery,,PENDING,2026-07-12 10:48:42
5928,140420,12v 90ah battery,ll-0690,2,0,EA,battery,,PENDING,2026-07-12 10:48:42
8591,141922,fuel filter (fc-1821 mr),pj-6376,1,1,EA,filters,,FULFILLED,2026-07-12 10:48:42
6115,141922,fuel filter (fc-1821 sakura),pj-6376,1,0,EA,filters,,PENDING,2026-07-12 10:48:42
7467,142078,new number plate,48-4849 leyland badalgama,1,1,EA,general_items,,FULFILLED,2026-07-12 10:48:42
7466,142077,o rings,lb-01 jcb 3dx backhoe loader,4,4,EA,general_items,,FULFILLED,2026-07-12 10:48:42
7465,142077,injector overflow lock,lb-01 jcb 3dx backhoe loader,4,4,EA,general_items,,FULFILLED,2026-07-12 10:48:42
7464,142076,ball joint,lk-5041 tata 1625 boom truck,1,1,EA,general_items,,FULFILLED,2026-07-12 10:48:42
7463,142075,speed meter cable,pd-6917 mahindra bolero camper,1,1,EA,electrical,,FULFILLED,2026-07-12 10:48:42
6551,142311,pad ink bottle,office use,1,0,EA,general_items,,PENDING,2026-07-12 10:48:42
8648,142064,gear liner ball joint,pa-6398,1,5,EA,general_items,,FULFILLED,2026-07-12 10:48:42
7433,142064,injector pump repair (diesel leak),ph-3945,1,1,EA,general_items,,FULFILLED,2026-07-12 10:48:42
8584,142067,lock / signal light cup,lo-8348,2,2,EA,general_items,,FULFILLED,2026-07-12 10:48:42
7438,142067,steering wheel cover,lo-8348,1,0,EA,tyre,,PENDING,2026-07-12 10:48:42
7437,142067,signal light set,lo-8348,2,0,EA,general_items,,PENDING,2026-07-12 10:48:42
8530,142063,paint (ash colour),lm-7949,0.25,0.5,EA,general_items,,FULFILLED,2026-07-12 10:48:42
7432,142063,10mm bolt & nut with washer,lm-7949,15,15,EA,general_items,,FULFILLED,2026-07-12 10:48:42
7431,142063,12mm bolt & nut,lm-7949,30,30,EA,general_items,,FULFILLED,2026-07-12 10:48:42
7430,142063,thinner (normal),lm-7949,2,2,EA,general_items,,FULFILLED,2026-07-12 10:48:42
7429,142063,plastic primer,lm-7949,0.25,0.25,EA,general_items,,FULFILLED,2026-07-12 10:48:42
8466,142068,wheel power steering box,pt-1569,1,1,EA,tyre,,FULFILLED,2026-07-12 10:48:42
7439,142068,steering wheel cover,lp-1569,1,0,EA,tyre,,PENDING,2026-07-12 10:48:42
8453,142065,2m3340 ring,ld-02,1,1,EA,general_items,,FULFILLED,2026-07-12 10:48:42
7435,142065,radiator cap,smg-02,1,1,EA,general_items,,FULFILLED,2026-07-12 10:48:42
7434,142065,radiator cap,smg-01,1,1,EA,general_items,,FULFILLED,2026-07-12 10:48:42
8411,142069,seat belt,pv-6889,4,2,EA,belts,,PARTIAL,2026-07-12 10:48:42
7440,142069,mud cover (rear / front),pv-6889,4,0,EA,general_items,,PENDING,2026-07-12 10:48:42
8403,142066,seat belt (passenger & drw),pv-6889,2,2,EA,belts,,FULFILLED,2026-07-12 10:48:42
7436,142066,upper arm rubber mount,pv-6889,2,2,EA,general_items,,FULFILLED,2026-07-12 10:48:42
7462,142073,trail light set,54-5421,2,2,EA,general_items,,FULFILLED,2026-07-12 10:48:42
7461,142073,winder handle,54-5421,2,0,EA,general_items,,PENDING,2026-07-12 10:48:42
7460,142073,door handle (rear),54-5421,2,2,EA,general_items,,FULFILLED,2026-07-12 10:48:42
7459,142073,door handle (inside),54-5421,4,4,EA,general_items,,FULFILLED,2026-07-12 10:48:42
7458,142073,door handle (outer),54-5421,4,4,EA,general_items,,FULFILLED,2026-07-12 10:48:42
7457,142073,glass winder,54-5421,1,1,EA,general_items,,FULFILLED,2026-07-12 10:48:42
7456,142073,door lock,54-5421,4,1,EA,general_items,,PARTIAL,2026-07-12 10:48:42
7455,142072,belt (b-78),ac-04,2,2,EA,belts,,FULFILLED,2026-07-12 10:48:42
7454,142071,bulb,rc-9894,4,4,EA,electrical,,FULFILLED,2026-07-12 10:48:42
7453,142071,signal light,rc-9894,4,4,EA,general_items,,FULFILLED,2026-07-12 10:48:42
7452,142071,bulb,rc-9894,2,2,EA,electrical,,FULFILLED,2026-07-12 10:48:42
7451,142071,holder,rc-9894,2,2,EA,general_items,,FULFILLED,2026-07-12 10:48:42
7450,142071,steering wheel shaft,rc-9894,1,1,EA,tyre,,FULFILLED,2026-07-12 10:48:42
7449,142071,steering wheel,rc-9894,1,1,EA,tyre,,FULFILLED,2026-07-12 10:48:42
7448,142071,head light,rc-9894,2,2,EA,electrical,,FULFILLED,2026-07-12 10:48:42
7447,142070,winder handle,lb-4824,1,1,EA,general_items,,FULFILLED,2026-07-12 10:48:42
7446,142070,signal light set (rear),lb-4824,2,2,EA,general_items,,FULFILLED,2026-07-12 10:48:42
7445,142070,mud guard light,lb-4824,2,0,EA,general_items,,PENDING,2026-07-12 10:48:42
7444,142070,buffer stone,lb-4824,2,0,EA,general_items,,PENDING,2026-07-12 10:48:42
7443,142070,bonnet cable,lb-4824,1,1,EA,electrical,,FULFILLED,2026-07-12 10:48:42
7442,142070,glass winder,lb-4824,1,1,EA,general_items,,FULFILLED,2026-07-12 10:48:42
7441,142070,door lock (l/r),lb-4824,2,1,EA,general_items,,PARTIAL,2026-07-12 10:48:42
8654,142057,injector service,pc-7812,4,4,EA,general_items,,FULFILLED,2026-07-12 10:48:42
8653,142057,turbocharger repair,pc-7812,1,1,EA,general_items,,FULFILLED,2026-07-12 10:48:42
8624,142057,radiator tank,pc-7812,1,1,EA,general_items,,FULFILLED,2026-07-12 10:48:42
8580,142057,lock,pc-7812,1,4,EA,general_items,,FULFILLED,2026-07-12 10:48:42
8579,142057,gajan pin,pc-7812,1,4,EA,general_items,,FULFILLED,2026-07-12 10:48:42
8578,142057,gasket overhand kit,pc-7812,4,1,EA,bearings_seals,,PARTIAL,2026-07-12 10:48:42
8531,142057,injectors,pc-7812,1,4,EA,general_items,,FULFILLED,2026-07-12 10:48:42
7406,142057,radiator cleaning,pc-7812,1,1,EA,general_items,,FULFILLED,2026-07-12 10:48:42
7405,142057,engine machine works,pc-7812,1,1,EA,general_items,,FULFILLED,2026-07-12 10:48:42
7404,142057,injector service,pc-7812,4,4,EA,general_items,,FULFILLED,2026-07-12 10:48:42
7403,142057,turbocharger repair,pc-7812,1,1,EA,general_items,,FULFILLED,2026-07-12 10:48:42
8645,142309,3-way off box cover,service bay,20,1,EA,general_items,,PARTIAL,2026-07-12 10:48:42
8612,142309,carbulator cleaner,stores,5,2,EA,general_items,,PARTIAL,2026-07-12 10:48:42
6544,142309,carburetor cleaner,stores,1,1,EA,general_items,,FULFILLED,2026-07-12 10:48:42
6543,142309,cotton waste,stores,20,20,EA,general_items,,FULFILLED,2026-07-12 10:48:42
6542,142309,araldite,stores,5,1,EA,general_items,,PARTIAL,2026-07-12 10:48:42
6541,142309,masking tape,stores,5,5,EA,general_items,,FULFILLED,2026-07-12 10:48:42
6540,142309,contact cleaner,stores,5,5,EA,general_items,,FULFILLED,2026-07-12 10:48:42
6539,142309,wd-40,stores,5,2,EA,general_items,,PARTIAL,2026-07-12 10:48:42
6538,142309,sealastic,stores,5,5,EA,general_items,,FULFILLED,2026-07-12 10:48:42
6537,142309,petrol,stores,4,4,EA,general_items,,FULFILLED,2026-07-12 10:48:42
6536,142309,kerosene oil,stores,20,21.5,EA,oil_lubricants,,FULFILLED,2026-07-12 10:48:42
8551,142060,punch chisel set,baticlow,1,1,EA,general_items,,FULFILLED,2026-07-12 10:48:42
8550,142060,21mm x 10mm deep socket,baticlow,1,2,EA,general_items,,FULFILLED,2026-07-12 10:48:42
7426,142060,allen key set (mm & inch),workshop tools (batticaloa),1,1,EA,general_items,,FULFILLED,2026-07-12 10:48:42
7425,142060,pipe wrench 2 feet,workshop tools (batticaloa),1,1,EA,general_items,,FULFILLED,2026-07-12 10:48:42
7424,142060,chisel,workshop tools (batticaloa),1,4,EA,general_items,,FULFILLED,2026-07-12 10:48:42
7423,142060,empty tool box (5 pcs),workshop tools (batticaloa),1,1,EA,general_items,,FULFILLED,2026-07-12 10:48:42
7422,142060,filter belt,workshop tools (batticaloa),1,1,EA,filters,,FULFILLED,2026-07-12 10:48:42
7421,142060,dc test lamp,workshop tools (batticaloa),1,1,EA,electrical,,FULFILLED,2026-07-12 10:48:42
7420,142060,ball hammer,workshop tools (batticaloa),1,1,EA,general_items,,FULFILLED,2026-07-12 10:48:42
7419,142060,screwdriver set (flat & phillip),workshop tools (batticaloa),1,1,EA,general_items,,FULFILLED,2026-07-12 10:48:42
7418,142060,circlip plier set (inner & outer),workshop tools (batticaloa),1,1,EA,general_items,,FULFILLED,2026-07-12 10:48:42
7417,142060,lock plier,workshop tools (batticaloa),1,1,EA,general_items,,FULFILLED,2026-07-12 10:48:42
7428,142062,jack seal kit,za-8373 (cep-03),4,4,EA,bearings_seals,,FULFILLED,2026-07-12 10:48:42
7427,142061,hollow pipe (for silencer repair),ll-1782,10,0,EA,general_items,,PENDING,2026-07-12 10:48:42
7416,142059,combination plier,workshop tools (batticaloa),1,1,EA,general_items,,FULFILLED,2026-07-12 10:48:42
7415,142059,spanner 10 (shifter),workshop tools (batticaloa),1,1,EA,general_items,,FULFILLED,2026-07-12 10:48:42
7414,142059,long extension bar ���,workshop tools (batticaloa),1,1,EA,general_items,,FULFILLED,2026-07-12 10:48:42
7413,142059,short extension bar,workshop tools (batticaloa),1,1,EA,general_items,,FULFILLED,2026-07-12 10:48:42
7412,142059,��� l handle,workshop tools (batticaloa),1,1,EA,general_items,,FULFILLED,2026-07-12 10:48:42
7411,142059,universal box socket,workshop tools (batticaloa),1,1,EA,general_items,,FULFILLED,2026-07-12 10:48:42
7410,142059,21 x 16 mm deep socket,workshop tools (batticaloa),2,0,EA,general_items,,PENDING,2026-07-12 10:48:42
7409,142059,8-39 mm box socket set (1/2 size),workshop tools (batticaloa),1,1,EA,general_items,,FULFILLED,2026-07-12 10:48:42
7408,142059,8-39 mm combination wrench set,workshop tools (batticaloa),1,1,EA,general_items,,FULFILLED,2026-07-12 10:48:42
7407,142058,speedo motor (for repair),pa-4879,1,1,EA,general_items,,FULFILLED,2026-07-12 10:48:42
7402,142056,operator seat repair,hex-23,1,1,EA,general_items,,FULFILLED,2026-07-12 10:48:42
7401,142055,brake light (l/r),lp-1567,2,2,EA,general_items,,FULFILLED,2026-07-12 10:48:42
7400,142055,wiper blade,lp-1567,2,2,EA,general_items,,FULFILLED,2026-07-12 10:48:42
6550,142310,nut & bolt (general),stores,4,4,EA,general_items,,FULFILLED,2026-07-12 10:48:42
6549,142310,19mm bolt & nut with washer,stores,2,2,EA,general_items,,FULFILLED,2026-07-12 10:48:42
6548,142310,17mm bolt & nut with washer,stores,2,2,EA,general_items,,FULFILLED,2026-07-12 10:48:42
6547,142310,13mm bolt & nut with washer,stores,1,2,EA,general_items,,FULFILLED,2026-07-12 10:48:42
6546,142310,12mm bolt & nut with washer,stores,1,0,EA,general_items,,PENDING,2026-07-12 10:48:42
6545,142310,10mm bolt & nut with washer,stores,1,1,EA,general_items,,FULFILLED,2026-07-12 10:48:42
6114,141920,fuel filter (32-?? unclear),za-700,1,1,EA,filters,,FULFILLED,2026-07-12 10:48:42
6113,141919,oil filter (rey5-203),ge-117,1,0,EA,filters,,PENDING,2026-07-12 10:48:42
6112,141919,fuel filter (1075f),ge-117,1,0,EA,filters,,PENDING,2026-07-12 10:48:42
6111,141918,oil filter (278619999994),lp-1709,1,0,EA,filters,,PENDING,2026-07-12 10:48:42
6110,141918,fuel filter (278609999822),lp-1709,1,0,EA,filters,,PENDING,2026-07-12 10:48:42
6109,141918,fuel water separator filter (278747109902),lp-1709,1,0,EA,filters,,PENDING,2026-07-12 10:48:42
6108,141917,air filter (js-3009a),hex-23,1,1,EA,filters,,FULFILLED,2026-07-12 10:48:42
7399,142053,cabbin fan,lp-1568,1,0,EA,general_items,,PENDING,2026-07-12 10:48:42
7398,142053,wiper blade,lp-1568,2,2,EA,general_items,,FULFILLED,2026-07-12 10:48:42
7397,142053,trail lamp set (l/r),lp-1568,2,2,EA,electrical,,FULFILLED,2026-07-12 10:48:42
7396,142052,power steering box repair,ld-8875 (cep-03),1,1,EA,general_items,,FULFILLED,2026-07-12 10:48:42
7395,142051,brake pad set,lo-9810,1,1,EA,general_items,,FULFILLED,2026-07-12 10:48:42
7394,142051,bearing (clutch release/pilot),lo-9810,1,1,EA,bearings_seals,,FULFILLED,2026-07-12 10:48:42
7393,142051,clutch plate relining,lo-9810,1,1,EA,general_items,,FULFILLED,2026-07-12 10:48:42
7392,142400,26mm socket,workshop impactor,1,1,EA,general_items,,FULFILLED,2026-07-12 10:48:42
6535,142308,red box,stores,1,0,EA,general_items,,PENDING,2026-07-12 10:48:42
6534,142308,brass welding rod,stores,10,0,EA,general_items,,PENDING,2026-07-12 10:48:42
6107,141916,air filter (jmc 1109230a),pj-6376,1,1,EA,filters,,FULFILLED,2026-07-12 10:48:42
6106,141915,line filter (278609999900),lk-5041,1,1,EA,filters,,FULFILLED,2026-07-12 10:48:42
6105,141915,fuel filter (278609999900),lk-5041,1,1,EA,filters,,FULFILLED,2026-07-12 10:48:42
6104,141915,fuel/water separator filter (278607899914),lk-5041,1,1,EA,filters,,FULFILLED,2026-07-12 10:48:42
6103,141915,oil filter (278618139902),lk-5041,1,1,EA,filters,,FULFILLED,2026-07-12 10:48:42
7391,142399,head light cowling,bdi-8556 platina 100,1,1,EA,electrical,,FULFILLED,2026-07-12 10:48:42
7390,142398,brush set,angle grinder,1,1,EA,general_items,,FULFILLED,2026-07-12 10:48:42
7389,142397,fan belt 6320,pj-6376 jme crew cab,1,1,EA,belts,,FULFILLED,2026-07-12 10:48:42
6533,142307,chemical spray gun,service bay,1,1,EA,general_items,,FULFILLED,2026-07-12 10:48:42
8714,142395,hone clip,stones,1,50,EA,general_items,,FULFILLED,2026-07-12 10:48:42
8713,142395,hose clip (8*12),stones,1,12,EA,hydraulics,,FULFILLED,2026-07-12 10:48:42
8712,142395,hose clip (25-38),stones,1,12,EA,hydraulics,,FULFILLED,2026-07-12 10:48:42
8711,142395,hose clip (12-20),stones,1,12,EA,hydraulics,,FULFILLED,2026-07-12 10:48:42
8710,142395,hose clip (16-25),stones,1,12,EA,hydraulics,,FULFILLED,2026-07-12 10:48:42
7387,142395,key cutling,pj-6376 jme crewcab,1,1,EA,general_items,,FULFILLED,2026-07-12 10:48:42
8525,142390,shock absorber bush,pd-6917,1,2,EA,bearings_seals,,FULFILLED,2026-07-12 10:48:42
8524,142390,upper arm ball joint,pd-6917,1,2,EA,general_items,,FULFILLED,2026-07-12 10:48:42
8523,142390,lower arm ball joint,pd-6917,1,2,EA,general_items,,FULFILLED,2026-07-12 10:48:42
8522,142390,radiator cup,pd-6917,1,1,EA,general_items,,FULFILLED,2026-07-12 10:48:42
8521,142390,engine mount lh&rh,pd-6917,1,2,EA,general_items,,FULFILLED,2026-07-12 10:48:42
8520,142390,brake caliber pin boot,pd-6917,1,4,EA,general_items,,FULFILLED,2026-07-12 10:48:42
7364,142390,radiator cup,48-4849 leyland commet,1,1,EA,general_items,,FULFILLED,2026-07-12 10:48:42
8516,142393,sockcapshoberbash repair,pd-6917,1,2,EA,general_items,,FULFILLED,2026-07-12 10:48:42
8338,142393,heater timer (26/12),28-4314,1,1,EA,general_items,,FULFILLED,2026-07-12 10:48:42
7385,142393,speedo meter (km),pd-6917,1,0,EA,general_items,,PENDING,2026-07-12 10:48:42
7384,142393,speedo meter (km),lj-8055,1,0,EA,general_items,,PENDING,2026-07-12 10:48:42
7383,142393,speedo meter (km),41-1130,1,0,EA,general_items,,PENDING,2026-07-12 10:48:42
7382,142393,speedo meter (km),pa-4879,1,0,EA,general_items,,PENDING,2026-07-12 10:48:42
7381,142393,speedo meter (km),ph-6742,1,0,EA,general_items,,PENDING,2026-07-12 10:48:42
7380,142393,speedo meter (km),28-4314,1,0,EA,general_items,,PENDING,2026-07-12 10:48:42
7379,142393,speedo meter (km),ly-1614,1,0,EA,general_items,,PENDING,2026-07-12 10:48:42
7378,142393,speedo meter (km),ln-8279,1,0,EA,general_items,,PENDING,2026-07-12 10:48:42
7377,142393,speedo meter (km),gl-0019,1,0,EA,general_items,,PENDING,2026-07-12 10:48:42
7376,142393,speedo meter (km),ll-1782 isuzu gigia,1,0,EA,general_items,,PENDING,2026-07-12 10:48:42
8418,142392,radiator repair,ly-4524,1,1,EA,general_items,,FULFILLED,2026-07-12 10:48:42
8343,142392,injector & injector pump repair (26/12),lc-0434,1,1,EA,general_items,,FULFILLED,2026-07-12 10:48:42
7375,142392,cabin fun (12v),325-5120,1,0,EA,general_items,,PENDING,2026-07-12 10:48:42
7374,142392,cabin fun (12v),lk-5041,1,0,EA,general_items,,PENDING,2026-07-12 10:48:42
7373,142392,cabin fun (12v),lc-0434,1,0,EA,general_items,,PENDING,2026-07-12 10:48:42
7372,142392,cabin fan. (24v),lo-4824 (tata 1618),1,0,EA,general_items,,PENDING,2026-07-12 10:48:42
7371,142392,cabin fan. (24v),ln-8279,1,0,EA,general_items,,PENDING,2026-07-12 10:48:42
7370,142392,cabin fan. (24v),ly-4524,1,0,EA,general_items,,PENDING,2026-07-12 10:48:42
7369,142392,cabin fan. (24v),ly-1614,1,0,EA,general_items,,PENDING,2026-07-12 10:48:42
7368,142392,cabin fan. (24v),gl-0019,1,0,EA,general_items,,PENDING,2026-07-12 10:48:42
7367,142392,cabin fan. (24v),ll-1782 isuzu gigia,1,0,EA,general_items,,PENDING,2026-07-12 10:48:42
7366,142392,cabin fan. (24v),48-4849,1,0,EA,general_items,,PENDING,2026-07-12 10:48:42
7388,142396,torque converter,rs-0483 adx,1,1,EA,general_items,,FULFILLED,2026-07-12 10:48:42
7386,142394,bolt & nut,48-4849 leyland commet,5,5,EA,general_items,,FULFILLED,2026-07-12 10:48:42
7365,142391,convator plate,rs-0483 jcb 3dx,1,0,EA,general_items,,PENDING,2026-07-12 10:48:42
7363,142389,seat belt received,48-4849,2,2,EA,belts,,FULFILLED,2026-07-12 10:48:42
7362,142389,seat belt received,325-5120,2,2,EA,belts,,FULFILLED,2026-07-12 10:48:42
7361,142388,silencer spring,ll-1782 isuzu gigia,3,2,EA,general_items,,PARTIAL,2026-07-12 10:48:42
7360,142388,silance packing,ll-1782 isuzu gigia,4,4,EA,general_items,,FULFILLED,2026-07-12 10:48:42
9202,142387,electrical repair,68-5115,1,1,EA,general_items,,FULFILLED,2026-07-12 10:48:42
8502,142387,brake washer,68-5115,4,4,EA,general_items,,FULFILLED,2026-07-12 10:48:42
7359,142387,brake washer,68-5115 isuzu diesel bowser,4,0,EA,general_items,,PENDING,2026-07-12 10:48:42
8557,142385,��� solid socket,68-5115 workshop,2,2,EA,general_items,,FULFILLED,2026-07-12 10:48:42
8552,142385,electrical repair,68-5115 workshop,1,1,EA,general_items,,FULFILLED,2026-07-12 10:48:42
8510,142385,h/ brake rear (liner),68-5115 diesel booster,2,2,EA,general_items,,FULFILLED,2026-07-12 10:48:42
7350,142385,number plate repair,68-5115 isuzu diegel bowser,1,2,EA,general_items,,FULFILLED,2026-07-12 10:48:42
7349,142385,hand brake liner repair,68-5115 isuzu diegel bowser,2,0,EA,general_items,,PENDING,2026-07-12 10:48:42
8501,142382,pneumatic hose with union,za-6395 truck,2,2,EA,hydraulics,,FULFILLED,2026-07-12 10:48:42
7346,142382,preumetic hose with union,za-6395 truck mizer leyland,2,0,EA,hydraulics,,PENDING,2026-07-12 10:48:42
8499,142383,starter motor repair (motor clutch),dah-2228,1,1,EA,electrical,,FULFILLED,2026-07-12 10:48:42
7347,142383,starter motor repair,dah-2228 bolero single calp,1,1,EA,electrical,,FULFILLED,2026-07-12 10:48:42
7358,142386,caliper din boots,pv-6889 tata 207,4,4,EA,general_items,,FULFILLED,2026-07-12 10:48:42
7357,142386,brake pad set,pv-6889 tata 207,1,1,EA,general_items,,FULFILLED,2026-07-12 10:48:42
7356,142386,upper arm ball joint it,pv-6889 tata 207,2,2,EA,general_items,,FULFILLED,2026-07-12 10:48:42
7355,142386,link end,pv-6889 tata 207,2,2,EA,general_items,,FULFILLED,2026-07-12 10:48:42
7354,142386,tie rod end,pv-6889 tata 207,2,2,EA,general_items,,FULFILLED,2026-07-12 10:48:42
7353,142386,idle aom hush,pv-6889 tata 207,1,2,EA,general_items,,FULFILLED,2026-07-12 10:48:42
7352,142386,drop arm,pv-6889 tata 207,1,1,EA,general_items,,FULFILLED,2026-07-12 10:48:42
7351,142386,conter link hall joint,pv-6889 tata 207,2,2,EA,general_items,,FULFILLED,2026-07-12 10:48:42
7348,142384,power steering rack oil leak,51-7158 lite ace van,1,1,EA,oil_lubricants,,FULFILLED,2026-07-12 10:48:42
6532,142306,grease nipple,stores,6,6,EA,oil_lubricants,,FULFILLED,2026-07-12 10:48:42
6531,142306,battery terminal (butterfly),stores,5,8,EA,battery,,FULFILLED,2026-07-12 10:48:42
6529,142306,battery terminal (normal),stores,5,12,EA,battery,,FULFILLED,2026-07-12 10:48:42
6527,142306,brake oil,stores,24,12,EA,oil_lubricants,,PARTIAL,2026-07-12 10:48:42
6102,141914,fuel filter (fhn400/500),pv-6558,1,1,EA,filters,,FULFILLED,2026-07-12 10:48:42
6101,141914,oil filter (253a16130169),pv-6558,1,1,EA,filters,,FULFILLED,2026-07-12 10:48:42
6100,141913,hydraulic filter,lo-7855,1,1,EA,filters,,FULFILLED,2026-07-12 10:48:42
8542,141911,air filter (a-7002),vr-68,1,1,EA,filters,,FULFILLED,2026-07-12 10:48:42
8541,141911,fuel filter (f-41f),vr-68,1,1,EA,filters,,FULFILLED,2026-07-12 10:48:42
8540,141911,fuel filter fc-707a,vr-68,1,1,EA,filters,,FULFILLED,2026-07-12 10:48:42
8539,141911,oil filter (c-206),vr-68,1,1,EA,filters,,FULFILLED,2026-07-12 10:48:42
8538,141911,fuel filter (f-41f),vr-69,2,1,EA,filters,,PARTIAL,2026-07-12 10:48:42
8537,141911,fuel filter fc-707a,vr-69,2,1,EA,filters,,PARTIAL,2026-07-12 10:48:42
8536,141911,oil filter (c-206),vr-69,2,1,EA,filters,,PARTIAL,2026-07-12 10:48:42
8535,141911,fuel filter (f8835100),lm-6653,1,1,EA,filters,,FULFILLED,2026-07-12 10:48:42
8534,141911,oil filter fta05000,lm-6653,1,1,EA,filters,,FULFILLED,2026-07-12 10:48:42
6097,141911,air filter (a-7002),vr-68,1,0,EA,filters,,PENDING,2026-07-12 10:48:42
6096,141911,fuel line filter (f002h23536-899),lm-6653,1,1,EA,filters,,FULFILLED,2026-07-12 10:48:42
6095,141911,fuel filter (f-41f),vr-69,2,0,EA,filters,,PENDING,2026-07-12 10:48:42
6094,141911,fuel filter (fc-707a),vr-69,2,0,EA,filters,,PENDING,2026-07-12 10:48:42
6093,141911,oil filter (c-206),vr-69,2,0,EA,filters,,PENDING,2026-07-12 10:48:42
6092,141911,fuel filter (fs635100),lm-6653,1,0,EA,filters,,PENDING,2026-07-12 10:48:42
6091,141911,oil filter (fta05000),lm-6653,1,0,EA,filters,,PENDING,2026-07-12 10:48:42
8509,142376,union,service bay,9,3,EA,general_items,,PARTIAL,2026-07-12 10:48:42
8508,142376,hose repair (new 40) union,service bay,9,1,EA,hydraulics,,PARTIAL,2026-07-12 10:48:42
7324,142376,pressor seal,service bay,9,0,EA,bearings_seals,,PENDING,2026-07-12 10:48:42
8504,142379,link end bush,pd-6917,4,4,EA,bearings_seals,,FULFILLED,2026-07-12 10:48:42
7335,142379,link end bush,pd-6917 mahindra bolero camper,4,4,EA,bearings_seals,,FULFILLED,2026-07-12 10:48:42
7334,142379,stabilzer bar link end,pd-6917 mahindra bolero camper,2,2,EA,general_items,,FULFILLED,2026-07-12 10:48:42
7333,142379,coil spring spacer,pd-6917 mahindra bolero camper,4,4,EA,electrical,,FULFILLED,2026-07-12 10:48:42
7332,142379,hub seal,pd-6917 mahindra bolero camper,2,2,EA,bearings_seals,,FULFILLED,2026-07-12 10:48:42
7331,142379,hub lock nut,pd-6917 mahindra bolero camper,1,1,EA,general_items,,FULFILLED,2026-07-12 10:48:42
7330,142379,brake pad set,pd-6917 mahindra bolero camper,1,1,EA,general_items,,FULFILLED,2026-07-12 10:48:42
7329,142379,rack end boot,pd-6917 mahindra bolero camper,2,2,EA,general_items,,FULFILLED,2026-07-12 10:48:42
7328,142379,stee rack end (lh & rh),pd-6917 mahindra bolero camper,2,2,EA,general_items,,FULFILLED,2026-07-12 10:48:42
7345,142381,shocks absorber bush replace,pd-6917 mahindra bolero,2,0,EA,bearings_seals,,PENDING,2026-07-12 10:48:42
7344,142381,lower am bush replace,pd-6917 mahindra bolero,2,2,EA,bearings_seals,,FULFILLED,2026-07-12 10:48:42
7343,142381,upper arm bush replace,pd-6917 mahindra bolero,4,4,EA,bearings_seals,,FULFILLED,2026-07-12 10:48:42
7342,142380,shock absorber bush,pd-6917 mahindra bolero camper,2,0,EA,bearings_seals,,PENDING,2026-07-12 10:48:42
7341,142380,upper arm ball joint,pd-6917 mahindra bolero camper,2,0,EA,general_items,,PENDING,2026-07-12 10:48:42
7340,142380,lower arm ball joint (lh & rh),pd-6917 mahindra bolero camper,2,0,EA,general_items,,PENDING,2026-07-12 10:48:42
7339,142380,radiator cap,pd-6917 mahindra bolero camper,1,0,EA,general_items,,PENDING,2026-07-12 10:48:42
7338,142380,engine mount,pd-6917 mahindra bolero camper,1,0,EA,general_items,,PENDING,2026-07-12 10:48:42
7337,142380,uppa arm adjust plate,pd-6917 mahindra bolero camper,4,0,EA,general_items,,PENDING,2026-07-12 10:48:42
7336,142380,brake calipa pin bolt,pd-6917 mahindra bolero camper,4,0,EA,general_items,,PENDING,2026-07-12 10:48:42
7327,142378,o ring,lo-7855 isuzu boom truck,4,4,EA,general_items,,FULFILLED,2026-07-12 10:48:42
7326,142378,boom jack seal kit,lo-7855 isuzu boom truck,2,2,EA,bearings_seals,,FULFILLED,2026-07-12 10:48:42
7325,142377,engine stop,41-1130 diesel bowser,1,1,EA,general_items,,FULFILLED,2026-07-12 10:48:42
6099,141912,fuel filter (32/925994),ln-9046 / zb-1547,1,1,EA,filters,,FULFILLED,2026-07-12 10:48:42
6098,141912,oil filter (lo-308),ln-9046 / zb-1547,1,1,EA,filters,,FULFILLED,2026-07-12 10:48:42
6090,141910,oil filter (f002h239439 / th-93296),dah-2238,1,1,EA,filters,,FULFILLED,2026-07-12 10:48:42
5927,140419,45 amp battey,ge-126,1,0,EA,battery,,PENDING,2026-07-12 10:48:42
5926,140418,70 amp new battery,li-3851,1,0,EA,battery,,PENDING,2026-07-12 10:48:42
5925,140417,95 amp battery,lk-4058,2,0,EA,battery,,PENDING,2026-07-12 10:48:42
5924,140416,150 amp battery,li-7620,1,0,EA,battery,,PENDING,2026-07-12 10:48:42
5923,140415,70 amp new battery,lt-1614,2,0,EA,battery,,PENDING,2026-07-12 10:48:42
5922,140414,195 amp new battery,ll-0690,2,0,EA,battery,,PENDING,2026-07-12 10:48:42
5921,140413,100amp new battery,za-6395,2,0,EA,battery,,PENDING,2026-07-12 10:48:42
9191,142373,crank oil seal,48-4849,1,1,EA,bearings_seals,,FULFILLED,2026-07-12 10:48:42
8476,142373,wiper arm,48-4849,1,1,EA,general_items,,FULFILLED,2026-07-12 10:48:42
8475,142373,wiper blade,48-4849,1,2,EA,general_items,,FULFILLED,2026-07-12 10:48:42
7311,142373,fuel line filter (f5524500),48-4849 leyland commet,1,1,EA,filters,,FULFILLED,2026-07-12 10:48:42
7310,142373,liner set f4000 400/500,48-4849 leyland commet,1,1,EA,general_items,,FULFILLED,2026-07-12 10:48:42
7309,142373,filter 099118,48-4849 leyland commet,1,1,EA,filters,,FULFILLED,2026-07-12 10:48:42
7308,142373,frank oil seal,48-4849 leyland commet,1,1,EA,bearings_seals,,FULFILLED,2026-07-12 10:48:42
8626,142370,new asphalt cutter engine,gx-390 asphalt cutter motor,1,1,EA,general_items,,FULFILLED,2026-07-12 10:48:42
8518,142370,pressor seal (pressor pump seal),karture service boy,1,2,EA,bearings_seals,,FULFILLED,2026-07-12 10:48:42
7305,142370,engine (new model eh-390),robin-japan (asphalt cutter),1,0,EA,general_items,,PENDING,2026-07-12 10:48:42
8503,142372,hy/ hose repair (union),hex-27,3,1,EA,hydraulics,,PARTIAL,2026-07-12 10:48:42
8500,142372,truck line plate and nut & bolt,hex-27,100,100,EA,general_items,,FULFILLED,2026-07-12 10:48:42
8498,142372,bush (bucket),hex-27,3,3,EA,bearings_seals,,FULFILLED,2026-07-12 10:48:42
8497,142372,coller bush,hex-27,2,2,EA,bearings_seals,,FULFILLED,2026-07-12 10:48:42
8496,142372,jack seal kit,hex-27,2,1,EA,bearings_seals,,PARTIAL,2026-07-12 10:48:42
8495,142372,radiator hose,le-0434,3,1,EA,hydraulics,,PARTIAL,2026-07-12 10:48:42
7307,142372,arm coller bush,-,2,0,EA,bearings_seals,,PENDING,2026-07-12 10:48:42
7306,142372,bucket bush,-,3,0,EA,bearings_seals,,PENDING,2026-07-12 10:48:42
8487,142366,wheel nut,pa-4193,2,3,EA,tyre,,FULFILLED,2026-07-12 10:48:42
8342,142366,cab interior & full service,pa-4193,1,1,EA,general_items,,FULFILLED,2026-07-12 10:48:42
8298,142366,wheel stud and nut,pa-4193,10,6,EA,tyre,,PARTIAL,2026-07-12 10:48:42
7301,142366,ac repair,pa-4193 toyota hilux cab,1,0,EA,general_items,,PENDING,2026-07-12 10:48:42
7300,142366,sun visor,pa-4193 toyota hilux cab,2,0,EA,general_items,,PENDING,2026-07-12 10:48:42
7299,142366,wheel nut,pa-4193 toyota hilux cab,10,0,EA,tyre,,PENDING,2026-07-12 10:48:42
7298,142366,speaker (12v),pa-4193 toyota hilux cab,1,1,EA,general_items,,FULFILLED,2026-07-12 10:48:42
7323,142375,led fog light,lo-5985 tata 1615,2,0,EA,electrical,,PENDING,2026-07-12 10:48:42
7322,142375,side mirror (small),lo-5985 tata 1615,1,2,EA,general_items,,FULFILLED,2026-07-12 10:48:42
7321,142375,front light (upper),lo-5985 tata 1615,2,2,EA,general_items,,FULFILLED,2026-07-12 10:48:42
7320,142375,brake light set (rear),lo-5985 tata 1615,2,2,EA,general_items,,FULFILLED,2026-07-12 10:48:42
7319,142374,bolt,lc-0434 tata 1613,1,0,EA,general_items,,PENDING,2026-07-12 10:48:42
7318,142374,bolt,lc-0434 tata 1613,4,0,EA,general_items,,PENDING,2026-07-12 10:48:42
7317,142374,shock absorber bolt,lc-0434 tata 1613,2,2,EA,general_items,,FULFILLED,2026-07-12 10:48:42
7316,142374,shock absorber bush,lc-0434 tata 1613,4,4,EA,bearings_seals,,FULFILLED,2026-07-12 10:48:42
7315,142374,hose clip,lc-0434 tata 1613,2,0,EA,hydraulics,,PENDING,2026-07-12 10:48:42
7314,142374,radiator hose,lc-0434 tata 1613,1,0,EA,hydraulics,,PENDING,2026-07-12 10:48:42
7313,142374,hose clip,lc-0434 tata 1613,4,0,EA,hydraulics,,PENDING,2026-07-12 10:48:42
7312,142374,power steering hose,lc-0434 tata 1613,2,2,EA,hydraulics,,FULFILLED,2026-07-12 10:48:42
7304,142369,stop cable (engine stop cable),41-1130 isuzu elf bowser,1,0,EA,electrical,,PENDING,2026-07-12 10:48:42
7303,142368,ignition switch (6 pin),hex-23 kobelco sk200-8 excavator,1,1,EA,electrical,,FULFILLED,2026-07-12 10:48:42
7302,142367,hydraulic return filter cover,lp-1568 tata 1615,1,1,EA,filters,,FULFILLED,2026-07-12 10:48:42
7297,142365,electrical repair,pa-4879,1,1,EA,general_items,,FULFILLED,2026-07-12 10:48:42
6089,141909,fuel filter (27660999982),lp-1569,1,1,EA,filters,,FULFILLED,2026-07-12 10:48:42
6088,141909,fuel filter (32074770909),lp-1569,1,1,EA,filters,,FULFILLED,2026-07-12 10:48:42
6087,141909,oil filter (sfa-0667),gl-0019,2,2,EA,filters,,FULFILLED,2026-07-12 10:48:42
6086,141909,fuel filter (ff-7059),gl-0019,2,2,EA,filters,,FULFILLED,2026-07-12 10:48:42
6085,141909,fuel filter (4441592),ge-62,1,1,EA,filters,,FULFILLED,2026-07-12 10:48:42
6084,141909,oil filter (c-206),ge-62,1,1,EA,filters,,FULFILLED,2026-07-12 10:48:42
6083,141909,fuel filter (32/925994),lb-01,3,3,EA,filters,,FULFILLED,2026-07-12 10:48:42
5920,140412,150 amp new battery,lp-1710,2,0,EA,battery,,PENDING,2026-07-12 10:48:42
8505,142364,stand fan motor,workshop,1,1,EA,general_items,,FULFILLED,2026-07-12 10:48:42
7296,142364,stand fan motor,mechanic dinesh,1,0,EA,general_items,,PENDING,2026-07-12 10:48:42
7295,142363,carpet,pa-4879 crew cab,2,0,EA,general_items,,PENDING,2026-07-12 10:48:42
7294,142363,signal light (front left),pa-4879 crew cab,1,0,EA,general_items,,PENDING,2026-07-12 10:48:42
9245,142358,ring set,bdi-8556,1,1,EA,general_items,,FULFILLED,2026-07-12 10:48:42
9244,142358,piston,bdi-8556,1,1,EA,general_items,,FULFILLED,2026-07-12 10:48:42
8511,142358,engine head,bdi-8556,1,1,EA,general_items,,FULFILLED,2026-07-12 10:48:42
8494,142358,kik oil seal,bdi-8556,2,1,EA,bearings_seals,,PARTIAL,2026-07-12 10:48:42
8493,142358,sprocket oil seal,bdi-8556,1,1,EA,bearings_seals,,FULFILLED,2026-07-12 10:48:42
8492,142358,rod fixing,bdi-8556,1,1,EA,general_items,,FULFILLED,2026-07-12 10:48:42
8491,142358,clutch plate,bdi-8556,1,1,EA,general_items,,FULFILLED,2026-07-12 10:48:42
8490,142358,20w-50 petrol elite,bdi-8556,1,1,EA,general_items,,FULFILLED,2026-07-12 10:48:42
7284,142358,oil seal,bdi-8556 platina 100,1,1,EA,bearings_seals,,FULFILLED,2026-07-12 10:48:42
7283,142358,oil filter,bdi-8556 platina 100,1,1,EA,filters,,FULFILLED,2026-07-12 10:48:42
7282,142358,full packing set,bdi-8556 platina 100,2,1,EA,general_items,,PARTIAL,2026-07-12 10:48:42
7281,142358,rocker arm needle,bdi-8556 platina 100,1,1,EA,general_items,,FULFILLED,2026-07-12 10:48:42
7280,142358,spark plug,bdi-8556 platina 100,1,1,EA,electrical,,FULFILLED,2026-07-12 10:48:42
7279,142358,valve seal,bdi-8556 platina 100,2,2,EA,bearings_seals,,FULFILLED,2026-07-12 10:48:42
7278,142358,valve,bdi-8556 platina 100,1,1,EA,general_items,,FULFILLED,2026-07-12 10:48:42
7277,142358,cam bearing,bdi-8556 platina 100,2,2,EA,bearings_seals,,FULFILLED,2026-07-12 10:48:42
7276,142358,timing chain,bdi-8556 platina 100,1,1,EA,general_items,,FULFILLED,2026-07-12 10:48:42
7275,142358,clutch pressor plates,bdi-8556 platina 100,1,1,EA,general_items,,FULFILLED,2026-07-12 10:48:42
7274,142358,rod kit bearing,bdi-8556 platina 100,2,2,EA,bearings_seals,,FULFILLED,2026-07-12 10:48:42
7273,142358,engine boring,bdi-8556 platina 100,1,1,EA,general_items,,FULFILLED,2026-07-12 10:48:42
8571,142361,scrw driver (l),saman,1,1,EA,general_items,,FULFILLED,2026-07-12 10:48:42
7292,142361,wire cutter,saman mechanic requirement,1,0,EA,electrical,,PENDING,2026-07-12 10:48:42
7291,142361,leg nose plier,saman mechanic requirement,1,1,EA,general_items,,FULFILLED,2026-07-12 10:48:42
7290,142361,combination plier,saman mechanic requirement,1,1,EA,general_items,,FULFILLED,2026-07-12 10:48:42
8556,142359,��� l socket,68-5115 workshop,1,1,EA,general_items,,FULFILLED,2026-07-12 10:48:42
8555,142359,1 join socket,68-5115 workshop,1,3,EA,general_items,,FULFILLED,2026-07-12 10:48:42
8554,142359,1 pvc l socket,68-5115 workshop,1,3,EA,general_items,,FULFILLED,2026-07-12 10:48:42
8553,142359,pvc t socket,68-5115 workshop,1,1,EA,general_items,,FULFILLED,2026-07-12 10:48:42
7288,142359,coner pannel,68-5115 isuzu diesel bowser,1,1,EA,general_items,,FULFILLED,2026-07-12 10:48:42
7287,142359,ball mirror,68-5115 isuzu diesel bowser,1,1,EA,general_items,,FULFILLED,2026-07-12 10:48:42
7286,142359,door lock (rear right),68-5115 isuzu diesel bowser,1,1,EA,general_items,,FULFILLED,2026-07-12 10:48:42
7285,142359,signal light (left),68-5115 isuzu diesel bowser,1,2,EA,general_items,,FULFILLED,2026-07-12 10:48:42
8486,142305,super glue,stores,5,12,EA,general_items,,FULFILLED,2026-07-12 10:48:42
6526,142305,caustic soda,stores,5,5,EA,general_items,,FULFILLED,2026-07-12 10:48:42
6525,142305,araldite,stores,5,0,EA,general_items,,PENDING,2026-07-12 10:48:42
6524,142305,sealastic (tube),stores,5,5,EA,tyre,,FULFILLED,2026-07-12 10:48:42
6523,142305,auto wire roll,stores,2,1,EA,electrical,,PARTIAL,2026-07-12 10:48:42
6522,142305,kerosene oil,stores,20,20,EA,oil_lubricants,,FULFILLED,2026-07-12 10:48:42
6521,142305,insulating tape,stores,24,24,EA,general_items,,FULFILLED,2026-07-12 10:48:42
6520,142305,contact cleaner,stores,5,3,EA,general_items,,PARTIAL,2026-07-12 10:48:42
6519,142305,wd-40,stores,5,3,EA,general_items,,PARTIAL,2026-07-12 10:48:42
8483,142360,detector 8 rings,ld-08,6,6,EA,general_items,,FULFILLED,2026-07-12 10:48:42
8264,142360,ring set,ld-08,6,1,EA,general_items,,PARTIAL,2026-07-12 10:48:42
7289,142360,o ring - injector pump (output),ld-08 wheel loader shantui,6,6,EA,general_items,,FULFILLED,2026-07-12 10:48:42
7293,142362,spring blade repair,pa-4879 crew cab,1,1,EA,general_items,,FULFILLED,2026-07-12 10:48:42
7272,142357,wheel (ball),l0-05 loader komatsu,1,3,EA,tyre,,FULFILLED,2026-07-12 10:48:42
7271,142356,crank oil seal,rs-0483 jcb 3dx,1,1,EA,bearings_seals,,FULFILLED,2026-07-12 10:48:42
7270,142356,mount (transmission),rs-0483 jcb 3dx,2,2,EA,general_items,,FULFILLED,2026-07-12 10:48:42
7269,142356,ring gear,rs-0483 jcb 3dx,1,1,EA,general_items,,FULFILLED,2026-07-12 10:48:42
6518,142303,fuel filter set (f4000 / 400 / 500),leyland comet (ab-4549 / rc-9984 / lb-9996),3,3,EA,filters,,FULFILLED,2026-07-12 10:48:42
6082,141908,fuel filter (27660999982),lp-1566,1,1,EA,filters,,FULFILLED,2026-07-12 10:48:42
6081,141908,fuel filter (32074770909),lp-1566,1,1,EA,filters,,FULFILLED,2026-07-12 10:48:42
6080,141908,fuel filter (276607969967),lo-4823,1,1,EA,filters,,FULFILLED,2026-07-12 10:48:42
6079,141908,fuel filter (276609199909),lo-4823,1,1,EA,filters,,FULFILLED,2026-07-12 10:48:42
6078,141908,oil filter (6578150145),lo-4823,1,1,EA,filters,,FULFILLED,2026-07-12 10:48:42
6077,141907,fuel filter (15521-43161),ge-117,1,1,EA,filters,,FULFILLED,2026-07-12 10:48:42
6076,141907,oil filter (1611-32902),ge-117,1,1,EA,filters,,FULFILLED,2026-07-12 10:48:42
6075,141907,fuel filter (ff-5052),lk-5041,1,1,EA,filters,,FULFILLED,2026-07-12 10:48:42
6074,141907,fuel filter (fc-707a),vr-70,1,1,EA,filters,,FULFILLED,2026-07-12 10:48:42
6073,141907,oil filter (c-206),vr-70,1,1,EA,filters,,FULFILLED,2026-07-12 10:48:42
6072,141907,fuel filter (32/925994),za-7034,1,1,EA,filters,,FULFILLED,2026-07-12 10:48:42
6071,141907,fuel filter (fc-1104),40-8060,1,1,EA,filters,,FULFILLED,2026-07-12 10:48:42
6070,141907,oil filter (c-101),40-8060,1,1,EA,filters,,FULFILLED,2026-07-12 10:48:42
8306,140593,compressor motor,engine room,1,1,EA,general_items,,FULFILLED,2026-07-12 10:48:42
7268,142355,air pressure sensor,gl-0019 renault 340,2,0,EA,electrical,,PENDING,2026-07-12 10:48:42
7267,142355,speedometer sensor,gl-0019 renault 340,2,0,EA,electrical,,PENDING,2026-07-12 10:48:42
7266,142355,speedometer assembly,gl-0019 renault 340,1,0,EA,general_items,,PENDING,2026-07-12 10:48:42
7265,142354,fuel hose repair,gl-0019 renault 360,2,1,EA,hydraulics,,PARTIAL,2026-07-12 10:48:42
7264,142353,battery charger repair,electric room badalgama workshop,1,0,EA,battery,,PENDING,2026-07-12 10:48:42
7263,142352,wheel stud with nut,tb-01,7,6,EA,tyre,,PARTIAL,2026-07-12 10:48:42
6069,141905,fuel filter (js-1075),hex-45,1,1,EA,filters,,FULFILLED,2026-07-12 10:48:42
6068,141905,fuel filter (2992662),hex-45,1,1,EA,filters,,FULFILLED,2026-07-12 10:48:42
6067,141905,oil filter (2992242),hex-45,1,1,EA,filters,,FULFILLED,2026-07-12 10:48:42
6066,141904,fuel line filter (276609909900),lc-0431,1,0,EA,filters,,PENDING,2026-07-12 10:48:42
6065,141904,oil filter (276609309919),lc-0431,1,0,EA,filters,,PENDING,2026-07-12 10:48:42
6064,141904,fuel filter (276609119904),lc-0431,1,0,EA,filters,,PENDING,2026-07-12 10:48:42
6063,141904,fuel filter (278607989961),lc-0431,1,0,EA,filters,,PENDING,2026-07-12 10:48:42
8663,142300,dn125 x 40.5mm x 3900mm concrete pipe,zb-1496,5,5,EA,general_items,,FULFILLED,2026-07-12 10:48:42
8662,142300,dn125 x 90 dx 275r delivery bend,zb-1496,10,4,EA,general_items,,PARTIAL,2026-07-12 10:48:42
8661,142300,dn150 sponge ball (original),zb-1496,2,2,EA,general_items,,FULFILLED,2026-07-12 10:48:42
8660,142300,dn175 rubber seal,zb-1496,4,5,EA,bearings_seals,,FULFILLED,2026-07-12 10:48:42
8659,142300,dn125 rubber seal (b),zb-1496,5,10,EA,bearings_seals,,FULFILLED,2026-07-12 10:48:42
7261,142300,sponge ball 150mm,zb-1496 (sany dump car),2,0,EA,general_items,,PENDING,2026-07-12 10:48:42
7260,142300,175mm d o ring,zb-1496 (sany dump car),5,0,EA,general_items,,PENDING,2026-07-12 10:48:42
7259,142300,125mm d o ring,zb-1496 (sany dump car),10,0,EA,general_items,,PENDING,2026-07-12 10:48:42
7258,142300,"bend,",zb-1496 (sany dump car),4,0,EA,general_items,,PENDING,2026-07-12 10:48:42
7257,142300,"concrete mixture hose,",zb-1496 (sany dump car),5,0,EA,hydraulics,,PENDING,2026-07-12 10:48:42
8488,142301,cable lug,stores,20,20,EA,electrical,,FULFILLED,2026-07-12 10:48:42
6511,142301,main fuse 60a,stores,3,0,EA,electrical,,PENDING,2026-07-12 10:48:42
6510,142301,main fuse 40a,stores,3,0,EA,electrical,,PENDING,2026-07-12 10:48:42
6509,142301,headlight bulb (h1 24v 100w),stores,6,6,EA,electrical,,FULFILLED,2026-07-12 10:48:42
6508,142301,wire lug 6mm,stores,20,0,EA,electrical,,PENDING,2026-07-12 10:48:42
6507,142301,24v starter relay,stores,1,0,EA,electrical,,PENDING,2026-07-12 10:48:42
6506,142301,12v starter relay,stores,1,0,EA,electrical,,PENDING,2026-07-12 10:48:42
6505,142301,starter push button switch,stores,3,3,EA,electrical,,FULFILLED,2026-07-12 10:48:42
6504,142301,push button switch,stores,3,3,EA,electrical,,FULFILLED,2026-07-12 10:48:42
7262,142351,jack seat (bucket jack),hex-01 volvo ec-210b,1,1,EA,general_items,,FULFILLED,2026-07-12 10:48:42
7256,142299,hydraulic hose repair,ld-08 (shantui sl50),1,1,EA,hydraulics,,FULFILLED,2026-07-12 10:48:42
7255,142299,hydraulic hose,ld-08 (shantui sl50),1,0,EA,hydraulics,,PENDING,2026-07-12 10:48:42
7254,142299,"starter relay,",ld-08 (shantui sl50),1,1,EA,electrical,,FULFILLED,2026-07-12 10:48:42
7253,142299,"main relay,",ld-08 (shantui sl50),1,1,EA,electrical,,FULFILLED,2026-07-12 10:48:42
7252,142298,starter relay,hex-17 (hyundai robex),1,1,EA,electrical,,FULFILLED,2026-07-12 10:48:42
7251,142298,main relay,hex-17 (hyundai robex),1,1,EA,electrical,,FULFILLED,2026-07-12 10:48:42
7250,142298,"key switch,",hex-17 (hyundai robex),1,1,EA,electrical,,FULFILLED,2026-07-12 10:48:42
7249,142297,bearing,single phase motor,2,2,EA,bearings_seals,,FULFILLED,2026-07-12 10:48:42
6517,142302,24v 10w bulb,stores,24,20,EA,electrical,,PARTIAL,2026-07-12 10:48:42
6516,142302,civil gloves,stores,8,0,EA,general_items,,PENDING,2026-07-12 10:48:42
6515,142302,plastic tray,stores,5,5,EA,general_items,,FULFILLED,2026-07-12 10:48:42
6514,142302,grease nipple,stores,12,12,EA,oil_lubricants,,FULFILLED,2026-07-12 10:48:42
6513,142302,blade fuse 60a (jumbo),stores,5,0,EA,electrical,,PENDING,2026-07-12 10:48:42
6512,142302,blade fuse 40a (jumbo),stores,5,0,EA,electrical,,PENDING,2026-07-12 10:48:42
8478,141903,fuel filter nfc-1702,fl-02,1,1,EA,filters,,FULFILLED,2026-07-12 10:48:42
8441,141903,transmission filter,ld-02,1,1,EA,filters,,FULFILLED,2026-07-12 10:48:42
6062,141903,fuel filter (ff5300),fl-02,1,1,EA,filters,,FULFILLED,2026-07-12 10:48:42
7248,142296,13a squre plug point,workshop/office badalgama,1,0,EA,electrical,,PENDING,2026-07-12 10:48:42
7247,142296,holder & bulb,workshop/office badalgama,3,0,EA,electrical,,PENDING,2026-07-12 10:48:42
7246,142296,13a squre plug tops,workshop/office badalgama,2,0,EA,electrical,,PENDING,2026-07-12 10:48:42
7245,142296,"extension cord,,",workshop/office badalgama,1,0,EA,general_items,,PENDING,2026-07-12 10:48:42
7244,142295,tie rod end,41-1130 (isuzu elf),2,1,EA,general_items,,PARTIAL,2026-07-12 10:48:42
7243,142295,bust boot,41-1130 (isuzu elf),4,4,EA,general_items,,FULFILLED,2026-07-12 10:48:42
7242,142295,brake washer,41-1130 (isuzu elf),4,4,EA,general_items,,FULFILLED,2026-07-12 10:48:42
7241,142295,u bolt,41-1130 (isuzu elf),4,4,EA,general_items,,FULFILLED,2026-07-12 10:48:42
7240,142295,grease seal,41-1130 (isuzu elf),2,2,EA,bearings_seals,,FULFILLED,2026-07-12 10:48:42
7239,142295,hub bearing outer large,41-1130 (isuzu elf),2,2,EA,bearings_seals,,FULFILLED,2026-07-12 10:48:42
7238,142295,hub bearing inner small,41-1130 (isuzu elf),2,2,EA,bearings_seals,,FULFILLED,2026-07-12 10:48:42
7237,142295,"king pin set,",41-1130 (isuzu elf),1,1,EA,general_items,,FULFILLED,2026-07-12 10:48:42
9580,142295,spring blade repair,41-1130,1,1,EA,general_items,,FULFILLED,2026-07-12 10:48:42
8721,142294,stop solenoid,sl-08,1,1,EA,electrical,,FULFILLED,2026-07-12 10:48:42
7236,142294,stop cable,ld-08 (tata),1,1,EA,electrical,,FULFILLED,2026-07-12 10:48:42
7235,142293,"light, signal, etc.",pa-6399 (toyota 3l),1,1,EA,general_items,,FULFILLED,2026-07-12 10:48:42
7234,142292,head light bulb,ly-4524 (renault premium 460),4,4,EA,electrical,,FULFILLED,2026-07-12 10:48:42
7233,142291,radiator repair,48-8072(tata 1210 / 697d engine),1,1,EA,general_items,,FULFILLED,2026-07-12 10:48:42
7232,142291,"crank oil seal,",48-8072(tata 1210 / 697d engine),1,1,EA,bearings_seals,,FULFILLED,2026-07-12 10:48:42
7231,142291,fuel line filter 278609999920,48-8072(tata 1210 / 697d engine),1,1,EA,filters,,FULFILLED,2026-07-12 10:48:42
7230,142291,fuel filter ff5052,48-8072(tata 1210 / 697d engine),1,1,EA,filters,,FULFILLED,2026-07-12 10:48:42
7229,142291,crank oil seal,48-8072(tata 1210 / 697d engine),1,1,EA,bearings_seals,,FULFILLED,2026-07-12 10:48:42
7228,142290,oil pressure sensor,pj-6376 (jmc crew cab),1,1,EA,electrical,,FULFILLED,2026-07-12 10:48:42
7227,142290,manifolt packing,pj-6376 (jmc crew cab),3,2,EA,general_items,,PARTIAL,2026-07-12 10:48:42
7226,142290,injector service,pj-6376 (jmc crew cab),4,4,EA,general_items,,FULFILLED,2026-07-12 10:48:42
7225,142290,"air filter,",pj-6376 (jmc crew cab),1,0,EA,filters,,PENDING,2026-07-12 10:48:42
7224,142290,"engine mount,",pj-6376 (jmc crew cab),2,2,EA,general_items,,FULFILLED,2026-07-12 10:48:42
7223,142290,"bearing,",pj-6376 (jmc crew cab),2,2,EA,bearings_seals,,FULFILLED,2026-07-12 10:48:42
7222,142289,turbo hose,hex-23 (kobelco sk200),1,0,EA,hydraulics,,PENDING,2026-07-12 10:48:42
7221,142289,oil filterfilters sfc-7939308,hex-23 (kobelco sk200),1,0,EA,filters,,PENDING,2026-07-12 10:48:42
7220,142289,oil filterfilters c-1316,hex-23 (kobelco sk200),1,1,EA,filters,,FULFILLED,2026-07-12 10:48:42
7219,142289,"display repair,",hex-23 (kobelco sk200),1,1,EA,general_items,,FULFILLED,2026-07-12 10:48:42
7218,142289,"bearing,",hex-23 (kobelco sk200),1,1,EA,bearings_seals,,FULFILLED,2026-07-12 10:48:42
6503,141350,dettol,office / stores,1,1,EA,general_items,,FULFILLED,2026-07-12 10:48:42
6502,141350,petrol,stores,34,4,EA,general_items,,PARTIAL,2026-07-12 10:48:42
6501,141350,kerosene oil,stores,22,20,EA,oil_lubricants,,PARTIAL,2026-07-12 10:48:42
6500,141350,cotton waste,stores,20,27,EA,general_items,,FULFILLED,2026-07-12 10:48:42
9312,140590,starter motor new 12v,hex-36,1,1,EA,electrical,,FULFILLED,2026-07-12 10:48:42
7217,142288,electric fuel feed pump,fl-01 (fork lift),1,1,EA,general_items,,FULFILLED,2026-07-12 10:48:42
7216,142288,radiator repair,fl-01 (fork lift),1,1,EA,general_items,,FULFILLED,2026-07-12 10:48:42
7215,142287,gear lever ball joint,48-4849,1,1,EA,general_items,,FULFILLED,2026-07-12 10:48:42
6061,141902,fuel filter head (r90 / pl-420),ge-66,1,0,EA,filters,,PENDING,2026-07-12 10:48:42
6060,141902,fuel filter (27660999982),ge-66,2,2,EA,filters,,FULFILLED,2026-07-12 10:48:42
6059,141902,fuel filter (32074770909),ge-66,2,2,EA,filters,,FULFILLED,2026-07-12 10:48:42
6058,141902,fuel filter (fc-1821),ge-66,1,1,EA,filters,,FULFILLED,2026-07-12 10:48:42
6057,141902,oil filter (c-102),ge-66,1,1,EA,filters,,FULFILLED,2026-07-12 10:48:42
9314,142285,oil seal,pt-1569,1,1,EA,bearings_seals,,FULFILLED,2026-07-12 10:48:42
7214,142285,u-joint,pt-1569 (tata 207),1,1,EA,general_items,,FULFILLED,2026-07-12 10:48:42
7213,142285,pinion oil seal,pt-1569 (tata 207),2,1,EA,bearings_seals,,PARTIAL,2026-07-12 10:48:42
7212,142285,"oil seals,",pt-1569 (tata 207),2,2,EA,bearings_seals,,FULFILLED,2026-07-12 10:48:42
7211,142285,oil seals coller,pt-1569 (tata 207),2,2,EA,bearings_seals,,FULFILLED,2026-07-12 10:48:42
7210,142285,hub bearing,pt-1569 (tata 207),2,2,EA,bearings_seals,,FULFILLED,2026-07-12 10:48:42
7209,142285,center mount bearing,pt-1569 (tata 207),1,1,EA,bearings_seals,,FULFILLED,2026-07-12 10:48:42
7208,142284,radiator mounts uppper,vr-65,1,1,EA,general_items,,FULFILLED,2026-07-12 10:48:42
7207,142284,radiator mounts low,vr-65,1,1,EA,general_items,,FULFILLED,2026-07-12 10:48:42
7206,142284,fan coupling,vr-65,1,1,EA,general_items,,FULFILLED,2026-07-12 10:48:42
7205,142283,fuel rail cleaning,hex-23 (kobelco sk200 excavator),1,1,EA,general_items,,FULFILLED,2026-07-12 10:48:42
7204,142282,brushes,pa-4879 (toyota crew cab),2,1,EA,general_items,,PARTIAL,2026-07-12 10:48:42
7203,142282,oil seal,pa-4879 (toyota crew cab),1,1,EA,bearings_seals,,FULFILLED,2026-07-12 10:48:42
7202,142282,alternator seal kits,pa-4879 (toyota crew cab),1,1,EA,bearings_seals,,FULFILLED,2026-07-12 10:48:42
7201,142282,caliper dust seal kit,pa-4879 (toyota crew cab),2,2,EA,bearings_seals,,FULFILLED,2026-07-12 10:48:42
7200,142282,calipe seal kit,pa-4879 (toyota crew cab),2,2,EA,bearings_seals,,FULFILLED,2026-07-12 10:48:42
7199,142281,catloy past,hex-41 (long arm excavator),1,0,EA,general_items,,PENDING,2026-07-12 10:48:42
7198,142281,thinner,hex-41 (long arm excavator),3,0,EA,general_items,,PENDING,2026-07-12 10:48:42
7197,142281,filler,hex-41 (long arm excavator),1,0,EA,general_items,,PENDING,2026-07-12 10:48:42
7196,142281,primer,hex-41 (long arm excavator),1,2,EA,general_items,,FULFILLED,2026-07-12 10:48:42
7195,142281,"paint (yellow,)",hex-41 (long arm excavator),2,0,EA,general_items,,PENDING,2026-07-12 10:48:42
8543,141901,fuel line filter p-8824500,ld-09,1,1,EA,filters,,FULFILLED,2026-07-12 10:48:42
6056,141901,fuel filter (32/925994),za-6069,1,1,EA,filters,,FULFILLED,2026-07-12 10:48:42
6055,141901,air filter (16546-90000),51-8083,1,1,EA,filters,,FULFILLED,2026-07-12 10:48:42
6054,141901,fuel filter (sff-5486),ld-09,1,2,EA,filters,,FULFILLED,2026-07-12 10:48:42
6053,141901,fuel filter (pl-420),ld-09,1,1,EA,filters,,FULFILLED,2026-07-12 10:48:42
6052,141901,oil filter (c-?? unclear),ld-09,2,2,EA,filters,,FULFILLED,2026-07-12 10:48:42
6051,141901,fuel filter (afm ca347),ph-0765,1,1,EA,filters,,FULFILLED,2026-07-12 10:48:42
6050,141901,oil filter (zo-1435),ph-0765,1,1,EA,filters,,FULFILLED,2026-07-12 10:48:42
6049,141901,fuel filter (ff-5052),ld-05,1,1,EA,filters,,FULFILLED,2026-07-12 10:48:42
6048,141901,fuel water separator (r90 / pl-420),hex-41,1,1,EA,general_items,,FULFILLED,2026-07-12 10:48:42
6047,141901,fuel filter (ff-5052),hex-41,1,1,EA,filters,,FULFILLED,2026-07-12 10:48:42
7194,142280,shaft repair,hex-40 (sany excavator),1,1,EA,general_items,,FULFILLED,2026-07-12 10:48:42
7193,142280,jack seal kit,hex-40 (sany excavator),1,1,EA,bearings_seals,,FULFILLED,2026-07-12 10:48:42
7192,142279,heater plug,ph-6744 (jmc crew cab),4,4,EA,electrical,,FULFILLED,2026-07-12 10:48:42
7191,142278,brush set,li-3851 (tata 1615),1,1,EA,general_items,,FULFILLED,2026-07-12 10:48:42
7190,142278,"brush holder,",li-3851 (tata 1615),1,1,EA,general_items,,FULFILLED,2026-07-12 10:48:42
7189,142278,"armature 12v,",li-3851 (tata 1615),1,1,EA,general_items,,FULFILLED,2026-07-12 10:48:42
7188,142277,hand grease gun,hex-41 (long arm excavator),13,1,EA,oil_lubricants,,PARTIAL,2026-07-12 10:48:42
7187,142277,"solenoid,",hex-41 (long arm excavator),1,1,EA,electrical,,FULFILLED,2026-07-12 10:48:42
7186,142277,"bush,",hex-41 (long arm excavator),2,2,EA,bearings_seals,,FULFILLED,2026-07-12 10:48:42
7185,142277,"bush,",hex-41 (long arm excavator),4,4,EA,bearings_seals,,FULFILLED,2026-07-12 10:48:42
7184,142277,"bush,",hex-41 (long arm excavator),3,3,EA,bearings_seals,,FULFILLED,2026-07-12 10:48:42
8613,142276,led fog light bulb,lp-1578,2,2,EA,electrical,,FULFILLED,2026-07-12 10:48:42
7183,142276,reverse light (24v led),lp-1578 (tata 1618),2,0,EA,electrical,,PENDING,2026-07-12 10:48:42
8472,142272,wheel brush (1am),ph-3945,1,1,EA,tyre,,FULFILLED,2026-07-12 10:48:42
8201,142272,clutch plate,pa-4193,10,1,EA,general_items,,PARTIAL,2026-07-12 10:48:42
8200,142272,steering rack assy,pa-4193,1,1,EA,general_items,,FULFILLED,2026-07-12 10:48:42
8141,142272,wheel brush (1am),ph-3945,1,1,EA,tyre,,FULFILLED,2026-07-12 10:48:42
7176,142272,alloy wheel nut 19mm,pa-4193 (toyota hilux),10,0,EA,tyre,,PENDING,2026-07-12 10:48:42
7175,142272,wheel brush,pa-4193 (toyota hilux),1,0,EA,tyre,,PENDING,2026-07-12 10:48:42
7182,142274,fan,lo-4824 (tata 1618),1,0,EA,general_items,,PENDING,2026-07-12 10:48:42
7181,142274,brake light,lo-4824 (tata 1618),2,2,EA,general_items,,FULFILLED,2026-07-12 10:48:42
7180,142274,side mirror,lo-4824 (tata 1618),1,1,EA,general_items,,FULFILLED,2026-07-12 10:48:42
7179,142274,"wiper blade,",lo-4824 (tata 1618),2,2,EA,general_items,,FULFILLED,2026-07-12 10:48:42
7178,142273,bucket jack seal kit & bush,hex-41 (hyundai excavator),2,0,EA,bearings_seals,,PENDING,2026-07-12 10:48:42
7177,142273,bucket jack seal kit & bush,hex-41 (hyundai excavator),1,0,EA,bearings_seals,,PENDING,2026-07-12 10:48:42
7174,142271,injector repair 4nos,sl-14 (skid loader 450),1,1,EA,general_items,,FULFILLED,2026-07-12 10:48:42
7173,142271,injector pump repair,sl-14 (skid loader 450),1,1,EA,general_items,,FULFILLED,2026-07-12 10:48:42
7172,142270,brake booster repair kit,mg-15 (motor grader),1,1,EA,general_items,,FULFILLED,2026-07-12 10:48:42
7171,142269,spring blade repair,za-8033 (ep/03 truck mixer),1,1,EA,general_items,,FULFILLED,2026-07-12 10:48:42
7170,142268,upper arm bush,pa-4879 (toyota 5l crew cab),2,0,EA,bearings_seals,,PENDING,2026-07-12 10:48:42
6499,141349,grease hose repair,service bay,1,1,EA,hydraulics,,FULFILLED,2026-07-12 10:48:42
6498,141348,hand gloves,stores,12,0,EA,general_items,,PENDING,2026-07-12 10:48:42
8484,142266,crank oil seal,48-8072,1,1,EA,bearings_seals,,FULFILLED,2026-07-12 10:48:42
8482,142266,radiator repair,48-8072,1,1,EA,general_items,,FULFILLED,2026-07-12 10:48:42
7166,142266,bearing 6305ll,48-8072,1,1,EA,bearings_seals,,FULFILLED,2026-07-12 10:48:42
7165,142266,flywheel,ld-8072 (tata 1210),1,1,EA,general_items,,FULFILLED,2026-07-12 10:48:42
7169,142267,hub bearing seal,ly-5120 (leyland),1,1,EA,bearings_seals,,FULFILLED,2026-07-12 10:48:42
7168,142267,hub bearing outer large,ly-5120 (leyland),1,1,EA,bearings_seals,,FULFILLED,2026-07-12 10:48:42
7167,142267,hub bearing inner small,ly-5120 (leyland),1,1,EA,bearings_seals,,FULFILLED,2026-07-12 10:48:42
7164,142265,bearing 6307/10,electric motor,1,1,EA,bearings_seals,,FULFILLED,2026-07-12 10:48:42
7163,142265,bearing 6309vad,electric motor,1,1,EA,bearings_seals,,FULFILLED,2026-07-12 10:48:42
7162,142264,abite packing 2mm,work shop stores,1,0,EA,general_items,,PENDING,2026-07-12 10:48:42
7161,142263,compound,lm-7949 (tata 9013),100,2,EA,general_items,,PARTIAL,2026-07-12 10:48:42
7160,142263,primer,lm-7949 (tata 9013),0.25,0,EA,general_items,,PENDING,2026-07-12 10:48:42
7159,142262,rewinding electric air compressor,workshop,1,0,EA,general_items,,PENDING,2026-07-12 10:48:42
7158,142261,packing sheet,pv-6889 (tata 207),1,0,EA,general_items,,PENDING,2026-07-12 10:48:42
7157,142261,silencer flexible,pv-6889 (tata 207),1,0,EA,general_items,,PENDING,2026-07-12 10:48:42
7156,142260,brake oil hose,pa-4879 (toyota crew cab),1,1,EA,hydraulics,,FULFILLED,2026-07-12 10:48:42
7155,142260,rack end hook,pa-4879 (toyota crew cab),2,2,EA,general_items,,FULFILLED,2026-07-12 10:48:42
7154,142260,tie rod end,pa-4879 (toyota crew cab),2,2,EA,general_items,,FULFILLED,2026-07-12 10:48:42
7153,142260,rear shockabsober,pa-4879 (toyota crew cab),2,2,EA,general_items,,FULFILLED,2026-07-12 10:48:42
7152,142260,stabilizer bar link and bush,pa-4879 (toyota crew cab),4,4,EA,bearings_seals,,FULFILLED,2026-07-12 10:48:42
7151,142260,stabilizer bar link bush,pa-4879 (toyota crew cab),2,2,EA,bearings_seals,,FULFILLED,2026-07-12 10:48:42
7150,142260,stabilizer bar d bush,pa-4879 (toyota crew cab),2,2,EA,bearings_seals,,FULFILLED,2026-07-12 10:48:42
7149,142259,gear link bush,pa-4879 (toyota 5l crew cab),4,4,EA,bearings_seals,,FULFILLED,2026-07-12 10:48:42
7148,142259,gear link plastic bush,pa-4879 (toyota 5l crew cab),2,2,EA,bearings_seals,,FULFILLED,2026-07-12 10:48:42
7147,142259,gear link plastic bush,pa-4879 (toyota 5l crew cab),10,10,EA,bearings_seals,,FULFILLED,2026-07-12 10:48:42
7146,142259,gear link rubber bush,pa-4879 (toyota 5l crew cab),4,4,EA,bearings_seals,,FULFILLED,2026-07-12 10:48:42
7145,142259,gear link ball joint,pa-4879 (toyota 5l crew cab),1,1,EA,general_items,,FULFILLED,2026-07-12 10:48:42
7144,142259,gear link ball joint,pa-4879 (toyota 5l crew cab),1,1,EA,general_items,,FULFILLED,2026-07-12 10:48:42
7143,142259,gear link ball joint,pa-4879 (toyota 5l crew cab),2,2,EA,general_items,,FULFILLED,2026-07-12 10:48:42
9315,141347,hose clip 1/2,stores,20,12,EA,hydraulics,,PARTIAL,2026-07-12 10:48:42
6497,141347,brake oil (350ml),stores,12,12,EA,oil_lubricants,,FULFILLED,2026-07-12 10:48:42
6496,141347,13 nut & bolt,stores,20,0,EA,general_items,,PENDING,2026-07-12 10:48:42
6495,141347,hose clip 1,stores,20,12,EA,hydraulics,,PARTIAL,2026-07-12 10:48:42
6494,141347,hose clip  3/2,stores,20,12,EA,hydraulics,,PARTIAL,2026-07-12 10:48:42
6493,141347,hose clip 2/3,stores,20,12,EA,hydraulics,,PARTIAL,2026-07-12 10:48:42
6492,141347,sealastic 999,stores,5,5,EA,general_items,,FULFILLED,2026-07-12 10:48:42
6491,141347,araldite,stores,5,0,EA,general_items,,PENDING,2026-07-12 10:48:42
6490,141347,super glue tube,stores,24,12,EA,tyre,,PARTIAL,2026-07-12 10:48:42
8720,140897,signal light,pa-4879 battery,1,1,EA,general_items,,FULFILLED,2026-07-12 10:48:42
7114,140897,signal light repair,pa-4879 toyota crew cab,1,1,EA,general_items,,FULFILLED,2026-07-12 10:48:42
8470,142253,ac belt (a-46),hex-41,1,1,EA,belts,,FULFILLED,2026-07-12 10:48:42
7125,142253,ac compressor wire,hex-41,1,0,EA,electrical,,PENDING,2026-07-12 10:48:42
7124,142253,a/c belt (a-46),hex-41,1,1,EA,belts,,FULFILLED,2026-07-12 10:48:42
8164,142255,bolt with s/washer,pa-4193,1,15,EA,general_items,,FULFILLED,2026-07-12 10:48:42
7129,142255,fuel tank cap,pa-4193 (toyota hilux),1,1,EA,general_items,,FULFILLED,2026-07-12 10:48:42
7142,142258,empty polysack bags,w/s (stores),6,6,EA,general_items,,FULFILLED,2026-07-12 10:48:42
7141,142258,wood powder,w/s (stores),6,6,EA,general_items,,FULFILLED,2026-07-12 10:48:42
7140,142257,water pump,pj-6376 (crew cab 310),1,1,EA,general_items,,FULFILLED,2026-07-12 10:48:42
7139,142257,gasket kit,pj-6376 (crew cab 310),1,1,EA,bearings_seals,,FULFILLED,2026-07-12 10:48:42
7138,142257,cam bush set,pj-6376 (crew cab 310),1,1,EA,bearings_seals,,FULFILLED,2026-07-12 10:48:42
7137,142257,pin bush set,pj-6376 (crew cab 310),1,1,EA,bearings_seals,,FULFILLED,2026-07-12 10:48:42
7136,142257,trust bearing set,pj-6376 (crew cab 310),1,1,EA,bearings_seals,,FULFILLED,2026-07-12 10:48:42
7135,142257,big end bearing set,pj-6376 (crew cab 310),1,1,EA,bearings_seals,,FULFILLED,2026-07-12 10:48:42
7134,142257,main bearing,pj-6376 (crew cab 310),1,1,EA,bearings_seals,,FULFILLED,2026-07-12 10:48:42
7133,142257,rings set,pj-6376 (crew cab 310),1,1,EA,general_items,,FULFILLED,2026-07-12 10:48:42
7132,142257,piston set,pj-6376 (crew cab 310),1,0,EA,general_items,,PENDING,2026-07-12 10:48:42
7131,142257,slveeve set,pj-6376 (crew cab 310),1,1,EA,general_items,,FULFILLED,2026-07-12 10:48:42
7130,142256,water hose -u-,41-1130 (isuzu diesel bowser),1,1,EA,hydraulics,,FULFILLED,2026-07-12 10:48:42
7128,142254,beeding,ph-3645,1,0,EA,general_items,,PENDING,2026-07-12 10:48:42
7127,142254,screw nuts,ph-3645,8,0,EA,general_items,,PENDING,2026-07-12 10:48:42
7126,142254,signal light cup,ph-3645,2,0,EA,general_items,,PENDING,2026-07-12 10:48:42
7123,142252,head lamp,lh-4057 (leyland 1613),2,2,EA,electrical,,FULFILLED,2026-07-12 10:48:42
7122,142252,engine stop cable,lh-4057 (leyland 1613),1,1,EA,electrical,,FULFILLED,2026-07-12 10:48:42
7121,142252,accelerator cable,lh-4057 (leyland 1613),1,1,EA,electrical,,FULFILLED,2026-07-12 10:48:42
7120,142252,fuel feed pump assembly,lh-4057 (leyland 1613),1,1,EA,general_items,,FULFILLED,2026-07-12 10:48:42
7119,142251,fuel feed pump assembly,lc-0434 (tata 1613),1,1,EA,general_items,,FULFILLED,2026-07-12 10:48:42
7118,140899,briat white paint,petrol engine paint,4,0,EA,general_items,,PENDING,2026-07-12 10:48:42
7117,140899,filler paint,petrol engine paint,4,0,EA,general_items,,PENDING,2026-07-12 10:48:42
7116,140898,brush set,hex-23,1,1,EA,general_items,,FULFILLED,2026-07-12 10:48:42
7115,140898,brush holder,hex-23,1,1,EA,general_items,,FULFILLED,2026-07-12 10:48:42
9342,140895,spring balde repair,lc-0434,1,1,EA,general_items,,FULFILLED,2026-07-12 10:48:42
7112,140895,power steering hose repair,lc-0434 tata 1613,1,1,EA,hydraulics,,FULFILLED,2026-07-12 10:48:42
8507,140888,boddy controller unit,ph-3945,1,1,EA,general_items,,FULFILLED,2026-07-12 10:48:42
8506,140888,rail pressor sensor with fuel rail,ph-3945,1,1,EA,electrical,,FULFILLED,2026-07-12 10:48:42
8143,140888,boddy controller unit,ph-3945,1,1,EA,general_items,,FULFILLED,2026-07-12 10:48:42
8142,140888,rail pressor sensor with fuel rail,ph-3945,1,1,EA,electrical,,FULFILLED,2026-07-12 10:48:42
7102,140888,steering shaft rubber cover,ph-3945,1,0,EA,general_items,,PENDING,2026-07-12 10:48:42
7101,140888,bush,ph-3945,1,0,EA,bearings_seals,,PENDING,2026-07-12 10:48:42
7100,140888,rail pressure sensor,ph-3945,1,1,EA,electrical,,FULFILLED,2026-07-12 10:48:42
7099,140888,engine service,ph-3945,4,4,EA,general_items,,FULFILLED,2026-07-12 10:48:42
8468,140894,wiper blade,lp-1578,2,2,EA,general_items,,FULFILLED,2026-07-12 10:48:42
7111,140894,tail light set,lp-1578,2,0,EA,electrical,,PENDING,2026-07-12 10:48:42
8465,140892,speedometer cable,pa-4879 budalgar,1,1,EA,electrical,,FULFILLED,2026-07-12 10:48:42
7109,140892,bearing small,electrical compressure,1,1,EA,bearings_seals,,FULFILLED,2026-07-12 10:48:42
7108,140892,bearing large,electrical compressure,1,1,EA,bearings_seals,,FULFILLED,2026-07-12 10:48:42
8438,140896,door handle bolt,pa-4879,1,2,EA,general_items,,FULFILLED,2026-07-12 10:48:42
7113,140896,speedo meter cable,pa-4879 toyota crew cab,1,1,EA,electrical,,FULFILLED,2026-07-12 10:48:42
7110,140893,tail light set,gl-0019,1,2,EA,electrical,,FULFILLED,2026-07-12 10:48:42
7107,140891,catloy past,ph-3945,500,500,EA,general_items,,FULFILLED,2026-07-12 10:48:42
7106,140891,red potty,ph-3945,500,500,EA,general_items,,FULFILLED,2026-07-12 10:48:42
7105,140891,white paint,ph-3945,0.25,0.25,EA,general_items,,FULFILLED,2026-07-12 10:48:42
7104,140890,drum mixer cable,za-8445,1,1,EA,electrical,,FULFILLED,2026-07-12 10:48:42
7103,140889,piston hino jo5e,hex-23,1,1,EA,general_items,,FULFILLED,2026-07-12 10:48:42
7098,140887,engine oil cap,pa-6399,1,0,EA,oil_lubricants,,PENDING,2026-07-12 10:48:42
6489,141346,pad lock,lathe shop,4,0,EA,general_items,,PENDING,2026-07-12 10:48:42
6488,141346,petrol,stores,34,3.4,EA,general_items,,PARTIAL,2026-07-12 10:48:42
6487,141346,kerosene oil,stores,22,21.5,EA,oil_lubricants,,PARTIAL,2026-07-12 10:48:42
9313,140591,24v new viper motor with charges,lo-8350,1,1,EA,general_items,,FULFILLED,2026-07-12 10:48:42
7097,140886,break pad set,57-3062,1,1,EA,general_items,,FULFILLED,2026-07-12 10:48:42
7096,140886,power steering belt,57-3062,1,1,EA,belts,,FULFILLED,2026-07-12 10:48:42
7095,140886,ac belt,57-3062,1,1,EA,belts,,FULFILLED,2026-07-12 10:48:42
7094,140885,battery post repair,workshop,2,2,EA,battery,,FULFILLED,2026-07-12 10:48:42
6486,141345,5m steel tape,main stores,2,2,EA,general_items,,FULFILLED,2026-07-12 10:48:42
6485,141344,fuse 35a,stores,30,0,EA,electrical,,PENDING,2026-07-12 10:48:42
6484,141344,relay holder,stores,6,6,EA,electrical,,FULFILLED,2026-07-12 10:48:42
6483,141344,wire lug 10mm hole,stores,12,0,EA,electrical,,PENDING,2026-07-12 10:48:42
6482,141344,wire lug 6mm,stores,12,0,EA,electrical,,PENDING,2026-07-12 10:48:42
6481,141344,main fuse 40a,stores,3,0,EA,electrical,,PENDING,2026-07-12 10:48:42
6480,141344,main fuse 30a,stores,3,0,EA,electrical,,PENDING,2026-07-12 10:48:42
6479,141344,main fuse 60a,stores,3,0,EA,electrical,,PENDING,2026-07-12 10:48:42
6478,141344,fuse 20a,stores,20,30,EA,electrical,,FULFILLED,2026-07-12 10:48:42
6477,141344,fuse 15a,stores,20,30,EA,electrical,,FULFILLED,2026-07-12 10:48:42
6476,141344,fuse 10a,stores,20,30,EA,electrical,,FULFILLED,2026-07-12 10:48:42
9341,140884,spring leaf anchor,za-8033,1,1,EA,general_items,,FULFILLED,2026-07-12 10:48:42
8480,140884,spring blade repair,za-8033,1,1,EA,general_items,,FULFILLED,2026-07-12 10:48:42
8479,140884,spring blade repair (spare),za-8033,1,1,EA,general_items,,FULFILLED,2026-07-12 10:48:42
7093,140884,spring light arm,za-8033,1,1,EA,general_items,,FULFILLED,2026-07-12 10:48:42
8549,140500,fuel filter (f-7085),ac-38,1,1,EA,filters,,FULFILLED,2026-07-12 10:48:42
8548,140500,hybrid filter hd091428f,ac-38,1,1,EA,filters,,FULFILLED,2026-07-12 10:48:42
8546,140500,fuel filter (f-496a),ph-3945,1,1,EA,filters,,FULFILLED,2026-07-12 10:48:42
8545,140500,fuel line filter p-8824500,lk-4058,1,1,EA,filters,,FULFILLED,2026-07-12 10:48:42
8544,140500,fuel line filter p-8824500,lk-4057,1,1,EA,filters,,FULFILLED,2026-07-12 10:48:42
8356,140500,truck line pin,hex-05,3,2,EA,general_items,,PARTIAL,2026-07-12 10:48:42
8156,140500,c-805 oil filter,ac-38,1,1,EA,filters,,FULFILLED,2026-07-12 10:48:42
8152,140500,turbo repair,ac-38,1,1,EA,general_items,,FULFILLED,2026-07-12 10:48:42
6046,140500,fuel filter (f-7065),ac-38,1,1,EA,filters,,FULFILLED,2026-07-12 10:48:42
6045,140500,hydraulic filter (hdc11438f),ac-38,1,1,EA,filters,,FULFILLED,2026-07-12 10:48:42
6044,140500,air filter (g45660),lk-4057,1,1,EA,filters,,FULFILLED,2026-07-12 10:48:42
6043,140500,fuel filter (099933),ph-3945,1,1,EA,filters,,FULFILLED,2026-07-12 10:48:42
6042,140500,fuel filter (f-496a),li-4058,1,1,EA,filters,,FULFILLED,2026-07-12 10:48:42
6041,140500,fuel line filter (fs824500),ld-05,3,3,EA,filters,,FULFILLED,2026-07-12 10:48:42
8392,140881,signal light,lp-1710,1,1,EA,general_items,,FULFILLED,2026-07-12 10:48:42
8391,140881,wiper blade set,lp-1710,1,2,EA,general_items,,FULFILLED,2026-07-12 10:48:42
7090,140881,dc-dc convertor,lp-1710,1,0,EA,general_items,,PENDING,2026-07-12 10:48:42
7089,140881,main switch,lp-1710,1,0,EA,electrical,,PENDING,2026-07-12 10:48:42
7092,140883,rear light cup,lp-1709,2,2,EA,general_items,,FULFILLED,2026-07-12 10:48:42
7091,140882,warm shaft with nut assemble,pr-1569,1,1,EA,general_items,,FULFILLED,2026-07-12 10:48:42
7088,140880,cupboard lock,workshop office,3,0,EA,general_items,,PENDING,2026-07-12 10:48:42
7087,140879,terbo intercooler,hex-17,1,1,EA,general_items,,FULFILLED,2026-07-12 10:48:42
7086,140878,display assemble,hex-28,1,0,EA,general_items,,PENDING,2026-07-12 10:48:42
6475,141343,wire casing,stores,48,60,EA,electrical,,FULFILLED,2026-07-12 10:48:42
6474,141343,auto wire roll (9/0.30),stores,1,1,EA,electrical,,FULFILLED,2026-07-12 10:48:42
6473,141343,12v/5w capless bulb,stores,12,12,EA,electrical,,FULFILLED,2026-07-12 10:48:42
6472,141343,12v/100w headlight bulb,stores,4,4,EA,electrical,,FULFILLED,2026-07-12 10:48:42
6471,141343,24v/100w h4 headlight bulb,stores,3,3,EA,electrical,,FULFILLED,2026-07-12 10:48:42
6470,141343,24v/10w bulb,stores,12,12,EA,electrical,,FULFILLED,2026-07-12 10:48:42
6469,141343,24v/21w single filament bulb,stores,24,24,EA,electrical,,FULFILLED,2026-07-12 10:48:42
6468,141343,24v/100w h1 bulb,stores,12,12,EA,electrical,,FULFILLED,2026-07-12 10:48:42
5919,140411,12v/65ah battery,51-7158,1,0,EA,battery,,PENDING,2026-07-12 10:48:42
9510,140877,blower fan,pa-4193,1,1,EA,general_items,,FULFILLED,2026-07-12 10:48:42
8163,140877,bolt,pa-4193,1,10,EA,general_items,,FULFILLED,2026-07-12 10:48:42
7085,140877,ac repair,pa-4193,1,1,EA,general_items,,FULFILLED,2026-07-12 10:48:42
8514,140875,head light fixing,lk-5041,2,2,EA,electrical,,FULFILLED,2026-07-12 10:48:42
8467,140875,head light,lk-5041,2,2,EA,electrical,,FULFILLED,2026-07-12 10:48:42
7083,140875,head light relay,lk-5041,2,2,EA,electrical,,FULFILLED,2026-07-12 10:48:42
8437,140874,end cap,ld-08,1,4,EA,general_items,,FULFILLED,2026-07-12 10:48:42
8408,140874,brush set,ld-08,1,4,EA,general_items,,FULFILLED,2026-07-12 10:48:42
8266,140874,big end bearing (set),ld-08,4,1,EA,bearings_seals,,PARTIAL,2026-07-12 10:48:42
7082,140874,radiator hose,ld-08,1,1,EA,hydraulics,,FULFILLED,2026-07-12 10:48:42
7081,140874,end cap,ld-08,4,0,EA,general_items,,PENDING,2026-07-12 10:48:42
7080,140874,compresser oil hose,ld-08,1,1,EA,hydraulics,,FULFILLED,2026-07-12 10:48:42
7079,140874,water hose,ld-08,1,1,EA,hydraulics,,FULFILLED,2026-07-12 10:48:42
8436,140872,condenser 300mp,electric alcomputer electric room,1,2,EA,general_items,,FULFILLED,2026-07-12 10:48:42
7077,140872,condenser 100uf +- 20%,electric room,1,1,EA,general_items,,FULFILLED,2026-07-12 10:48:42
8417,140876,speed meter cable,51-7158 van,1,1,EA,electrical,,FULFILLED,2026-07-12 10:48:42
7084,140876,clutch regulator,51-7158,1,0,EA,general_items,,PENDING,2026-07-12 10:48:42
7078,140873,engine mount,41-1130,2,2,EA,general_items,,FULFILLED,2026-07-12 10:48:42
6467,141342,lead wire,stores,6,18,EA,electrical,,FULFILLED,2026-07-12 10:48:42
6466,141342,caustic soda,stores,5,4,EA,general_items,,PARTIAL,2026-07-12 10:48:42
8481,140869,tail light set,lo-5981,1,2,EA,electrical,,FULFILLED,2026-07-12 10:48:42
7073,140869,indoor fan,lo-5981,1,0,EA,general_items,,PENDING,2026-07-12 10:48:42
7072,140869,signal light set rear,lo-5981,2,0,EA,general_items,,PENDING,2026-07-12 10:48:42
7071,140869,signal light set,lo-5981,1,1,EA,general_items,,FULFILLED,2026-07-12 10:48:42
7070,140869,viper blade,lo-5981,2,2,EA,general_items,,FULFILLED,2026-07-12 10:48:42
7076,140871,brake liner,lx-1045,6,8,EA,general_items,,FULFILLED,2026-07-12 10:48:42
7075,140870,news paper,lm-7949 tata 1615,1,1,EA,general_items,,FULFILLED,2026-07-12 10:48:42
7074,140870,1 masking tape,lm-7949 tata 1615,3,3,EA,general_items,,FULFILLED,2026-07-12 10:48:42
7069,140868,speedo meter cable,325-5120,1,1,EA,electrical,,FULFILLED,2026-07-12 10:48:42
7068,140867,viper blade,lc-0434 tata 1613,2,2,EA,general_items,,FULFILLED,2026-07-12 10:48:42
7067,140866,lock rear canopy door,ph-3945,1,1,EA,general_items,,FULFILLED,2026-07-12 10:48:42
7066,140865,brush holder,ln-9046 eicher tipper,1,1,EA,general_items,,FULFILLED,2026-07-12 10:48:42
6465,141341,coconut oil,lathe shop (badalgama),1,2,EA,oil_lubricants,,FULFILLED,2026-07-12 10:48:42
8435,140863,swip ring repair,hex-40,1,1,EA,general_items,,FULFILLED,2026-07-12 10:48:42
8433,140863,brush,hex-40,2,2,EA,general_items,,FULFILLED,2026-07-12 10:48:42
8432,140863,beaming bozo,hex-40,1,1,EA,general_items,,FULFILLED,2026-07-12 10:48:42
7065,140863,ship ring repair,hex-40,1,1,EA,general_items,,FULFILLED,2026-07-12 10:48:42
7064,140863,bearing,hex-40,2,2,EA,bearings_seals,,FULFILLED,2026-07-12 10:48:42
7063,140863,rotery coil winding,hex-40,1,1,EA,electrical,,FULFILLED,2026-07-12 10:48:42
8349,140862,radiator cleaning,ld-08,2,1,EA,general_items,,PARTIAL,2026-07-12 10:48:42
7062,140862,radiator hose,ld-08,2,0,EA,hydraulics,,PENDING,2026-07-12 10:48:42
6464,141340,broom,stores / office / engine room,5,5,EA,general_items,,FULFILLED,2026-07-12 10:48:42
6463,141340,cotton waste,stores,20,15,EA,general_items,,PARTIAL,2026-07-12 10:48:42
6462,141340,petrol,stores,4,3.4,EA,general_items,,PARTIAL,2026-07-12 10:48:42
6461,141340,kerosene oil,stores,22,22,EA,oil_lubricants,,FULFILLED,2026-07-12 10:48:42
6040,140499,fuel filter (pu-1059-3),za-1469,1,1,EA,filters,,FULFILLED,2026-07-12 10:48:42
6039,140499,fuel filter (pl-421),za-1469,1,1,EA,filters,,FULFILLED,2026-07-12 10:48:42
6038,140499,oil filter (51-05504-0105),za-1469,1,1,EA,filters,,FULFILLED,2026-07-12 10:48:42
9505,140582,industrial socket,gl-0019,2,2,EA,general_items,,FULFILLED,2026-07-12 10:48:42
8425,140861,hub seal,325-5120,2,1,EA,bearings_seals,,PARTIAL,2026-07-12 10:48:42
7061,140861,hub bearing,325-5120,2,2,EA,bearings_seals,,FULFILLED,2026-07-12 10:48:42
7060,140860,seal,lathe machine,1,0,EA,bearings_seals,,PENDING,2026-07-12 10:48:42
7059,140860,needle holding,lathe machine,2,2,EA,general_items,,FULFILLED,2026-07-12 10:48:42
7058,140860,bearing 6004,lathe machine,3,3,EA,bearings_seals,,FULFILLED,2026-07-12 10:48:42
7057,140859,condenser cbb60/4uf+-5%sh,engine room,1,1,EA,general_items,,FULFILLED,2026-07-12 10:48:42
7056,140858,diesel bowser fuel pump,40-2955,1,0,EA,general_items,,PENDING,2026-07-12 10:48:42
5917,140409,150 amp new battery,lp-1578,2,0,EA,battery,,PENDING,2026-07-12 10:48:42
8434,140856,diesel tank cup key (cummer),pa-6399,2,1,EA,general_items,,PARTIAL,2026-07-12 10:48:42
7051,140856,hood light,pa-6399,1,1,EA,general_items,,FULFILLED,2026-07-12 10:48:42
7050,140856,signal light,pa-6399,1,1,EA,general_items,,FULFILLED,2026-07-12 10:48:42
7049,140856,key cutting,pa-6399,2,1,EA,general_items,,PARTIAL,2026-07-12 10:48:42
7055,140857,air filter,01 ton roller,1,1,EA,filters,,FULFILLED,2026-07-12 10:48:42
7054,140857,injector pump repair,01 ton roller,1,1,EA,general_items,,FULFILLED,2026-07-12 10:48:42
7053,140857,injector repair,01 ton roller,1,1,EA,general_items,,FULFILLED,2026-07-12 10:48:42
7052,140857,diesel light filter,01 ton roller,1,1,EA,filters,,FULFILLED,2026-07-12 10:48:42
7048,140855,hand gloves,work shop,12,12,EA,general_items,,FULFILLED,2026-07-12 10:48:42
7047,140854,oil hose,pv-6889 tata 207,1,1,EA,hydraulics,,FULFILLED,2026-07-12 10:48:42
7046,140853,steering jack seal kit,tm-20,1,1,EA,bearings_seals,,FULFILLED,2026-07-12 10:48:42
7045,140852,wiper arm repair,lo-05,1,1,EA,general_items,,FULFILLED,2026-07-12 10:48:42
7044,140851,shock absorber repair,51-8053,1,1,EA,general_items,,FULFILLED,2026-07-12 10:48:42
7043,140999,bush (long arm),hex-27 hyundai 290 excavator,2,2,EA,bearings_seals,,FULFILLED,2026-07-12 10:48:42
7042,140999,bush,hex-27 hyundai 290 excavator,2,2,EA,bearings_seals,,FULFILLED,2026-07-12 10:48:42
6460,141338,insulating tape,stores,24,24,EA,general_items,,FULFILLED,2026-07-12 10:48:42
9509,140586,viper motor repair,stores,2,2,EA,general_items,,FULFILLED,2026-07-12 10:48:42
9508,140585,re condition starter motor,ll-0936,1,1,EA,electrical,,FULFILLED,2026-07-12 10:48:42
9504,140989,seat belt r,pa-6889,1,1,EA,belts,,FULFILLED,2026-07-12 10:48:42
8362,140495,fuel water filter (highlighted),lp-1579 / lp-1581,1,2,EA,filters,,FULFILLED,2026-07-12 10:48:42
6033,140495,fuel filter (ff-5052),hd-05,1,1,EA,filters,,FULFILLED,2026-07-12 10:48:42
6032,140495,hydraulic filter (js-4013),hd-05,1,1,EA,filters,,FULFILLED,2026-07-12 10:48:42
6031,140495,air filter (js-3001ar),hd-05,1,1,EA,filters,,FULFILLED,2026-07-12 10:48:42
6030,140495,transmission oil filter (js-2069),hd-05,1,1,EA,filters,,FULFILLED,2026-07-12 10:48:42
8273,140408,door beading (2nd entry),pv-6889,1,2,EA,general_items,,FULFILLED,2026-07-12 10:48:42
5916,140408,12v/90ah battery,pv-6889,1,0,EA,battery,,PENDING,2026-07-12 10:48:42
7041,140988,fan belt,vr-12 5t bomag roller,1,1,EA,belts,,FULFILLED,2026-07-12 10:48:42
7040,140988,radiator mount,vr-12 5t bomag roller,2,2,EA,general_items,,FULFILLED,2026-07-12 10:48:42
7039,140982,hand brake cable,pv-6889 tata 207,1,1,EA,electrical,,FULFILLED,2026-07-12 10:48:42
7038,140982,meter cable,pv-6889 tata 207,1,1,EA,electrical,,FULFILLED,2026-07-12 10:48:42
7037,140982,cable,pv-6889 tata 207,2,0,EA,electrical,,PENDING,2026-07-12 10:48:42
7036,140982,drying rubber,pv-6889 tata 207,2,0,EA,general_items,,PENDING,2026-07-12 10:48:42
7035,140982,cylinder repair (right side),pv-6889 tata 207,1,1,EA,hydraulics,,FULFILLED,2026-07-12 10:48:42
6459,141336,single filament bulb holder,stores,12,1,EA,electrical,,PARTIAL,2026-07-12 10:48:42
6037,140498,air filter (100044918),sr-13,1,1,EA,filters,,FULFILLED,2026-07-12 10:48:42
6036,140497,fuel filter (f-513),lo-7655,1,1,EA,filters,,FULFILLED,2026-07-12 10:48:42
6035,140497,oil filter (c-596),lo-7655,1,1,EA,filters,,FULFILLED,2026-07-12 10:48:42
6034,140496,air filter (a-8553),sr-09,1,1,EA,filters,,FULFILLED,2026-07-12 10:48:42
7034,140979,13 amp plug top,workshop,2,2,EA,battery,,FULFILLED,2026-07-12 10:48:42
7033,140979,13 amp plug base,workshop,2,2,EA,battery,,FULFILLED,2026-07-12 10:48:42
7032,140979,double sun box,workshop,1,1,EA,general_items,,FULFILLED,2026-07-12 10:48:42
5918,140410,12v/120ah battery,za-7290,1,0,EA,battery,,PENDING,2026-07-12 10:48:42
8762,140971,battery,w/s stores,1,1,EA,battery,,FULFILLED,2026-07-12 10:48:42
7014,140971,infrared thermometer,workshop stores,1,0,EA,general_items,,PENDING,2026-07-12 10:48:42
7013,140971,heat gun,workshop stores,1,1,EA,general_items,,FULFILLED,2026-07-12 10:48:42
8416,140968,hub,pa-4879,1,1,EA,general_items,,FULFILLED,2026-07-12 10:48:42
8415,140968,sleeve,pa-4879,7,1,EA,general_items,,PARTIAL,2026-07-12 10:48:42
8414,140968,brass cone,pa-4879,7,1,EA,general_items,,PARTIAL,2026-07-12 10:48:42
8413,140968,needle bearing,pa-4879,1,3,EA,bearings_seals,,FULFILLED,2026-07-12 10:48:42
8406,140968,lock,pa-4879,1,3,EA,general_items,,FULFILLED,2026-07-12 10:48:42
8405,140968,lock (synchro lock),pa-4879,3,3,EA,general_items,,FULFILLED,2026-07-12 10:48:42
8404,140968,brass cone,pa-4879,7,1,EA,general_items,,PARTIAL,2026-07-12 10:48:42
7012,140968,rubber washer (outer),pa-4879 toyota crew cab,1,0,EA,general_items,,PENDING,2026-07-12 10:48:42
7011,140968,lock with spring,pa-4879 toyota crew cab,3,3,EA,general_items,,FULFILLED,2026-07-12 10:48:42
7010,140968,gear hub (3rd/4th),pa-4879 toyota crew cab,1,1,EA,general_items,,FULFILLED,2026-07-12 10:48:42
7009,140968,needle bearing,pa-4879 toyota crew cab,7,2,EA,bearings_seals,,PARTIAL,2026-07-12 10:48:42
7031,140975,read putty,lm-7949 tata 1615,1,1,EA,general_items,,FULFILLED,2026-07-12 10:48:42
7030,140975,paint (ash colour),lm-7949 tata 1615,12,0,EA,general_items,,PENDING,2026-07-12 10:48:42
7029,140975,lacker,lm-7949 tata 1615,2,2,EA,general_items,,FULFILLED,2026-07-12 10:48:42
7028,140975,black paint (jet black),lm-7949 tata 1615,2,2,EA,general_items,,FULFILLED,2026-07-12 10:48:42
7027,140975,hack saw blade,lm-7949 tata 1615,5,5,EA,general_items,,FULFILLED,2026-07-12 10:48:42
7026,140975,thinner (normal),lm-7949 tata 1615,10,10,EA,general_items,,FULFILLED,2026-07-12 10:48:42
7025,140975,paint (white),lm-7949 tata 1615,3,3,EA,general_items,,FULFILLED,2026-07-12 10:48:42
7024,140974,cylinder head check/repair,diesel bowser,1,1,EA,hydraulics,,FULFILLED,2026-07-12 10:48:42
7023,140974,radiator cleaning,diesel bowser,1,1,EA,general_items,,FULFILLED,2026-07-12 10:48:42
7022,140974,radiator tank cover,diesel bowser,1,1,EA,general_items,,FULFILLED,2026-07-12 10:48:42
7021,140974,water hose,diesel bowser,1,1,EA,hydraulics,,FULFILLED,2026-07-12 10:48:42
7020,140974,fan belt (4t-1130),diesel bowser,2,2,EA,belts,,FULFILLED,2026-07-12 10:48:42
7019,140974,heater plug,diesel bowser,2,2,EA,electrical,,FULFILLED,2026-07-12 10:48:42
7018,140974,cam bearing set,diesel bowser,1,1,EA,bearings_seals,,FULFILLED,2026-07-12 10:48:42
7017,140974,valve oil seal set,diesel bowser,1,1,EA,bearings_seals,,FULFILLED,2026-07-12 10:48:42
7016,140974,head gasket kit (isuzu 4hf1),diesel bowser,1,1,EA,bearings_seals,,FULFILLED,2026-07-12 10:48:42
7015,140974,injector service,diesel bowser,4,4,EA,general_items,,FULFILLED,2026-07-12 10:48:42
7008,140967,field coil and armature,hex-36 bobcat e55w,1,1,EA,electrical,,FULFILLED,2026-07-12 10:48:42
7007,140967,brush set with holder,hex-36 bobcat e55w,1,1,EA,general_items,,FULFILLED,2026-07-12 10:48:42
6458,141335,sealastic,stores,5,5,EA,general_items,,FULFILLED,2026-07-12 10:48:42
6457,141335,wd-40,stores,5,5,EA,general_items,,FULFILLED,2026-07-12 10:48:42
6456,141335,petrol,stores,4,0,EA,general_items,,PENDING,2026-07-12 10:48:42
6455,141335,packing sheet,stores,3,0,EA,general_items,,PENDING,2026-07-12 10:48:42
6454,141335,kerosene oil,stores,1,22,EA,oil_lubricants,,FULFILLED,2026-07-12 10:48:42
6453,141335,masking tape,stores,5,5,EA,general_items,,FULFILLED,2026-07-12 10:48:42
6452,141335,cotton waste,stores,20,0,EA,general_items,,PENDING,2026-07-12 10:48:42
5915,140407,120/90 ah battery,ap-09,1,0,EA,battery,,PENDING,2026-07-12 10:48:42
8384,140966,100w flusher (lbd),light plant port city,2,2,EA,general_items,,FULFILLED,2026-07-12 10:48:42
7006,140966,led flash light (100w),light plant,2,0,EA,electrical,,PENDING,2026-07-12 10:48:42
9480,140494,air filter (a-8553),41-1130,1,1,EA,filters,,FULFILLED,2026-07-12 10:48:42
6029,140494,fuel filter (fc-1503),41-1190,1,1,EA,filters,,FULFILLED,2026-07-12 10:48:42
6028,140494,oil filter (c-1515),41-1190,1,1,EA,filters,,FULFILLED,2026-07-12 10:48:42
8669,140958,air filter aau-01174,dah-2491,2,1,EA,filters,,PARTIAL,2026-07-12 10:48:42
8377,140958,grease seal,dah-2491,4,4,EA,bearings_seals,,FULFILLED,2026-07-12 10:48:42
8376,140958,bearing set,dah-2491,4,2,EA,bearings_seals,,PARTIAL,2026-07-12 10:48:42
8206,140958,brush holder with regulator,dah-2491 yodha,2,1,EA,general_items,,PARTIAL,2026-07-12 10:48:42
6997,140958,grease seal,dah-2491 tata xenon,4,0,EA,bearings_seals,,PENDING,2026-07-12 10:48:42
6996,140958,bearing set,dah-2491 tata xenon,2,0,EA,bearings_seals,,PENDING,2026-07-12 10:48:42
8547,140490,fuel filter (099923) tf-9365,lk-4059,1,1,EA,filters,,FULFILLED,2026-07-12 10:48:42
6020,140490,fuel line filter (fs824500),lh-4059,1,1,EA,filters,,FULFILLED,2026-07-12 10:48:42
6019,140490,fuel filter (fs695100),lh-4059,1,1,EA,filters,,FULFILLED,2026-07-12 10:48:42
6018,140490,oil filter (x4001000),lh-4059,1,1,EA,filters,,FULFILLED,2026-07-12 10:48:42
8396,140963,chamber washer,ld-08,4,6,EA,general_items,,FULFILLED,2026-07-12 10:48:42
8395,140963,chamber washer,ld-08,1,12,EA,general_items,,FULFILLED,2026-07-12 10:48:42
8386,140963,center mount,ld-08,1,8,EA,general_items,,FULFILLED,2026-07-12 10:48:42
7005,140963,bolt,ld-08 shantui loader,4,4,EA,general_items,,FULFILLED,2026-07-12 10:48:42
7004,140963,diode plate (alternator),ld-08 shantui loader,1,0,EA,electrical,,PENDING,2026-07-12 10:48:42
7003,140963,24v regulator (alternator),ld-08 shantui loader,1,0,EA,electrical,,PENDING,2026-07-12 10:48:42
8372,140962,air filter,cep/3,1,1,EA,filters,,FULFILLED,2026-07-12 10:48:42
7002,140962,radiator cleaning,fl-3 forklift,1,1,EA,general_items,,FULFILLED,2026-07-12 10:48:42
7001,140962,stop cable repair,fl-3 forklift,1,1,EA,electrical,,FULFILLED,2026-07-12 10:48:42
7000,140959,puskara,tinkering shop,200,100,EA,general_items,,PARTIAL,2026-07-12 10:48:42
6999,140959,oxygen welding rod (2mm),tinkering shop,5,3,EA,general_items,,PARTIAL,2026-07-12 10:48:42
6998,140959,brass welding rod (3mm),tinkering shop,2,7,EA,general_items,,FULFILLED,2026-07-12 10:48:42
6027,140493,fuel filter (wisep - 27660910909),lo-4854,1,1,EA,filters,,FULFILLED,2026-07-12 10:48:42
6026,140493,fuel filter (278607989967),lo-4854,1,1,EA,filters,,FULFILLED,2026-07-12 10:48:42
6025,140492,fuel filter (fc-1821),ld-03,1,1,EA,filters,,FULFILLED,2026-07-12 10:48:42
6024,140492,oil filter (c-219),ld-03,1,1,EA,filters,,FULFILLED,2026-07-12 10:48:42
6023,140491,fuel filter (js-1810),za-2583,1,1,EA,filters,,FULFILLED,2026-07-12 10:48:42
6022,140491,fuel filter (js-1076),za-2583,1,1,EA,filters,,FULFILLED,2026-07-12 10:48:42
6021,140491,oil filter (2654407),za-2583,1,1,EA,filters,,FULFILLED,2026-07-12 10:48:42
9515,140577,spring blade repair (for spares),lo-5783,2,3,EA,general_items,,FULFILLED,2026-07-12 10:48:42
9514,140578,spring blade repair,lo-5983,2,2,EA,general_items,,FULFILLED,2026-07-12 10:48:42
9418,6892,air filter set (js-3231),ge-34,1,1,EA,filters,,FULFILLED,2026-07-12 10:48:42
9417,6892,coolent filter (600-911-1161),ge-34,1,1,EA,filters,,FULFILLED,2026-07-12 10:48:42
9416,6892,fuel filter (600-311-3510),ge-34,2,2,EA,filters,,FULFILLED,2026-07-12 10:48:42
8749,141334,1 masking tape,stores,6,5,EA,general_items,,PARTIAL,2026-07-12 10:48:42
8748,141334,2 pad lock,stores,1,3,EA,general_items,,FULFILLED,2026-07-12 10:48:42
6451,141334,araldite tube set,stores,6,6,EA,tyre,,FULFILLED,2026-07-12 10:48:42
6450,141334,carburetor & injector cleaner,stores,1,1,EA,general_items,,FULFILLED,2026-07-12 10:48:42
8679,140954,diesel cup,lb-01,2,1,EA,general_items,,PARTIAL,2026-07-12 10:48:42
8469,140954,turbocharger (repair),lb-01/2a-2609,2,1,EA,general_items,,PARTIAL,2026-07-12 10:48:42
8427,140954,a/c pump pin,lb-01 / za-2689,15,1,EA,general_items,,PARTIAL,2026-07-12 10:48:42
8426,140954,diesel pressor pipe,lb-01 / za-2689,6,1,EA,general_items,,PARTIAL,2026-07-12 10:48:42
6991,140954,hose clip,jcb,6,0,EA,hydraulics,,PENDING,2026-07-12 10:48:42
6990,140954,diesel hose,jcb,6,0,EA,hydraulics,,PENDING,2026-07-12 10:48:42
6989,140954,king pin spacer,jcb,15,15,EA,general_items,,FULFILLED,2026-07-12 10:48:42
6988,140954,swing jack bush,jcb,4,4,EA,bearings_seals,,FULFILLED,2026-07-12 10:48:42
6987,140954,bucket arm bush,jcb,8,8,EA,bearings_seals,,FULFILLED,2026-07-12 10:48:42
6986,140954,arm bush,jcb,8,8,EA,bearings_seals,,FULFILLED,2026-07-12 10:48:42
6985,140954,arm jack seal kit,jcb,2,2,EA,bearings_seals,,FULFILLED,2026-07-12 10:48:42
6984,140954,swing jack seal kit,jcb,2,2,EA,bearings_seals,,FULFILLED,2026-07-12 10:48:42
8423,140951,engine guard mount,vr-14,6,1,EA,general_items,,PARTIAL,2026-07-12 10:48:42
6981,140951,drum mount,sr-14,6,6,EA,general_items,,FULFILLED,2026-07-12 10:48:42
8407,140952,brush holder,ld-08,104,1,EA,general_items,,PARTIAL,2026-07-12 10:48:42
6982,140952,track pad,ap-08 volvo paver,104,104,EA,general_items,,FULFILLED,2026-07-12 10:48:42
8402,140953,clutch pump upper & down,51-7158,1,2,EA,general_items,,FULFILLED,2026-07-12 10:48:42
6983,140953,clutch master pump repair kit,51-7158 lite ace,1,1,EA,general_items,,FULFILLED,2026-07-12 10:48:42
8371,141333,cable lug,stores,5,20,EA,electrical,,FULFILLED,2026-07-12 10:48:42
6449,141333,hose clip (medium sizes),stores,20,0,EA,hydraulics,,PENDING,2026-07-12 10:48:42
6448,141333,hose clip (small sizes),stores,20,0,EA,hydraulics,,PENDING,2026-07-12 10:48:42
6447,141333,hose clip (various sizes),stores,90,48,EA,hydraulics,,PARTIAL,2026-07-12 10:48:42
6446,141333,arm wire 1kg,stores,20,0,EA,electrical,,PENDING,2026-07-12 10:48:42
6445,141333,caustic soda,stores,5,5,EA,general_items,,FULFILLED,2026-07-12 10:48:42
8357,140488,truck line plate,hex-05,1,2,EA,general_items,,FULFILLED,2026-07-12 10:48:42
6016,140488,fuel filter (js-1876 / water separator),ld-05,1,1,EA,filters,,FULFILLED,2026-07-12 10:48:42
6015,140488,fuel filter (js-1810),ld-05,1,1,EA,filters,,FULFILLED,2026-07-12 10:48:42
6014,140488,oil filter (js-2060),ld-05,1,1,EA,filters,,FULFILLED,2026-07-12 10:48:42
8302,140489,bush,pa-4879 (crew cab),1,4,EA,bearings_seals,,FULFILLED,2026-07-12 10:48:42
6017,140489,transmission oil filter (js-2120),cr-02,1,1,EA,filters,,FULFILLED,2026-07-12 10:48:42
6995,140955,wheel stud and bolt,lc-0434 tata 1613,1,1,EA,tyre,,FULFILLED,2026-07-12 10:48:42
6994,140955,hub oil seal,lc-0434 tata 1613,2,2,EA,bearings_seals,,FULFILLED,2026-07-12 10:48:42
6993,140955,32308 hub bearing,lc-0434 tata 1613,2,2,EA,bearings_seals,,FULFILLED,2026-07-12 10:48:42
6992,140955,56252 hub bearing,lc-0434 tata 1613,2,2,EA,bearings_seals,,FULFILLED,2026-07-12 10:48:42
9574,140955,32308 bearing,lc-0434,2,0,EA,bearings_seals,,PENDING,2026-07-12 10:48:42
6980,142450,brake booster repair kit,pneumatic roller,1,1,EA,general_items,,FULFILLED,2026-07-12 10:48:42
6979,142450,caustic soda,asphalt plant,5,0,EA,general_items,,PENDING,2026-07-12 10:48:42
8375,142446,fuel filter (th-98306),za-2609,1,1,EA,filters,,FULFILLED,2026-07-12 10:48:42
6972,142446,water separator filter head,lb-01 3dx jcb,1,1,EA,filters,,FULFILLED,2026-07-12 10:48:42
6978,142449,gear cable,lk-5048,1,1,EA,electrical,,FULFILLED,2026-07-12 10:48:42
6977,142448,fuel pump solenoid,l0-5981 tata 1619,1,1,EA,electrical,,FULFILLED,2026-07-12 10:48:42
6976,142448,fuel cut switch (24v),l0-5981 tata 1619,1,1,EA,electrical,,FULFILLED,2026-07-12 10:48:42
6975,142448,steering shaft universal joint,l0-5981 tata 1619,1,1,EA,general_items,,FULFILLED,2026-07-12 10:48:42
6974,142448,ball joint (tie rod end),l0-5981 tata 1619,1,0,EA,general_items,,PENDING,2026-07-12 10:48:42
6973,142447,clutch plate,11-7701 tata 1615,1,1,EA,general_items,,FULFILLED,2026-07-12 10:48:42
9516,140579,spring blade repair,lo-5983,1,1,EA,general_items,,FULFILLED,2026-07-12 10:48:42
8439,142443,bearing after lathing,pa-4879,1,1,EA,bearings_seals,,FULFILLED,2026-07-12 10:48:42
8382,142443,top shaft bearing 35tm,pa-4879,1,1,EA,bearings_seals,,FULFILLED,2026-07-12 10:48:42
8381,142443,main shaft bearing 6306,pa-4879,1,1,EA,bearings_seals,,FULFILLED,2026-07-12 10:48:42
8379,142443,counter shaft bearing 34rus64nc,pa-4879,2,1,EA,bearings_seals,,PARTIAL,2026-07-12 10:48:42
8378,142443,bearer box mount,pa-4879,1,1,EA,general_items,,FULFILLED,2026-07-12 10:48:42
6958,142443,needle bearing,pa-4879 toyota crew cab,4,0,EA,bearings_seals,,PENDING,2026-07-12 10:48:42
6957,142443,main shaft pilot bearing,pa-4879 toyota crew cab,1,0,EA,bearings_seals,,PENDING,2026-07-12 10:48:42
6956,142443,top shaft bearing,pa-4879 toyota crew cab,1,0,EA,bearings_seals,,PENDING,2026-07-12 10:48:42
6955,142443,main shaft bearing,pa-4879 toyota crew cab,1,1,EA,bearings_seals,,FULFILLED,2026-07-12 10:48:42
6954,142443,counter shaft bearing,pa-4879 toyota crew cab,2,1,EA,bearings_seals,,PARTIAL,2026-07-12 10:48:42
6953,142443,gearbox mount,pa-4879 toyota crew cab,1,1,EA,general_items,,FULFILLED,2026-07-12 10:48:42
8380,142444,brass cone medium (rtcb),pa-4879,1,1,EA,general_items,,FULFILLED,2026-07-12 10:48:42
6967,142444,oil seal,pa-4879 toyota crew cab,2,2,EA,bearings_seals,,FULFILLED,2026-07-12 10:48:42
6966,142444,spaces (plastic),pa-4879 toyota crew cab,1,0,EA,general_items,,PENDING,2026-07-12 10:48:42
6965,142444,synchronizer springs,pa-4879 toyota crew cab,1,0,EA,general_items,,PENDING,2026-07-12 10:48:42
6964,142444,synchronizer lock wide,pa-4879 toyota crew cab,6,0,EA,general_items,,PENDING,2026-07-12 10:48:42
6963,142444,hub (4th),pa-4879 toyota crew cab,1,0,EA,general_items,,PENDING,2026-07-12 10:48:42
6962,142444,gliding sleeve,pa-4879 toyota crew cab,1,0,EA,general_items,,PENDING,2026-07-12 10:48:42
6961,142444,brass cone (3rd/4th),pa-4879 toyota crew cab,2,2,EA,general_items,,FULFILLED,2026-07-12 10:48:42
6960,142444,brass cone (medium),pa-4879 toyota crew cab,1,0,EA,general_items,,PENDING,2026-07-12 10:48:42
6959,142444,brass cone (large),pa-4879 toyota crew cab,2,2,EA,general_items,,FULFILLED,2026-07-12 10:48:42
6971,142445,tappet cover packing,pa-4879 toyota crew cab,1,1,EA,general_items,,FULFILLED,2026-07-12 10:48:42
6970,142445,crank oil seal packing,pa-4879 toyota crew cab,1,1,EA,bearings_seals,,FULFILLED,2026-07-12 10:48:42
6969,142445,balance bar bush,pa-4879 toyota crew cab,2,2,EA,bearings_seals,,FULFILLED,2026-07-12 10:48:42
6968,142445,crank oil seal,pa-4879 toyota crew cab,1,1,EA,bearings_seals,,FULFILLED,2026-07-12 10:48:42
6952,142442,fuel cut off switch,14e-4986 eicher,1,2,EA,electrical,,FULFILLED,2026-07-12 10:48:42
6951,142442,fuel cut switch (12v),10-5981 tata 1615c,2,1,EA,electrical,,PARTIAL,2026-07-12 10:48:42
6950,142441,brake master pump,la-9908 tata bowser,1,1,EA,general_items,,FULFILLED,2026-07-12 10:48:42
6949,142439,side lamp (left side),bie-8576 motor bike,1,1,EA,electrical,,FULFILLED,2026-07-12 10:48:42
6948,142439,accelerator cable,bie-8576 motor bike,1,1,EA,electrical,,FULFILLED,2026-07-12 10:48:42
6947,142438,brush,ap-09 asphalt paver,4,4,EA,general_items,,FULFILLED,2026-07-12 10:48:42
6946,142438,brush holder,ap-09 asphalt paver,1,1,EA,general_items,,FULFILLED,2026-07-12 10:48:42
6945,142437,key cutting,smg-01 pile drive machine,1,1,EA,general_items,,FULFILLED,2026-07-12 10:48:42
6944,142436,3 jaw puller (16 inch),workshop stores,1,0,EA,general_items,,PENDING,2026-07-12 10:48:42
6943,142436,bearing puller set (jaw),workshop stores,1,1,EA,bearings_seals,,FULFILLED,2026-07-12 10:48:42
6942,142436,common rail tester kit,workshop stores,1,0,EA,general_items,,PENDING,2026-07-12 10:48:42
6941,142436,diesel injector pressure tester,workshop stores,1,1,EA,general_items,,FULFILLED,2026-07-12 10:48:42
6940,142435,oil seal,mg-03 komatsu motor grader,1,1,EA,bearings_seals,,FULFILLED,2026-07-12 10:48:42
6444,141332,3/8 anchor bolt,oil room door repair,10,10,EA,general_items,,FULFILLED,2026-07-12 10:48:42
9572,142424,hydrolic hose repair,hex-18,1,0,EA,hydraulics,,PENDING,2026-07-12 10:48:42
9571,142424,hydrolic hose repair,hex-18,1,0,EA,hydraulics,,PENDING,2026-07-12 10:48:42
6923,142424,hydraulic hose repair,hex-18 hitachi excavator,1,1,EA,hydraulics,,FULFILLED,2026-07-12 10:48:42
6922,142424,hydraulic hose repair (small),hex-18 hitachi excavator,1,1,EA,hydraulics,,FULFILLED,2026-07-12 10:48:42
8254,142432,winder bending,51-7158 van,1,1,EA,general_items,,FULFILLED,2026-07-12 10:48:42
6935,142432,hand brake cable,51-7158 van,1,1,EA,electrical,,FULFILLED,2026-07-12 10:48:42
6939,142434,water pressure hose,service bay,1,1,EA,hydraulics,,FULFILLED,2026-07-12 10:48:42
6938,142433,hose clip,lk-5048 mitsubishi fuso,1,4,EA,hydraulics,,FULFILLED,2026-07-12 10:48:42
6937,142433,water hose,lk-5048 mitsubishi fuso,1,1,EA,hydraulics,,FULFILLED,2026-07-12 10:48:42
6936,142433,power steering hose,lk-5048 mitsubishi fuso,1,1,EA,hydraulics,,FULFILLED,2026-07-12 10:48:42
6934,142431,voltage regulator (cutout),toyota crew cab 325-3449,1,1,EA,general_items,,FULFILLED,2026-07-12 10:48:42
6933,142430,starter button,air compressor,1,0,EA,electrical,,PENDING,2026-07-12 10:48:42
6932,142429,spark plug,badalgama,2,0,EA,electrical,,PENDING,2026-07-12 10:48:42
6931,142428,bolt insulator bush,isuzu forward lk-5047,1,2,EA,bearings_seals,,FULFILLED,2026-07-12 10:48:42
6930,142428,contact pieces bolt,isuzu forward lk-5047,2,2,EA,general_items,,FULFILLED,2026-07-12 10:48:42
6929,142428,contact pieces,isuzu forward lk-5047,2,2,EA,general_items,,FULFILLED,2026-07-12 10:48:42
6928,142427,brush set,ld-05 shantui sl50,4,0,EA,general_items,,PENDING,2026-07-12 10:48:42
6927,142427,brush holder with brush set,ld-05 shantui sl50,1,0,EA,general_items,,PENDING,2026-07-12 10:48:42
6443,141331,wifi adapter,stores,1,0,EA,general_items,,PENDING,2026-07-12 10:48:42
6013,140487,line filter (27660999920),ic-0424 / lk-5041 / lm-572,3,3,EA,filters,,FULFILLED,2026-07-12 10:48:42
5914,140406,12v/150ah battery,lp-1569,2,0,EA,battery,,PENDING,2026-07-12 10:48:42
5913,140405,12v/100a battery,lk-6738,1,0,EA,battery,,PENDING,2026-07-12 10:48:42
8422,142418,solenoid,li-3396,1,1,EA,electrical,,FULFILLED,2026-07-12 10:48:42
6907,142418,brush holder with brush set,lj-3396 eicher bowser,1,1,EA,general_items,,FULFILLED,2026-07-12 10:48:42
8398,142421,hose clip (16-27),ld-08,1,2,EA,hydraulics,,FULFILLED,2026-07-12 10:48:42
8361,142421,injectors,ld-08,1,1,EA,general_items,,FULFILLED,2026-07-12 10:48:42
8360,142421,injector pump,ld-08,1,1,EA,general_items,,FULFILLED,2026-07-12 10:48:42
6914,142421,temperature sensor,ld-08 wheel loader,1,1,EA,electrical,,FULFILLED,2026-07-12 10:48:42
6913,142421,hose,ld-08 wheel loader,1,4,EA,hydraulics,,FULFILLED,2026-07-12 10:48:42
6912,142421,diesel filter (steel),ld-08 wheel loader,1,1,EA,filters,,FULFILLED,2026-07-12 10:48:42
6911,142421,compressor head,ld-08 wheel loader,1,1,EA,general_items,,FULFILLED,2026-07-12 10:48:42
6910,142421,compressor gasket kit,ld-08 wheel loader,1,1,EA,bearings_seals,,FULFILLED,2026-07-12 10:48:42
8354,142425,line folder,lc-0434,1,3,EA,general_items,,FULFILLED,2026-07-12 10:48:42
6924,142425,ignition coil,gx-390 asphalt cutter,1,1,EA,electrical,,FULFILLED,2026-07-12 10:48:42
8353,142423,brush,pv-6889,1,4,EA,general_items,,FULFILLED,2026-07-12 10:48:42
6921,142423,battery post repair,pv-6889 tata 207,1,1,EA,battery,,FULFILLED,2026-07-12 10:48:42
6920,142423,stop cable ball joint,pv-6889 tata 207,1,1,EA,electrical,,FULFILLED,2026-07-12 10:48:42
6919,142423,contact pieces,pv-6889 tata 207,4,2,EA,general_items,,PARTIAL,2026-07-12 10:48:42
6918,142423,brush holder / brush,pv-6889 tata 207,1,1,EA,general_items,,FULFILLED,2026-07-12 10:48:42
6926,142426,clutch master pump,tata 1615 (10-8350),1,1,EA,general_items,,FULFILLED,2026-07-12 10:48:42
6925,142426,clutch booster,tata 1615 (10-8350),1,1,EA,general_items,,FULFILLED,2026-07-12 10:48:42
6917,142422,bearing,lk-5048 mitsubishi fuso,2,1,EA,bearings_seals,,PARTIAL,2026-07-12 10:48:42
6916,142422,brush holder,lk-5048 mitsubishi fuso,1,1,EA,general_items,,FULFILLED,2026-07-12 10:48:42
6915,142422,brush set,lk-5048 mitsubishi fuso,1,1,EA,general_items,,FULFILLED,2026-07-12 10:48:42
6909,142420,brake ratchet,za-8611 truck mixer,2,2,EA,general_items,,FULFILLED,2026-07-12 10:48:42
6908,142419,road return switch,battery tester,1,0,EA,electrical,,PENDING,2026-07-12 10:48:42
6442,141330,dettol plaster,first aid box,10,0,EA,general_items,,PENDING,2026-07-12 10:48:42
6441,141330,rubber hand gloves,stores,2,2,EA,general_items,,FULFILLED,2026-07-12 10:48:42
6440,141330,sand paper (800),stores,8,8,EA,general_items,,FULFILLED,2026-07-12 10:48:42
6439,141330,sand paper (400),stores,8,8,EA,general_items,,FULFILLED,2026-07-12 10:48:42
6438,141330,sand paper (320),stores,8,8,EA,general_items,,FULFILLED,2026-07-12 10:48:42
6437,141330,sand paper (120),stores,8,8,EA,general_items,,FULFILLED,2026-07-12 10:48:42
6436,141330,contact cleaner,stores,5,0,EA,general_items,,PENDING,2026-07-12 10:48:42
6435,141330,wd-40,stores,5,0,EA,general_items,,PENDING,2026-07-12 10:48:42
6434,141330,cotton waste,stores,90,10,EA,general_items,,PARTIAL,2026-07-12 10:48:42
6433,141330,kerosene oil,stores,21,21,EA,oil_lubricants,,FULFILLED,2026-07-12 10:48:42
8440,140997,starter motor (repair),lm-7948,1,1,EA,electrical,,FULFILLED,2026-07-12 10:48:42
8424,140997,starter motor (new),za-7810,0,1,EA,electrical,,PARTIAL,2026-07-12 10:48:42
6906,142417,hand brake liner,pa-4879 toyota crew cab,2,2,EA,general_items,,FULFILLED,2026-07-12 10:48:42
6905,142417,radiator cap,pa-4879 toyota crew cab,1,1,EA,general_items,,FULFILLED,2026-07-12 10:48:42
6904,142417,gear bush set,pa-4879 toyota crew cab,1,1,EA,bearings_seals,,FULFILLED,2026-07-12 10:48:42
6903,142416,shack lock,za-2609 3dx jcb,1,0,EA,general_items,,PENDING,2026-07-12 10:48:42
6902,142415,brake ratchet,truck cep-03,1,0,EA,general_items,,PENDING,2026-07-12 10:48:42
6901,142415,starter motor repair,lo-7183 1615,1,1,EA,electrical,,FULFILLED,2026-07-12 10:48:42
6900,142415,starter motor repair,hex-36 (ruwanwella),1,0,EA,electrical,,PENDING,2026-07-12 10:48:42
6899,142415,starter motor repair,ld-8875 (marawila),1,1,EA,electrical,,FULFILLED,2026-07-12 10:48:42
6898,142415,starter motor repair,lk-4057,1,0,EA,electrical,,PENDING,2026-07-12 10:48:42
6897,142414,12v electric horn,ln-9046 eicher tipper,1,1,EA,electrical,,FULFILLED,2026-07-12 10:48:42
6896,142413,shock absorber repair,lk-6740 tata 407,2,1,EA,general_items,,PARTIAL,2026-07-12 10:48:42
9520,140574,starter motor repair,za-8337,1,1,EA,electrical,,FULFILLED,2026-07-12 10:48:42
8573,140486,7c-1001 fuel filter,ll-0936,1,1,EA,filters,,FULFILLED,2026-07-12 10:48:42
8364,140486,water fuel filter,lo-7184,2,1,EA,filters,,PARTIAL,2026-07-12 10:48:42
8363,140486,water fuel filter,lo-7181,1,1,EA,filters,,FULFILLED,2026-07-12 10:48:42
6012,140486,fuel filter (f002h20306),ll-0936,2,2,EA,filters,,FULFILLED,2026-07-12 10:48:42
6011,140486,fuel filter (fc-1001),ll-0936,1,1,EA,filters,,FULFILLED,2026-07-12 10:48:42
6010,140486,oil filter (th-93286 / 253a10130169),ll-0936,1,1,EA,filters,,FULFILLED,2026-07-12 10:48:42
8397,142411,breather hose,ld-08,1,1,EA,hydraulics,,FULFILLED,2026-07-12 10:48:42
8355,142411,connecting hose,ld-08,6,1,EA,hydraulics,,PARTIAL,2026-07-12 10:48:42
6894,142411,water temperature sensor,ld-08,1,0,EA,electrical,,PENDING,2026-07-12 10:48:42
6893,142411,water hose,ld-08,1,1,EA,hydraulics,,FULFILLED,2026-07-12 10:48:42
6892,142411,connecting hose,ld-08,6,0,EA,hydraulics,,PENDING,2026-07-12 10:48:42
6891,142411,abite packing,ld-08,3,1,EA,general_items,,PARTIAL,2026-07-12 10:48:42
8365,140483,oil filter,ld-08,1,1,EA,filters,,FULFILLED,2026-07-12 10:48:42
6004,140483,fuel filter element,ld-08,1,1,EA,filters,,FULFILLED,2026-07-12 10:48:42
6003,140483,air filter (13060625),ld-08,1,1,EA,filters,,FULFILLED,2026-07-12 10:48:42
6002,140483,fuel filter (fc-576),ld-08,3,1,EA,filters,,PARTIAL,2026-07-12 10:48:42
6001,140483,oil filter (c-6101),ld-08,1,1,EA,filters,,FULFILLED,2026-07-12 10:48:42
8359,142410,hy hose repaor l,hex-18,1,1,EA,hydraulics,,FULFILLED,2026-07-12 10:48:42
6890,142410,hy/hose repair,hex-18 excavator,1,1,EA,hydraulics,,FULFILLED,2026-07-12 10:48:42
6895,142412,hydraulic hose repair,ld-4822 tata 1615,2,1,EA,hydraulics,,PARTIAL,2026-07-12 10:48:42
6889,142409,bronze rod,badalgama workshop,2,2,EA,general_items,,FULFILLED,2026-07-12 10:48:42
6888,142409,bronze rod bush,badalgama workshop,2,0,EA,bearings_seals,,PENDING,2026-07-12 10:48:42
6887,142408,signal light,28-0434,1,2,EA,general_items,,FULFILLED,2026-07-12 10:48:42
6886,142408,dead light,28-0434,1,2,EA,general_items,,FULFILLED,2026-07-12 10:48:42
6009,140485,air filter (276609139909),lo-7181,1,1,EA,filters,,FULFILLED,2026-07-12 10:48:42
6008,140485,fuel filter (278607989967),lo-7181,1,0,EA,filters,,PENDING,2026-07-12 10:48:42
6007,140485,fuel water separator (276609119009),lo-7181,1,1,EA,general_items,,FULFILLED,2026-07-12 10:48:42
6006,140484,fuel filter (1001caa1488in),dah-2229,1,1,EA,filters,,FULFILLED,2026-07-12 10:48:42
6005,140484,oil filter (th93296),dah-2229,1,1,EA,filters,,FULFILLED,2026-07-12 10:48:42
9524,140588,diesel filter,lk-6738,2,2,EA,filters,,FULFILLED,2026-07-12 10:48:42
9513,5846,radiator cleaning,ld-08,1,1,EA,general_items,,FULFILLED,2026-07-12 10:48:42
8347,142403,great liver boots,pv-6889,1,1,EA,general_items,,FULFILLED,2026-07-12 10:48:42
6879,142403,elec. repair,katana,1,1,EA,general_items,,FULFILLED,2026-07-12 10:48:42
6878,142403,carpet,katana,2,2,EA,general_items,,FULFILLED,2026-07-12 10:48:42
6877,142403,cylinder handle,katana,2,2,EA,hydraulics,,FULFILLED,2026-07-12 10:48:42
6876,142403,stop cable,katana,1,0,EA,electrical,,PENDING,2026-07-12 10:48:42
6885,142407,tractor hitch lock,rd-3537 mahindra 575,2,2,EA,general_items,,FULFILLED,2026-07-12 10:48:42
6884,142406,bush (collor bush),ax720le / as-40,2,2,EA,bearings_seals,,FULFILLED,2026-07-12 10:48:42
6883,142406,bush (60x95x90),ax720le / as-40,2,2,EA,bearings_seals,,FULFILLED,2026-07-12 10:48:42
6882,142405,union,hex-37,1,2,EA,general_items,,FULFILLED,2026-07-12 10:48:42
6881,142405,hy hose repair (union 2),hex-37,1,3,EA,hydraulics,,FULFILLED,2026-07-12 10:48:42
6880,142404,starter motor repair,lk-4057 leyland,1,1,EA,electrical,,FULFILLED,2026-07-12 10:48:42
9518,140576,electric repair,pa-4879,1,1,EA,general_items,,FULFILLED,2026-07-12 10:48:42
8228,142401,diode plate,325-5120,2,1,EA,general_items,,PARTIAL,2026-07-12 10:48:42
6872,142401,dash board meter / speedometer,layland cargo 325-5120,1,1,EA,general_items,,FULFILLED,2026-07-12 10:48:42
6871,142401,head light (lh),layland cargo 325-5120,2,2,EA,electrical,,FULFILLED,2026-07-12 10:48:42
8178,140547,a/c repair 25/?,ly-4524,1,1,EA,general_items,,FULFILLED,2026-07-12 10:48:42
6860,140547,winder switch,ly-4524 (badalgama),1,0,EA,electrical,,PENDING,2026-07-12 10:48:42
6875,142402,yellow paint,20-2609,1,0.5,EA,general_items,,PARTIAL,2026-07-12 10:48:42
6874,142402,silicone (black),20-2609,21,1,EA,general_items,,PARTIAL,2026-07-12 10:48:42
6873,142402,perspex sheet,20-2609,2,1,EA,general_items,,PARTIAL,2026-07-12 10:48:42
6870,140550,shims (150x95x1),hex-43 excavator case,10,4,EA,general_items,,PARTIAL,2026-07-12 10:48:42
6869,140550,shims (195x95x1),hex-43 excavator case,10,8,EA,general_items,,PARTIAL,2026-07-12 10:48:42
6868,140549,fan clutch,sr-13 dynapac roller,1,0,EA,general_items,,PENDING,2026-07-12 10:48:42
6867,140549,clutch pan pully,sr-13 dynapac roller,1,1,EA,general_items,,FULFILLED,2026-07-12 10:48:42
6866,140548,air connector t,ln-8779 pneumatic hose,10,10,EA,general_items,,FULFILLED,2026-07-12 10:48:42
6865,140548,8mm air connector socket,ln-8779 pneumatic hose,10,10,EA,general_items,,FULFILLED,2026-07-12 10:48:42
6864,140548,4mm air connector socket,ln-8779 pneumatic hose,10,10,EA,general_items,,FULFILLED,2026-07-12 10:48:42
6863,140548,6mm air connector,ln-8779 pneumatic hose,10,10,EA,general_items,,FULFILLED,2026-07-12 10:48:42
6862,140548,8mm air hose,ln-8779 pneumatic hose,5,5,EA,hydraulics,,FULFILLED,2026-07-12 10:48:42
6861,140548,6mm air hose,ln-8779 pneumatic hose,5,5,EA,hydraulics,,FULFILLED,2026-07-12 10:48:42
6859,140546,wiper blade,lo-8348 tata 1615,2,2,EA,general_items,,FULFILLED,2026-07-12 10:48:42
6858,140546,door lock,lo-8348 tata 1615,1,1,EA,general_items,,FULFILLED,2026-07-12 10:48:42
9503,140587,washer,ra-3051,1,1,EA,general_items,,FULFILLED,2026-07-12 10:48:42
9502,140587,grease,ra-3051,1,1,EA,oil_lubricants,,FULFILLED,2026-07-12 10:48:42
9501,140587,bearing 79020,ra-3051,1,1,EA,bearings_seals,,FULFILLED,2026-07-12 10:48:42
9500,140587,bearing 30209,ra-3051,1,1,EA,bearings_seals,,FULFILLED,2026-07-12 10:48:42
8346,140544,startor motor contact,325-3448,1,2,EA,general_items,,FULFILLED,2026-07-12 10:48:42
6848,140544,starter motor contact,326-3448 crew cab (cep/3),1,0,EA,electrical,,PENDING,2026-07-12 10:48:42
6847,140544,starter motor solenoid contractor,326-3448 crew cab (cep/3),2,0,EA,electrical,,PENDING,2026-07-12 10:48:42
8326,140542,brake pad lock,pi-3982,4,1,EA,general_items,,PARTIAL,2026-07-12 10:48:42
6844,140542,wheel stud with nut,pj-3982 toyota hilux,3,3,EA,tyre,,FULFILLED,2026-07-12 10:48:42
6843,140542,brake disc,pj-3982 toyota hilux,2,2,EA,general_items,,FULFILLED,2026-07-12 10:48:42
6842,140542,brake pad set,pj-3982 toyota hilux,4,1,EA,general_items,,PARTIAL,2026-07-12 10:48:42
6857,140545,injector service,lc-6767 (tcdp lot),6,6,EA,general_items,,FULFILLED,2026-07-12 10:48:42
6856,140545,injector pump service,lc-6767 (tcdp lot),1,1,EA,general_items,,FULFILLED,2026-07-12 10:48:42
6855,140545,diesel filter,lc-6767 (tcdp lot),2,1,EA,filters,,PARTIAL,2026-07-12 10:48:42
6854,140545,1999 selastic,lc-6767 (tcdp lot),1,1,EA,general_items,,FULFILLED,2026-07-12 10:48:42
6853,140545,copper washer (large),lc-6767 (tcdp lot),8,0,EA,general_items,,PENDING,2026-07-12 10:48:42
6852,140545,copper washer (small),lc-6767 (tcdp lot),8,0,EA,general_items,,PENDING,2026-07-12 10:48:42
6851,140545,injector o rings,lc-6767 (tcdp lot),6,0,EA,general_items,,PENDING,2026-07-12 10:48:42
6850,140545,injector oil seal,lc-6767 (tcdp lot),6,6,EA,bearings_seals,,FULFILLED,2026-07-12 10:48:42
6849,140545,tappet cover packing,lc-6767 (tcdp lot),2,1,EA,general_items,,PARTIAL,2026-07-12 10:48:42
6846,140543,hose clip,ge-03 asphalt plant generator,1,4,EA,hydraulics,,FULFILLED,2026-07-12 10:48:42
6845,140543,diesel hose,ge-03 asphalt plant generator,20,20,EA,hydraulics,,FULFILLED,2026-07-12 10:48:42
6000,140482,fuel filter (ff-185),asphalt plant,1,1,EA,filters,,FULFILLED,2026-07-12 10:48:42
9519,140575,electrical repair,za-8337,1,1,EA,general_items,,FULFILLED,2026-07-12 10:48:42
9517,140581,note book,stores,5,5,EA,general_items,,FULFILLED,2026-07-12 10:48:42
8412,140581,shock absorber repair,51-8083 cep/3,0,2,EA,general_items,,PARTIAL,2026-07-12 10:48:42
8329,140537,door aposting (6/1/25),pv-6889,2,1,EA,general_items,,PARTIAL,2026-07-12 10:48:42
8328,140537,(6/1/26) flow carpet,pv-6889,2,1,EA,general_items,,PARTIAL,2026-07-12 10:48:42
8327,140537,(6/1/26) seat cushion,pv-6889,2,2,EA,general_items,,FULFILLED,2026-07-12 10:48:42
6833,140537,carpet,badalgama workshop,2,0,EA,general_items,,PENDING,2026-07-12 10:48:42
8267,140535,thrust bearing (set),ld-08,4,1,EA,bearings_seals,,PARTIAL,2026-07-12 10:48:42
6825,140535,rings,ld-08 wheel loader (badalgama),4,4,EA,general_items,,FULFILLED,2026-07-12 10:48:42
6841,140541,wire brush,tinker shop (badalgama),1,1,EA,electrical,,FULFILLED,2026-07-12 10:48:42
6840,140541,paint brush,tinker shop (badalgama),1,1,EA,general_items,,FULFILLED,2026-07-12 10:48:42
6839,140541,thinner (normal),tinker shop (badalgama),5,5,EA,general_items,,FULFILLED,2026-07-12 10:48:42
6838,140541,anticorrosive (black),tinker shop (badalgama),2,2,EA,general_items,,FULFILLED,2026-07-12 10:48:42
6837,140540,starter motor repair,lj-3396 / am-5721 tata 1615,2,1,EA,electrical,,PARTIAL,2026-07-12 10:48:43
6836,140539,service gun repair,service bay (karcher),1,1,EA,general_items,,FULFILLED,2026-07-12 10:48:43
6835,140539,water seal,service bay (karcher),1,1,EA,bearings_seals,,FULFILLED,2026-07-12 10:48:43
6834,140538,dah-2471,badalgama workshop,1,1,EA,general_items,,FULFILLED,2026-07-12 10:48:43
6832,140536,injector service,hex-23 kobelco excavator,6,4,EA,general_items,,PARTIAL,2026-07-12 10:48:43
6831,140536,hydraulic pump coupling,hex-23 kobelco excavator,1,1,EA,hydraulics,,FULFILLED,2026-07-12 10:48:43
6830,140536,rubber,hex-23 kobelco excavator,2,0,EA,general_items,,PENDING,2026-07-12 10:48:43
6829,140536,cover plate,hex-23 kobelco excavator,1,0,EA,general_items,,PENDING,2026-07-12 10:48:43
6828,140536,gasket,hex-23 kobelco excavator,2,1,EA,bearings_seals,,PARTIAL,2026-07-12 10:48:43
6827,140536,fan belt,hex-23 kobelco excavator,1,0,EA,belts,,PENDING,2026-07-12 10:48:43
6826,140536,radiator repair,hex-23 kobelco excavator,1,1,EA,general_items,,FULFILLED,2026-07-12 10:48:43
6432,141329,40 amp main fuse,stores,10,0,EA,battery,,PENDING,2026-07-12 10:48:43
6431,141329,grease nipple,stores,10,0,EA,oil_lubricants,,PENDING,2026-07-12 10:48:43
6430,141328,banjo washer 24,stores,25,0,EA,general_items,,PENDING,2026-07-12 10:48:43
6429,141328,banjo washer 22,stores,25,25,EA,general_items,,FULFILLED,2026-07-12 10:48:43
6428,141328,banjo washer 19,stores,25,25,EA,general_items,,FULFILLED,2026-07-12 10:48:43
6427,141328,banjo washer 17,stores,25,25,EA,general_items,,FULFILLED,2026-07-12 10:48:43
9507,140584,a/c reapir,hex-46,1,1,EA,general_items,,FULFILLED,2026-07-12 10:48:43
8429,141325,hy/ pressor sensor,za-8373,1,1,EA,electrical,,FULFILLED,2026-07-12 10:48:43
6416,141325,pressure sensor switch,"pump car (zb-1496, wadakada)",1,1,EA,electrical,,FULFILLED,2026-07-12 10:48:43
8399,140532,ceo foglight (24v),sr-11,1,2,EA,general_items,,FULFILLED,2026-07-12 10:48:43
6820,140532,toggle switch,sr-11 (kilinochchi),1,5,EA,electrical,,FULFILLED,2026-07-12 10:48:43
6819,140532,2 way switch (5 amp),workshop stores,5,0,EA,battery,,PENDING,2026-07-12 10:48:43
8319,5470,fuel filter. fc-1503,soming,4,4,EA,filters,,FULFILLED,2026-07-12 10:48:43
6824,140534,nut & bolt (3 length),hammer driver (pile hammer),10,10,EA,general_items,,FULFILLED,2026-07-12 10:48:43
6823,140534,nut & bolt,hyundai he-37 (mallewagedara),10,10,EA,general_items,,FULFILLED,2026-07-12 10:48:43
6822,140533,injector service,air compressor (badalgama),6,4,EA,general_items,,PARTIAL,2026-07-12 10:48:43
6821,140533,injector pump service,air compressor (badalgama),1,1,EA,general_items,,FULFILLED,2026-07-12 10:48:43
6818,140531,key cutting,sr-13 (kilinochchi),1,2,EA,general_items,,FULFILLED,2026-07-12 10:48:43
6426,141327,lead wire,stores,1,8,EA,electrical,,FULFILLED,2026-07-12 10:48:43
6425,141327,auto wire roll (9/0.30),stores,1,1,EA,electrical,,FULFILLED,2026-07-12 10:48:43
6424,141327,pad lock,stores / electric room,4,2,EA,general_items,,PARTIAL,2026-07-12 10:48:43
6423,141327,15 amp fuse,stores,20,20,EA,battery,,FULFILLED,2026-07-12 10:48:43
6422,141327,sealastic,stores,5,6,EA,general_items,,FULFILLED,2026-07-12 10:48:43
6421,141327,wd-40,stores,5,5,EA,general_items,,FULFILLED,2026-07-12 10:48:43
6420,141327,contact cleaner,stores,5,5,EA,general_items,,FULFILLED,2026-07-12 10:48:43
6419,141327,petrol,stores,4,3.4,EA,general_items,,PARTIAL,2026-07-12 10:48:43
6418,141327,kerosene oil,stores,20,21,EA,oil_lubricants,,FULFILLED,2026-07-12 10:48:43
6417,141327,cotton waste,stores,20,10,EA,general_items,,PARTIAL,2026-07-12 10:48:43
5999,140481,fuel filter (wisep - js-1019),sr-10,1,1,EA,filters,,FULFILLED,2026-07-12 10:48:43
5998,140481,fuel filter (sff-5466),sr-10,2,0,EA,filters,,PENDING,2026-07-12 10:48:43
5997,140480,fuel filter (fc-510),ln-6978,1,1,EA,filters,,FULFILLED,2026-07-12 10:48:43
5996,140480,oil filter (c-525),ln-6978,1,1,EA,filters,,FULFILLED,2026-07-12 10:48:43
5995,140479,air filter (a-149),57-3062,1,1,EA,filters,,FULFILLED,2026-07-12 10:48:43
5994,140479,fuel filter (fc-158),57-3062,1,1,EA,filters,,FULFILLED,2026-07-12 10:48:43
5993,140479,oil filter (c-115),57-3062,1,1,EA,filters,,FULFILLED,2026-07-12 10:48:43
8265,140530,main bearing (set),ld-08,1,1,EA,bearings_seals,,FULFILLED,2026-07-12 10:48:43
8263,140530,piston (set),ld-08,2,1,EA,general_items,,PARTIAL,2026-07-12 10:48:43
8262,140530,sleeve (set),ld-08,3,1,EA,general_items,,PARTIAL,2026-07-12 10:48:43
6817,140530,insulating tape,ap-08 asphalt plant,1,2,EA,general_items,,FULFILLED,2026-07-12 10:48:43
6816,140530,auto wire,ap-08 asphalt plant,2,1,EA,electrical,,PARTIAL,2026-07-12 10:48:43
6815,140530,fog light (led),ap-08 asphalt plant,3,8,EA,electrical,,FULFILLED,2026-07-12 10:48:43
6814,140529,king pin set,ln-6050 eicher (batticaloa),1,1,EA,general_items,,FULFILLED,2026-07-12 10:48:43
6813,140529,hub seal,ln-6050 eicher (batticaloa),2,2,EA,bearings_seals,,FULFILLED,2026-07-12 10:48:43
6812,140528,bolt & nut,sr-11,10,10,EA,general_items,,FULFILLED,2026-07-12 10:48:43
5989,140477,air filter (a-5553),za-1979 / za-2964 / za-7966,1,1,EA,filters,,FULFILLED,2026-07-12 10:48:43
5988,140477,fuel filter (wisep - 32/925994),za-1979 / za-2964 / za-7966,2,3,EA,filters,,FULFILLED,2026-07-12 10:48:43
8331,140524,starter relay (6/12/25),28-4314,1,1,EA,electrical,,FULFILLED,2026-07-12 10:48:43
6807,140524,a/c blow motor,28-4314 double cab,1,1,EA,general_items,,FULFILLED,2026-07-12 10:48:43
8325,140526,air filter a-136,pa-6399 auto beer,1,1,EA,filters,,FULFILLED,2026-07-12 10:48:43
8324,140526,fuel filter fc-158,pa-6399 auto beer,1,1,EA,filters,,FULFILLED,2026-07-12 10:48:43
8323,140526,oil filter c-101,pa-6399 auto beer,1,1,EA,filters,,FULFILLED,2026-07-12 10:48:43
6810,140526,gasket with full packing set,pa-6399 auto box repair,1,1,EA,bearings_seals,,FULFILLED,2026-07-12 10:48:43
6809,140526,piston rod,pa-6399 auto box repair,1,1,EA,general_items,,FULFILLED,2026-07-12 10:48:43
6811,140527,blush holder with brush set,325-3449 crew cab (cep/03),1,1,EA,general_items,,FULFILLED,2026-07-12 10:48:43
6808,140525,electric repair,57-3062 hilux double cab,1,0,EA,general_items,,PENDING,2026-07-12 10:48:43
6806,140523,brush set,drill machine (tinker shop),1,1,EA,general_items,,FULFILLED,2026-07-12 10:48:43
5992,140478,fuel filter (js-1810),tm-12 / tm-17,2,2,EA,filters,,FULFILLED,2026-07-12 10:48:43
5991,140478,fuel filter (wisep - 4a15122),tm-12 / tm-17,2,2,EA,filters,,FULFILLED,2026-07-12 10:48:43
5990,140478,oil filter (2654a07),tm-12 / tm-17,2,2,EA,filters,,FULFILLED,2026-07-12 10:48:43
5987,140476,fuel filter (278607909967),lo-7164,1,1,EA,filters,,FULFILLED,2026-07-12 10:48:43
5986,140476,fuel filter (wisep - 27860910909),lo-7164,1,1,EA,filters,,FULFILLED,2026-07-12 10:48:43
5985,140475,adblue filter (016340003601),lp-1579 / lp-1581,2,0,EA,filters,,PENDING,2026-07-12 10:48:43
5984,140475,fuel filter (27860999922),lp-1579 / lp-1581,2,0,EA,filters,,PENDING,2026-07-12 10:48:43
5983,140475,fuel filter (water sep - 22064770902),lp-1579 / lp-1581,2,2,EA,filters,,FULFILLED,2026-07-12 10:48:43
5982,140475,oil filter (2766199999),lp-1579 / lp-1581,1,0,EA,filters,,PENDING,2026-07-12 10:48:43
5981,140474,air filter (a-145),pa-6399,1,0,EA,filters,,PENDING,2026-07-12 10:48:43
5980,140474,oil filter (c-101),pa-6399,1,0,EA,filters,,PENDING,2026-07-12 10:48:43
5979,140474,fuel filter (fo-158),pa-6399,1,0,EA,filters,,PENDING,2026-07-12 10:48:43
8334,140520,hose,28-4314,10,1,EA,hydraulics,,PARTIAL,2026-07-12 10:48:43
6802,140520,signal light cup,28-4314,10,1,EA,general_items,,PARTIAL,2026-07-12 10:48:43
8318,141323,priton card (60mm),01st aard box,1,6,EA,general_items,,FULFILLED,2026-07-12 10:48:43
8317,141323,vices bum,01st aard box,2,1,EA,general_items,,PARTIAL,2026-07-12 10:48:43
8316,141323,scissors,01st aard box,1,1,EA,general_items,,FULFILLED,2026-07-12 10:48:43
6412,141323,plaster roll,first aid box,1,1,EA,general_items,,FULFILLED,2026-07-12 10:48:43
6411,141323,dettol,first aid box,1,1,EA,general_items,,FULFILLED,2026-07-12 10:48:43
6410,141323,povidone iodine solution,first aid box,1,1,EA,general_items,,FULFILLED,2026-07-12 10:48:43
6409,141323,antiseptic cream,first aid box,1,1,EA,general_items,,FULFILLED,2026-07-12 10:48:43
6408,141323,panadol box,first aid box,1,1,EA,general_items,,FULFILLED,2026-07-12 10:48:43
6407,141323,bandage roll,first aid box,2,2,EA,general_items,,FULFILLED,2026-07-12 10:48:43
6406,141323,gauze,first aid box,1,1,EA,general_items,,FULFILLED,2026-07-12 10:48:43
6405,141323,cotton wool (30g),first aid box,2,2,EA,general_items,,FULFILLED,2026-07-12 10:48:43
6404,141323,surgical spirit,first aid box,1,1,EA,general_items,,FULFILLED,2026-07-12 10:48:43
8304,140521,re-condition gear box,325-3448,1,1,EA,general_items,,FULFILLED,2026-07-12 10:48:43
6804,140521,soap,325-3448,1,1,EA,general_items,,FULFILLED,2026-07-12 10:48:43
6803,140521,bearing 6201 z,325-3448,1,1,EA,bearings_seals,,FULFILLED,2026-07-12 10:48:43
6805,140522,fan belt,za-6068 jcb (batticoloa),1,1,EA,belts,,FULFILLED,2026-07-12 10:48:43
6801,140519,inject pump line nozzell,hs-1794,1,1,EA,general_items,,FULFILLED,2026-07-12 10:48:43
6800,140518,grease seal,hex-43,8,8,EA,bearings_seals,,FULFILLED,2026-07-12 10:48:43
6799,140518,main jack bush,hex-43,2,4,EA,bearings_seals,,FULFILLED,2026-07-12 10:48:43
6798,140518,arm bush,hex-43,2,2,EA,bearings_seals,,FULFILLED,2026-07-12 10:48:43
6797,140517,bars starting key switch,zb-1469,1,0,EA,electrical,,PENDING,2026-07-12 10:48:43
6796,140516,paint brush,table-workshop painting,1,0,EA,general_items,,PENDING,2026-07-12 10:48:43
6795,140516,thinner,table-workshop painting,1,0,EA,general_items,,PENDING,2026-07-12 10:48:43
6794,140516,hand spray (black),table-workshop painting,1,0,EA,general_items,,PENDING,2026-07-12 10:48:43
6793,140516,paint,table-workshop painting,1,0,EA,general_items,,PENDING,2026-07-12 10:48:43
6415,141324,pain relief cream,stores,6,0,EA,general_items,,PENDING,2026-07-12 10:48:43
6414,141324,vicks balm,first aid box,1,0,EA,general_items,,PENDING,2026-07-12 10:48:43
6413,141324,scissor,first aid box,1,0,EA,general_items,,PENDING,2026-07-12 10:48:43
8575,5827,hrs meter,stones,2,2,EA,general_items,,FULFILLED,2026-07-12 10:48:43
9578,6180,single phase motor,engine room electric compressor,1,1,EA,general_items,,FULFILLED,2026-07-12 10:48:43
8315,140513,surgical spirit,hex-28 rewannila,1,1,EA,general_items,,FULFILLED,2026-07-12 10:48:43
8313,140513,water dispenser,hex-28,12,1,EA,general_items,,PARTIAL,2026-07-12 10:48:43
6791,140513,feed pump repair,hex-28,1,1,EA,general_items,,FULFILLED,2026-07-12 10:48:43
6790,140513,diesel hose,hex-28,12,12,EA,hydraulics,,FULFILLED,2026-07-12 10:48:43
8194,140404,alternator regulator,325-5120,2,1,EA,electrical,,PARTIAL,2026-07-12 10:48:43
5912,140404,120a battery,325-5120,2,0,EA,battery,,PENDING,2026-07-12 10:48:43
6792,140514,hy pressor sensor (240),hex-18,1,1,EA,electrical,,FULFILLED,2026-07-12 10:48:43
6403,141322,grinding stone (rough),lathe shop,10,20,EA,general_items,,FULFILLED,2026-07-12 10:48:43
5978,140473,fuel filter set (fhn 4000/400/500),hg-4849,1,1,EA,filters,,FULFILLED,2026-07-12 10:48:43
5977,140473,fuel line filter (fs824500),hg-4849,1,1,EA,filters,,FULFILLED,2026-07-12 10:48:43
9583,141318,battery clip,stores,2,2,EA,battery,,FULFILLED,2026-07-12 10:48:43
9579,141318,petrol (super),stores,4.4,4.4,EA,general_items,,FULFILLED,2026-07-12 10:48:43
8311,141318,super glue,stores 1000.00,6,12,EA,general_items,,FULFILLED,2026-07-12 10:48:43
6396,141318,battery water,stores,7,0,EA,battery,,PENDING,2026-07-12 10:48:43
6395,141318,relay holder,stores,6,0,EA,electrical,,PENDING,2026-07-12 10:48:43
6394,141318,synchro grease,stores,12,0,EA,oil_lubricants,,PENDING,2026-07-12 10:48:43
6393,141318,sand paper (500),stores,3,0,EA,general_items,,PENDING,2026-07-12 10:48:43
6392,141318,sand paper (120),stores,6,0,EA,general_items,,PENDING,2026-07-12 10:48:43
6391,141318,24v fog light bulb,stores,4,0,EA,electrical,,PENDING,2026-07-12 10:48:43
6390,141318,steel epoxy glue,stores,6,6,EA,general_items,,FULFILLED,2026-07-12 10:48:43
6389,141318,sealastic,stores,6,0,EA,general_items,,PENDING,2026-07-12 10:48:43
9582,141318,aroldite,stores,6,6,EA,general_items,,FULFILLED,2026-07-12 10:48:43
8261,140508,engine machining work (full set),ld-08,1,1,EA,general_items,,FULFILLED,2026-07-12 10:48:43
6778,140508,gasket overall kit,ld-08,1,1,EA,bearings_seals,,FULFILLED,2026-07-12 10:48:43
8175,140510,turbo packing,ge-3a cep/3,2,6,EA,general_items,,FULFILLED,2026-07-12 10:48:43
6781,140510,grease nipple,cm-33,11,1,EA,oil_lubricants,,PARTIAL,2026-07-12 10:48:43
6780,140510,bearing,cm-33,2,1,EA,bearings_seals,,PARTIAL,2026-07-12 10:48:43
6789,140512,starter motor repair,cep-03,1,0,EA,electrical,,PENDING,2026-07-12 10:48:43
6788,140511,clutch bearing,cep-03,1,1,EA,bearings_seals,,FULFILLED,2026-07-12 10:48:43
6787,140511,clutch plate,cep-03,1,1,EA,general_items,,FULFILLED,2026-07-12 10:48:43
6786,140511,clutch fork,cep-03,1,1,EA,general_items,,FULFILLED,2026-07-12 10:48:43
6785,140511,oil seal (top & main shaft),toyota dyana,2,3,EA,bearings_seals,,FULFILLED,2026-07-12 10:48:43
6784,140511,main shaft bearing 6306x3,toyota dyana,1,1,EA,bearings_seals,,FULFILLED,2026-07-12 10:48:43
6783,140511,top shaft bearing,toyota dyana,1,1,EA,bearings_seals,,FULFILLED,2026-07-12 10:48:43
6782,140511,counter (front) bearing,toyota dyana,1,1,EA,bearings_seals,,FULFILLED,2026-07-12 10:48:43
6779,140509,toggle switch,lathe shop grinder machine,1,1,EA,electrical,,FULFILLED,2026-07-12 10:48:43
6777,140507,elec system repair,da-4879,1,1,EA,general_items,,FULFILLED,2026-07-12 10:48:43
6402,141321,hand gloves,stores,5,0,EA,general_items,,PENDING,2026-07-12 10:48:43
6401,141320,electric tester,stores,1,1,EA,general_items,,FULFILLED,2026-07-12 10:48:43
6400,141320,caustic soda,service bay,5,5,EA,general_items,,FULFILLED,2026-07-12 10:48:43
6399,141320,electric board,stores,1,1,EA,general_items,,FULFILLED,2026-07-12 10:48:43
5911,140403,12v/65amp new battery,57-3062,1,0,EA,battery,,PENDING,2026-07-12 10:48:43
8420,140472,jack shaft repair,hex-27 long arum excavator,1,1,EA,general_items,,FULFILLED,2026-07-12 10:48:43
8419,140472,jack seal kit,hex-27 long arum excavator,1,1,EA,bearings_seals,,FULFILLED,2026-07-12 10:48:43
5976,140472,fuel filter (27860911904),hex-27,1,1,EA,filters,,FULFILLED,2026-07-12 10:48:43
5975,140472,fuel filter (278607989916),hex-27,1,1,EA,filters,,FULFILLED,2026-07-12 10:48:43
5974,140472,fuel water separator (sfc-7910-30),hex-27,1,1,EA,general_items,,FULFILLED,2026-07-12 10:48:43
8321,140505,chain link,ap-08,2,2,EA,general_items,,FULFILLED,2026-07-12 10:48:43
8305,140505,oil pump,ld-8 bg,2,1,EA,oil_lubricants,,PARTIAL,2026-07-12 10:48:43
6776,140505,screw chain,ap-8,2,2,EA,general_items,,FULFILLED,2026-07-12 10:48:43
5973,140471,fuel filter (27860999922),lp-1569,1,0,EA,filters,,PENDING,2026-07-12 10:48:43
5972,140471,fuel filter (wisep - 22074770902),lp-1569,1,0,EA,filters,,PENDING,2026-07-12 10:48:43
5971,140470,fuel filter (2766999982),lp-1566,1,0,EA,filters,,PENDING,2026-07-12 10:48:43
5970,140470,fuel filter (wisep - 29054770902),lp-1566,1,0,EA,filters,,PENDING,2026-07-12 10:48:43
5969,140470,oil filter (2766199999),lp-1566,1,0,EA,filters,,PENDING,2026-07-12 10:48:43
5968,140469,fuel filter (sff-5466),hex-43,1,1,EA,filters,,FULFILLED,2026-07-12 10:48:43
5967,140469,fuel filter (2992669),hex-43,1,1,EA,filters,,FULFILLED,2026-07-12 10:48:43
5966,140469,oil filter (2992242),hex-43,1,1,EA,filters,,FULFILLED,2026-07-12 10:48:43
6775,140504,bolt,vr-44,8,0,EA,general_items,,PENDING,2026-07-12 10:48:43
6774,140503,6205 z bearing,lathe machine bar cutter,2,2,EA,bearings_seals,,FULFILLED,2026-07-12 10:48:43
8286,141316,bulb holder,stores,20,12,EA,electrical,,PARTIAL,2026-07-12 10:48:43
8282,141316,12v 3 pin relay (signal),stores,6,6,EA,electrical,,FULFILLED,2026-07-12 10:48:43
6386,141316,auto wire roll,stores,1,1,EA,electrical,,FULFILLED,2026-07-12 10:48:43
6385,141316,fuse holder (30m),stores,12,12,EA,electrical,,FULFILLED,2026-07-12 10:48:43
6384,141316,hose clip set,stores,50,100,EA,hydraulics,,FULFILLED,2026-07-12 10:48:43
6383,141316,cable bulb 12v/3w,stores,12,12,EA,electrical,,FULFILLED,2026-07-12 10:48:43
6382,141316,cable bulb 24v/5w,stores,12,12,EA,electrical,,FULFILLED,2026-07-12 10:48:43
6381,141316,24v headlight bulb,stores,6,20,EA,electrical,,FULFILLED,2026-07-12 10:48:43
6380,141316,12v headlight bulb,stores,6,20,EA,electrical,,FULFILLED,2026-07-12 10:48:43
6379,141316,12v signal flasher,stores,6,7,EA,general_items,,FULFILLED,2026-07-12 10:48:43
6378,141316,24v d/t bulb,stores,20,20,EA,electrical,,FULFILLED,2026-07-12 10:48:43
6377,141316,24v/100w auto bulb,stores,20,20,EA,electrical,,FULFILLED,2026-07-12 10:48:43
6376,141316,12v/100w auto bulb,stores,20,20,EA,electrical,,FULFILLED,2026-07-12 10:48:43
6773,140502,relay 12v/5pin,sl-10,5,12,EA,electrical,,FULFILLED,2026-07-12 10:48:43
6772,140502,bush (clutch paddle),pa-4879,4,4,EA,bearings_seals,,FULFILLED,2026-07-12 10:48:43
6771,140501,pendant switch,accommodation,1,1,EA,electrical,,FULFILLED,2026-07-12 10:48:43
6770,140501,angle valve,engine room (workshop),3,3,EA,general_items,,FULFILLED,2026-07-12 10:48:43
6769,141450,belt,service pressure washer,2,4,EA,belts,,FULFILLED,2026-07-12 10:48:43
5910,140402,12v/90ah battery,pa-4879,1,0,EA,battery,,PENDING,2026-07-12 10:48:43
8340,140467,nut 8x100,hex-22,1,70,EA,general_items,,FULFILLED,2026-07-12 10:48:43
8332,140467,c-bush (55%),hex-22,1,2,EA,bearings_seals,,FULFILLED,2026-07-12 10:48:43
5964,140467,fuel filter (26560001),lb-22,1,1,EA,filters,,FULFILLED,2026-07-12 10:48:43
5963,140467,fuel filter (sfc-7930),lb-22,1,1,EA,filters,,FULFILLED,2026-07-12 10:48:43
5962,140467,oil filter (2654407 / c-5103 sakura),lb-22,1,1,EA,filters,,FULFILLED,2026-07-12 10:48:43
8297,141447,seal,lathe machine,1,2,EA,bearings_seals,,FULFILLED,2026-07-12 10:48:43
6764,141447,bearing,lathe machine,1,2,EA,bearings_seals,,FULFILLED,2026-07-12 10:48:43
8157,141449,turbo,pa-4193,6,1,EA,general_items,,PARTIAL,2026-07-12 10:48:43
6768,141449,wheel stud with nut,pa-4193,6,0,EA,tyre,,PENDING,2026-07-12 10:48:43
6767,141448,3. clutch pedal bush,pa-4879,2,0,EA,bearings_seals,,PENDING,2026-07-12 10:48:43
6766,141448,2. master cylinder rod pin,pa-4879,1,0,EA,hydraulics,,PENDING,2026-07-12 10:48:43
6765,141448,1. clutch master cylinder,pa-4879,1,1,EA,hydraulics,,FULFILLED,2026-07-12 10:48:43
6398,141319,clip (fan support clamp),stores,20,25,EA,general_items,,FULFILLED,2026-07-12 10:48:43
6397,141319,relay (12v),stores,12,0,EA,electrical,,PENDING,2026-07-12 10:48:43
5965,140468,oil filter (c-1112),pa-4879,1,1,EA,filters,,FULFILLED,2026-07-12 10:48:43
8428,141441,adjustment shim (swing motor) great beam,mg-03,1,12,EA,general_items,,FULFILLED,2026-07-12 10:48:43
6755,141441,7. starter motor solenoid,czp-03,1,0,EA,electrical,,PENDING,2026-07-12 10:48:43
6754,141441,6. turbo packing,ge-34,6,6,EA,general_items,,FULFILLED,2026-07-12 10:48:43
6753,141441,5. cabin shock absorber,sr-19,2,0,EA,general_items,,PENDING,2026-07-12 10:48:43
6752,141441,4. ball joint,lo-5985,4,2,EA,general_items,,PARTIAL,2026-07-12 10:48:43
6751,141441,3. 12v / relay,st-14,4,9,EA,electrical,,FULFILLED,2026-07-12 10:48:43
6750,141441,2. 24v / safety solenoid,hex-01,1,1,EA,electrical,,FULFILLED,2026-07-12 10:48:43
6749,141441,1. hydraulic level stick,zb-1496,1,0,EA,hydraulics,,PENDING,2026-07-12 10:48:43
6748,141440,key cutting,ph-6747,1,0,EA,general_items,,PENDING,2026-07-12 10:48:43
9584,112615 (Wadakada MR),empty tool box,cep-03 wadakada machanic,1,1,EA,general_items,,FULFILLED,2026-07-12 10:48:43
9581,141445,alternator regulator 12v,lk-6738,1,1,EA,electrical,,FULFILLED,2026-07-12 10:48:43
6762,141445,diode plate / ic regulator,lk-6738,1,2,EA,general_items,,FULFILLED,2026-07-12 10:48:43
8445,141444,o rings,ld-02,2,6,EA,general_items,,FULFILLED,2026-07-12 10:48:43
6761,141444,rocker / mounting clamp +1,ld-02,2,0,EA,general_items,,PENDING,2026-07-12 10:48:43
8320,141446,stop solonide,vr-71,1,1,EA,general_items,,FULFILLED,2026-07-12 10:48:43
6763,141446,engine stop solenoid,vr-71,1,0,EA,electrical,,PENDING,2026-07-12 10:48:43
8296,141438,diode plate,lk-6738,1,1,EA,general_items,,FULFILLED,2026-07-12 10:48:43
8295,141438,ic regulator,lk-6738,1,1,EA,general_items,,FULFILLED,2026-07-12 10:48:43
8272,141438,tail light (set),pv-6889,1,2,EA,electrical,,FULFILLED,2026-07-12 10:48:43
6746,141438,combination switch set,pv-6889,1,1,EA,electrical,,FULFILLED,2026-07-12 10:48:43
8294,141317,fuel hose (318),stores,5,10,EA,hydraulics,,FULFILLED,2026-07-12 10:48:43
8293,141317,battery terminal pole type (-),stores,5,6,EA,battery,,FULFILLED,2026-07-12 10:48:43
8292,141317,battery terminal pole type (+),stores,5,4,EA,battery,,PARTIAL,2026-07-12 10:48:43
8291,141317,grease nipple (10 sl),stores,5,20,EA,oil_lubricants,,FULFILLED,2026-07-12 10:48:43
8290,141317,grease nipple (10 sl),stores,5,20,EA,oil_lubricants,,FULFILLED,2026-07-12 10:48:43
8289,141317,grease nipple (10 sl),stores,5,20,EA,oil_lubricants,,FULFILLED,2026-07-12 10:48:43
6388,141317,battery terminal (normal),stores,5,5,EA,battery,,FULFILLED,2026-07-12 10:48:43
6387,141317,battery terminal (butterfly),stores,5,5,EA,battery,,FULFILLED,2026-07-12 10:48:43
8275,141443,shock absorber,la-9208,6,2,EA,general_items,,PARTIAL,2026-07-12 10:48:43
6760,141443,drum mount,sr-09,6,6,EA,general_items,,FULFILLED,2026-07-12 10:48:43
6759,141442,4. clutch oil tank,le-4986,1,1,EA,oil_lubricants,,FULFILLED,2026-07-12 10:48:43
6758,141442,3. clutch master pump +1,le-4986,1,1,EA,general_items,,FULFILLED,2026-07-12 10:48:43
6757,141442,2. clutch slave pump,le-4986,1,1,EA,general_items,,FULFILLED,2026-07-12 10:48:43
6756,141442,1. diesel hose,le-4986,10,0,EA,hydraulics,,PENDING,2026-07-12 10:48:43
6747,141439,key cutting,ph-6747,1,1,EA,general_items,,FULFILLED,2026-07-12 10:48:43
5961,140466,fuel filter (1001caa1488in),dah-2230 / dah-2228,2,2,EA,filters,,FULFILLED,2026-07-12 10:48:43
5960,140465,h4 breather filter,li-3851,1,1,EA,filters,,FULFILLED,2026-07-12 10:48:43
9576,5737,24v signal flasher,stores,7,7,EA,general_items,,FULFILLED,2026-07-12 10:48:43
9575,5737,12v signal flasher,stores,6,6,EA,general_items,,FULFILLED,2026-07-12 10:48:43
8452,141437,h3934 seal o ring,ld-02,1,1,EA,bearings_seals,,FULFILLED,2026-07-12 10:48:43
6745,141437,coil re-winding,smg-02,1,1,EA,electrical,,FULFILLED,2026-07-12 10:48:43
6744,141436,door lock new,ph-6747,2,0,EA,general_items,,PENDING,2026-07-12 10:48:43
6375,141315,nylon rod (������),lathe,4,4,EA,general_items,,FULFILLED,2026-07-12 10:48:43
6374,141315,cable tie (4x400),stores,100,100,EA,electrical,,FULFILLED,2026-07-12 10:48:43
6373,141315,cable tie (4x200),stores,100,100,EA,electrical,,FULFILLED,2026-07-12 10:48:43
6372,141315,cable tie (4x300),stores,100,100,EA,electrical,,FULFILLED,2026-07-12 10:48:43
6371,141315,nylon rod (1������),stores / lathe,1,0,EA,general_items,,PENDING,2026-07-12 10:48:43
6370,141315,battery terminal (normal type),stores,10,10,EA,battery,,FULFILLED,2026-07-12 10:48:43
6369,141315,battery terminal (butterfly type),stores,10,10,EA,battery,,FULFILLED,2026-07-12 10:48:43
5959,140464,fuel filter (8193841),ap-05,1,1,EA,filters,,FULFILLED,2026-07-12 10:48:43
5958,140464,fuel filter (11110683),ap-05,1,1,EA,filters,,FULFILLED,2026-07-12 10:48:43
5957,140464,oil filter (3931236),ap-05,1,1,EA,filters,,FULFILLED,2026-07-12 10:48:43
9588,6181,starter motor repair,za-8337,1,2,EA,electrical,,FULFILLED,2026-07-12 10:48:43
8174,6181,carbon brush set,za-8337,0,2,EA,general_items,,PARTIAL,2026-07-12 10:48:43
8173,6181,carbon brush set,za-2609,0,2,EA,general_items,,PARTIAL,2026-07-12 10:48:43
9586,6199,light repair,ln-8278,1,1,EA,general_items,,FULFILLED,2026-07-12 10:48:43
8223,6199,starter motor clutch,pa-4193 helium d/cab h10,0,1,EA,electrical,,PARTIAL,2026-07-12 10:48:43
9585,6193,starter motor repair,325-5120,1,1,EA,electrical,,FULFILLED,2026-07-12 10:48:43
8189,6193,signal light switch,48-4849,0,1,EA,electrical,,PARTIAL,2026-07-12 10:48:43
8303,141435,key switch,ph-6747,1,1,EA,electrical,,FULFILLED,2026-07-12 10:48:43
6743,141435,battery pad repair,mg-03,1,0,EA,battery,,PENDING,2026-07-12 10:48:43
5956,140463,governor lever,pr-1469,2,0,EA,general_items,,PENDING,2026-07-12 10:48:43
5955,140462,filter kit (585-4910xx),pr-1469,1,0,EA,filters,,PENDING,2026-07-12 10:48:43
5954,140462,fuel filter (f002h01 999),pr-1469,2,4,EA,filters,,FULFILLED,2026-07-12 10:48:43
5953,140462,oil filter (0700189017),pr-1469,1,2,EA,filters,,FULFILLED,2026-07-12 10:48:43
6742,141434,2. fan (welding plant),lathe shop,2,3,EA,general_items,,FULFILLED,2026-07-12 10:48:43
6741,141434,1. 2 way welding plant switch,lathe shop,1,1,EA,electrical,,FULFILLED,2026-07-12 10:48:43
6740,141433,2. belt adjuster,zb-1548,1,0,EA,belts,,PENDING,2026-07-12 10:48:43
6739,141433,1. fan belt (spk 1835) +1,zb-1548,1,0,EA,belts,,PENDING,2026-07-12 10:48:43
9587,6178,alternator & light repair,48-4849,1,1,EA,electrical,,FULFILLED,2026-07-12 10:48:43
8451,141427,h3927 seal o ring,ld-02,6,1,EA,bearings_seals,,PARTIAL,2026-07-12 10:48:43
8449,141427,12 joint socket set (encham),ld-02,1,1,EA,general_items,,FULFILLED,2026-07-12 10:48:43
8448,141427,caliper seal kit,ld-02,3,3,EA,bearings_seals,,FULFILLED,2026-07-12 10:48:43
8447,141427,caliper seal kit,ld-02,1,1,EA,bearings_seals,,FULFILLED,2026-07-12 10:48:43
8446,141427,caliper seal,ld-02,2,2,EA,bearings_seals,,FULFILLED,2026-07-12 10:48:43
8444,141427,clutch pack large,ld-02,10,10,EA,general_items,,FULFILLED,2026-07-12 10:48:43
8443,141427,clutch pack small,ld-02,4,4,EA,general_items,,FULFILLED,2026-07-12 10:48:43
8442,141427,oil seal,ld-02,2,2,EA,bearings_seals,,FULFILLED,2026-07-12 10:48:43
8431,141427,transmission filter,ld-02,1,1,EA,filters,,FULFILLED,2026-07-12 10:48:43
6732,141427,9. 12 point socket set (inches),ld-02,1,0,EA,general_items,,PENDING,2026-07-12 10:48:43
6731,141427,8. caliper seal kit,ld-02,3,0,EA,bearings_seals,,PENDING,2026-07-12 10:48:43
6730,141427,7. caliper seal kit,ld-02,1,0,EA,bearings_seals,,PENDING,2026-07-12 10:48:43
6729,141427,6. caliper seal,ld-02,2,2,EA,bearings_seals,,FULFILLED,2026-07-12 10:48:43
6728,141427,5. o-ring,ld-02,6,6,EA,bearings_seals,,FULFILLED,2026-07-12 10:48:43
6727,141427,4. clutch pack (large),ld-02,10,10,EA,general_items,,FULFILLED,2026-07-12 10:48:43
6726,141427,3. clutch pack (small),ld-02,4,4,EA,general_items,,FULFILLED,2026-07-12 10:48:43
6725,141427,2. oil seal,ld-02,2,2,EA,bearings_seals,,FULFILLED,2026-07-12 10:48:43
6724,141427,1. transmission filter,ld-02,1,1,EA,filters,,FULFILLED,2026-07-12 10:48:43
8281,141314,masking tape,stores,24,6,EA,general_items,,PARTIAL,2026-07-12 10:48:43
6368,141314,grease nipple,stores,50,60,EA,oil_lubricants,,FULFILLED,2026-07-12 10:48:43
6367,141314,hose clip,stores,50,0,EA,hydraulics,,PENDING,2026-07-12 10:48:43
6366,141314,gasket shellac,stores,6,0,EA,bearings_seals,,PENDING,2026-07-12 10:48:43
6365,141314,rubber grease,stores,6,8,EA,oil_lubricants,,FULFILLED,2026-07-12 10:48:43
6364,141314,thread seal,stores,12,12,EA,bearings_seals,,FULFILLED,2026-07-12 10:48:43
6363,141314,insulating tape,stores,24,24,EA,general_items,,FULFILLED,2026-07-12 10:48:43
6362,141314,petrol,stores,15,8,EA,general_items,,PARTIAL,2026-07-12 10:48:43
6361,141314,kerosene oil,stores,40,42,EA,oil_lubricants,,FULFILLED,2026-07-12 10:48:43
6360,141314,contact cleaner,stores,10,0,EA,general_items,,PENDING,2026-07-12 10:48:43
6359,141314,wd-40,stores,10,4,EA,general_items,,PARTIAL,2026-07-12 10:48:43
6738,141432,hy/hose repair,lb-01,5,6,EA,hydraulics,,FULFILLED,2026-07-12 10:48:43
6737,141431,fuel cut off solenoid,lb-01,1,0,EA,electrical,,PENDING,2026-07-12 10:48:43
6736,141430,engine stop cable,li-3851,1,1,EA,electrical,,FULFILLED,2026-07-12 10:48:43
6735,141429,2. speaker (12v),ph-3945,1,1,EA,general_items,,FULFILLED,2026-07-12 10:48:43
6734,141429,1. power shutter motor,ph-3945,1,1,EA,general_items,,FULFILLED,2026-07-12 10:48:43
6733,141428,signal light repair,lp-1578,1,1,EA,general_items,,FULFILLED,2026-07-12 10:48:43
6723,141426,2. brake light set,lp-1712,2,2,EA,general_items,,FULFILLED,2026-07-12 10:48:43
6722,141426,1. wiper blade (24),lp-1712,2,2,EA,general_items,,FULFILLED,2026-07-12 10:48:43
9506,140583,a/c repair,ly-4524,1,1,EA,general_items,,FULFILLED,2026-07-12 10:48:43
9355,6200,hydrolic presure machine,water presure machine,1,1,EA,general_items,,FULFILLED,2026-07-12 10:48:43
8237,6200,auto wine,stores,0,1,EA,general_items,,PARTIAL,2026-07-12 10:48:43
8519,141310,nut bolt,48-4849,80,4,EA,general_items,,PARTIAL,2026-07-12 10:48:43
8284,141310,wd-40 (400ml),stores,1,4,EA,general_items,,FULFILLED,2026-07-12 10:48:43
8283,141310,24v 5 pin relay (single),stores,5,1,EA,electrical,,PARTIAL,2026-07-12 10:48:43
8279,141310,thread lock,stores,5,5,EA,general_items,,FULFILLED,2026-07-12 10:48:43
8278,141310,12v relay,stores,10,5,EA,electrical,,PARTIAL,2026-07-12 10:48:43
6334,141310,toggle switch,electric room,3,0,EA,electrical,,PENDING,2026-07-12 10:48:43
6333,141310,auto wire (roll),electric room,3,0,EA,electrical,,PENDING,2026-07-12 10:48:43
6332,141310,fuse (10/15/20/25a),electric room,80,80,EA,electrical,,FULFILLED,2026-07-12 10:48:43
6331,141310,48v relay,electric room,5,0,EA,electrical,,PENDING,2026-07-12 10:48:43
6330,141310,24v relay,electric room,10,6,EA,electrical,,PARTIAL,2026-07-12 10:48:43
6329,141310,mini fuse (various a),electric room,80,68,EA,electrical,,PARTIAL,2026-07-12 10:48:43
6328,141310,multimeter (digital),electric room,1,0,EA,general_items,,PENDING,2026-07-12 10:48:43
6327,141310,contact cleaner,electric room,5,5,EA,general_items,,FULFILLED,2026-07-12 10:48:43
9354,141310,24v head light bulb,work shop stores,6,6,EA,electrical,,FULFILLED,2026-07-12 10:48:43
8336,140461,seatastic 999,28-4314,1,1,EA,general_items,,FULFILLED,2026-07-12 10:48:43
8335,140461,filter,28-4314,1,1,EA,filters,,FULFILLED,2026-07-12 10:48:43
5952,140461,oil filter (c-1803),28-4314,1,1,EA,filters,,FULFILLED,2026-07-12 10:48:43
5951,140461,fuel filter (fc-1009),28-4314,1,1,EA,filters,,FULFILLED,2026-07-12 10:48:43
8271,141424,door beading,pv-6889,2,2,EA,general_items,,FULFILLED,2026-07-12 10:48:43
6720,141424,gear lever bush,pv-6889,2,2,EA,bearings_seals,,FULFILLED,2026-07-12 10:48:43
8270,141417,side mirror (l/r),pv-6889,2,2,EA,general_items,,FULFILLED,2026-07-12 10:48:43
8269,141417,signal light (l/r),pv-6889,2,2,EA,general_items,,FULFILLED,2026-07-12 10:48:43
8268,141417,head light (l/r),pv-6889,2,2,EA,electrical,,FULFILLED,2026-07-12 10:48:43
6715,141417,3. banjo bolt,pv-6889,2,0,EA,general_items,,PENDING,2026-07-12 10:48:43
6714,141417,2. gear lever bush,pv-6889,2,0,EA,bearings_seals,,PENDING,2026-07-12 10:48:43
6713,141417,1. battery post repair +1,pv-6889,2,2,EA,battery,,FULFILLED,2026-07-12 10:48:43
8155,141422,0-570 oil filter,ln-8279,1,1,EA,filters,,FULFILLED,2026-07-12 10:48:43
6718,141422,cabin air balloon,ln-8279,1,1,EA,general_items,,FULFILLED,2026-07-12 10:48:43
6721,141425,light repair (tail light),lo-8349,1,1,EA,electrical,,FULFILLED,2026-07-12 10:48:43
6719,141423,shock absorber repair,la-9208,2,1,EA,general_items,,PARTIAL,2026-07-12 10:48:43
6717,141420,2. alternator repair,lk-6738,1,1,EA,electrical,,FULFILLED,2026-07-12 10:48:43
6716,141420,1. banjo bolt,lk-6738,2,2,EA,general_items,,FULFILLED,2026-07-12 10:48:43
6358,141313,bulb holder,stores,4,0,EA,electrical,,PENDING,2026-07-12 10:48:43
6357,141313,led bulb (10w),stores,4,0,EA,electrical,,PENDING,2026-07-12 10:48:43
6356,141313,flood light (200w),stores,1,0,EA,general_items,,PENDING,2026-07-12 10:48:43
6355,141313,"hose clip (2���, 3���)",stores,12,12,EA,hydraulics,,FULFILLED,2026-07-12 10:48:43
6354,141313,hose clip (various sizes),stores,60,36,EA,hydraulics,,PARTIAL,2026-07-12 10:48:43
6353,141313,thread lock,stores,1,2,EA,general_items,,FULFILLED,2026-07-12 10:48:43
6352,141313,steel epoxy glue,stores,3,0,EA,general_items,,PENDING,2026-07-12 10:48:43
6351,141313,cotton waste,stores,20,20,EA,general_items,,FULFILLED,2026-07-12 10:48:43
6350,141312,antiseptic cream,stores,1,0,EA,general_items,,PENDING,2026-07-12 10:48:43
6349,141312,panadol (card),stores,1,0,EA,general_items,,PENDING,2026-07-12 10:48:43
6348,141312,dettol (card),stores,2,0,EA,general_items,,PENDING,2026-07-12 10:48:43
6347,141312,bandage pack,stores,1,0,EA,general_items,,PENDING,2026-07-12 10:48:43
6346,141312,bandage roll,stores,1,0,EA,general_items,,PENDING,2026-07-12 10:48:43
6345,141312,cotton pack,stores,1,0,EA,general_items,,PENDING,2026-07-12 10:48:43
6344,141312,plaster roll,stores,1,0,EA,general_items,,PENDING,2026-07-12 10:48:43
6343,141312,soap (mini),stores,12,6,EA,general_items,,PARTIAL,2026-07-12 10:48:43
6342,141311,number plate led strip,stores,6,0,EA,electrical,,PENDING,2026-07-12 10:48:43
6341,141311,mini auto indicator bulb,stores,12,0,EA,electrical,,PENDING,2026-07-12 10:48:43
6340,141311,24v dashboard bulb,stores,12,0,EA,electrical,,PENDING,2026-07-12 10:48:43
6339,141311,12v dashboard bulb,stores,12,0,EA,electrical,,PENDING,2026-07-12 10:48:43
6338,141311,fuse holder,stores,6,0,EA,electrical,,PENDING,2026-07-12 10:48:43
6337,141311,24v/21w single filament bulb,stores,12,20,EA,electrical,,FULFILLED,2026-07-12 10:48:43
6336,141311,12v/21w double filament bulb,stores,12,20,EA,electrical,,FULFILLED,2026-07-12 10:48:43
6335,141311,12v/21w single filament bulb,stores,12,20,EA,electrical,,FULFILLED,2026-07-12 10:48:43
5950,140460,diesel filter (nts-296),tractor (mundalama site),2,2,EA,filters,,FULFILLED,2026-07-12 10:48:43
9345,141309,lead wire,work shop stores,19.5,19.5,EA,electrical,,FULFILLED,2026-07-12 10:48:43
8230,141309,starter motor (after repair),cep/3 ge-01,5,0,EA,electrical,,PENDING,2026-07-12 10:48:43
6326,141309,ic regulator,stores,4,3,EA,general_items,,PARTIAL,2026-07-12 10:48:43
6325,141309,spray gun,stores,1,1,EA,general_items,,FULFILLED,2026-07-12 10:48:43
6324,141309,mop,stores,1,1,EA,general_items,,FULFILLED,2026-07-12 10:48:43
6323,141309,car wash liquid,stores,5,0,EA,general_items,,PENDING,2026-07-12 10:48:43
6322,141309,kerosene,stores,20,0,EA,general_items,,PENDING,2026-07-12 10:48:43
6321,141309,high pressure liquid,stores,5,0,EA,general_items,,PENDING,2026-07-12 10:48:43
6320,141309,costic soda,stores,5,5,EA,general_items,,FULFILLED,2026-07-12 10:48:43
8385,141414,hout plug,pr-1504,10,2,EA,electrical,,PARTIAL,2026-07-12 10:48:43
6709,141414,bristol board,pr-1504,10,0,EA,general_items,,PENDING,2026-07-12 10:48:43
8339,141413,bolt 8x100,hex-22,4,70,EA,general_items,,FULFILLED,2026-07-12 10:48:43
8257,141413,edle wheel repair,hex-22,2,1,EA,tyre,,PARTIAL,2026-07-12 10:48:43
8232,141413,bottom roll,hex-22,2,12,EA,general_items,,FULFILLED,2026-07-12 10:48:43
6708,141413,"4. da bolt (30mm dia, 5 long)",hex-22,4,4,EA,general_items,,FULFILLED,2026-07-12 10:48:43
6707,141413,3. o-ring,hex-22,2,2,EA,bearings_seals,,FULFILLED,2026-07-12 10:48:43
6706,141413,2. duo cone,hex-22,2,2,EA,general_items,,FULFILLED,2026-07-12 10:48:43
6705,141413,1. idle wheel bush,hex-22,2,2,EA,bearings_seals,,FULFILLED,2026-07-12 10:48:43
8239,141415,number plate light,ph-3945,1,1,EA,general_items,,FULFILLED,2026-07-12 10:48:43
8238,141415,electric horn 12v,ph-3945,1,1,EA,electrical,,FULFILLED,2026-07-12 10:48:43
6711,141415,2. number plate light,ph-3945,1,1,EA,general_items,,FULFILLED,2026-07-12 10:48:43
6710,141415,1. elec. horn (12v),ph-3945,1,1,EA,electrical,,FULFILLED,2026-07-12 10:48:43
8220,140459,f-193 fuel filter vic,"toyota 1kd, 2kd hilux d/car",2,2,EA,filters,,FULFILLED,2026-07-12 10:48:43
5949,140459,air filter set,smg-1 / smg-2,2,1,EA,filters,,PARTIAL,2026-07-12 10:48:43
6712,141416,injector repair,za-7925,4,4,EA,general_items,,FULFILLED,2026-07-12 10:48:43
6704,141412,alligator clip set (+/-),battery charger,4,0,EA,general_items,,PENDING,2026-07-12 10:48:43
6703,141411,2. copper sheet,asphalt plant,1,0,EA,general_items,,PENDING,2026-07-12 10:48:43
6702,141411,1. packing sheet,asphalt plant,1,1,EA,general_items,,FULFILLED,2026-07-12 10:48:43
9577,6179,starter motor repair,ge-01,1,1,EA,electrical,,FULFILLED,2026-07-12 10:48:43
8258,6179,pressor cartur motor repair,service bay,0,1,EA,general_items,,PARTIAL,2026-07-12 10:48:43
8255,6179,water pump service,service bay single phase,0,1,EA,general_items,,PARTIAL,2026-07-12 10:48:43
9415,6175,air filter indian,ph-3945,1,1,EA,filters,,FULFILLED,2026-07-12 10:48:43
8154,6175,air filter,ph-3945,1,1,EA,filters,,FULFILLED,2026-07-12 10:48:43
8139,6175,air filter,ph-3945,1,1,EA,filters,,FULFILLED,2026-07-12 10:48:43
9414,6176,oil filter (o-1516),ln-8279,1,1,EA,filters,,FULFILLED,2026-07-12 10:48:43
9413,5776,air filter (fa-1235),ac-38,1,1,EA,filters,,FULFILLED,2026-07-12 10:48:43
9412,5776,oil filter (c-805),ac-38,1,1,EA,filters,,FULFILLED,2026-07-12 10:48:43
9410,5477,oil filter (c-805),ac-42,1,1,EA,filters,,FULFILLED,2026-07-12 10:48:43
9411,5477,hydrolic filter (hf-28873),ac-42,1,1,EA,filters,,FULFILLED,2026-07-12 10:48:43
9409,5466,a/c filter (ca-1114),pc-7812,1,1,EA,filters,,FULFILLED,2026-07-12 10:48:43
9408,5466,oil filter (c-111),pc-7812,1,1,EA,filters,,FULFILLED,2026-07-12 10:48:43
9407,5466,fuel filter (f-193),pc-7812,1,1,EA,filters,,FULFILLED,2026-07-12 10:48:43
8348,141406,engine mount,hex-23,8,8,EA,general_items,,FULFILLED,2026-07-12 10:48:43
6685,141406,9. engine mount,sk200-8,8,0,EA,general_items,,PENDING,2026-07-12 10:48:43
6684,141406,8. cam bearing (set),sk200-8,1,1,EA,bearings_seals,,FULFILLED,2026-07-12 10:48:43
6683,141406,7. piston sleeve (set),sk200-8,1,1,EA,general_items,,FULFILLED,2026-07-12 10:48:43
6682,141406,6. valve guide (set),sk200-8,1,1,EA,general_items,,FULFILLED,2026-07-12 10:48:43
6681,141406,5. piston ring (set),sk200-8,1,1,EA,general_items,,FULFILLED,2026-07-12 10:48:43
6680,141406,4. gudgeon pin bush,sk200-8,4,1,EA,bearings_seals,,PARTIAL,2026-07-12 10:48:43
6679,141406,3. thrust bearing (set),sk200-8,1,1,EA,bearings_seals,,FULFILLED,2026-07-12 10:48:43
6678,141406,2. big end bearing (set),sk200-8,1,1,EA,bearings_seals,,FULFILLED,2026-07-12 10:48:43
6677,141406,1. main bearing (set),hex-23,1,1,EA,bearings_seals,,FULFILLED,2026-07-12 10:48:43
6701,141410,6. bearing 6007 z,lathe shop drill machine,2,2,EA,bearings_seals,,FULFILLED,2026-07-12 10:48:43
6700,141410,5. bearing 6208 z,lathe shop drill machine,2,2,EA,bearings_seals,,FULFILLED,2026-07-12 10:48:43
6699,141410,4. bearing 6200,lathe shop drill machine,1,1,EA,bearings_seals,,FULFILLED,2026-07-12 10:48:43
6698,141410,3. bearing 6202 zrz,lathe shop drill machine,1,1,EA,bearings_seals,,FULFILLED,2026-07-12 10:48:43
6697,141410,2. bearing 6003 rz,lathe shop drill machine,1,1,EA,bearings_seals,,FULFILLED,2026-07-12 10:48:43
6696,141410,1. bearing 6005 rs,lathe shop drill machine,1,1,EA,bearings_seals,,FULFILLED,2026-07-12 10:48:43
6695,141409,hy. hose,ld-05,1,4,EA,hydraulics,,FULFILLED,2026-07-12 10:48:43
6694,141408,hand drill machine,badalgama w/s,1,0,EA,general_items,,PENDING,2026-07-12 10:48:43
6693,141407,8. water outlet radiator cap,57-3062,1,1,EA,general_items,,FULFILLED,2026-07-12 10:48:43
6692,141407,7. idle arm,57-3062,1,0,EA,general_items,,PENDING,2026-07-12 10:48:43
6691,141407,6. steering damper,57-3062,1,0,EA,general_items,,PENDING,2026-07-12 10:48:43
6690,141407,5. shock absorber,57-3062,2,1,EA,general_items,,PARTIAL,2026-07-12 10:48:43
6689,141407,4. link end,57-3062,2,0,EA,general_items,,PENDING,2026-07-12 10:48:43
6688,141407,3. tie rod end,57-3062,2,0,EA,general_items,,PENDING,2026-07-12 10:48:43
6687,141407,2. lower arm ball joint,57-3062,2,0,EA,general_items,,PENDING,2026-07-12 10:48:43
6686,141407,1. upper arm ball joint,57-3062,2,1,EA,general_items,,PARTIAL,2026-07-12 10:48:43
6676,141405,6. withdrawal plate,lo-8350,1,1,EA,general_items,,FULFILLED,2026-07-12 10:48:43
6675,141405,5. fly wheel,lo-8350,1,1,EA,tyre,,FULFILLED,2026-07-12 10:48:43
6674,141405,4. clutch release bearing,lo-8350,1,1,EA,bearings_seals,,FULFILLED,2026-07-12 10:48:43
6673,141405,3. pilot bearing,lo-8350,1,1,EA,bearings_seals,,FULFILLED,2026-07-12 10:48:43
6672,141405,2. pressure plate,lo-8350,1,1,EA,general_items,,FULFILLED,2026-07-12 10:48:43
6671,141405,1. clutch plate,lo-8350,1,1,EA,general_items,,FULFILLED,2026-07-12 10:48:43
5948,140458,air filter element,asphalt plant (badalgama),1,1,EA,filters,,FULFILLED,2026-07-12 10:48:43
5947,140458,air filter element,asphalt plant (badalgama),6,6,EA,filters,,FULFILLED,2026-07-12 10:48:43
8341,141404,washer 8x100,hex-22,48,70,EA,general_items,,FULFILLED,2026-07-12 10:48:43
8333,141404,16x60 bolt,hex-22,48,4,EA,general_items,,PARTIAL,2026-07-12 10:48:43
8236,141404,hose cup (8-12) ���,stores,1,1,EA,hydraulics,,FULFILLED,2026-07-12 10:48:43
6670,141404,8. washer,hex-22,48,48,EA,general_items,,FULFILLED,2026-07-12 10:48:43
6669,141404,7. bolt,hex-22,48,48,EA,general_items,,FULFILLED,2026-07-12 10:48:43
6668,141404,6. grease seal,hex-22,4,1,EA,bearings_seals,,PARTIAL,2026-07-12 10:48:43
6667,141404,5. track link set,hex-22,1,1,EA,general_items,,FULFILLED,2026-07-12 10:48:43
6666,141404,4. fog light led,hex-22,3,3,EA,electrical,,FULFILLED,2026-07-12 10:48:43
6665,141404,3. auto wire 9/0.30,hex-22,2,1,EA,electrical,,PARTIAL,2026-07-12 10:48:43
6664,141404,2. duo cone seal,hex-22,1,0,EA,bearings_seals,,PENDING,2026-07-12 10:48:43
6663,141404,1. perspex sheet,hex-22,1,1,EA,general_items,,FULFILLED,2026-07-12 10:48:43
8229,141308,battery acrol,protle stores,10,4,EA,battery,,PARTIAL,2026-07-12 10:48:43
6319,141308,farm oil,stores,10,0,EA,oil_lubricants,,PENDING,2026-07-12 10:48:43
8172,140457,regulator,ld-05 (badalgama),1,1,EA,general_items,,FULFILLED,2026-07-12 10:48:43
5946,140457,fuel filter (fc-510),mg-05,1,1,EA,filters,,FULFILLED,2026-07-12 10:48:43
5945,140457,oil filter (c-5615),mg-05,1,1,EA,filters,,FULFILLED,2026-07-12 10:48:43
8168,141402,80���95���90mm bush,hex-45 case excavator marawila,2,2,EA,bearings_seals,,FULFILLED,2026-07-12 10:48:43
6660,141402,hy. union,hex-45,2,2,EA,general_items,,FULFILLED,2026-07-12 10:48:43
6662,141403,2. fuel filter,za-7034,1,1,EA,filters,,FULFILLED,2026-07-12 10:48:43
6661,141403,1. filter head assy,za-7034,1,1,EA,filters,,FULFILLED,2026-07-12 10:48:43
6659,141401,fan belt,vr-71,2,2,EA,belts,,FULFILLED,2026-07-12 10:48:43
5944,140456,fuel filter (fc-510),hex-21,1,1,EA,filters,,FULFILLED,2026-07-12 10:48:43
5943,140456,oil filter (c-519),hex-21,1,1,EA,filters,,FULFILLED,2026-07-12 10:48:43
5942,140456,oil filter (c-5510a),hex-21,1,1,EA,filters,,FULFILLED,2026-07-12 10:48:43
5941,140455,air filter (1110176 / 1110175),hex-01,1,1,EA,filters,,FULFILLED,2026-07-12 10:48:43
5940,140455,fuel filter (8193841),hex-01,1,1,EA,filters,,FULFILLED,2026-07-12 10:48:43
5939,140455,fuel filter (11110683),hex-01,1,1,EA,filters,,FULFILLED,2026-07-12 10:48:43
5938,140455,oil filter (3931236),hex-01,1,1,EA,filters,,FULFILLED,2026-07-12 10:48:43
5937,140454,air filter (js-3522a),ge-69,1,1,EA,filters,,FULFILLED,2026-07-12 10:48:43
5936,140453,air filter (a-5403),pa-4194,1,1,EA,filters,,FULFILLED,2026-07-12 10:48:43
5935,140452,air filter (a-1064),ptr-10,1,1,EA,filters,,FULFILLED,2026-07-12 10:48:43
9350,6189,bottom rollers,hex-22,12,12,EA,general_items,,FULFILLED,2026-07-12 10:48:43
8256,141302,carture machine motor repair,service bay,4,1,EA,general_items,,PARTIAL,2026-07-12 10:48:43
6310,141302,flasher (24v),stock,6,0,EA,general_items,,PENDING,2026-07-12 10:48:43
6309,141302,flasher (12v/24w),stock,6,0,EA,general_items,,PENDING,2026-07-12 10:48:43
6308,141302,wood powder,stores,5,3,EA,general_items,,PARTIAL,2026-07-12 10:48:43
6307,141302,thread lock,stock,5,5,EA,general_items,,FULFILLED,2026-07-12 10:48:43
6306,141302,bulb holder,stores,4,0,EA,electrical,,PENDING,2026-07-12 10:48:43
6305,141302,warm light (white),office,2,0,EA,general_items,,PENDING,2026-07-12 10:48:43
6304,141302,warm light (white),electric room,4,0,EA,general_items,,PENDING,2026-07-12 10:48:43
6303,141302,warm light (white),stores room,4,0,EA,general_items,,PENDING,2026-07-12 10:48:43
8158,172639,brake pad,ph-3945,4,4,EA,general_items,,FULFILLED,2026-07-12 10:48:43
8140,172639,brake pad,ph-3945,4,4,EA,general_items,,FULFILLED,2026-07-12 10:48:43
6302,141301,masking tape,stores,5,6,EA,general_items,,FULFILLED,2026-07-12 10:48:43
6301,141301,sealastic,stores,6,6,EA,general_items,,FULFILLED,2026-07-12 10:48:43
6300,141301,rubber grease,stores,5,0,EA,oil_lubricants,,PENDING,2026-07-12 10:48:43
6299,141301,cotton waste,stores,20,13.2,EA,general_items,,PARTIAL,2026-07-12 10:48:43
6298,141301,brake oil (500ml),stores,24,24,EA,oil_lubricants,,FULFILLED,2026-07-12 10:48:43
6297,141301,insulating tape,stores,24,0,EA,general_items,,PENDING,2026-07-12 10:48:43
6296,141301,wd-40,stores,5,0,EA,general_items,,PENDING,2026-07-12 10:48:43
6295,141301,contact cleaner,stores,5,4,EA,general_items,,PARTIAL,2026-07-12 10:48:43
6294,141301,petrol,stores,5,3.4,EA,general_items,,PARTIAL,2026-07-12 10:48:43
6293,141301,kerosene oil,stores,20,21,EA,oil_lubricants,,FULFILLED,2026-07-12 10:48:43
5934,140451,air filter (js-3700),sl-11,1,1,EA,filters,,FULFILLED,2026-07-12 10:48:43
6312,141303,holder,stores,5,8,EA,general_items,,FULFILLED,2026-07-12 10:48:43
6311,141303,bulb (filament),stores,5,8,EA,electrical,,FULFILLED,2026-07-12 10:48:43
6313,141304,condenser (uf 250),air compressor engine room,2,0,EA,general_items,,PENDING,2026-07-12 10:48:43
6314,141305,caustic soda,stores,2,0,EA,general_items,,PENDING,2026-07-12 10:48:43
6317,141306,reducer (1x���),stores,1,0,EA,general_items,,PENDING,2026-07-12 10:48:43
6316,141306,insulation tape,stores,2,0,EA,general_items,,PENDING,2026-07-12 10:48:43
6315,141306,rubber gloves,stores cleaning,6,0,EA,general_items,,PENDING,2026-07-12 10:48:43
6318,141307,rubber gloves,stores cleaning,12,0,EA,general_items,,PENDING,2026-07-12 10:48:43
9398,5455,fuel filter (js-1059/jeson),ge-121,1,1,EA,filters,,FULFILLED,2026-07-12 10:48:43
9397,5455,fuel filter (423-8521/cat),ge-121,1,1,EA,filters,,FULFILLED,2026-07-12 10:48:43
9396,5455,oil filter (1r 1808/cat),ge-121,1,1,EA,filters,,FULFILLED,2026-07-12 10:48:43
9395,5456,air filter (js-3090ab),ge-106,1,1,EA,filters,,FULFILLED,2026-07-12 10:48:43
9394,5456,fuel filter fc-510),ge-106,1,1,EA,filters,,FULFILLED,2026-07-12 10:48:43
9393,5456,oil filter (c-525),ge-106,1,1,EA,filters,,FULFILLED,2026-07-12 10:48:43
9392,5457,oil filter (c-1503),li-3402,2,2,EA,filters,,FULFILLED,2026-07-12 10:48:43
9390,5457,fuel filter (fhn00400/500),li-3401,1,1,EA,filters,,FULFILLED,2026-07-12 10:48:43
9389,5457,oil filter (9451037424),hs-1773,1,1,EA,filters,,FULFILLED,2026-07-12 10:48:43
9391,189521,oil filter (c-1503),li-3402,2,0,EA,filters,,PENDING,2026-07-12 10:48:43
9388,5452,air filter (af-25333),ly-4524,1,1,EA,filters,,FULFILLED,2026-07-12 10:48:43
9387,5452,fuel filter (20976003),ly-4524,1,1,EA,filters,,FULFILLED,2026-07-12 10:48:43
9386,5452,fuel seperator filter (21380488),ly-4524,1,1,EA,filters,,FULFILLED,2026-07-12 10:48:43
9385,5452,oil bypass filter (21707132),ly-4524,1,1,EA,filters,,FULFILLED,2026-07-12 10:48:43
9384,5452,oil filter (21707134/ valvo),ly-4524,2,2,EA,filters,,FULFILLED,2026-07-12 10:48:43
9511,6070,12v/ led fog light,lc-0434,2,2,EA,electrical,,FULFILLED,2026-07-12 10:48:43
9404,5618,gum boot,work shop,1,1,EA,general_items,,FULFILLED,2026-07-12 10:48:43
9403,5618,safety shoe,work shop,17,17,EA,general_items,,FULFILLED,2026-07-12 10:48:43
9402,5618,over roll,work shop,13,13,EA,general_items,,FULFILLED,2026-07-12 10:48:43
9383,6900,hydraulic breather filter (31ee-02110),hex-17,1,1,EA,filters,,FULFILLED,2026-07-12 10:48:43
9382,6900,hydraulic return filter (31nf-01461),hex-17,1,1,EA,filters,,FULFILLED,2026-07-12 10:48:43
9381,6900,hydraulic filter (hc-7901),hex-17,1,1,EA,filters,,FULFILLED,2026-07-12 10:48:43
9380,6900,hydraulic suction filter (e-131-0214),hex-17,1,1,EA,filters,,FULFILLED,2026-07-12 10:48:43
9379,6898,oil filter (c-1712),ph-6744,1,1,EA,filters,,FULFILLED,2026-07-12 10:48:43
9378,6899,air filter (js-3803) set,ap-09,1,1,EA,filters,,FULFILLED,2026-07-12 10:48:43
9377,6899,fuel filter (f-641),ap-09,1,1,EA,filters,,FULFILLED,2026-07-12 10:48:43
9376,6899,fuel filter (f-385),ap-09,1,1,EA,filters,,FULFILLED,2026-07-12 10:48:43
9375,6899,oil filter (o.6746),ap-09,1,1,EA,filters,,FULFILLED,2026-07-12 10:48:43
9374,6897,hydrolic filter (r164381),"sl-24, sl-25",2,2,EA,filters,,FULFILLED,2026-07-12 10:48:43
9373,6896,air  filter set (sfa6158),ac-24,1,1,EA,filters,,FULFILLED,2026-07-12 10:48:43
9372,6896,hydrolic filter (sfh4020),ac-24,1,1,EA,filters,,FULFILLED,2026-07-12 10:48:43
9371,6896,air seperator filter (sa-488),ac-24,1,1,EA,filters,,FULFILLED,2026-07-12 10:48:43
5909,140401,100 amp battery,lm-6658,2,0,EA,battery,,PENDING,2026-07-12 10:48:43
9401,6862,oil filter (th93286),pv-6889,2,2,EA,filters,,FULFILLED,2026-07-12 10:48:43
9400,6862,fuel filter (ir0751),ll-0920,1,1,EA,filters,,FULFILLED,2026-07-12 10:48:43
9399,6862,oil filter (ir0739 cat),hex-22,1,1,EA,filters,,FULFILLED,2026-07-12 10:48:43
9037,167188,bobcat lever handle (stainless steel),sl-15,1,1,EA,general_items,,FULFILLED,2026-07-12 10:48:43
9032,141648,hydrolic filter (31e9-026-a),hex-41,1,1,EA,filters,,FULFILLED,2026-07-12 10:48:43
9031,141647,ac filter,hex-01,2,2,EA,filters,,FULFILLED,2026-07-12 10:48:43
9001,141984,700���16 flap,pt-1571,2,0,EA,tyre,,PENDING,2026-07-12 10:48:43
9000,141984,700���16 new tube,pt-1570,2,0,EA,tyre,,PENDING,2026-07-12 10:48:43
8999,141984,700���16 new tyre,pt-1569,2,0,EA,tyre,,PENDING,2026-07-12 10:48:43
8998,167418,car wash  (ltr),service bay,10,10,EA,general_items,,FULFILLED,2026-07-12 10:48:43
8991,166903,head light flasher,workshop stores,10,0,EA,electrical,,PENDING,2026-07-12 10:48:43
8990,167176,hand break lock,ln-8278,2,0,EA,general_items,,PENDING,2026-07-12 10:48:43
8988,166902,clamp multimetre,badalgama electricien,1,0,EA,general_items,,PENDING,2026-07-12 10:48:43
8978,167175,speedo meter wheel,pa-4879,1,1,EA,tyre,,FULFILLED,2026-07-12 10:48:43
8977,167174,perspack 3mm 6*4,hex-21,1,1,EA,general_items,,FULFILLED,2026-07-12 10:48:43
8976,142350,20w led flasher,workshop stores,1,0,EA,electrical,,PENDING,2026-07-12 10:48:43
8975,142349,crimped wire,workshop painting,5,5,EA,electrical,,FULFILLED,2026-07-12 10:48:43
8574,142349,musking tape,stones,0,5,EA,general_items,,PARTIAL,2026-07-12 10:48:43
8954,167166,two way jack swith,cr-01,1,0,EA,general_items,,PENDING,2026-07-12 10:48:43
8953,167165,hose repair (lenth 11 1/2),hex-21,1,0,EA,hydraulics,,PENDING,2026-07-12 10:48:43
8952,167164,hub bearing,lk-5041,1,1,EA,bearings_seals,,FULFILLED,2026-07-12 10:48:43
8950,167162,breake booster r/kit,ld-09,1,1,EA,general_items,,FULFILLED,2026-07-12 10:48:43
8949,167161,presure seal,59-5421 d/cab,1,1,EA,bearings_seals,,FULFILLED,2026-07-12 10:48:43
8948,167161,oil seal,59-5421 d/cab,3,3,EA,bearings_seals,,FULFILLED,2026-07-12 10:48:43
8947,167161,ball bearing,59-5421 d/cab,1,1,EA,bearings_seals,,FULFILLED,2026-07-12 10:48:43
8946,167161,needle bearing,59-5421 d/cab,2,2,EA,bearings_seals,,FULFILLED,2026-07-12 10:48:43
8942,141646,air filter (278609139909),lo-8349,1,1,EA,filters,,FULFILLED,2026-07-12 10:48:43
8895,167154,hose,service cab-grease gun,1,1,EA,hydraulics,,FULFILLED,2026-07-12 10:48:43
8892,167151,boom cable    (mtr),48-4849 boom truck,50,48,EA,electrical,,PARTIAL,2026-07-12 10:48:43
8891,167417,coolant  (can),lp-1569,5,5,EA,oil_lubricants,,FULFILLED,2026-07-12 10:48:43
8890,166899,parking bulb holder (12v),lm-7949 tata 1615,10,0,EA,electrical,,PENDING,2026-07-12 10:48:43
8883,167416,diesel   (ltr),fl-03,10,10,EA,general_items,,FULFILLED,2026-07-12 10:48:43
8873,167415,diesel   (ltr),hex-33,20,20,EA,general_items,,FULFILLED,2026-07-12 10:48:43
7627,141735,broke shoe retaining,ld-08,1,2,EA,general_items,,FULFILLED,2026-07-12 10:48:43
8862,142339,sand paper (2000),stores,8,8,EA,general_items,,FULFILLED,2026-07-12 10:48:43
8861,142339,sand paper (1000),stores,8,8,EA,general_items,,FULFILLED,2026-07-12 10:48:43
8860,142339,sand paper (800),stores,8,8,EA,general_items,,FULFILLED,2026-07-12 10:48:43
8859,142339,sand paper (400),stores,8,8,EA,general_items,,FULFILLED,2026-07-12 10:48:43
8858,142339,sand paper (320),stores,8,8,EA,general_items,,FULFILLED,2026-07-12 10:48:43
8857,142339,sand paper (150),stores,8,8,EA,general_items,,FULFILLED,2026-07-12 10:48:43
8856,142339,sand paper (100),stores,8,8,EA,general_items,,FULFILLED,2026-07-12 10:48:43
8822,142339,auto bulb 10w/10w auto,stores,0,15,EA,electrical,,PARTIAL,2026-07-12 10:48:43
8821,142339,fuse holder,stores,0,10,EA,electrical,,PARTIAL,2026-07-12 10:48:43
8820,142339,bulb holder,stores,0,10,EA,electrical,,PARTIAL,2026-07-12 10:48:43
8816,142339,relay holder,stores,0,10,EA,electrical,,PARTIAL,2026-07-12 10:48:43
8854,142341,printer toner 83x1cr6-237,office toner,0,1,EA,general_items,,PARTIAL,2026-07-12 10:48:43
8841,166814,paint,stores,2,2,EA,general_items,,FULFILLED,2026-07-12 10:48:43
8840,166814,filter,stores,10,10,EA,filters,,FULFILLED,2026-07-12 10:48:43
8818,142340,brake oil l-1,stores,0,1,EA,oil_lubricants,,PARTIAL,2026-07-12 10:48:43
8817,142340,selastic,stores,0,5,EA,general_items,,PARTIAL,2026-07-12 10:48:43
8807,172644,dash board meter,za-7925,0,1,EA,general_items,,PARTIAL,2026-07-12 10:48:43
8774,9480 MR-1,front ball joint stud,tm-17,0,2,EA,general_items,,PARTIAL,2026-07-12 10:48:43
8734,141584,ac belt 6360,cr-01 / za-8295,0,1,EA,belts,,PARTIAL,2026-07-12 10:48:43
8729,142644,dash board meter,za-7925,0,1,EA,general_items,,PARTIAL,2026-07-12 10:48:43
8709,141466,eh 09/gx-100 recoil starter assy,eh-09/2,0,1,EA,electrical,,PARTIAL,2026-07-12 10:48:43
8708,141466,bmga spark plug china,eh-09/2,0,1,EA,electrical,,PARTIAL,2026-07-12 10:48:43
8707,141466,eh 9 waccker shoe with 4 stud,eh-09/2,0,1,EA,general_items,,PARTIAL,2026-07-12 10:48:43
8706,141466,eh 9.2/10 carburator japan,eh-09/2,0,1,EA,general_items,,PARTIAL,2026-07-12 10:48:43
8705,141466,eh 09/gx-100 recoil starter assy,eh-09/2,0,1,EA,electrical,,PARTIAL,2026-07-12 10:48:43
8704,141465,ey 20 on/off switch,eh-09/2,0,1,EA,electrical,,PARTIAL,2026-07-12 10:48:43
8703,141465,dmga spark plug china,eh-09/2,0,1,EA,electrical,,PARTIAL,2026-07-12 10:48:43
8702,141465,waccker shoe with 4 stud,eh-09/2,0,1,EA,general_items,,PARTIAL,2026-07-12 10:48:43
8701,141465,eh-09 air cleaner element,eh-09/2,0,1,EA,general_items,,PARTIAL,2026-07-12 10:48:43
8700,141465,gx-100 recoil starter assy,eh-09/2,0,1,EA,electrical,,PARTIAL,2026-07-12 10:48:43
8670,172614,dash board meter,za-7925,0,1,EA,general_items,,PARTIAL,2026-07-12 10:48:43
8633,141,cotton wool roll,first aid  box work shop,0,2,EA,general_items,,PARTIAL,2026-07-12 10:48:43
8474,140994,jack seal kit (arm),hex-37 hyundai kotagoda 330lc,0,1,EA,bearings_seals,,PARTIAL,2026-07-12 10:48:43
8430,5469,air filter 400/3900/2900,lo-7183,0,1,EA,filters,,PARTIAL,2026-07-12 10:48:43
8410,140983,10k variable resistor,battery coad tester,0,1,EA,general_items,,PARTIAL,2026-07-12 10:48:43
8394,140980,jack seal kit,ll-0920 cep/3,0,1,EA,bearings_seals,,PARTIAL,2026-07-12 10:48:43
8393,140965,wiper blade set,lp-1713,0,2,EA,general_items,,PARTIAL,2026-07-12 10:48:43
8390,5761,signal light set,lp-1720,0,2,EA,general_items,,PARTIAL,2026-07-12 10:48:43
8389,5761,wiper blade set,lp-1720,0,2,EA,general_items,,PARTIAL,2026-07-12 10:48:43
8388,5792,wiper blade set,lp-1566 tata-1608,0,2,EA,general_items,,PARTIAL,2026-07-12 10:48:43
8387,140970,often waste,stores,0,15,EA,general_items,,PARTIAL,2026-07-12 10:48:43
8352,5789,jcb tyne repair,rs-0401,0,1,EA,general_items,,PARTIAL,2026-07-12 10:48:43
8350,140561,grease gun (500g),zb-1521 jcb solution,0,1,EA,oil_lubricants,,PARTIAL,2026-07-12 10:48:43
8345,140573,21/12/26 startor motor repair,li-3402,0,1,EA,general_items,,PARTIAL,2026-07-12 10:48:43
8344,140572,startor motor repair (20/12/26),28-4814,0,1,EA,general_items,,PARTIAL,2026-07-12 10:48:43
8330,140562,24v/light c 24v/n),lp-1571,0,6,EA,general_items,,PARTIAL,2026-07-12 10:48:43
8322,172621,stop solonoid,ge-82,0,1,EA,general_items,,PARTIAL,2026-07-12 10:48:43
8301,143226,brake liner set,wadakada,0,3,EA,general_items,,PARTIAL,2026-07-12 10:48:43
8288,140602,eucl filter lf-3959,lo-4925,0,1,EA,filters,,PARTIAL,2026-07-12 10:48:43
8287,140602,fuel filter fs-1275,lo-4925,0,1,EA,filters,,PARTIAL,2026-07-12 10:48:43
8277,172607,brake relining,air compressor,0,1,EA,general_items,,PARTIAL,2026-07-12 10:48:43
8276,6196,door inner handle,pv-6889,0,2,EA,general_items,,PARTIAL,2026-07-12 10:48:43
8274,6198,side signal light,pv-6889,0,2,EA,general_items,,PARTIAL,2026-07-12 10:48:43
8259,5713,hour meter,store,0,4,EA,general_items,,PARTIAL,2026-07-12 10:48:43
8253,6165,side mirror (ball),,0,1,EA,general_items,,PARTIAL,2026-07-12 10:48:43
8252,6165,hand light cover,,0,2,EA,general_items,,PARTIAL,2026-07-12 10:48:43
8251,6165,tail light (l/h),,0,1,EA,electrical,,PARTIAL,2026-07-12 10:48:43
8250,6165,side door handle,,0,1,EA,general_items,,PARTIAL,2026-07-12 10:48:43
8249,6165,wiper blade,,0,2,EA,general_items,,PARTIAL,2026-07-12 10:48:43
8248,6164,door handle (rear),,0,1,EA,general_items,,PARTIAL,2026-07-12 10:48:43
8247,6164,door lock (rear),,0,1,EA,general_items,,PARTIAL,2026-07-12 10:48:43
8246,6164,winder handle,,0,2,EA,general_items,,PARTIAL,2026-07-12 10:48:43
8245,6164,winder,,0,2,EA,general_items,,PARTIAL,2026-07-12 10:48:43
8244,6164,door handle,,0,2,EA,general_items,,PARTIAL,2026-07-12 10:48:43
8243,6164,door inner cup,,0,2,EA,general_items,,PARTIAL,2026-07-12 10:48:43
8242,6164,door lock (front),,0,2,EA,general_items,,PARTIAL,2026-07-12 10:48:43
8231,14061,clutch booster assy,zb-0050 tata 2576,0,1,EA,general_items,,PARTIAL,2026-07-12 10:48:43
8227,6195,bearing,lathe machine,0,1,EA,bearings_seals,,PARTIAL,2026-07-12 10:48:43
8226,6195,bearing,lathe machine,0,1,EA,bearings_seals,,PARTIAL,2026-07-12 10:48:43
8224,6194,bearing 6002,machine engine room grinder,0,2,EA,bearings_seals,,PARTIAL,2026-07-12 10:48:43
8222,6169,hub bolt,l0-5985 tata,0,2,EA,general_items,,PARTIAL,2026-07-12 10:48:43
8221,6169,brake liner (r) set hub bolt,l0-5985 tata,0,2,EA,general_items,,PARTIAL,2026-07-12 10:48:43
8209,6169,wd-40,electric parts cleaning,0,5,EA,general_items,,PARTIAL,2026-07-12 10:48:43
8208,6169,electric contact cleaner,electric parts cleaning,0,5,EA,general_items,,PARTIAL,2026-07-12 10:48:43
8207,6166,capacitor c200 f/250 v,engine room electric compressor,0,0,EA,general_items,,PENDING,2026-07-12 10:48:43
8205,6190,combination spanner set,saman mechanic,0,1,EA,general_items,,PARTIAL,2026-07-12 10:48:43
8204,172641,pilot bearing,pa-4193,0,1,EA,bearings_seals,,PARTIAL,2026-07-12 10:48:43
8203,172641,clutch bearing,pa-4193,0,1,EA,bearings_seals,,PARTIAL,2026-07-12 10:48:43
8202,172641,pressor plate,pa-4193,0,1,EA,general_items,,PARTIAL,2026-07-12 10:48:43
8199,6182,starter motor repair,lc-0434,0,1,EA,electrical,,PARTIAL,2026-07-12 10:48:43
8198,6182,"head light, equition switch repair",48-4849,0,1,EA,electrical,,PARTIAL,2026-07-12 10:48:43
8197,6191,hasp & staple,electric room,0,1,EA,general_items,,PARTIAL,2026-07-12 10:48:43
8188,6191,12 pad lock,ruwan mechanic tool box,0,2,EA,general_items,,PARTIAL,2026-07-12 10:48:43
8187,6186,gear box liver ball joint small,ln-1867,0,2,EA,general_items,,PARTIAL,2026-07-12 10:48:43
8186,6186,gear box liver ball joint (large),ln-1867,0,2,EA,general_items,,PARTIAL,2026-07-12 10:48:43
8185,6186,hub grease 500g,ln-1867,0,2,EA,oil_lubricants,,PARTIAL,2026-07-12 10:48:43
8183,6186,dust boot,ln-1867,0,16,EA,general_items,,PARTIAL,2026-07-12 10:48:43
8171,6186,grease seal,ln-1867 forton crew cab batticoloa,0,2,EA,bearings_seals,,PARTIAL,2026-07-12 10:48:43
8181,6187,air filter a-5627 ab,lm-8279 hino bed,0,1,EA,filters,,PARTIAL,2026-07-12 10:48:43
8180,6187,oil filter o-1516,lm-8279 hino bed,0,1,EA,filters,,PARTIAL,2026-07-12 10:48:43
8179,6187,fuel filter f5-19732,lm-8279 hino bed,0,1,EA,filters,,PARTIAL,2026-07-12 10:48:43
8177,6172,drod plate,lc-0434,0,1,EA,general_items,,PARTIAL,2026-07-12 10:48:43
8176,6172,regulator,lc-0434,0,1,EA,general_items,,PARTIAL,2026-07-12 10:48:43
8153,6172,bearing,lathe,0,1,EA,bearings_seals,,PARTIAL,2026-07-12 10:48:43
8166,6174,6 whl polytheen roll,stores,0,1,EA,general_items,,PARTIAL,2026-07-12 10:48:43
8165,6174,polytheen sealler machine,stores,0,1,EA,general_items,,PARTIAL,2026-07-12 10:48:43
8161,6188,hour meter,za-1968 batticoloa,0,1,EA,general_items,,PARTIAL,2026-07-12 10:48:43
