item_key,item_name,item_description,category_raw,category_code,uom,matched_item_id,created_at
hub grease 12kg (valvoline),Hub Grease 12Kg (Valvoline),Kg,Oil & Lubricants,oil_lubricants,Kg,,2026-07-12 10:48:41
diesel,Diesel,For Repair,General Items,general_items,EA,,2026-07-12 10:48:41
used diesel,Used Diesel,,General Items,general_items,EA,,2026-07-12 10:48:41
air filter (pa-1055),Air Filter (PA-1055),,Filters,filters,EA,,2026-07-12 10:48:41
pvc tape,PVC Tape,,General Items,general_items,EA,,2026-07-12 10:48:41
13amp plug base,13Amp Plug Base,,Battery,battery,EA,,2026-07-12 10:48:41
inter cooler hose clip,Inter Cooler Hose Clip,,Hydraulics,hydraulics,EA,,2026-07-12 10:48:41
wiper motor repair,Wiper Motor Repair,,General Items,general_items,EA,,2026-07-12 10:48:41
alternator repair (battery not working),Alternator Repair (Battery Not Working),,Battery,battery,EA,,2026-07-12 10:48:41
brake light cup (rear l),Brake Light Cup (Rear L),,General Items,general_items,EA,,2026-07-12 10:48:41
spring blade bush replacing,Spring Blade Bush Replacing,,Bearings & Seals,bearings_seals,EA,,2026-07-12 10:48:41
brake light cup (rear),Brake Light Cup (Rear),,General Items,general_items,EA,,2026-07-12 10:48:41
"1 1/2""*2"" copper bronse","1 1/2""*2"" Copper Bronse",,General Items,general_items,EA,,2026-07-12 10:48:41
fuel filter mahendra (at54331/1001caa 14881n),Fuel Filter Mahendra (AT54331/1001CAA 14881N),,Filters,filters,EA,,2026-07-12 10:48:41
fuel filter (fc-1821),Fuel Filter (FC-1821),,Filters,filters,EA,,2026-07-12 10:48:41
oil filter (c-1511),Oil Filter (C-1511),,Filters,filters,EA,,2026-07-12 10:48:41
primery fuel filter (fc-1521),Primery Fuel Filter (FC-1521),,Filters,filters,EA,,2026-07-12 10:48:41
air filter (js-3704a),Air Filter (JS-3704A),,Filters,filters,EA,,2026-07-12 10:48:41
engine oil filter (c-5604),Engine Oil Filter (C-5604),,Filters,filters,EA,,2026-07-12 10:48:41
oil filter (js-1876),Oil Filter (JS-1876),,Filters,filters,EA,,2026-07-12 10:48:41
primery fuel filter (js-1076),Primery Fuel Filter (JS-1076),,Filters,filters,EA,,2026-07-12 10:48:41
fuel water separator (1000447498),Fuel Water Separator (1000447498),,General Items,general_items,EA,,2026-07-12 10:48:41
fuel filter (32-925994),Fuel Filter (32-925994),,Filters,filters,EA,,2026-07-12 10:48:41
oil filter (c-206),Oil Filter (C-206),,Filters,filters,EA,,2026-07-12 10:48:41
fuel filter (fc 707a),Fuel Filter (FC 707A),,Filters,filters,EA,,2026-07-12 10:48:41
fuel filter (2766 0798 9916),Fuel Filter (2766 0798 9916),,Filters,filters,EA,,2026-07-12 10:48:41
fuel line filter (2786 9999 9920),Fuel Line Filter (2786 9999 9920),,Filters,filters,EA,,2026-07-12 10:48:41
fuel water seperator (2786 0911 9904),Fuel Water Seperator (2786 0911 9904),,General Items,general_items,EA,,2026-07-12 10:48:41
wire code (multi code),Wire Code (Multi Code),,Electrical,electrical,EA,,2026-07-12 10:48:41
wifi adapter,Wifi Adapter,,General Items,general_items,EA,,2026-07-12 10:48:41
19mm bush,19mm Bush,,Bearings & Seals,bearings_seals,EA,,2026-07-12 10:48:41
combination wrench 14mm,Combination Wrench 14mm,,General Items,general_items,EA,,2026-07-12 10:48:41
"alluminium l angle 1/2""","Alluminium L Angle 1/2""",Ft,General Items,general_items,Ft,,2026-07-12 10:48:41
track master pin,Track Master Pin,Batticoloa Site MR 174920,General Items,general_items,EA,,2026-07-12 10:48:41
door winder,Door Winder,,General Items,general_items,EA,,2026-07-12 10:48:41
24v 04pin relay,24V 04Pin Relay,,Electrical,electrical,EA,,2026-07-12 10:48:41
double head lamp relay x8003800 (24v 6pin),Double Head Lamp Relay X8003800 (24V 6Pin),Batticoloa,Electrical,electrical,EA,,2026-07-12 10:48:41
over roll kit (xl),Over Roll Kit (XL),,General Items,general_items,EA,,2026-07-12 10:48:41
over roll kit (l),Over Roll Kit (L),,General Items,general_items,EA,,2026-07-12 10:48:41
over  roll kit (xl),Over  Roll Kit (XL),,General Items,general_items,EA,,2026-07-12 10:48:41
pinion assy,Pinion Assy,,General Items,general_items,EA,,2026-07-12 10:48:41
door spring,Door Spring,Whare House Project,General Items,general_items,EA,,2026-07-12 10:48:41
bearing (6200du),Bearing (6200DU),Whare House Project,Bearings & Seals,bearings_seals,EA,,2026-07-12 10:48:41
bearing (6000du),Bearing (6000DU),Whare House Project,Bearings & Seals,bearings_seals,EA,,2026-07-12 10:48:41
80w 90 gear oil,80W 90 Gear Oil,,Oil & Lubricants,oil_lubricants,EA,,2026-07-12 10:48:41
oil filter (f 002 h20 247 8f),Oil Filter (F 002 H20 247 8F),,Filters,filters,EA,,2026-07-12 10:48:41
fuel filter,Fuel Filter,Set,Filters,filters,Set,,2026-07-12 10:48:41
fuel filter (2126331k91),Fuel Filter (2126331K91),,Filters,filters,EA,,2026-07-12 10:48:41
filler,Filler,,General Items,general_items,EA,,2026-07-12 10:48:41
primer,Primer,,General Items,general_items,EA,,2026-07-12 10:48:41
"2"" masking","2"" Masking",,General Items,general_items,EA,,2026-07-12 10:48:41
paint gray,Paint Gray,,General Items,general_items,EA,,2026-07-12 10:48:41
2k lacker,2K Lacker,,General Items,general_items,EA,,2026-07-12 10:48:41
slow thinner,Slow Thinner,,General Items,general_items,EA,,2026-07-12 10:48:41
benjo washer,Benjo Washer,,General Items,general_items,EA,,2026-07-12 10:48:41
injector service,Injector Service,,General Items,general_items,EA,,2026-07-12 10:48:41
injection pump service,Injection Pump Service,,General Items,general_items,EA,,2026-07-12 10:48:41
winder handle,Winder Handle,,General Items,general_items,EA,,2026-07-12 10:48:41
wiper blade,Wiper Blade,,General Items,general_items,EA,,2026-07-12 10:48:41
signal switch (l/r),Signal Switch (L/R),,Electrical,electrical,EA,,2026-07-12 10:48:41
head light switch,Head Light Switch,,Electrical,electrical,EA,,2026-07-12 10:48:41
double signal  switch,Double Signal  Switch,,Electrical,electrical,EA,,2026-07-12 10:48:41
center mount,Center Mount,,General Items,general_items,EA,,2026-07-12 10:48:41
balance bar bush,Balance Bar Bush,,Bearings & Seals,bearings_seals,EA,,2026-07-12 10:48:41
hub racer,Hub Racer,,General Items,general_items,EA,,2026-07-12 10:48:41
rack mount,Rack Mount,,General Items,general_items,EA,,2026-07-12 10:48:41
tie bar bush,Tie Bar Bush,,Bearings & Seals,bearings_seals,EA,,2026-07-12 10:48:41
upper arm bush,Upper Arm Bush,,Bearings & Seals,bearings_seals,EA,,2026-07-12 10:48:41
gear cable,Gear Cable,,Electrical,electrical,EA,,2026-07-12 10:48:41
seat belt full set,Seat Belt Full Set,,Belts,belts,EA,,2026-07-12 10:48:41
signal light cup (r),Signal Light Cup (R),,General Items,general_items,EA,,2026-07-12 10:48:41
silicon,Silicon,,General Items,general_items,EA,,2026-07-12 10:48:41
feed pump nozzel pin,Feed Pump Nozzel Pin,,General Items,general_items,EA,,2026-07-12 10:48:41
injector pump repair & service,Injector Pump Repair & Service,,General Items,general_items,EA,,2026-07-12 10:48:41
tapet cover packing,Tapet Cover Packing,,General Items,general_items,EA,,2026-07-12 10:48:41
a/c filter,A/C Filter,,Filters,filters,EA,,2026-07-12 10:48:41
packing set,Packing Set,,General Items,general_items,EA,,2026-07-12 10:48:41
bearing,Bearing,,Bearings & Seals,bearings_seals,EA,,2026-07-12 10:48:41
ring set,Ring Set,,General Items,general_items,EA,,2026-07-12 10:48:41
12v  95ah new battery,12V  95Ah New Battery,,Battery,battery,EA,,2026-07-12 10:48:41
water seperator (2208 4770 9902),Water Seperator (2208 4770 9902),,General Items,general_items,EA,,2026-07-12 10:48:41
primery fuel filter (2786 0999 9822),Primery Fuel Filter (2786 0999 9822),,Filters,filters,EA,,2026-07-12 10:48:41
engine oil filter (2786 1999 9994),Engine Oil Filter (2786 1999 9994),,Filters,filters,EA,,2026-07-12 10:48:41
gear boot,Gear Boot,,General Items,general_items,EA,,2026-07-12 10:48:41
12v signal flasher,12V Signal Flasher,,General Items,general_items,EA,,2026-07-12 10:48:41
gear lever new,Gear Lever New,,General Items,general_items,EA,,2026-07-12 10:48:41
bolt (s),Bolt (S),,General Items,general_items,EA,,2026-07-12 10:48:41
bolt (l),Bolt (L),,General Items,general_items,EA,,2026-07-12 10:48:41
spring,Spring,,General Items,general_items,EA,,2026-07-12 10:48:41
overall kit (l),Overall Kit (L),,General Items,general_items,EA,,2026-07-12 10:48:41
safety shoes (42),Safety Shoes (42),,General Items,general_items,EA,,2026-07-12 10:48:41
overoll kit (l),Overoll Kit (L),,General Items,general_items,EA,,2026-07-12 10:48:41
safety shoe (43),Safety Shoe (43),,General Items,general_items,EA,,2026-07-12 10:48:41
main shaft lock nut,Main Shaft Lock Nut,,General Items,general_items,EA,,2026-07-12 10:48:41
brass cone,Brass Cone,,General Items,general_items,EA,,2026-07-12 10:48:41
hub lock,Hub Lock,,General Items,general_items,EA,,2026-07-12 10:48:41
cabin light,Cabin Light,,General Items,general_items,EA,,2026-07-12 10:48:41
fog light,Fog light,,General Items,general_items,EA,,2026-07-12 10:48:41
a/c repair,A/C Repair,,General Items,general_items,EA,,2026-07-12 10:48:41
mud cover (r),Mud Cover (R),,General Items,general_items,EA,,2026-07-12 10:48:41
mud cover (f),Mud Cover (F),,General Items,general_items,EA,,2026-07-12 10:48:41
floor carpet,Floor Carpet,,General Items,general_items,EA,,2026-07-12 10:48:41
air hose adapter,Air Hose Adapter,,Hydraulics,hydraulics,EA,,2026-07-12 10:48:41
air filter (pa-1027),Air Filter (PA-1027),,Filters,filters,EA,,2026-07-12 10:48:41
bolt,Bolt,,General Items,general_items,EA,,2026-07-12 10:48:41
york,York,,General Items,general_items,EA,,2026-07-12 10:48:41
universal joint,Universal Joint,,General Items,general_items,EA,,2026-07-12 10:48:41
tank pump,tank pump,,General Items,general_items,EA,,2026-07-12 10:48:41
fuel feed pump,Fuel Feed Pump,,General Items,general_items,EA,,2026-07-12 10:48:41
ev relay,EV relay,,Electrical,electrical,EA,,2026-07-12 10:48:41
fuel sys repair,Fuel sys repair,,General Items,general_items,EA,,2026-07-12 10:48:41
radiator repair,Radiator Repair,,General Items,general_items,EA,,2026-07-12 10:48:41
door lock,Door Lock,,General Items,general_items,EA,,2026-07-12 10:48:41
boot clip,Boot Clip,,General Items,general_items,EA,,2026-07-12 10:48:41
low gear assy,Low Gear Assy,,General Items,general_items,EA,,2026-07-12 10:48:41
low gear plate,Low Gear Plate,,General Items,general_items,EA,,2026-07-12 10:48:41
clutch racer,Clutch Racer,,General Items,general_items,EA,,2026-07-12 10:48:41
flat spring washer,Flat Spring Washer,,General Items,general_items,EA,,2026-07-12 10:48:41
"1/4 * 1"" bolt","1/4 * 1"" Bolt",,General Items,general_items,EA,,2026-07-12 10:48:41
top shaft seal,Top Shaft Seal,,Bearings & Seals,bearings_seals,EA,,2026-07-12 10:48:41
bonet buffer,Bonet Buffer,,General Items,general_items,EA,,2026-07-12 10:48:41
steering cap,Steering Cap,,General Items,general_items,EA,,2026-07-12 10:48:41
l/gear box p/set,L/Gear Box P/set,,General Items,general_items,EA,,2026-07-12 10:48:41
l/gear washer,L/Gear Washer,,General Items,general_items,EA,,2026-07-12 10:48:41
rivers shaft,Rivers Shaft,,General Items,general_items,EA,,2026-07-12 10:48:41
rivers needle,Rivers Needle,,General Items,general_items,EA,,2026-07-12 10:48:41
228 needle,228 Needle,,General Items,general_items,EA,,2026-07-12 10:48:41
6010 nsk bearing,6010 NSK Bearing,,Bearings & Seals,bearings_seals,EA,,2026-07-12 10:48:41
6208 nsk bearing,6208 NSK Bearing,,Bearings & Seals,bearings_seals,EA,,2026-07-12 10:48:41
6210 nsk bearing,6210 NSK Bearing,,Bearings & Seals,bearings_seals,EA,,2026-07-12 10:48:41
6211 nsk bearing,6211 NSK Bearing,,Bearings & Seals,bearings_seals,EA,,2026-07-12 10:48:41
brake liner set (rear side),Brake Liner Set (Rear Side),,General Items,general_items,EA,,2026-07-12 10:48:41
brake liner set (front side),Brake Liner Set (Front Side),,General Items,general_items,EA,,2026-07-12 10:48:41
overoll kit (xl),Overoll Kit (XL),,General Items,general_items,EA,,2026-07-12 10:48:41
valve oil seal,Valve Oil Seal,,Bearings & Seals,bearings_seals,EA,,2026-07-12 10:48:41
15mm clip,15mm Clip,,General Items,general_items,EA,,2026-07-12 10:48:41
15mm end cap,15mm End Cap,,General Items,general_items,EA,,2026-07-12 10:48:41
temperature plug,Temperature Plug,,Electrical,electrical,EA,,2026-07-12 10:48:41
radiator cap,Radiator Cap,,General Items,general_items,EA,,2026-07-12 10:48:41
thermo stud cover (presure valve),Thermo Stud Cover (Presure Valve),,General Items,general_items,EA,,2026-07-12 10:48:41
head gasket,Head Gasket,,Bearings & Seals,bearings_seals,EA,,2026-07-12 10:48:41
laser toner cartridge (83x1crg-337),Laser Toner Cartridge (83X1CRG-337),,General Items,general_items,EA,,2026-07-12 10:48:41
thinner,Thinner,,General Items,general_items,EA,,2026-07-12 10:48:41
insulating tape,Insulating Tape,,General Items,general_items,EA,,2026-07-12 10:48:41
costic soda,Costic Soda,,General Items,general_items,EA,,2026-07-12 10:48:41
cotton waste,Cotton Waste,,General Items,general_items,EA,,2026-07-12 10:48:41
karosine oil,Karosine Oil,,Oil & Lubricants,oil_lubricants,EA,,2026-07-12 10:48:41
petrol,Petrol,,General Items,general_items,EA,,2026-07-12 10:48:41
wire huness (complete),Wire Huness (complete),,Electrical,electrical,EA,,2026-07-12 10:48:41
air meter flexible hose,Air Meter Flexible Hose,,Hydraulics,hydraulics,EA,,2026-07-12 10:48:41
hose,Hose,Ft,Hydraulics,hydraulics,Ft,,2026-07-12 10:48:41
brake oil tank,Brake Oil Tank,,Oil & Lubricants,oil_lubricants,EA,,2026-07-12 10:48:41
reserve pump washer,Reserve Pump Washer,,General Items,general_items,EA,,2026-07-12 10:48:41
clutch pressure pump,Clutch Pressure Pump,,General Items,general_items,EA,,2026-07-12 10:48:41
belt (7333266),Belt (7333266),,Belts,belts,EA,,2026-07-12 10:48:41
power steering pump repair,Power Steering Pump Repair,,General Items,general_items,EA,,2026-07-12 10:48:41
wire socket female,Wire Socket Female,,Electrical,electrical,EA,,2026-07-12 10:48:41
wire socket male,Wire Socket Male,,Electrical,electrical,EA,,2026-07-12 10:48:41
mid axel repair,Mid Axel Repair,,General Items,general_items,EA,,2026-07-12 10:48:41
"1""*1"" box bar","1""*1"" Box Bar",,General Items,general_items,EA,,2026-07-12 10:48:41
starter motor solonoide,Starter Motor Solonoide,,Electrical,electrical,EA,,2026-07-12 10:48:41
brush holder with brush,Brush Holder With Brush,,General Items,general_items,EA,,2026-07-12 10:48:41
chassy light,Chassy Light,,General Items,general_items,EA,,2026-07-12 10:48:41
24v main relay,24V Main Relay,,Electrical,electrical,EA,,2026-07-12 10:48:41
24v main switch,24V MAin Switch,,Electrical,electrical,EA,,2026-07-12 10:48:41
24v/80a 5pin relay,24V/80A 5pin Relay,,Electrical,electrical,EA,,2026-07-12 10:48:41
water separator (sff-5486),Water Separator (SFF-5486),,General Items,general_items,EA,,2026-07-12 10:48:41
fuel filter (2992662),Fuel Filter (2992662),,Filters,filters,EA,,2026-07-12 10:48:41
oil filter (2992242),Oil Filter (2992242),,Filters,filters,EA,,2026-07-12 10:48:41
oil filter (254718130106),Oil Filter (254718130106),,Filters,filters,EA,,2026-07-12 10:48:41
magnatic socket,Magnatic Socket,,General Items,general_items,EA,,2026-07-12 10:48:41
amano screw nails,Amano Screw Nails,,General Items,general_items,EA,,2026-07-12 10:48:41
universal joint cross,Universal Joint Cross,,General Items,general_items,EA,,2026-07-12 10:48:41
clutch release bearing,Clutch Release Bearing,,Bearings & Seals,bearings_seals,EA,,2026-07-12 10:48:41
pilot bearing (bush),Pilot Bearing (Bush),,Bearings & Seals,bearings_seals,EA,,2026-07-12 10:48:41
top shaft bearing,Top Shaft Bearing,,Bearings & Seals,bearings_seals,EA,,2026-07-12 10:48:41
top shaft,Top Shaft,,General Items,general_items,EA,,2026-07-12 10:48:41
oil seal s/l,Oil Seal S/L,,Bearings & Seals,bearings_seals,EA,,2026-07-12 10:48:41
"3rd,4th hub lock clip","3rd,4th Hub Lock Clip",,General Items,general_items,EA,,2026-07-12 10:48:41
"3rd, 4th hub complete","3rd, 4th Hub Complete",,General Items,general_items,EA,,2026-07-12 10:48:41
log sring rings,Log Sring Rings,,General Items,general_items,EA,,2026-07-12 10:48:41
dog log,Dog Log,,General Items,general_items,EA,,2026-07-12 10:48:41
shyconicing cone,Shyconicing Cone,,General Items,general_items,EA,,2026-07-12 10:48:41
counter shaft bearing,Counter Shaft Bearing,,Bearings & Seals,bearings_seals,EA,,2026-07-12 10:48:41
counter shaft,Counter Shaft,,General Items,general_items,EA,,2026-07-12 10:48:41
fuel filter with filter head (32/925994),Fuel Filter With Filter Head (32/925994),,Filters,filters,EA,,2026-07-12 10:48:41
masking tape,Masking Tape,,General Items,general_items,EA,,2026-07-12 10:48:41
radiator fan hub bearing,Radiator Fan Hub Bearing,,Bearings & Seals,bearings_seals,EA,,2026-07-12 10:48:41
cup brush,Cup Brush,,General Items,general_items,EA,,2026-07-12 10:48:41
1k lacker,1K Lacker,,General Items,general_items,EA,,2026-07-12 10:48:41
paint white,Paint White,,General Items,general_items,EA,,2026-07-12 10:48:41
cutting wheel 4 1/2,Cutting Wheel 4 1/2,,Tyre,tyre,EA,,2026-07-12 10:48:41
12v  100ah new battery,12V  100Ah New Battery,,Battery,battery,EA,,2026-07-12 10:48:41
brake master pump,Brake Master Pump,,General Items,general_items,EA,,2026-07-12 10:48:41
hand gloves,Hand Gloves,,General Items,general_items,EA,,2026-07-12 10:48:41
air filter,Air Filter,Truck Mixer,Filters,filters,EA,,2026-07-12 10:48:41
air filter (6666333),Air Filter (6666333),,Filters,filters,EA,,2026-07-12 10:48:41
oil filter (c 206l),Oil Filter (C 206L),,Filters,filters,EA,,2026-07-12 10:48:41
oil filter (c-1121),Oil Filter (C-1121),,Filters,filters,EA,,2026-07-12 10:48:41
spark plug bm6a,Spark Plug BM6A,,Electrical,electrical,EA,,2026-07-12 10:48:41
air filter (130mm*122mm*20mm ),Air Filter (130mm*122mm*20mm ),,Filters,filters,EA,,2026-07-12 10:48:41
spark plug (p-rz9h )-16mm key size,Spark Plug (P-RZ9H )-16mm Key Size,,Electrical,electrical,EA,,2026-07-12 10:48:41
spark plug (bm6a )-19mm key size,Spark Plug (BM6A )-19mm Key Size,,Electrical,electrical,EA,,2026-07-12 10:48:41
pto switch,PTO Switch,,Electrical,electrical,EA,,2026-07-12 10:48:41
pto switch -new,PTO Switch -New,,Electrical,electrical,EA,,2026-07-12 10:48:41
car wash,Car Wash,,General Items,general_items,EA,,2026-07-12 10:48:41
fuel filter (fc-1503),Fuel Filter (FC-1503),,Filters,filters,EA,,2026-07-12 10:48:41
ph-6742,PH-6742,,General Items,general_items,EA,,2026-07-12 10:48:41
fuel filter (fc-1104),Fuel Filter (FC-1104),,Filters,filters,EA,,2026-07-12 10:48:41
fuel filter (fhj00700/800),Fuel Filter (FHJ00700/800),,Filters,filters,EA,,2026-07-12 10:48:41
oil filter (oh-0108),Oil Filter (OH-0108),,Filters,filters,EA,,2026-07-12 10:48:41
air filter (32-915801),Air Filter (32-915801),,Filters,filters,EA,,2026-07-12 10:48:41
"motor grader cutting blade (6"")","Motor Grader Cutting Blade (6"")",,General Items,general_items,EA,,2026-07-12 10:48:41
01st/02nth sliding sleeve with reverse gear,01st/02nth Sliding Sleeve With Reverse Gear,,General Items,general_items,EA,,2026-07-12 10:48:41
05th neele bearing innerwith coller sleeve,05th Neele Bearing InnerWith Coller Sleeve,,Bearings & Seals,bearings_seals,EA,,2026-07-12 10:48:41
cluth plate,Cluth Plate,,General Items,general_items,EA,,2026-07-12 10:48:41
bearing guide p[late,Bearing Guide P[late,,Bearings & Seals,bearings_seals,EA,,2026-07-12 10:48:41
oil seal,Oil Seal,,Bearings & Seals,bearings_seals,EA,,2026-07-12 10:48:41
lock ring,Lock Ring,,General Items,general_items,EA,,2026-07-12 10:48:41
sliding sleeve lock,Sliding Sleeve Lock,,General Items,general_items,EA,,2026-07-12 10:48:41
needle bearing,Needle Bearing,,Bearings & Seals,bearings_seals,EA,,2026-07-12 10:48:41
piolot bearing,Piolot Bearing,,Bearings & Seals,bearings_seals,EA,,2026-07-12 10:48:41
synchoronice cone,Synchoronice Cone,,General Items,general_items,EA,,2026-07-12 10:48:41
05th gear wheel,05th Gear Wheel,,Tyre,tyre,EA,,2026-07-12 10:48:41
main shaft bearing,Main Shaft Bearing,,Bearings & Seals,bearings_seals,EA,,2026-07-12 10:48:41
main  shaft,Main  Shaft,,General Items,general_items,EA,,2026-07-12 10:48:41
rear sockabshober-48551-oko50 (gas filled),Rear Sockabshober-48551-OKO50 (Gas Filled),,General Items,general_items,EA,,2026-07-12 10:48:41
belt adjuster,Belt Adjuster,,Belts,belts,EA,,2026-07-12 10:48:41
drive belt,Drive Belt,,Belts,belts,EA,,2026-07-12 10:48:41
fuel feed pump (hand primer pump ),Fuel Feed Pump (Hand Primer Pump ),,General Items,general_items,EA,,2026-07-12 10:48:41
"concrete mixer engine (02 bags) type-yanmar,model-cy-1115 xm,cpacity-16.2kw,,rpm-2200p/m","Concrete Mixer Engine (02 Bags) Type-Yanmar,Model-CY-1115 XM,Cpacity-16.2KW,,RPM-2200P/M",,General Items,general_items,EA,,2026-07-12 10:48:41
"02"" hose clip","02"" Hose Clip",,Hydraulics,hydraulics,EA,,2026-07-12 10:48:41
upper cooling water line,Upper Cooling Water Line,,General Items,general_items,EA,,2026-07-12 10:48:41
radiator bracket set,Radiator Bracket Set,,General Items,general_items,EA,,2026-07-12 10:48:41
inter cooler rubber mount,Inter Cooler Rubber Mount,,General Items,general_items,EA,,2026-07-12 10:48:41
radiator rubber mount,Radiator Rubber Mount,,General Items,general_items,EA,,2026-07-12 10:48:41
45 mm water hose,45 mm Water Hose,,Hydraulics,hydraulics,EA,,2026-07-12 10:48:41
24v relay,24V Relay,,Electrical,electrical,EA,,2026-07-12 10:48:41
meter board repair,Meter Board Repair,,General Items,general_items,EA,,2026-07-12 10:48:41
electrical repair,Electrical Repair,,General Items,general_items,EA,,2026-07-12 10:48:41
head light 2pin,Head Light 2pin,,Electrical,electrical,EA,,2026-07-12 10:48:41
signal light (r/l),Signal Light (R/L),,General Items,general_items,EA,,2026-07-12 10:48:41
head light  3pin,Head Light  3pin,,Electrical,electrical,EA,,2026-07-12 10:48:41
automatic transmission fluid (at fluid d-11) 4 ltr can,Automatic Transmission Fluid (AT FLUID D-11) 4 Ltr Can,4 Ltr Can,General Items,general_items,EA,,2026-07-12 10:48:41
battery post repair,Battery Post Repair,,Battery,battery,EA,,2026-07-12 10:48:41
starter relay,Starter Relay,,Electrical,electrical,EA,,2026-07-12 10:48:41
windscreen,Windscreen,,General Items,general_items,EA,,2026-07-12 10:48:41
wind screen beeding,Wind screen beeding,,General Items,general_items,EA,,2026-07-12 10:48:41
5a mini fuse,5A Mini Fuse,,Electrical,electrical,EA,,2026-07-12 10:48:41
7.5a mini fuse,7.5A Mini Fuse,,Electrical,electrical,EA,,2026-07-12 10:48:41
15a mini fuse,15A Mini Fuse,,Electrical,electrical,EA,,2026-07-12 10:48:41
20a mini fuse,20A Mini Fuse,,Electrical,electrical,EA,,2026-07-12 10:48:41
25a mini fuse,25A Mini Fuse,,Electrical,electrical,EA,,2026-07-12 10:48:41
30a mini fuse,30A Mini Fuse,,Electrical,electrical,EA,,2026-07-12 10:48:41
10a mini fuse,10A Mini Fuse,,Electrical,electrical,EA,,2026-07-12 10:48:41
120ah 12v new battery,120Ah 12V New Battery,,Battery,battery,EA,,2026-07-12 10:48:41
turbo cooler (inter cooler) repair,Turbo Cooler (Inter Cooler) Repair,,General Items,general_items,EA,,2026-07-12 10:48:41
selastic,Selastic,,General Items,general_items,EA,,2026-07-12 10:48:41
grease nipple,Grease Nipple,,Oil & Lubricants,oil_lubricants,EA,,2026-07-12 10:48:41
sand paper (400),Sand Paper (400),,General Items,general_items,EA,,2026-07-12 10:48:41
sand paper (320),Sand Paper (320),,General Items,general_items,EA,,2026-07-12 10:48:41
break oil (1000ml),Break Oil (1000ml),,Oil & Lubricants,oil_lubricants,EA,,2026-07-12 10:48:41
lead,Lead,,General Items,general_items,EA,,2026-07-12 10:48:41
auto wire,Auto Wire,Meter,Electrical,electrical,EA,,2026-07-12 10:48:41
sand paper (150),Sand Paper (150),,General Items,general_items,EA,,2026-07-12 10:48:41
sand paper (120),Sand Paper (120),,General Items,general_items,EA,,2026-07-12 10:48:41
95ah 12v new battery,95Ah 12V New Battery,,Battery,battery,EA,,2026-07-12 10:48:41
150ah new battery,150Ah New Battery,,Battery,battery,EA,,2026-07-12 10:48:41
90ah 12v new battery,90Ah 12V New Battery,,Battery,battery,EA,,2026-07-12 10:48:41
new tube (700*16),New Tube (700*16),,Tyre,tyre,EA,,2026-07-12 10:48:41
700*16 new tyre,700*16 New Tyre,,Tyre,tyre,EA,,2026-07-12 10:48:41
brush holder,Brush Holder,,General Items,general_items,EA,,2026-07-12 10:48:41
brush,Brush,,General Items,general_items,EA,,2026-07-12 10:48:41
door side mirror,Door Side Mirror,,General Items,general_items,EA,,2026-07-12 10:48:41
engine head (presure check),Engine Head (Presure Check),,General Items,general_items,EA,,2026-07-12 10:48:41
"9""*9"" packing","9""*9"" Packing",Set,General Items,general_items,Set,,2026-07-12 10:48:41
presure relief valve (over flow valve),Presure Relief Valve (Over Flow Valve),,General Items,general_items,EA,,2026-07-12 10:48:41
over flow hose,Over Flow Hose,Ft,Hydraulics,hydraulics,Ft,,2026-07-12 10:48:41
sealing ring (o ring),Sealing Ring (O Ring),,General Items,general_items,EA,,2026-07-12 10:48:41
front oil seal,Front Oil Seal,,Bearings & Seals,bearings_seals,EA,,2026-07-12 10:48:41
front cover (oil seal),Front Cover (oil Seal),,Bearings & Seals,bearings_seals,EA,,2026-07-12 10:48:41
reserve tank,Reserve Tank,,General Items,general_items,EA,,2026-07-12 10:48:41
water pump,Water Pump,,General Items,general_items,EA,,2026-07-12 10:48:41
safety shoe (46),Safety Shoe (46),,General Items,general_items,EA,,2026-07-12 10:48:41
over roll (xl),Over Roll (XL),,General Items,general_items,EA,,2026-07-12 10:48:41
safety shoe (42),Safety Shoe (42),,General Items,general_items,EA,,2026-07-12 10:48:41
fuel filter (f-6241304),Fuel Filter (F-6241304),,Filters,filters,EA,,2026-07-12 10:48:41
oil filter (c-1804),Oil Filter (C-1804),,Filters,filters,EA,,2026-07-12 10:48:41
95ah new battery,95Ah New Battery,,Battery,battery,EA,,2026-07-12 10:48:41
65ah new battery,65Ah New Battery,,Battery,battery,EA,,2026-07-12 10:48:41
95amp new battery,95Amp New Battery,,Battery,battery,EA,,2026-07-12 10:48:41
120ah new battery,120Ah New Battery,,Battery,battery,EA,,2026-07-12 10:48:41
120amp new battery,120Amp New Battery,,Battery,battery,EA,,2026-07-12 10:48:41
120ah  new battery,120Ah  New Battery,,Battery,battery,EA,,2026-07-12 10:48:41
belt (a-34),Belt (A-34),,Belts,belts,EA,,2026-07-12 10:48:41
petrol engine oil,Petrol Engine Oil,,Oil & Lubricants,oil_lubricants,EA,,2026-07-12 10:48:41
engine rachet,Engine Rachet,,General Items,general_items,EA,,2026-07-12 10:48:41
wiper arm with balde,Wiper Arm with Balde,,General Items,general_items,EA,,2026-07-12 10:48:41
wiper arm set,Wiper Arm Set,,General Items,general_items,EA,,2026-07-12 10:48:41
gasket sellak,Gasket Sellak,,Bearings & Seals,bearings_seals,EA,,2026-07-12 10:48:41
fuel filter (ff-5052),Fuel Filter (FF-5052),,Filters,filters,EA,,2026-07-12 10:48:41
battery water,Battery Water,,Battery,battery,EA,,2026-07-12 10:48:41
ci-4 15w 40,CI-4 15w 40,,General Items,general_items,EA,,2026-07-12 10:48:41
grease,Grease,,Oil & Lubricants,oil_lubricants,EA,,2026-07-12 10:48:41
air dryer filter (febc 45065),Air Dryer Filter (Febc 45065),,Filters,filters,EA,,2026-07-12 10:48:41
hydrolic filter (sfh-6100),Hydrolic Filter (SFH-6100),,Filters,filters,EA,,2026-07-12 10:48:41
clutch plate,Clutch Plate,,General Items,general_items,EA,,2026-07-12 10:48:41
pressure senser,Pressure Senser,,General Items,general_items,EA,,2026-07-12 10:48:41
turbo cherger repair,Turbo Cherger Repair,,General Items,general_items,EA,,2026-07-12 10:48:41
gasket (new),Gasket (New),,Bearings & Seals,bearings_seals,EA,,2026-07-12 10:48:41
165r 13 8pr new tyre,165R 13 8PR New Tyre,"Front 2, Rear 2",Tyre,tyre,EA,,2026-07-12 10:48:41
mahindra rear brake,Mahindra Rear Brake,,General Items,general_items,EA,,2026-07-12 10:48:41
belt (6300),Belt (6300),,Belts,belts,EA,,2026-07-12 10:48:41
contact cleaner,Contact Cleaner,,General Items,general_items,EA,,2026-07-12 10:48:41
kerosine oil,Kerosine Oil,,Oil & Lubricants,oil_lubricants,EA,,2026-07-12 10:48:41
hd-68 hy/ oil,HD-68 Hy/ Oil,,Oil & Lubricants,oil_lubricants,EA,,2026-07-12 10:48:41
hd-46 hy/oil,HD-46 Hy/Oil,,Oil & Lubricants,oil_lubricants,EA,,2026-07-12 10:48:41
fuel filter (fc-1002),Fuel Filter (FC-1002),,Filters,filters,EA,,2026-07-12 10:48:41
oil filter (c-1803),Oil Filter (C-1803),,Filters,filters,EA,,2026-07-12 10:48:41
gear handle guid (lever),Gear Handle Guid (Lever),,General Items,general_items,EA,,2026-07-12 10:48:41
mud cover,Mud Cover,,General Items,general_items,EA,,2026-07-12 10:48:41
starter motor solonoid (cummins engine motor),Starter Motor Solonoid (cummins Engine Motor),,Electrical,electrical,EA,,2026-07-12 10:48:41
oil filter,Oil Filter,,Filters,filters,EA,,2026-07-12 10:48:41
water separator(f002h20306),Water Separator(F002H20306),,General Items,general_items,EA,,2026-07-12 10:48:41
fuel filter (f002h20239),Fuel Filter (F002H20239),,Filters,filters,EA,,2026-07-12 10:48:41
oil filter (f002h20240),Oil Filter (F002H20240),,Filters,filters,EA,,2026-07-12 10:48:41
fuel filter (f4000400),Fuel Filter (F4000400),,Filters,filters,EA,,2026-07-12 10:48:41
oil filter (f 00 h20 244 6f8),Oil Filter (F 00 H20 244 6F8),,Filters,filters,EA,,2026-07-12 10:48:41
fuel filter (f-4000400),Fuel Filter (F-4000400),,Filters,filters,EA,,2026-07-12 10:48:41
oil filter (1447082m11),Oil FIlter (1447082M11),,Filters,filters,EA,,2026-07-12 10:48:41
fuel filter (afm-04347),Fuel Filter (AFM-04347),,Filters,filters,EA,,2026-07-12 10:48:41
fuel filter (fl-325),Fuel Filter (FL-325),,Filters,filters,EA,,2026-07-12 10:48:41
oil filter (th-93296),Oil Filter (TH-93296),,Filters,filters,EA,,2026-07-12 10:48:41
fuel filter (f-503),Fuel Filter (F-503),,Filters,filters,EA,,2026-07-12 10:48:41
oil filter (o-1502),Oil Filter (O-1502),,Filters,filters,EA,,2026-07-12 10:48:41
air filter (js-3700a),Air Filter (JS-3700A),,Filters,filters,EA,,2026-07-12 10:48:41
fuel filter (fc-n42055),Fuel Filter (FC-N42055),,Filters,filters,EA,,2026-07-12 10:48:41
oil filter (c-805),Oil Filter (C-805),,Filters,filters,EA,,2026-07-12 10:48:41
fuel filter (js-1048),Fuel Filter (JS-1048),,Filters,filters,EA,,2026-07-12 10:48:41
aluminium bar 3',Aluminium Bar 3',Ft,General Items,general_items,Ft,,2026-07-12 10:48:41
oil filter (252718130145),Oil Filter (252718130145),,Filters,filters,EA,,2026-07-12 10:48:41
fuel filter (js-1039),Fuel Filter (JS-1039),,Filters,filters,EA,,2026-07-12 10:48:41
hydrolic filter (hc-7901/31n4-01461),Hydrolic Filter (HC-7901/31N4-01461),,Filters,filters,EA,,2026-07-12 10:48:41
air filter (af-25333),Air Filter (AF-25333),,Filters,filters,EA,,2026-07-12 10:48:41
water separator (20976003),Water Separator (20976003),,General Items,general_items,EA,,2026-07-12 10:48:41
fuel filter (21380488),Fuel Filter (21380488),,Filters,filters,EA,,2026-07-12 10:48:41
oil filter (21707132),Oil Filter (21707132),,Filters,filters,EA,,2026-07-12 10:48:41
oil filter (21707134),Oil Filter (21707134),,Filters,filters,EA,,2026-07-12 10:48:41
head light polish,Head Light Polish,,Electrical,electrical,EA,,2026-07-12 10:48:41
key cutting,Key Cutting,,General Items,general_items,EA,,2026-07-12 10:48:41
14mm nut,14MM NUT,,General Items,general_items,EA,,2026-07-12 10:48:41
12mm nut,12mm Nut,,General Items,general_items,EA,,2026-07-12 10:48:41
seal (grease),Seal (grease),,Bearings & Seals,bearings_seals,EA,,2026-07-12 10:48:41
spring washer,Spring Washer,,General Items,general_items,EA,,2026-07-12 10:48:41
steering rack assy (repair/purchase),Steering Rack Assy (Repair/Purchase),,General Items,general_items,EA,,2026-07-12 10:48:41
seat cushion work,Seat Cushion Work,,General Items,general_items,EA,,2026-07-12 10:48:41
floor carpet ( front / rear ),Floor Carpet ( Front / Rear ),,General Items,general_items,EA,,2026-07-12 10:48:41
seat beeding,Seat Beeding,,General Items,general_items,EA,,2026-07-12 10:48:41
paint white (brillient white),Paint White (Brillient White),,General Items,general_items,EA,,2026-07-12 10:48:41
wiper motor,Wiper Motor,,General Items,general_items,EA,,2026-07-12 10:48:41
signal light,Signal Light,,General Items,general_items,EA,,2026-07-12 10:48:41
side mirror (r),Side Mirror (R),,General Items,general_items,EA,,2026-07-12 10:48:41
gear liver boot,Gear Liver Boot,,General Items,general_items,EA,,2026-07-12 10:48:41
starter motor brush,Starter Motor Brush,,Electrical,electrical,EA,,2026-07-12 10:48:41
fuel filter (fc-1003),Fuel Filter (FC-1003),,Filters,filters,EA,,2026-07-12 10:48:41
oil filter (c-223/c-370-1),Oil Filter (C-223/C-370-1),,Filters,filters,EA,,2026-07-12 10:48:41
oil filter (js-2014),Oil Filter (JS-2014),,Filters,filters,EA,,2026-07-12 10:48:41
oil filter (c-115),Oil Filter (C-115),,Filters,filters,EA,,2026-07-12 10:48:41
jack seal r/kit,Jack Seal R/Kit,,Bearings & Seals,bearings_seals,EA,,2026-07-12 10:48:41
bearing (6206ddunr),Bearing (6206DDUNR),,Bearings & Seals,bearings_seals,EA,,2026-07-12 10:48:41
dust boot,Dust Boot,,General Items,general_items,EA,,2026-07-12 10:48:41
led fog light,LED Fog Light,,Electrical,electrical,EA,,2026-07-12 10:48:41
ball valve,Ball Valve,,General Items,general_items,EA,,2026-07-12 10:48:41
tata water pump,TATA Water Pump,,General Items,general_items,EA,,2026-07-12 10:48:41
union,Union,,General Items,general_items,EA,,2026-07-12 10:48:41
oil spray gun,Oil Spray Gun,,Oil & Lubricants,oil_lubricants,EA,,2026-07-12 10:48:41
hose adapter,Hose Adapter,,Hydraulics,hydraulics,EA,,2026-07-12 10:48:41
hose clip,Hose Clip,,Hydraulics,hydraulics,EA,,2026-07-12 10:48:41
hose (oxygen) ft,Hose (oxygen) Ft,,Hydraulics,hydraulics,EA,,2026-07-12 10:48:41
regulator,Regulator,,General Items,general_items,EA,,2026-07-12 10:48:41
oxygen cylinder,Oxygen Cylinder,,Hydraulics,hydraulics,EA,,2026-07-12 10:48:41
a/c belt (recmf6460),A/C Belt (RECMF6460),,Belts,belts,EA,,2026-07-12 10:48:41
bearing (382a),Bearing (382A),,Bearings & Seals,bearings_seals,EA,,2026-07-12 10:48:41
bearing (28682),Bearing (28682),,Bearings & Seals,bearings_seals,EA,,2026-07-12 10:48:41
travelling motor seal,Travelling Motor Seal,,Bearings & Seals,bearings_seals,EA,,2026-07-12 10:48:41
seat repair,Seat Repair,,General Items,general_items,EA,,2026-07-12 10:48:41
hose bracket,Hose Bracket,,Hydraulics,hydraulics,EA,,2026-07-12 10:48:41
key way cutting for wheel,Key Way Cutting For Wheel,,Tyre,tyre,EA,,2026-07-12 10:48:41
bearing (6310),Bearing (6310),,Bearings & Seals,bearings_seals,EA,,2026-07-12 10:48:41
bearing (6308ddunr),Bearing (6308DDUNR),,Bearings & Seals,bearings_seals,EA,,2026-07-12 10:48:41
wheel (s),Wheel (S),,Tyre,tyre,EA,,2026-07-12 10:48:41
wheel(l),Wheel(L),,Tyre,tyre,EA,,2026-07-12 10:48:41
concrete mixer repair,Concrete Mixer Repair,,General Items,general_items,EA,,2026-07-12 10:48:41
sprocket wheel,Sprocket Wheel,,Tyre,tyre,EA,,2026-07-12 10:48:41
truck line repair,Truck Line Repair,,General Items,general_items,EA,,2026-07-12 10:48:41
boom jack seal r/kit,Boom Jack Seal R/Kit,,Bearings & Seals,bearings_seals,EA,,2026-07-12 10:48:41
perspeck,Perspeck,,General Items,general_items,EA,,2026-07-12 10:48:41
static pad,Static Pad,,General Items,general_items,EA,,2026-07-12 10:48:41
air filter (js-3541a),Air Filter (JS-3541A),,Filters,filters,EA,,2026-07-12 10:48:41
steering rack repair,Steering Rack Repair,,General Items,general_items,EA,,2026-07-12 10:48:41
filter with senser,Filter with Senser,,Filters,filters,EA,,2026-07-12 10:48:41
"fuel filter (uw0061-d), (1105100le 190), (jac-1228)","Fuel Filter (UW0061-D), (1105100LE 190), (JAC-1228)",,Filters,filters,EA,,2026-07-12 10:48:41
main hy/ spool- valve solonaid unit,Main Hy/ Spool- Valve Solonaid Unit,,General Items,general_items,EA,,2026-07-12 10:48:41
water pump repair,Water Pump Repair,,General Items,general_items,EA,,2026-07-12 10:48:41
speedo meter repair,Speedo Meter Repair,,General Items,general_items,EA,,2026-07-12 10:48:41
water pump (new),Water Pump (new),,General Items,general_items,EA,,2026-07-12 10:48:41
speed meter repair,Speed Meter Repair,,General Items,general_items,EA,,2026-07-12 10:48:41
hd-68 oil (valvoline),HD-68 Oil (Valvoline),,Oil & Lubricants,oil_lubricants,EA,,2026-07-12 10:48:41
bonet socketshober,Bonet SocketShober,,General Items,general_items,EA,,2026-07-12 10:48:41
belt (as per sample),Belt (as per sample),,Belts,belts,EA,,2026-07-12 10:48:41
york with teeth,York with teeth,,General Items,general_items,EA,,2026-07-12 10:48:41
signal light (rear),Signal Light (Rear),,General Items,general_items,EA,,2026-07-12 10:48:41
toshen bar,Toshen Bar,,General Items,general_items,EA,,2026-07-12 10:48:41
belt (6370),Belt (6370),,Belts,belts,EA,,2026-07-12 10:48:41
lock,Lock,,General Items,general_items,EA,,2026-07-12 10:48:41
bush,Bush,,Bearings & Seals,bearings_seals,EA,,2026-07-12 10:48:41
fan belt (6390),Fan Belt (6390),,Belts,belts,EA,,2026-07-12 10:48:41
"brass rod 1 1/2""","Brass Rod 1 1/2""",,General Items,general_items,EA,,2026-07-12 10:48:41
riverse light,Riverse Light,,General Items,general_items,EA,,2026-07-12 10:48:41
bonet jack,Bonet Jack,,General Items,general_items,EA,,2026-07-12 10:48:41
head light,Head Light,,Electrical,electrical,EA,,2026-07-12 10:48:41
d/f bulb 12v,D/F Bulb 12V,,Electrical,electrical,EA,,2026-07-12 10:48:41
head light bracket,Head Light Bracket,,Electrical,electrical,EA,,2026-07-12 10:48:41
steering shaft,Steering Shaft,,General Items,general_items,EA,,2026-07-12 10:48:41
mud guard light,Mud Guard Light,,General Items,general_items,EA,,2026-07-12 10:48:41
steering repair,Steering Repair,,General Items,general_items,EA,,2026-07-12 10:48:41
speedo meter senser,Speedo Meter Senser,,General Items,general_items,EA,,2026-07-12 10:48:41
diade plate,Diade Plate,,General Items,general_items,EA,,2026-07-12 10:48:41
80*95*95mm bush,80*95*95mm Bush,,Bearings & Seals,bearings_seals,EA,,2026-07-12 10:48:41
starter relay 24v,Starter Relay 24V,,Electrical,electrical,EA,,2026-07-12 10:48:41
shims 95*0.05mm,Shims 95*0.05mm,,General Items,general_items,EA,,2026-07-12 10:48:41
shims 95*1mm (thickness),Shims 95*1mm (Thickness),,General Items,general_items,EA,,2026-07-12 10:48:41
bearing (212049/10 japan),Bearing (212049/10 Japan),,Bearings & Seals,bearings_seals,EA,,2026-07-12 10:48:41
break cable,Break Cable,,Electrical,electrical,EA,,2026-07-12 10:48:41
door uphosting (r),Door Uphosting (R),,General Items,general_items,EA,,2026-07-12 10:48:41
mudguard cover l/r fiber,Mudguard Cover L/R Fiber,,General Items,general_items,EA,,2026-07-12 10:48:41
o rings (s),O rings (S),,General Items,general_items,EA,,2026-07-12 10:48:41
o rings (l),O rings (L),,General Items,general_items,EA,,2026-07-12 10:48:41
vanes,Vanes,,General Items,general_items,EA,,2026-07-12 10:48:41
brake exhaoster,Brake Exhaoster,,General Items,general_items,EA,,2026-07-12 10:48:41
tensioner belt (278615999902),Tensioner Belt (278615999902),,Belts,belts,EA,,2026-07-12 10:48:41
cab mount,Cab Mount,,General Items,general_items,EA,,2026-07-12 10:48:41
gear box cupling (8 hole),Gear Box Cupling (8 hole),,General Items,general_items,EA,,2026-07-12 10:48:41
shock abshober,Shock Abshober,,General Items,general_items,EA,,2026-07-12 10:48:41
spring leaf bracket,Spring Leaf Bracket,,General Items,general_items,EA,,2026-07-12 10:48:41
spring lea set (rear),Spring Lea Set (Rear),,General Items,general_items,EA,,2026-07-12 10:48:41
rubber cab mount (front),Rubber Cab Mount (Front),,General Items,general_items,EA,,2026-07-12 10:48:41
radiator coolant,Radiator Coolant,,Oil & Lubricants,oil_lubricants,EA,,2026-07-12 10:48:41
jack seal kit,Jack Seal Kit,,Bearings & Seals,bearings_seals,EA,,2026-07-12 10:48:41
"1"" 3/4"" impact reducer socket","1"" 3/4"" Impact Reducer Socket",,General Items,general_items,EA,,2026-07-12 10:48:41
cv boot,CV Boot,,General Items,general_items,EA,,2026-07-12 10:48:41
cattloy paste,Cattloy Paste,,General Items,general_items,EA,,2026-07-12 10:48:41
4 1/2 cutting wheel,4 1/2 Cutting Wheel,,Tyre,tyre,EA,,2026-07-12 10:48:41
paint yellow,Paint Yellow,,General Items,general_items,EA,,2026-07-12 10:48:41
paint gold,Paint Gold,,General Items,general_items,EA,,2026-07-12 10:48:41
test lamp,Test Lamp,,Electrical,electrical,EA,,2026-07-12 10:48:41
"pad lock 1""","Pad Lock 1""",,General Items,general_items,EA,,2026-07-12 10:48:41
starter motor repair,Starter Motor Repair,,Electrical,electrical,EA,,2026-07-12 10:48:41
electric  repair,Electric  Repair,,General Items,general_items,EA,,2026-07-12 10:48:41
seat cushion work (front),Seat Cushion Work (Front),,General Items,general_items,EA,,2026-07-12 10:48:41
steering cover,Steering Cover,,General Items,general_items,EA,,2026-07-12 10:48:41
fuel feed pump r/kit,Fuel Feed Pump R/kit,,General Items,general_items,EA,,2026-07-12 10:48:41
wiper arm,Wiper Arm,,General Items,general_items,EA,,2026-07-12 10:48:41
bearing (hm212049),Bearing (HM212049),,Bearings & Seals,bearings_seals,EA,,2026-07-12 10:48:41
brake liner set,Brake Liner Set,,General Items,general_items,EA,,2026-07-12 10:48:41
belt,Belt,,Belts,belts,EA,,2026-07-12 10:48:41
center bit,Center Bit,,General Items,general_items,EA,,2026-07-12 10:48:41
power steering box,Power Steering Box,,General Items,general_items,EA,,2026-07-12 10:48:41
24v/ electric hone set,24V/ Electric Hone Set,,General Items,general_items,EA,,2026-07-12 10:48:41
injector pump repair,Injector Pump Repair,,General Items,general_items,EA,,2026-07-12 10:48:41
"wiring sleeving 1/2"" (wire casing)","Wiring Sleeving 1/2"" (Wire Casing)",,Electrical,electrical,EA,,2026-07-12 10:48:41
"wiring sleeving 3/4"" (wire casing)","Wiring Sleeving 3/4"" (Wire Casing)",,Electrical,electrical,EA,,2026-07-12 10:48:41
hydrolic pump regulator,Hydrolic Pump Regulator,,General Items,general_items,EA,,2026-07-12 10:48:41
fan gell,Fan Gell,,General Items,general_items,EA,,2026-07-12 10:48:41
rubber grease,Rubber Grease,,Oil & Lubricants,oil_lubricants,EA,,2026-07-12 10:48:41
super glue,Super Glue,,General Items,general_items,EA,,2026-07-12 10:48:41
aroldite,Aroldite,,General Items,general_items,EA,,2026-07-12 10:48:41
wd-40,WD-40,,General Items,general_items,EA,,2026-07-12 10:48:41
clamp seal,Clamp Seal,,Bearings & Seals,bearings_seals,EA,,2026-07-12 10:48:41
crane altrnator repair,Crane Altrnator Repair,,General Items,general_items,EA,,2026-07-12 10:48:41
starter motor,Starter Motor,,Electrical,electrical,EA,,2026-07-12 10:48:41
accelator sprin,Accelator Sprin,,General Items,general_items,EA,,2026-07-12 10:48:41
fan belt (2470),Fan Belt (2470),,Belts,belts,EA,,2026-07-12 10:48:41
fuel filter ( f 4000400-1500),Fuel Filter ( F 4000400-1500),,Filters,filters,EA,,2026-07-12 10:48:41
oil filter (2534 1813 0291),Oil Filter (2534 1813 0291),,Filters,filters,EA,,2026-07-12 10:48:41
fuel filter (p-550042),Fuel Filter (P-550042),,Filters,filters,EA,,2026-07-12 10:48:41
oil filter (o-579),Oil Filter (O-579),,Filters,filters,EA,,2026-07-12 10:48:41
oil filter (o-581 (vic),Oil FIlter (O-581 (vic),,Filters,filters,EA,,2026-07-12 10:48:41
oil filter (c-5510a),Oil Filter (C-5510A),,Filters,filters,EA,,2026-07-12 10:48:41
oil filter (c-519),Oil Filter (C-519),,Filters,filters,EA,,2026-07-12 10:48:41
coolant,Coolant,,Oil & Lubricants,oil_lubricants,EA,,2026-07-12 10:48:41
canopy,Canopy,,General Items,general_items,EA,,2026-07-12 10:48:41
jeck black paint,Jeck Black PAint,,General Items,general_items,EA,,2026-07-12 10:48:41
shock abshober washer,Shock abshober Washer,,General Items,general_items,EA,,2026-07-12 10:48:41
fan belt,Fan Belt,,Belts,belts,EA,,2026-07-12 10:48:41
spacer (washer),Spacer (washer),,General Items,general_items,EA,,2026-07-12 10:48:41
s/leaf bush,S/Leaf Bush,,Bearings & Seals,bearings_seals,EA,,2026-07-12 10:48:41
front s/leaf pin,Front S/leaf Pin,,General Items,general_items,EA,,2026-07-12 10:48:41
spring suckle,Spring Suckle,,General Items,general_items,EA,,2026-07-12 10:48:41
gear box mount,Gear Box Mount,,General Items,general_items,EA,,2026-07-12 10:48:41
shok abshober,Shok Abshober,,General Items,general_items,EA,,2026-07-12 10:48:41
shok abshober bush,Shok Abshober Bush,,Bearings & Seals,bearings_seals,EA,,2026-07-12 10:48:41
center mount with bracket,Center Mount With Bracket,,General Items,general_items,EA,,2026-07-12 10:48:41
pinion seal (front),Pinion Seal (Front),,Bearings & Seals,bearings_seals,EA,,2026-07-12 10:48:41
arm jack seal,Arm Jack Seal,,Bearings & Seals,bearings_seals,EA,,2026-07-12 10:48:41
backhose bucket jack seal,Backhose Bucket Jack Seal,,Bearings & Seals,bearings_seals,EA,,2026-07-12 10:48:41
loader bucket jack seal,Loader Bucket Jack Seal,,Bearings & Seals,bearings_seals,EA,,2026-07-12 10:48:41
multi jack seal,Multi Jack Seal,,Bearings & Seals,bearings_seals,EA,,2026-07-12 10:48:41
socket sober bush,Socket Sober Bush,,Bearings & Seals,bearings_seals,EA,,2026-07-12 10:48:41
socket sober,Socket Sober,,General Items,general_items,EA,,2026-07-12 10:48:41
dust cover,Dust Cover,,General Items,general_items,EA,,2026-07-12 10:48:41
brake washer,Brake Washer,,General Items,general_items,EA,,2026-07-12 10:48:41
brake shoe re-lining,Brake Shoe Re-lining,,General Items,general_items,EA,,2026-07-12 10:48:41
95amp/12v  battery,95Amp/12V  Battery,,Battery,battery,EA,,2026-07-12 10:48:41
spring leaf repair,Spring Leaf Repair,,General Items,general_items,EA,,2026-07-12 10:48:41
hd-68 oil,HD-68 Oil,,Oil & Lubricants,oil_lubricants,EA,,2026-07-12 10:48:41
coolent,Coolent,,General Items,general_items,EA,,2026-07-12 10:48:41
electric repair (24v relay 2),Electric Repair (24V Relay 2),,Electrical,electrical,EA,,2026-07-12 10:48:41
seat repair (cushion),Seat Repair (cushion),,General Items,general_items,EA,,2026-07-12 10:48:41
uphosting lock,Uphosting Lock,,General Items,general_items,EA,,2026-07-12 10:48:41
winder handle (door),Winder Handle (Door),,General Items,general_items,EA,,2026-07-12 10:48:41
ac repair,AC Repair,,General Items,general_items,EA,,2026-07-12 10:48:41
signal bulb,Signal Bulb,,Electrical,electrical,EA,,2026-07-12 10:48:41
hand break cable,Hand Break Cable,,Electrical,electrical,EA,,2026-07-12 10:48:41
cable lock,Cable Lock,,Electrical,electrical,EA,,2026-07-12 10:48:41
166989 pv-6889 hub grease seal (67/8/51),166989 PV-6889 Hub Grease Seal (67/8/51),,Bearings & Seals,bearings_seals,EA,,2026-07-12 10:48:41
hub grease seal (67/8/51),Hub Grease Seal (67/8/51),,Bearings & Seals,bearings_seals,EA,,2026-07-12 10:48:41
hub racer (lm48548),Hub Racer (LM48548),,General Items,general_items,EA,,2026-07-12 10:48:41
hub racer (e30205j),Hub Racer (E30205J),,General Items,general_items,EA,,2026-07-12 10:48:41
ball joint,Ball Joint,,General Items,general_items,EA,,2026-07-12 10:48:41
seat kit,seat kit,,General Items,general_items,EA,,2026-07-12 10:48:41
seal kit,Seal Kit,,Bearings & Seals,bearings_seals,EA,,2026-07-12 10:48:41
grinding stone (rough),Grinding Stone (Rough),,General Items,general_items,EA,,2026-07-12 10:48:41
fuel strainer (line filter)  2786 0999 9920),Fuel Strainer (Line Filter)  2786 0999 9920),,Filters,filters,EA,,2026-07-12 10:48:41
air filter (01d24g),Air Filter (01D24G),,Filters,filters,EA,,2026-07-12 10:48:41
fuel filter (fs 1275),Fuel Filter (FS 1275),,Filters,filters,EA,,2026-07-12 10:48:41
diesel filter (2786 0878 9967),Diesel Filter (2786 0878 9967),,Filters,filters,EA,,2026-07-12 10:48:41
oil filter (lf-3959),Oil Filter (LF-3959),,Filters,filters,EA,,2026-07-12 10:48:41
on/off switch,On/Off Switch,,Electrical,electrical,EA,,2026-07-12 10:48:41
door lock pin,Door Lock Pin,,General Items,general_items,EA,,2026-07-12 10:48:41
bonet cable,Bonet Cable,,Electrical,electrical,EA,,2026-07-12 10:48:41
bonet lock,Bonet Lock,,General Items,general_items,EA,,2026-07-12 10:48:41
bonet hingers,Bonet Hingers,,General Items,general_items,EA,,2026-07-12 10:48:41
winder,Winder,,General Items,general_items,EA,,2026-07-12 10:48:41
door lock l/r,Door Lock L/R,,General Items,general_items,EA,,2026-07-12 10:48:41
70*85*70mm bush,70*85*70mm Bush,,Bearings & Seals,bearings_seals,EA,,2026-07-12 10:48:41
fuel filter (32/925994),Fuel Filter (32/925994),,Filters,filters,EA,,2026-07-12 10:48:41
pork light (24v),Pork Light (24V),,General Items,general_items,EA,,2026-07-12 10:48:41
ac belt (8510),AC Belt (8510),,Belts,belts,EA,,2026-07-12 10:48:41
fan belt (8520),Fan Belt (8520),,Belts,belts,EA,,2026-07-12 10:48:41
break foot valve r/kit,Break Foot Valve R/kit,,General Items,general_items,EA,,2026-07-12 10:48:41
wire,Wire,,Electrical,electrical,EA,,2026-07-12 10:48:41
gas welding rod (kg),Gas Welding Rod (Kg),,General Items,general_items,EA,,2026-07-12 10:48:41
break oil (1 ltr),Break Oil (1 Ltr),,Oil & Lubricants,oil_lubricants,EA,,2026-07-12 10:48:41
ac-belt (45),AC-Belt (45),,Belts,belts,EA,,2026-07-12 10:48:41
door handle (l/r),Door Handle (L/R),,General Items,general_items,EA,,2026-07-12 10:48:41
side mirror (r/side),Side Mirror (R/side),,General Items,general_items,EA,,2026-07-12 10:48:41
stop cable 1615,Stop Cable 1615,,Electrical,electrical,EA,,2026-07-12 10:48:41
oil filter (253418130129),Oil Filter (253418130129),,Filters,filters,EA,,2026-07-12 10:48:41
fuel filter (fc1503),Fuel Filter (FC1503),,Filters,filters,EA,,2026-07-12 10:48:41
fuel filter (f6245),Fuel Filter (F6245),,Filters,filters,EA,,2026-07-12 10:48:41
oil filter (o.6746),Oil Filter (O.6746),,Filters,filters,EA,,2026-07-12 10:48:41
fuel filter (1303),Fuel Filter (1303),,Filters,filters,EA,,2026-07-12 10:48:41
oil filter (o.1301),Oil Filter (O.1301),,Filters,filters,EA,,2026-07-12 10:48:41
fuel filter (fc033),Fuel Filter (FC033),,Filters,filters,EA,,2026-07-12 10:48:41
oil filter (th10224),Oil Filter (TH10224),,Filters,filters,EA,,2026-07-12 10:48:41
fuel filter (fc-319),Fuel Filter (FC-319),,Filters,filters,EA,,2026-07-12 10:48:41
p.t.o seal,P.T.O Seal,,Bearings & Seals,bearings_seals,EA,,2026-07-12 10:48:41
unversal joint,Unversal Joint,,General Items,general_items,EA,,2026-07-12 10:48:41
gear box coupling oil seal,Gear Box Coupling Oil Seal,,Bearings & Seals,bearings_seals,EA,,2026-07-12 10:48:41
crank oil seal,Crank Oil Seal,,Bearings & Seals,bearings_seals,EA,,2026-07-12 10:48:41
turbo hose,Turbo Hose,,Hydraulics,hydraulics,EA,,2026-07-12 10:48:41
alternator repair,Alternator Repair,,Electrical,electrical,EA,,2026-07-12 10:48:41
starter switch (ignition),Starter Switch (Ignition),,Electrical,electrical,EA,,2026-07-12 10:48:41
silicone (all purpose) white,Silicone (All Purpose) White,,General Items,general_items,EA,,2026-07-12 10:48:41
silicone (all purpose) black,Silicone (All Purpose) Black,,General Items,general_items,EA,,2026-07-12 10:48:41
cotton wate,Cotton Wate,,General Items,general_items,EA,,2026-07-12 10:48:41
araldite gum,Araldite Gum,,General Items,general_items,EA,,2026-07-12 10:48:41
tie bar link washer,Tie Bar Link Washer,,General Items,general_items,EA,,2026-07-12 10:48:41
head light bulb holder,Head Light Bulb Holder,,Electrical,electrical,EA,,2026-07-12 10:48:41
wheel alignment,Wheel Alignment,,Tyre,tyre,EA,,2026-07-12 10:48:41
stablizer link,Stablizer Link,,General Items,general_items,EA,,2026-07-12 10:48:41
lh stablizer,LH Stablizer,,General Items,general_items,EA,,2026-07-12 10:48:41
engine head machine work,Engine Head Machine Work,,General Items,general_items,EA,,2026-07-12 10:48:41
radiator,Radiator,,General Items,general_items,EA,,2026-07-12 10:48:41
radiator hose,Radiator Hose,,Hydraulics,hydraulics,EA,,2026-07-12 10:48:41
full gasket kit,Full Gasket Kit,,Bearings & Seals,bearings_seals,EA,,2026-07-12 10:48:41
starter motor solanoid,Starter Motor Solanoid,,Electrical,electrical,EA,,2026-07-12 10:48:41
starting defect elec. repair (chech starter motor),Starting Defect Elec. Repair (Chech Starter Motor),,Electrical,electrical,EA,,2026-07-12 10:48:41
alternator assy repair,Alternator Assy Repair,,Electrical,electrical,EA,,2026-07-12 10:48:41
hour meter (12v),Hour Meter (12V),,General Items,general_items,EA,,2026-07-12 10:48:41
hub seal,Hub Seal,,Bearings & Seals,bearings_seals,EA,,2026-07-12 10:48:41
bearing lm102910,Bearing LM102910,,General Items,general_items,EA,,2026-07-12 10:48:41
bearing (l) jlm104910,Bearing (L) JLM104910,,Bearings & Seals,bearings_seals,EA,,2026-07-12 10:48:41
horn,Horn,,Electrical,electrical,EA,,2026-07-12 10:48:41
clutch pump lower r/kit,Clutch Pump Lower R/kit,,General Items,general_items,EA,,2026-07-12 10:48:41
clutch pump master r/kit,Clutch Pump Master R/kit,,General Items,general_items,EA,,2026-07-12 10:48:41
15w 40 (valvoline),15w 40 (Valvoline),,General Items,general_items,EA,,2026-07-12 10:48:41
brake master pump washer,Brake Master pump washer,,General Items,general_items,EA,,2026-07-12 10:48:41
bulb,Bulb,,Electrical,electrical,EA,,2026-07-12 10:48:41
recondition starter motor,recondition Starter Motor,,Electrical,electrical,EA,,2026-07-12 10:48:41
amature,Amature,,General Items,general_items,EA,,2026-07-12 10:48:41
solonide cup,Solonide Cup,,General Items,general_items,EA,,2026-07-12 10:48:41
brush set,Brush Set,,General Items,general_items,EA,,2026-07-12 10:48:41
speedo meter wheel,Speedo Meter Wheel,,Tyre,tyre,EA,,2026-07-12 10:48:41
fan belt (6403),Fan Belt (6403),,Belts,belts,EA,,2026-07-12 10:48:41
fan belt (6405),Fan Belt (6405),,Belts,belts,EA,,2026-07-12 10:48:41
break oil dot-5,Break Oil DOT-5,,Oil & Lubricants,oil_lubricants,EA,,2026-07-12 10:48:41
power steering presure hose,Power Steering Presure Hose,,Hydraulics,hydraulics,EA,,2026-07-12 10:48:41
gear box top shaft oil seal,Gear Box Top Shaft Oil Seal,,Bearings & Seals,bearings_seals,EA,,2026-07-12 10:48:41
clutch pump,Clutch Pump,,General Items,general_items,EA,,2026-07-12 10:48:41
clutch pump r/kit (uper),Clutch Pump R/Kit (Uper),,General Items,general_items,EA,,2026-07-12 10:48:41
master pump r/kit,Master Pump R/Kit,,General Items,general_items,EA,,2026-07-12 10:48:41
paint (ash),Paint (Ash),,General Items,general_items,EA,,2026-07-12 10:48:41
paint (green),Paint (Green),,General Items,general_items,EA,,2026-07-12 10:48:41
air horn solonide valve,Air Horn Solonide Valve,,Electrical,electrical,EA,,2026-07-12 10:48:41
mack foil for ac repair (ft),Mack Foil For AC Repair (Ft),,General Items,general_items,EA,,2026-07-12 10:48:41
door handle,Door Handle,,General Items,general_items,EA,,2026-07-12 10:48:41
3/16*3/4 pop rivet,3/16*3/4 pop rivet,,General Items,general_items,EA,,2026-07-12 10:48:41
2 iron hingers,2 Iron Hingers,,General Items,general_items,EA,,2026-07-12 10:48:41
anchor bolt 3/8,Anchor Bolt 3/8,,General Items,general_items,EA,,2026-07-12 10:48:41
hose (ft),Hose (Ft),,Hydraulics,hydraulics,EA,,2026-07-12 10:48:41
diaphram (injector pump),Diaphram (Injector Pump),,General Items,general_items,EA,,2026-07-12 10:48:41
light repair,Light Repair,,General Items,general_items,EA,,2026-07-12 10:48:41
asphalt cutter (engine gx=390),Asphalt Cutter (Engine GX=390),,General Items,general_items,EA,,2026-07-12 10:48:41
oil filter (90915-yzzj3),Oil Filter (90915-YZZJ3),,Filters,filters,EA,,2026-07-12 10:48:41
agrew meter (adblue meter),Agrew Meter (Adblue Meter),,General Items,general_items,EA,,2026-07-12 10:48:41
wipper arm with blade,Wipper Arm With Blade,,General Items,general_items,EA,,2026-07-12 10:48:41
side mirror,Side Mirror,,General Items,general_items,EA,,2026-07-12 10:48:41
paint green,Paint Green,,General Items,general_items,EA,,2026-07-12 10:48:41
knife,knife,,General Items,general_items,EA,,2026-07-12 10:48:41
230 head light,230 head light,,Electrical,electrical,EA,,2026-07-12 10:48:41
3mm wire,3mm wire,,Electrical,electrical,EA,,2026-07-12 10:48:41
230v forcus light (10w),230V Forcus Light (10W),,General Items,general_items,EA,,2026-07-12 10:48:41
03 wire (4core) (ft),03 Wire (4Core) (Ft),,Electrical,electrical,EA,,2026-07-12 10:48:41
air horne solonide valve,Air Horne Solonide Valve,,Electrical,electrical,EA,,2026-07-12 10:48:41
pressur plate,Pressur Plate,,General Items,general_items,EA,,2026-07-12 10:48:41
5m steel tape,5m Steel Tape,,General Items,general_items,EA,,2026-07-12 10:48:41
2core wire,2Core Wire,,Electrical,electrical,EA,,2026-07-12 10:48:41
bulb holder,Bulb Holder,,Electrical,electrical,EA,,2026-07-12 10:48:41
18w led bulb,18w LED Bulb,,Electrical,electrical,EA,,2026-07-12 10:48:41
knife s/s,Knife S/S,,General Items,general_items,EA,,2026-07-12 10:48:41
1.25 / 3 core wire,1.25 / 3 Core Wire,,Electrical,electrical,EA,,2026-07-12 10:48:41
3/4 4wire large ferrule,3/4 4wire Large Ferrule,,General Items,general_items,EA,,2026-07-12 10:48:41
light cup (rear),Light Cup (Rear),,General Items,general_items,EA,,2026-07-12 10:48:41
fog hight (r/f),Fog Hight (R/F),,General Items,general_items,EA,,2026-07-12 10:48:41
piston kit,Piston Kit,,General Items,general_items,EA,,2026-07-12 10:48:41
re boring,Re Boring,,General Items,general_items,EA,,2026-07-12 10:48:41
full gasket set,Full Gasket Set,,Bearings & Seals,bearings_seals,EA,,2026-07-12 10:48:41
cam chain,Cam Chain,,General Items,general_items,EA,,2026-07-12 10:48:41
spark plug,Spark Plug,,Electrical,electrical,EA,,2026-07-12 10:48:41
clutch  plate cd 125,Clutch  Plate CD 125,,General Items,general_items,EA,,2026-07-12 10:48:41
bearing 6003,Bearing 6003,,Bearings & Seals,bearings_seals,EA,,2026-07-12 10:48:41
bearing 6001,Bearing 6001,,Bearings & Seals,bearings_seals,EA,,2026-07-12 10:48:41
bearing 6000,Bearing 6000,,Bearings & Seals,bearings_seals,EA,,2026-07-12 10:48:41
clutch plate kit,Clutch Plate Kit,,General Items,general_items,EA,,2026-07-12 10:48:41
valve kit,Valve Kit,,General Items,general_items,EA,,2026-07-12 10:48:41
engine oil,Engine Oil,,Oil & Lubricants,oil_lubricants,EA,,2026-07-12 10:48:41
cable tie,Cable Tie,,Electrical,electrical,EA,,2026-07-12 10:48:41
cable lug,Cable Lug,,Electrical,electrical,EA,,2026-07-12 10:48:41
wd 40,WD 40,,General Items,general_items,EA,,2026-07-12 10:48:41
araldite tube,Araldite Tube,,Tyre,tyre,EA,,2026-07-12 10:48:41
paint blue,Paint Blue,,General Items,general_items,EA,,2026-07-12 10:48:41
paint m. gray,Paint M. Gray,,General Items,general_items,EA,,2026-07-12 10:48:41
paint d. gray,Paint D. Gray,,General Items,general_items,EA,,2026-07-12 10:48:41
screw nail,Screw Nail,,General Items,general_items,EA,,2026-07-12 10:48:41
expantion tank (reserve tank),Expantion Tank (Reserve Tank),,General Items,general_items,EA,,2026-07-12 10:48:41
radiator  hose,Radiator  Hose,,General Items,general_items,EA,,2026-07-12 10:48:41
radiator reserve tank,Radiator Reserve Tank,,General Items,general_items,EA,,2026-07-12 10:48:41
engine mount,Engine Mount,,General Items,general_items,EA,,2026-07-12 10:48:41
fan belt (8480),Fan Belt (8480),,Belts,belts,EA,,2026-07-12 10:48:41
overhaul gasket kit,Overhaul Gasket Kit,,Bearings & Seals,bearings_seals,EA,,2026-07-12 10:48:41
valve stem seal set,Valve Stem Seal Set,,Bearings & Seals,bearings_seals,EA,,2026-07-12 10:48:41
rear crank oil seal,Rear Crank Oil Seal,,Bearings & Seals,bearings_seals,EA,,2026-07-12 10:48:41
front crank oil seal,Front Crank Oil Seal,,Bearings & Seals,bearings_seals,EA,,2026-07-12 10:48:41
valve guid set,Valve Guid Set,,General Items,general_items,EA,,2026-07-12 10:48:41
door  handle repair,Door  Handle Repair,,General Items,general_items,EA,,2026-07-12 10:48:41
"sand paper (80,60,100)","Sand Paper (80,60,100)",,General Items,general_items,EA,,2026-07-12 10:48:41
silicon (black),Silicon (Black),,General Items,general_items,EA,,2026-07-12 10:48:41
cv grease,CV Grease,,Oil & Lubricants,oil_lubricants,EA,,2026-07-12 10:48:41
oil seal (small),Oil Seal (small),,Bearings & Seals,bearings_seals,EA,,2026-07-12 10:48:41
oring,Oring,,Bearings & Seals,bearings_seals,EA,,2026-07-12 10:48:41
cv boot (large),CV Boot (Large),,General Items,general_items,EA,,2026-07-12 10:48:41
cv boot lock (large),CV Boot Lock (Large),,General Items,general_items,EA,,2026-07-12 10:48:41
oil seal large,Oil Seal Large,,Bearings & Seals,bearings_seals,EA,,2026-07-12 10:48:41
hub oil seal,Hub Oil Seal,,Bearings & Seals,bearings_seals,EA,,2026-07-12 10:48:41
cv boot (small),CV Boot (Small),,General Items,general_items,EA,,2026-07-12 10:48:41
cv boot lock (small),CV Boot Lock (Small),,General Items,general_items,EA,,2026-07-12 10:48:41
white paint,White Paint,,General Items,general_items,EA,,2026-07-12 10:48:41
gray paint,Gray Paint,,General Items,general_items,EA,,2026-07-12 10:48:41
yellow paint,Yellow Paint,,General Items,general_items,EA,,2026-07-12 10:48:41
cor 500w filement bulb flasher,Cor 500w Filement Bulb Flasher,,Electrical,electrical,EA,,2026-07-12 10:48:41
100w/230v bulb filement,100W/230V Bulb Filement,,Electrical,electrical,EA,,2026-07-12 10:48:41
100w/230v filament bulb,100w/230v Filament Bulb,,Electrical,electrical,EA,,2026-07-12 10:48:41
24v double filament bulb,24V Double Filament Bulb,,Electrical,electrical,EA,,2026-07-12 10:48:41
24v single bulb,24V Single Bulb,,Electrical,electrical,EA,,2026-07-12 10:48:41
tie rod boll joint,Tie Rod Boll joint,,General Items,general_items,EA,,2026-07-12 10:48:41
rack end ball joint,Rack end Ball Joint,,General Items,general_items,EA,,2026-07-12 10:48:41
3 phase contactor (dol swith 230a),3 Phase Contactor (DOL swith 230A),,General Items,general_items,EA,,2026-07-12 10:48:41
halogen bulb (filement),Halogen Bulb (Filement),,Electrical,electrical,EA,,2026-07-12 10:48:41
newmatic hose  socket - i socket,NEwmatic Hose  Socket - I socket,,Hydraulics,hydraulics,EA,,2026-07-12 10:48:41
shocket sober with bush (rear),Shocket Sober With Bush (Rear),,Bearings & Seals,bearings_seals,EA,,2026-07-12 10:48:41
pinion seal,Pinion Seal,,Bearings & Seals,bearings_seals,EA,,2026-07-12 10:48:41
o rings,O Rings,,General Items,general_items,EA,,2026-07-12 10:48:41
shocket sober with bush,Shocket Sober With Bush,,Bearings & Seals,bearings_seals,EA,,2026-07-12 10:48:41
injectors,Injectors,,General Items,general_items,EA,,2026-07-12 10:48:41
injector pump,Injector Pump,,General Items,general_items,EA,,2026-07-12 10:48:41
radiator cleaning,Radiator Cleaning,,General Items,general_items,EA,,2026-07-12 10:48:41
fip repair & service,FIP Repair & Service,,General Items,general_items,EA,,2026-07-12 10:48:41
engine machine work - edirisinghe,Engine Machine Work - Edirisinghe,,General Items,general_items,EA,,2026-07-12 10:48:41
blower switch (ac),Blower Switch (AC),,Electrical,electrical,EA,,2026-07-12 10:48:41
car set,Car Set,,General Items,general_items,EA,,2026-07-12 10:48:41
bonet cable repair,Bonet Cable Repair,,Electrical,electrical,EA,,2026-07-12 10:48:41
primmer,Primmer,,General Items,general_items,EA,,2026-07-12 10:48:41
paper news,Paper News,,General Items,general_items,EA,,2026-07-12 10:48:41
putty red,Putty Red,,General Items,general_items,EA,,2026-07-12 10:48:41
radiator hose set,Radiator Hose Set,,Hydraulics,hydraulics,EA,,2026-07-12 10:48:41
starter motor new,Starter Motor New,,Electrical,electrical,EA,,2026-07-12 10:48:41
brake cylinder,Brake Cylinder,,Hydraulics,hydraulics,EA,,2026-07-12 10:48:41
polish pad,Polish Pad,,General Items,general_items,EA,,2026-07-12 10:48:41
compound,Compound,,General Items,general_items,EA,,2026-07-12 10:48:41
catloy,Catloy,,General Items,general_items,EA,,2026-07-12 10:48:41
valve seal set,Valve Seal Set,,Bearings & Seals,bearings_seals,EA,,2026-07-12 10:48:41
valve set,Valve Set,,General Items,general_items,EA,,2026-07-12 10:48:41
cam. bush set,Cam. Bush Set,,Bearings & Seals,bearings_seals,EA,,2026-07-12 10:48:41
cam. rod bush set,Cam. Rod Bush Set,,Bearings & Seals,bearings_seals,EA,,2026-07-12 10:48:41
thrust bearing set,Thrust Bearing Set,,Bearings & Seals,bearings_seals,EA,,2026-07-12 10:48:41
big end bearing set,Big end Bearing Set,,Bearings & Seals,bearings_seals,EA,,2026-07-12 10:48:41
main bearing set,Main Bearing Set,,Bearings & Seals,bearings_seals,EA,,2026-07-12 10:48:41
piston ring set,Piston Ring Set,,General Items,general_items,EA,,2026-07-12 10:48:41
piston set,Piston Set,,General Items,general_items,EA,,2026-07-12 10:48:41
sleeve set,Sleeve Set,,General Items,general_items,EA,,2026-07-12 10:48:41
speed meter,Speed Meter,,General Items,general_items,EA,,2026-07-12 10:48:41
polising disc 4 1/2,Polising Disc 4 1/2,,General Items,general_items,EA,,2026-07-12 10:48:41
sand paper (100),Sand Paper (100),,General Items,general_items,EA,,2026-07-12 10:48:41
24v/ double filament bulb,24V/ Double Filament Bulb,,Electrical,electrical,EA,,2026-07-12 10:48:41
24v/ single filament bulb,24V/ Single Filament Bulb,,Electrical,electrical,EA,,2026-07-12 10:48:41
brake oil,Brake Oil,,Oil & Lubricants,oil_lubricants,EA,,2026-07-12 10:48:41
electrical repair (light signal),Electrical Repair (Light Signal),,General Items,general_items,EA,,2026-07-12 10:48:41
power steering belt,Power steering belt,,Belts,belts,EA,,2026-07-12 10:48:41
alternator belt,Alternator belt,,Belts,belts,EA,,2026-07-12 10:48:41
fan clutch gel,Fan Clutch Gel,,General Items,general_items,EA,,2026-07-12 10:48:41
protection valve,Protection valve,,General Items,general_items,EA,,2026-07-12 10:48:41
apposting work floor board carpet,Apposting work floor board carpet,,General Items,general_items,EA,,2026-07-12 10:48:41
nut and bolt (17mm),Nut and Bolt (17mm),,General Items,general_items,EA,,2026-07-12 10:48:41
nut and bolt (10mm),Nut and Bolt (10mm),,General Items,general_items,EA,,2026-07-12 10:48:41
nut and bolt (13mm),Nut and Bolt (13mm),,General Items,general_items,EA,,2026-07-12 10:48:41
bonet shockabsoer,Bonet shockabsoer,,General Items,general_items,EA,,2026-07-12 10:48:41
coller bush 80*100*50,Coller bush 80*100*50,,Bearings & Seals,bearings_seals,EA,,2026-07-12 10:48:41
bush 80*95*100,Bush 80*95*100,,Bearings & Seals,bearings_seals,EA,,2026-07-12 10:48:41
bush 70*85*75,Bush 70*85*75,,Bearings & Seals,bearings_seals,EA,,2026-07-12 10:48:41
collar bush (80���100���50),Collar Bush (80���100���50),,Bearings & Seals,bearings_seals,EA,,2026-07-12 10:48:41
bush (80���95���100),Bush (80���95���100),,Bearings & Seals,bearings_seals,EA,,2026-07-12 10:48:41
bush (80���85���75),Bush (80���85���75),,Bearings & Seals,bearings_seals,EA,,2026-07-12 10:48:41
fuel filter fc-510,Fuel filter FC-510,,Filters,filters,EA,,2026-07-12 10:48:41
oil filter c-525,Oil filter C-525,,Filters,filters,EA,,2026-07-12 10:48:41
fuel filter (fc-510),Fuel Filter (FC-510),,Filters,filters,EA,,2026-07-12 10:48:41
oil filter (c-525),Oil Filter (C-525),,Filters,filters,EA,,2026-07-12 10:48:41
white polytheen,White Polytheen,,General Items,general_items,EA,,2026-07-12 10:48:41
oil filter c-1511,Oil Filter C-1511,,Filters,filters,EA,,2026-07-12 10:48:41
oil filter c-512/c-1511,Oil filter C-512/C-1511,,Filters,filters,EA,,2026-07-12 10:48:41
number platye light,Number platye light,,General Items,general_items,EA,,2026-07-12 10:48:41
parking light,parking light,,General Items,general_items,EA,,2026-07-12 10:48:41
12v relay,12V Relay,,Electrical,electrical,EA,,2026-07-12 10:48:41
caustic soda,Caustic Soda,,General Items,general_items,EA,,2026-07-12 10:48:41
\,\,,General Items,general_items,EA,,2026-07-12 10:48:41
24v/3w cables bulb,24V/3W Cables Bulb,,Electrical,electrical,EA,,2026-07-12 10:48:41
12v/3w cables bulb,12V/3W Cables Bulb,,Electrical,electrical,EA,,2026-07-12 10:48:41
9/0.30mm auto wire (30m),9/0.30mm Auto Wire (30m),,Electrical,electrical,EA,,2026-07-12 10:48:41
caples bulb holder,Caples Bulb Holder,,Electrical,electrical,EA,,2026-07-12 10:48:41
fuel system repair,fuel system repair,,General Items,general_items,EA,,2026-07-12 10:48:41
coolant filter (600-411-1161),Coolant filter (600-411-1161),,Filters,filters,EA,,2026-07-12 10:48:41
fuel filter (600-311-3510),Fuel Filter (600-311-3510),,Filters,filters,EA,,2026-07-12 10:48:41
sylencer repair,sylencer repair,,General Items,general_items,EA,,2026-07-12 10:48:41
warth diesel fuel additive,warth diesel fuel additive,,General Items,general_items,EA,,2026-07-12 10:48:41
soltron,Soltron,,General Items,general_items,EA,,2026-07-12 10:48:41
speedo meter sensor,speedo meter sensor,,Electrical,electrical,EA,,2026-07-12 10:48:41
hand brake cable,hand brake cable,,Electrical,electrical,EA,,2026-07-12 10:48:41
air filter f002h60012/fl-2105,Air filter F002H60012/FL-2105,,Filters,filters,EA,,2026-07-12 10:48:41
fuel filter 1001caa1485ny,Fuel filter 1001CAA1485NY,,Filters,filters,EA,,2026-07-12 10:48:41
oil filter 0303bc007in,Oil filter 0303BC007IN,,Filters,filters,EA,,2026-07-12 10:48:41
clutch bolt,clutch bolt,,General Items,general_items,EA,,2026-07-12 10:48:41
clutch fork,clutch fork,,General Items,general_items,EA,,2026-07-12 10:48:41
pilot bearing,pilot bearing,,Bearings & Seals,bearings_seals,EA,,2026-07-12 10:48:41
clutch releasing bearing,clutch releasing bearing,,Bearings & Seals,bearings_seals,EA,,2026-07-12 10:48:41
presser plate,presser plate,,General Items,general_items,EA,,2026-07-12 10:48:41
differencial oil seal,Differencial oil seal,,Bearings & Seals,bearings_seals,EA,,2026-07-12 10:48:41
capless bulb holder,capless bulb holder,,Electrical,electrical,EA,,2026-07-12 10:48:41
oil filter c-219,Oil filter C-219,,Filters,filters,EA,,2026-07-12 10:48:41
12v/10w auto bulb yellow,12V/10W Auto Bulb Yellow,,Electrical,electrical,EA,,2026-07-12 10:48:41
24v 21w orange bulb (set),24V 21W Orange Bulb (set),,Electrical,electrical,EA,,2026-07-12 10:48:41
bulb holder (caples bulb),Bulb Holder (Caples Bulb),,Electrical,electrical,EA,,2026-07-12 10:48:41
coconut oil (415),Coconut Oil (415),,Oil & Lubricants,oil_lubricants,EA,,2026-07-12 10:48:41
head l;ight,Head l;ight,,General Items,general_items,EA,,2026-07-12 10:48:41
bearing 6305,Bearing 6305,,Bearings & Seals,bearings_seals,EA,,2026-07-12 10:48:41
grand packing,Grand packing,,General Items,general_items,EA,,2026-07-12 10:48:41
fuel filter fc-70\7a,Fuel Filter FC-70\7A,,Filters,filters,EA,,2026-07-12 10:48:41
oil filter c-206,Oil filter C-206,,Filters,filters,EA,,2026-07-12 10:48:41
fuel filter js-1076,Fuel filter JS-1076,,Filters,filters,EA,,2026-07-12 10:48:41
fuel filter js-1810,Fuel filter JS-1810,,Filters,filters,EA,,2026-07-12 10:48:41
oil filter 2654407,Oil filter 2654407,,Filters,filters,EA,,2026-07-12 10:48:41
fuel filter 32/925994,Fuel filter 32/925994,,Filters,filters,EA,,2026-07-12 10:48:41
transmission filter js-2091,Transmission filter JS-2091,,Filters,filters,EA,,2026-07-12 10:48:41
fuel filter fc-319,Fuel filter FC-319,,Filters,filters,EA,,2026-07-12 10:48:41
oil filter c-318,Oil filter C-318,,Filters,filters,EA,,2026-07-12 10:48:41
fuel hand primer,Fuel hand primer,,General Items,general_items,EA,,2026-07-12 10:48:41
fuel hose,Fuel hose,,Hydraulics,hydraulics,EA,,2026-07-12 10:48:41
fan cluth gel,fan cluth gel,,General Items,general_items,EA,,2026-07-12 10:48:41
radiator fan,radiator fan,,General Items,general_items,EA,,2026-07-12 10:48:41
fuel filter fc-182,Fuel Filter FC-182,,Filters,filters,EA,,2026-07-12 10:48:41
air filter a-3735,Air filter A-3735,,Filters,filters,EA,,2026-07-12 10:48:41
fuel filter fc-1503,Fuel filter FC-1503,,Filters,filters,EA,,2026-07-12 10:48:41
oil filter c-502,Oil filter C-502,,Filters,filters,EA,,2026-07-12 10:48:41
air filter a-1119,Air filter A-1119,,Filters,filters,EA,,2026-07-12 10:48:41
fuel filter fc-1104,Fuel filter FC-1104,,Filters,filters,EA,,2026-07-12 10:48:41
oil filter c-1112,Oil filter C-1112,,Filters,filters,EA,,2026-07-12 10:48:41
oil filter c-1111,Oil filter C-1111,,Filters,filters,EA,,2026-07-12 10:48:41
75mm shaft,75mm shaft,,General Items,general_items,EA,,2026-07-12 10:48:41
timing belt,Timing belt,,Belts,belts,EA,,2026-07-12 10:48:41
adjuster pully,Adjuster pully,,General Items,general_items,EA,,2026-07-12 10:48:41
bearing (l),Bearing (L),,Bearings & Seals,bearings_seals,EA,,2026-07-12 10:48:41
bearing (s),Bearing (S),,Bearings & Seals,bearings_seals,EA,,2026-07-12 10:48:41
rubber mount,Rubber mount,,General Items,general_items,EA,,2026-07-12 10:48:41
vehicle scaning,Vehicle Scaning,,General Items,general_items,EA,,2026-07-12 10:48:41
ventilating fan,Ventilating Fan,,General Items,general_items,EA,,2026-07-12 10:48:41
chisel,Chisel,,General Items,general_items,EA,,2026-07-12 10:48:41
rubber hammer,Rubber Hammer,,General Items,general_items,EA,,2026-07-12 10:48:41
bench vice,Bench Vice,,General Items,general_items,EA,,2026-07-12 10:48:41
4.5 angle grinder,4.5 Angle Grinder,,General Items,general_items,EA,,2026-07-12 10:48:41
bar cutter machine 355mm,Bar Cutter Machine 355mm,,General Items,general_items,EA,,2026-07-12 10:48:41
head light set,Head light set,,Electrical,electrical,EA,,2026-07-12 10:48:41
cam bush,Cam Bush,,Bearings & Seals,bearings_seals,EA,,2026-07-12 10:48:41
seal,Seal,,Bearings & Seals,bearings_seals,EA,,2026-07-12 10:48:41
packing,packing,,General Items,general_items,EA,,2026-07-12 10:48:41
nylon shaft 6,Nylon shaft 6,,General Items,general_items,EA,,2026-07-12 10:48:41
silicon gum (white),Silicon Gum (white),,General Items,general_items,EA,,2026-07-12 10:48:41
fuse 20amp,Fuse 20Amp,,Battery,battery,EA,,2026-07-12 10:48:41
fuse 15amp,Fuse 15Amp,,Battery,battery,EA,,2026-07-12 10:48:41
fuse 10amp,Fuse 10Amp,,Battery,battery,EA,,2026-07-12 10:48:41
fuse 20,Fuse 20,,Electrical,electrical,EA,,2026-07-12 10:48:41
fuse 15,Fuse 15,,Electrical,electrical,EA,,2026-07-12 10:48:41
fuse 10,Fuse 10,,Electrical,electrical,EA,,2026-07-12 10:48:41
pad lock / grease nipple,Pad Lock / Grease Nipple,,Oil & Lubricants,oil_lubricants,EA,,2026-07-12 10:48:41
k oil,k oil,,Oil & Lubricants,oil_lubricants,EA,,2026-07-12 10:48:41
trust washer (large),Trust Washer (Large),,General Items,general_items,EA,,2026-07-12 10:48:41
allen key bolt,Allen key bolt,,General Items,general_items,EA,,2026-07-12 10:48:41
ball bearing,ball bearing,,Bearings & Seals,bearings_seals,EA,,2026-07-12 10:48:41
sun gear,sun gear,,General Items,general_items,EA,,2026-07-12 10:48:41
trust plate,Trust plate,,General Items,general_items,EA,,2026-07-12 10:48:41
cone seal,cone seal,,Bearings & Seals,bearings_seals,EA,,2026-07-12 10:48:41
trust washer,Trust washer,,General Items,general_items,EA,,2026-07-12 10:48:41
roller bearing large,Roller Bearing Large,,Bearings & Seals,bearings_seals,EA,,2026-07-12 10:48:41
roller bearing small,Roller Bearing Small,,Bearings & Seals,bearings_seals,EA,,2026-07-12 10:48:41
large pin lock,Large pin lock,,General Items,general_items,EA,,2026-07-12 10:48:41
small ping lock,Small ping lock,,General Items,general_items,EA,,2026-07-12 10:48:41
planne gear pin large,Planne gear pin Large,,General Items,general_items,EA,,2026-07-12 10:48:41
plannet gear pin small,Plannet gear pin small,,General Items,general_items,EA,,2026-07-12 10:48:41
coupling,Coupling,,General Items,general_items,EA,,2026-07-12 10:48:41
roller brush,Roller Brush,,General Items,general_items,EA,,2026-07-12 10:48:41
exhauset fan 1*1,Exhauset fan 1*1,,General Items,general_items,EA,,2026-07-12 10:48:41
bench wise,Bench wise,,General Items,general_items,EA,,2026-07-12 10:48:41
4 1/2 hand grinder,4 1/2 hand grinder,,General Items,general_items,EA,,2026-07-12 10:48:41
bar cutter machine,Bar cutter machine,,General Items,general_items,EA,,2026-07-12 10:48:41
packing hose,Packing Hose,,Hydraulics,hydraulics,EA,,2026-07-12 10:48:41
torx allenkey set,Torx allenkey set,,General Items,general_items,EA,,2026-07-12 10:48:41
filler gauge,Filler gauge,,General Items,general_items,EA,,2026-07-12 10:48:41
ring spanner set,Ring spanner set,,General Items,general_items,EA,,2026-07-12 10:48:41
extention bar 10,Extention bar 10,,General Items,general_items,EA,,2026-07-12 10:48:41
extention bar 6,Extention Bar 6,,General Items,general_items,EA,,2026-07-12 10:48:41
extention bar 3,Extention bar 3,,General Items,general_items,EA,,2026-07-12 10:48:41
slotted screw drive,Slotted screw drive,,General Items,general_items,EA,,2026-07-12 10:48:41
flat screw drive,Flat screw drive,,General Items,general_items,EA,,2026-07-12 10:48:41
g-18 zinc coated sheet,G-18 Zinc coated sheet,,General Items,general_items,EA,,2026-07-12 10:48:41
oxygen welding rod,oxygen welding rod,,General Items,general_items,EA,,2026-07-12 10:48:41
grease gun,Grease Gun,,Oil & Lubricants,oil_lubricants,EA,,2026-07-12 10:48:41
tie rod end with rack end,Tie Rod end with rack end,,General Items,general_items,EA,,2026-07-12 10:48:41
bmga spark plug china,BMGA Spark Plug China,,Electrical,electrical,EA,,2026-07-12 10:48:41
waccker shoe with 4 stud,Waccker Shoe with 4 stud,,General Items,general_items,EA,,2026-07-12 10:48:41
air cleaner element,Air cleaner Element,,General Items,general_items,EA,,2026-07-12 10:48:41
carburator assy japan (20f-62342kg),Carburator Assy Japan (20F-62342kg),,General Items,general_items,EA,,2026-07-12 10:48:41
eh 09/ge 100 recoil starter assy,EH 09/GE 100 Recoil Starter Assy,,Electrical,electrical,EA,,2026-07-12 10:48:41
fuel filter fc-158,Fuel filter FC-158,,Filters,filters,EA,,2026-07-12 10:48:41
oil filter c-101,Oil filter C-101,,Filters,filters,EA,,2026-07-12 10:48:41
water hose,Water Hose,,Hydraulics,hydraulics,EA,,2026-07-12 10:48:41
seat belt,Seat belt,,Belts,belts,EA,,2026-07-12 10:48:41
gear level book,Gear level book,,General Items,general_items,EA,,2026-07-12 10:48:41
side signal lamp,Side signal lamp,,Electrical,electrical,EA,,2026-07-12 10:48:41
brake oil tank cap,Brake oil tank cap,,Oil & Lubricants,oil_lubricants,EA,,2026-07-12 10:48:41
wire casing,Wire Casing,,Electrical,electrical,EA,,2026-07-12 10:48:41
turbo flexible hose,Turbo Flexible Hose,,Hydraulics,hydraulics,EA,,2026-07-12 10:48:41
oil filter 2451u343-1d,Oil filter 2451U343-1D,,Filters,filters,EA,,2026-07-12 10:48:41
water pump packing,water pump packing,,General Items,general_items,EA,,2026-07-12 10:48:41
air filter 60321434 a,Air Filter 60321434 A,,Filters,filters,EA,,2026-07-12 10:48:41
fuel filter element 1000 495913,Fuel Filter Element 1000 495913,,Filters,filters,EA,,2026-07-12 10:48:41
oil filter element 1678,Oil Filter Element 1678,,Filters,filters,EA,,2026-07-12 10:48:41
filter element 13055724,Filter Element 13055724,,Filters,filters,EA,,2026-07-12 10:48:41
air ballon,Air Ballon,,General Items,general_items,EA,,2026-07-12 10:48:41
dram mount,Dram Mount,,General Items,general_items,EA,,2026-07-12 10:48:41
pto shaft nut and bolty,PTO shaft nut and bolty,,General Items,general_items,EA,,2026-07-12 10:48:41
u joint bearing,U joint bearing,,Bearings & Seals,bearings_seals,EA,,2026-07-12 10:48:41
propeller shaft nut and bolt,propeller shaft nut and bolt,,General Items,general_items,EA,,2026-07-12 10:48:41
release bearing lock,release bearing lock,,Bearings & Seals,bearings_seals,EA,,2026-07-12 10:48:41
clutch realing bearing,clutch realing bearing,,Bearings & Seals,bearings_seals,EA,,2026-07-12 10:48:41
hub,Hub,,General Items,general_items,EA,,2026-07-12 10:48:41
tie rod end with rack en,Tie rod end with rack en,,General Items,general_items,EA,,2026-07-12 10:48:41
upsitting works floor board carpet,Upsitting works floor board carpet,,General Items,general_items,EA,,2026-07-12 10:48:41
seat cusion work,Seat cusion work,,General Items,general_items,EA,,2026-07-12 10:48:41
fuel filter fhn 400/500,Fuel Filter FHN 400/500,,Filters,filters,EA,,2026-07-12 10:48:41
oil filter 25a-718130106,Oil filter 25A-718130106,,Filters,filters,EA,,2026-07-12 10:48:41
hub nut,hub nut,,General Items,general_items,EA,,2026-07-12 10:48:41
lock washer,lock washer,,General Items,general_items,EA,,2026-07-12 10:48:41
grease seal,Grease seal,,Bearings & Seals,bearings_seals,EA,,2026-07-12 10:48:41
hib bearing 218248,Hib bearing 218248,,Bearings & Seals,bearings_seals,EA,,2026-07-12 10:48:41
hub bearing 212049,Hub bearing 212049,,Bearings & Seals,bearings_seals,EA,,2026-07-12 10:48:41
bob cat wheel stud,Bob Cat Wheel Stud,,Tyre,tyre,EA,,2026-07-12 10:48:41
alternator belt 6420,Alternator Belt 6420,,Belts,belts,EA,,2026-07-12 10:48:41
water separator cup,Water separator cup,,General Items,general_items,EA,,2026-07-12 10:48:41
front ball joint,Front Ball Joint,,General Items,general_items,EA,,2026-07-12 10:48:41
tie rod end set,Tie Rod End Set,,General Items,general_items,EA,,2026-07-12 10:48:41
gear lever bolt joint,Gear Lever Bolt Joint,,General Items,general_items,EA,,2026-07-12 10:48:41
power steering pump oil seal,Power Steering Pump Oil Seal,,Bearings & Seals,bearings_seals,EA,,2026-07-12 10:48:41
clutch hose,Clutch Hose,,Hydraulics,hydraulics,EA,,2026-07-12 10:48:41
speedometer cable,Speedometer Cable,,Electrical,electrical,EA,,2026-07-12 10:48:41
hour meter unit,Hour Meter Unit,,General Items,general_items,EA,,2026-07-12 10:48:41
heat meter unit,Heat Meter Unit,,General Items,general_items,EA,,2026-07-12 10:48:41
hydraulic return filter,Hydraulic Return Filter,,Filters,filters,EA,,2026-07-12 10:48:41
fuel filter f-n-60038 (rtd after received),Fuel Filter F-N-60038 (Rtd After Received),,Filters,filters,EA,,2026-07-12 10:48:41
fuel filter 6240 rtd,Fuel Filter 6240 Rtd,,Filters,filters,EA,,2026-07-12 10:48:41
fuel filter f-6240,Fuel Filter F-6240,,Filters,filters,EA,,2026-07-12 10:48:41
gear box oil filter,Gear Box Oil Filter,,Filters,filters,EA,,2026-07-12 10:48:41
air filter 1753h (?),Air Filter 1753H (?),,Filters,filters,EA,,2026-07-12 10:48:41
oil filter p550448 or f-557 (?),Oil Filter P550448 or F-557 (?),,Filters,filters,EA,,2026-07-12 10:48:41
flood light circuit / xenon ballaster (?),Flood Light Circuit / Xenon Ballaster (?),,General Items,general_items,EA,,2026-07-12 10:48:41
engine breather filter,Engine Breather Filter,,Filters,filters,EA,,2026-07-12 10:48:41
arm blade,Arm Blade,,General Items,general_items,EA,,2026-07-12 10:48:41
filter head (feed pump),Filter Head (Feed Pump),,Filters,filters,EA,,2026-07-12 10:48:41
speedometer sensor,Speedometer Sensor,,Electrical,electrical,EA,,2026-07-12 10:48:41
tappet cover packing,Tappet Cover Packing,,General Items,general_items,EA,,2026-07-12 10:48:41
wiper arm with blade,Wiper Arm With Blade,,General Items,general_items,EA,,2026-07-12 10:48:41
filter head,Filter Head,,Filters,filters,EA,,2026-07-12 10:48:41
hand brake cable repair,Hand Brake Cable Repair,,Electrical,electrical,EA,,2026-07-12 10:48:41
brake drum front,Brake Drum Front,,General Items,general_items,EA,,2026-07-12 10:48:41
hy. hose repair,Hy. Hose Repair,,Hydraulics,hydraulics,EA,,2026-07-12 10:48:41
air filter 1753h/a (?),Air Filter 1753H/A (?),,Filters,filters,EA,,2026-07-12 10:48:41
banjo washer,Banjo Washer,,General Items,general_items,EA,,2026-07-12 10:48:41
injector chamber washer,Injector Chamber Washer,,General Items,general_items,EA,,2026-07-12 10:48:41
fuel overflow washer,Fuel Overflow Washer,,General Items,general_items,EA,,2026-07-12 10:48:41
fuel rail c/o (?),Fuel Rail C/O (?),,General Items,general_items,EA,,2026-07-12 10:48:41
bolt & nut,Bolt & Nut,,General Items,general_items,EA,,2026-07-12 10:48:41
normal horn 12v,Normal Horn 12V,,Electrical,electrical,EA,,2026-07-12 10:48:41
reverse horn 12v,Reverse Horn 12V,,Electrical,electrical,EA,,2026-07-12 10:48:41
light switch,Light Switch,,Electrical,electrical,EA,,2026-07-12 10:48:41
axel / axle rear assy without pinion set,Axel / Axle Rear Assy Without Pinion Set,,General Items,general_items,EA,,2026-07-12 10:48:41
perspex sheet,Perspex Sheet,,General Items,general_items,EA,,2026-07-12 10:48:41
bottom roller,Bottom Roller,,General Items,general_items,EA,,2026-07-12 10:48:41
sprocket bolt,Sprocket Bolt,,General Items,general_items,EA,,2026-07-12 10:48:41
track link bush,Track Link Bush,,Bearings & Seals,bearings_seals,EA,,2026-07-12 10:48:41
sprocket repair,Sprocket Repair,,General Items,general_items,EA,,2026-07-12 10:48:41
idler wheel repair,Idler Wheel Repair,,Tyre,tyre,EA,,2026-07-12 10:48:41
track repair / bush turning,Track Repair / Bush Turning,,Bearings & Seals,bearings_seals,EA,,2026-07-12 10:48:41
fiber work,Fiber Work,,General Items,general_items,EA,,2026-07-12 10:48:41
power steering belt 1250,Power Steering Belt 1250,,Belts,belts,EA,,2026-07-12 10:48:41
clutch washer down set,Clutch Washer Down Set,,General Items,general_items,EA,,2026-07-12 10:48:41
clutch washer up set,Clutch Washer Up Set,,General Items,general_items,EA,,2026-07-12 10:48:41
silencer bush bolt,Silencer Bush Bolt,,Bearings & Seals,bearings_seals,EA,,2026-07-12 10:48:41
torsion bar side white (?),Torsion Bar Side White (?),,General Items,general_items,EA,,2026-07-12 10:48:41
silencer bush,Silencer Bush,,Bearings & Seals,bearings_seals,EA,,2026-07-12 10:48:41
brake pad set,Brake Pad Set,,General Items,general_items,EA,,2026-07-12 10:48:41
link bar bush,Link Bar Bush,,Bearings & Seals,bearings_seals,EA,,2026-07-12 10:48:41
wheel stud,Wheel Stud,,Tyre,tyre,EA,,2026-07-12 10:48:41
oil filter (c-5818),Oil Filter (C-5818),,Filters,filters,EA,,2026-07-12 10:48:41
fuel filter fc-1303 (?),Fuel Filter FC-1303 (?),,Filters,filters,EA,,2026-07-12 10:48:41
oil filter c-5010 (?),Oil Filter C-5010 (?),,Filters,filters,EA,,2026-07-12 10:48:41
injector,Injector,,General Items,general_items,EA,,2026-07-12 10:48:41
diesel tank hose,Diesel Tank Hose,,Hydraulics,hydraulics,EA,,2026-07-12 10:48:41
12w10 auto bulb (yellow),12W10 Auto Bulb (Yellow),,Electrical,electrical,EA,,2026-07-12 10:48:41
solinoid switch,Solinoid Switch,,Electrical,electrical,EA,,2026-07-12 10:48:41
electrical system repair,Electrical System repair,,General Items,general_items,EA,,2026-07-12 10:48:41
shock absorber,Shock Absorber,,General Items,general_items,EA,,2026-07-12 10:48:41
tie rod end,Tie Rod End,,General Items,general_items,EA,,2026-07-12 10:48:41
hub bearing,Hub Bearing,,Bearings & Seals,bearings_seals,EA,,2026-07-12 10:48:41
king pin set,King Pin set,,General Items,general_items,EA,,2026-07-12 10:48:41
sockabsober repair,Sockabsober repair,,General Items,general_items,EA,,2026-07-12 10:48:41
fuel filter 7007h20306,Fuel Filter 7007H20306,,Filters,filters,EA,,2026-07-12 10:48:41
fuel filter fd00190906 (?),Fuel Filter FD00190906 (?),,Filters,filters,EA,,2026-07-12 10:48:41
fuel filter fc-1803,Fuel Filter FC-1803,,Filters,filters,EA,,2026-07-12 10:48:41
oil filter 054 718130106 (?),Oil Filter 054 718130106 (?),,Filters,filters,EA,,2026-07-12 10:48:41
labour charges,Labour charges,,General Items,general_items,EA,,2026-07-12 10:48:41
fuel control unit,Fuel control unit,,General Items,general_items,EA,,2026-07-12 10:48:41
park relay,Park relay,,Electrical,electrical,EA,,2026-07-12 10:48:41
phase sensor,Phase sensor,,Electrical,electrical,EA,,2026-07-12 10:48:41
oil seal ap28641 (?),Oil Seal AP28641 (?),,Bearings & Seals,bearings_seals,EA,,2026-07-12 10:48:41
o ring,O Ring,,General Items,general_items,EA,,2026-07-12 10:48:41
fan belt 6430,Fan belt 6430,,Belts,belts,EA,,2026-07-12 10:48:41
flexible silancer,Flexible silancer,,General Items,general_items,EA,,2026-07-12 10:48:41
fuel filter fa000700500 (?),Fuel Filter FA000700500 (?),,Filters,filters,EA,,2026-07-12 10:48:41
oil filter wo-1180,Oil Filter WO-1180,,Filters,filters,EA,,2026-07-12 10:48:41
fuel filter 976607999467 (?),Fuel Filter 976607999467 (?),,Filters,filters,EA,,2026-07-12 10:48:41
fuel filter 976609119909 (?),Fuel Filter 976609119909 (?),,Filters,filters,EA,,2026-07-12 10:48:41
oil filter 253716130145 (?),Oil Filter 253716130145 (?),,Filters,filters,EA,,2026-07-12 10:48:41
oil filter no-1180 / wo-1180 (?),Oil Filter NO-1180 / WO-1180 (?),,Filters,filters,EA,,2026-07-12 10:48:41
fuel filter 666735,Fuel Filter 666735,,Filters,filters,EA,,2026-07-12 10:48:41
fuel filter 99923,Fuel Filter 99923,,Filters,filters,EA,,2026-07-12 10:48:41
oil filter xh41000 (?),Oil Filter XH41000 (?),,Filters,filters,EA,,2026-07-12 10:48:41
air filter a-1502,Air Filter A-1502,,Filters,filters,EA,,2026-07-12 10:48:41
fuel filter fc-1004 (?),Fuel Filter FC-1004 (?),,Filters,filters,EA,,2026-07-12 10:48:41
oil filter c-306,Oil Filter C-306,,Filters,filters,EA,,2026-07-12 10:48:41
fuel filter 33/925994,Fuel Filter 33/925994,,Filters,filters,EA,,2026-07-12 10:48:41
oil filter c-305,Oil Filter C-305,,Filters,filters,EA,,2026-07-12 10:48:41
oil filter c-216,Oil Filter C-216,,Filters,filters,EA,,2026-07-12 10:48:41
air filter a-1117,Air Filter A-1117,,Filters,filters,EA,,2026-07-12 10:48:41
fuel filter fc-1821,Fuel Filter FC-1821,,Filters,filters,EA,,2026-07-12 10:48:41
oil filter c-111,Oil Filter C-111,,Filters,filters,EA,,2026-07-12 10:48:41
fan belt b3430,Fan Belt B3430,,Belts,belts,EA,,2026-07-12 10:48:41
radiator pressure tank,Radiator Pressure Tank,,General Items,general_items,EA,,2026-07-12 10:48:41
sylancer mount,Sylancer Mount,,General Items,general_items,EA,,2026-07-12 10:48:41
bucket jack seal kit,Bucket jack seal kit,,Bearings & Seals,bearings_seals,EA,,2026-07-12 10:48:41
boom jack seal kit,Boom Jack seal Kit,,Bearings & Seals,bearings_seals,EA,,2026-07-12 10:48:41
hydrolic pump repair,Hydrolic Pump Repair,,General Items,general_items,EA,,2026-07-12 10:48:41
fuel rail (clean),Fuel Rail (Clean),,General Items,general_items,EA,,2026-07-12 10:48:41
tapen cover packing,Tapen cover packing,,General Items,general_items,EA,,2026-07-12 10:48:41
12v 150ah battery,12V 150Ah Battery,,Battery,battery,EA,,2026-07-12 10:48:41
12v 90ah battery,12V 90Ah battery,,Battery,battery,EA,,2026-07-12 10:48:41
diesel overfloor hose,Diesel Overfloor Hose,,Hydraulics,hydraulics,EA,,2026-07-12 10:48:41
steering switch,Steering Switch,,Electrical,electrical,EA,,2026-07-12 10:48:41
bucket bush,Bucket Bush,,Bearings & Seals,bearings_seals,EA,,2026-07-12 10:48:41
bucket coller bush,Bucket coller bush,,Bearings & Seals,bearings_seals,EA,,2026-07-12 10:48:41
air filter no.251/21d after,Air Filter No.251/21d After,,Filters,filters,EA,,2026-07-12 10:48:41
wood powder,wood powder,,General Items,general_items,EA,,2026-07-12 10:48:41
brake oil 500ml,Brake oil 500ml,,Oil & Lubricants,oil_lubricants,EA,,2026-07-12 10:48:41
water reserve tank,Water reserve tank,,General Items,general_items,EA,,2026-07-12 10:48:41
guide jack seal,Guide jack seal,,Bearings & Seals,bearings_seals,EA,,2026-07-12 10:48:41
allenkey 5/8,Allenkey 5/8,,General Items,general_items,EA,,2026-07-12 10:48:41
bonnet panel fiber work,Bonnet panel fiber work,,General Items,general_items,EA,,2026-07-12 10:48:41
compressor borng,Compressor borng,,General Items,general_items,EA,,2026-07-12 10:48:41
seat cushion works,Seat cushion works,,General Items,general_items,EA,,2026-07-12 10:48:41
trail lamp set,Trail lamp set,,Electrical,electrical,EA,,2026-07-12 10:48:41
fuel filter (sff-5486),Fuel Filter (SFF-5486),,Filters,filters,EA,,2026-07-12 10:48:41
air filter (pa-1057),Air Filter (PA-1057),,Filters,filters,EA,,2026-07-12 10:48:41
oil filter (c-7004),Oil Filter (C-7004),,Filters,filters,EA,,2026-07-12 10:48:41
trail light,Trail Light,,General Items,general_items,EA,,2026-07-12 10:48:41
320 sand paper,320 sand paper,,General Items,general_items,EA,,2026-07-12 10:48:41
catlay paste,catlay paste,,General Items,general_items,EA,,2026-07-12 10:48:41
silver paint,Silver paint,,General Items,general_items,EA,,2026-07-12 10:48:41
fuel filter  (tf-8136) (f0021120306),Fuel Filter  (TF-8136) (F0021120306),,Filters,filters,EA,,2026-07-12 10:48:41
fuel filter (fc-1001),Fuel Filter (FC-1001),,Filters,filters,EA,,2026-07-12 10:48:41
oil filter (th-93286) (252418130169),Oil Filter (TH-93286) (252418130169),,Filters,filters,EA,,2026-07-12 10:48:41
guide-jack seal,Guide-Jack Seal,,Bearings & Seals,bearings_seals,EA,,2026-07-12 10:48:41
sproket wheel,Sproket Wheel,,Tyre,tyre,EA,,2026-07-12 10:48:41
masking tape (1���),Masking Tape (1���),,General Items,general_items,EA,,2026-07-12 10:48:41
pad lock (2���),Pad Lock (2���),,General Items,general_items,EA,,2026-07-12 10:48:41
diesel tank cap,Diesel Tank Cap,,General Items,general_items,EA,,2026-07-12 10:48:41
solenoid (staler motor),Solenoid (Staler motor),,Electrical,electrical,EA,,2026-07-12 10:48:41
bracket,Bracket,,General Items,general_items,EA,,2026-07-12 10:48:41
starter motor clutch,Starter Motor Clutch,,Electrical,electrical,EA,,2026-07-12 10:48:41
fuel cut off switch 12v,Fuel Cut Off Switch 12V,,Electrical,electrical,EA,,2026-07-12 10:48:41
starta (12v),Starta (12V),,General Items,general_items,EA,,2026-07-12 10:48:41
inector repair,Inector repair,,General Items,general_items,EA,,2026-07-12 10:48:41
iddle wheed with bearing,Iddle wheed with Bearing,,Bearings & Seals,bearings_seals,EA,,2026-07-12 10:48:41
ac compressor roaring,AC Compressor Roaring,,General Items,general_items,EA,,2026-07-12 10:48:41
wheel idder (30606220buk),wheel Idder (30606220buk),,Tyre,tyre,EA,,2026-07-12 10:48:41
hy hose repair,Hy Hose Repair,,Hydraulics,hydraulics,EA,,2026-07-12 10:48:41
jack seal kit (boom),Jack Seal Kit (Boom),,Bearings & Seals,bearings_seals,EA,,2026-07-12 10:48:41
jack seal kit (arm),Jack seal Kit (Arm),,Bearings & Seals,bearings_seals,EA,,2026-07-12 10:48:41
light set (rear/r),Light Set (Rear/R),,General Items,general_items,EA,,2026-07-12 10:48:41
door lock in side handle,Door Lock in side Handle,,General Items,general_items,EA,,2026-07-12 10:48:41
out door handle (l),Out Door Handle (L),,General Items,general_items,EA,,2026-07-12 10:48:41
out door handle (r),Out Door Handle (R),,General Items,general_items,EA,,2026-07-12 10:48:41
"3, 2 reducer socket","3, 2 Reducer Socket",,General Items,general_items,EA,,2026-07-12 10:48:41
2 green hose,2 Green Hose,,Hydraulics,hydraulics,EA,,2026-07-12 10:48:41
3 foot valve,3 Foot Valve,,General Items,general_items,EA,,2026-07-12 10:48:41
3 valve socket,3 valve Socket,,General Items,general_items,EA,,2026-07-12 10:48:41
radiator fan cover repair,Radiator fan cover repair,,General Items,general_items,EA,,2026-07-12 10:48:41
alternator drive belt,Alternator Drive Belt,,Belts,belts,EA,,2026-07-12 10:48:41
hy/hose repair,Hy/Hose Repair,,Hydraulics,hydraulics,EA,,2026-07-12 10:48:41
mack foil,Mack Foil,,General Items,general_items,EA,,2026-07-12 10:48:41
sealastic,Sealastic,,General Items,general_items,EA,,2026-07-12 10:48:41
ac belt (a36),AC Belt (A36),,Belts,belts,EA,,2026-07-12 10:48:41
accelyator cable,Accelyator Cable,,Electrical,electrical,EA,,2026-07-12 10:48:41
fuel filter (cf-193),Fuel Filter (CF-193),,Filters,filters,EA,,2026-07-12 10:48:41
oil filter (c-111),Oil Filter (C-111),,Filters,filters,EA,,2026-07-12 10:48:41
fuel filter (279709119901),Fuel Filter (279709119901),,Filters,filters,EA,,2026-07-12 10:48:41
fuel filter (253409110117),Fuel Filter (253409110117),,Filters,filters,EA,,2026-07-12 10:48:41
oil filter (278916130104),Oil Filter (278916130104),,Filters,filters,EA,,2026-07-12 10:48:41
dash board repar (meter external repair),Dash board repar (meter External Repair),,General Items,general_items,EA,,2026-07-12 10:48:41
injector pump & injector,Injector Pump & Injector,,General Items,general_items,EA,,2026-07-12 10:48:41
electr fuel feed pump,Electr fuel feed pump,,General Items,general_items,EA,,2026-07-12 10:48:41
brake light switch,Brake light switch,,Electrical,electrical,EA,,2026-07-12 10:48:41
starter motor cluth brush,Starter Motor cluth brush,,Electrical,electrical,EA,,2026-07-12 10:48:41
brush hoceder with brush,Brush Hoceder with Brush,,General Items,general_items,EA,,2026-07-12 10:48:41
ball joint (up & down),Ball Joint (Up & Down),,General Items,general_items,EA,,2026-07-12 10:48:41
suspensor arm (for fixing bush & repair),Suspensor Arm (For Fixing Bush & Repair),,Bearings & Seals,bearings_seals,EA,,2026-07-12 10:48:41
radiator socket,Radiator Socket,,General Items,general_items,EA,,2026-07-12 10:48:41
reducer socket (90 x 75?),Reducer socket (90 x 75?),,General Items,general_items,EA,,2026-07-12 10:48:41
foot valve 3,Foot valve 3,,General Items,general_items,EA,,2026-07-12 10:48:41
bend 3,Bend 3,,General Items,general_items,EA,,2026-07-12 10:48:41
socket,Socket,,General Items,general_items,EA,,2026-07-12 10:48:41
socket 3,Socket 3,,General Items,general_items,EA,,2026-07-12 10:48:41
silicon gum,Silicon Gum,,General Items,general_items,EA,,2026-07-12 10:48:41
life buoy soap,Life Buoy Soap,,General Items,general_items,EA,,2026-07-12 10:48:41
"bearing (677b0806, 677b0805)","Bearing (677B0806, 677B0805)",,Bearings & Seals,bearings_seals,EA,,2026-07-12 10:48:41
cam oil seal,cam oil seal,,Bearings & Seals,bearings_seals,EA,,2026-07-12 10:48:41
timing adjuster wheel,timing adjuster wheel,,Tyre,tyre,EA,,2026-07-12 10:48:41
timining ideal wheel,timining ideal wheel,,Tyre,tyre,EA,,2026-07-12 10:48:41
injector pump service,injector pump service,,General Items,general_items,EA,,2026-07-12 10:48:41
fab belt,Fab belt,,Belts,belts,EA,,2026-07-12 10:48:41
pls pump stator,Pls pump stator,,General Items,general_items,EA,,2026-07-12 10:48:41
pls pump vanes (assy),Pls pump Vanes (Assy),,General Items,general_items,EA,,2026-07-12 10:48:41
pls pump o-ring,Pls Pump O-ring,,Bearings & Seals,bearings_seals,EA,,2026-07-12 10:48:41
power steering pump gasket,Power steering Pump gasket,,Bearings & Seals,bearings_seals,EA,,2026-07-12 10:48:41
speedometa coble,Speedometa coble,,General Items,general_items,EA,,2026-07-12 10:48:41
brake chamber (repair kit),Brake Chamber (repair kit),,General Items,general_items,EA,,2026-07-12 10:48:41
mull jark seal t,Mull jark seal t,,Bearings & Seals,bearings_seals,EA,,2026-07-12 10:48:41
jack seal rit (bucket),Jack Seal rit (bucket),,Bearings & Seals,bearings_seals,EA,,2026-07-12 10:48:41
jack sed (6000),Jack Sed (6000),,General Items,general_items,EA,,2026-07-12 10:48:41
fuel tank cup,Fuel Tank cup,,General Items,general_items,EA,,2026-07-12 10:48:41
hydratic level indicator,Hydratic Level Indicator,,General Items,general_items,EA,,2026-07-12 10:48:41
<120\cdot15$ hub seal,<120\cdot15$ Hub Seal,,Bearings & Seals,bearings_seals,EA,,2026-07-12 10:48:41
125-150-12 hub seal,125-150-12 Hub Seal,,Bearings & Seals,bearings_seals,EA,,2026-07-12 10:48:41
cup bearing 47115,Cup Bearing 47115,,Bearings & Seals,bearings_seals,EA,,2026-07-12 10:48:41
cup bearing 138181,Cup Bearing 138181,,Bearings & Seals,bearings_seals,EA,,2026-07-12 10:48:41
voltage indicator,Voltage Indicator,,General Items,general_items,EA,,2026-07-12 10:48:41
1/2 gi valve,1/2 GI Valve,,General Items,general_items,EA,,2026-07-12 10:48:41
fuel filter (1001caa1486nv ��� genuine),Fuel Filter (1001CAA1486NV ��� Genuine),,Filters,filters,EA,,2026-07-12 10:48:41
pilot bearing 6204,Pilot Bearing 6204,,Bearings & Seals,bearings_seals,EA,,2026-07-12 10:48:41
bearing (clutch release),Bearing (Clutch Release),,Bearings & Seals,bearings_seals,EA,,2026-07-12 10:48:41
bush 65*70*85,Bush 65*70*85,,Bearings & Seals,bearings_seals,EA,,2026-07-12 10:48:41
coller bush 65*70*80,Coller Bush 65*70*80,,Bearings & Seals,bearings_seals,EA,,2026-07-12 10:48:41
bucket bush 65*65*80,Bucket bush 65*65*80,,Bearings & Seals,bearings_seals,EA,,2026-07-12 10:48:41
lower arm / upper arm / tie rod end repair,Lower arm / Upper arm / Tie rod end repair,,General Items,general_items,EA,,2026-07-12 10:48:41
upper arm ball joint repair,Upper Arm Ball Joint Repair,,General Items,general_items,EA,,2026-07-12 10:48:41
lower arm ball joint (r),Lower Arm Ball Joint (R),,General Items,general_items,EA,,2026-07-12 10:48:41
shock absorber repair (f),Shock absorber repair (F),,General Items,general_items,EA,,2026-07-12 10:48:41
upper arm ball joint,Upper Arm Ball Joint,,General Items,general_items,EA,,2026-07-12 10:48:41
lower arm ball joint,Lower Arm Ball Joint,,General Items,general_items,EA,,2026-07-12 10:48:41
shock absorber repair,Shock Absorber Repair,,General Items,general_items,EA,,2026-07-12 10:48:41
adternator pully,Adternator Pully,,General Items,general_items,EA,,2026-07-12 10:48:41
bearing 6210,Bearing 6210,,Bearings & Seals,bearings_seals,EA,,2026-07-12 10:48:41
bearing 6208,Bearing 6208,,Bearings & Seals,bearings_seals,EA,,2026-07-12 10:48:41
bearing 6203,Bearing 6203,,Bearings & Seals,bearings_seals,EA,,2026-07-12 10:48:41
bearing 6201,Bearing 6201,,Bearings & Seals,bearings_seals,EA,,2026-07-12 10:48:41
bearing 6302,Bearing 6302,,Bearings & Seals,bearings_seals,EA,,2026-07-12 10:48:41
2 shatting,2 Shatting,,General Items,general_items,EA,,2026-07-12 10:48:41
door cover,Door cover,,General Items,general_items,EA,,2026-07-12 10:48:41
coner pannel,Coner pannel,,General Items,general_items,EA,,2026-07-12 10:48:41
buffer edge,Buffer edge,,General Items,general_items,EA,,2026-07-12 10:48:41
mudguard light,Mudguard light,,General Items,general_items,EA,,2026-07-12 10:48:41
signal light l,Signal light L,,General Items,general_items,EA,,2026-07-12 10:48:41
signal light r,Signal light R,,General Items,general_items,EA,,2026-07-12 10:48:41
bearing 6202,Bearing 6202,,Bearings & Seals,bearings_seals,EA,,2026-07-12 10:48:41
4wd solenoid (12v),4WD Solenoid (12V),,Electrical,electrical,EA,,2026-07-12 10:48:41
fuel tank pump assy,Fuel Tank Pump Assy,,General Items,general_items,EA,,2026-07-12 10:48:41
hydraulic filter,Hydraulic Filter,,Filters,filters,EA,,2026-07-12 10:48:41
fuel filter (f-193),Fuel Filter (F-193),,Filters,filters,EA,,2026-07-12 10:48:42
fuel filter (f-1303),Fuel Filter (F-1303),,Filters,filters,EA,,2026-07-12 10:48:42
oil filter (o-1301),Oil Filter (O-1301),,Filters,filters,EA,,2026-07-12 10:48:42
oil filter (c-1525),Oil Filter (C-1525),,Filters,filters,EA,,2026-07-12 10:48:42
oil filter (c-1533),Oil Filter (C-1533),,Filters,filters,EA,,2026-07-12 10:48:42
scan,Scan,,General Items,general_items,EA,,2026-07-12 10:48:42
battery terminal (butterfly),Battery Terminal (Butterfly),,Battery,battery,EA,,2026-07-12 10:48:42
battery terminal (normal),Battery Terminal (Normal),,Battery,battery,EA,,2026-07-12 10:48:42
brake oil (250ml),Brake Oil (250ml),,Oil & Lubricants,oil_lubricants,EA,,2026-07-12 10:48:42
sealastic tube,Sealastic Tube,,Tyre,tyre,EA,,2026-07-12 10:48:42
primer paint,Primer Paint,,General Items,general_items,EA,,2026-07-12 10:48:42
10kg table balance,10kg table balance,,General Items,general_items,EA,,2026-07-12 10:48:42
track link,Track Link,,General Items,general_items,EA,,2026-07-12 10:48:42
sprockel,Sprockel,,General Items,general_items,EA,,2026-07-12 10:48:42
top roller,Top Roller,,General Items,general_items,EA,,2026-07-12 10:48:42
track repair,Track Repair,,General Items,general_items,EA,,2026-07-12 10:48:42
washer,Washer,,General Items,general_items,EA,,2026-07-12 10:48:42
hond primer pump,Hond primer pump,,General Items,general_items,EA,,2026-07-12 10:48:42
clutch bearing,Clutch Bearing,,Bearings & Seals,bearings_seals,EA,,2026-07-12 10:48:42
fan cover,fan cover,,General Items,general_items,EA,,2026-07-12 10:48:42
cylinder head bolt,cylinder head bolt,,Hydraulics,hydraulics,EA,,2026-07-12 10:48:42
servo bearing,Servo bearing,,Bearings & Seals,bearings_seals,EA,,2026-07-12 10:48:42
temparature sensor,Temparature sensor,,Electrical,electrical,EA,,2026-07-12 10:48:42
compressor air gun,Compressor air gun,,General Items,general_items,EA,,2026-07-12 10:48:42
bronze part,Bronze part,,General Items,general_items,EA,,2026-07-12 10:48:42
gudgen pin bush,gudgen pin bush,,Bearings & Seals,bearings_seals,EA,,2026-07-12 10:48:42
valve seal,Valve Seal,,Bearings & Seals,bearings_seals,EA,,2026-07-12 10:48:42
valve guide set,Valve Guide Set,,General Items,general_items,EA,,2026-07-12 10:48:42
valve,valve,,General Items,general_items,EA,,2026-07-12 10:48:42
com bush set,com bush set,,Bearings & Seals,bearings_seals,EA,,2026-07-12 10:48:42
cylinder sleeve,Cylinder sleeve,,Hydraulics,hydraulics,EA,,2026-07-12 10:48:42
trust bearing set 0.25,Trust Bearing Set 0.25,,Bearings & Seals,bearings_seals,EA,,2026-07-12 10:48:42
bigend bearing set 0.75,Bigend bearing set 0.75,,Bearings & Seals,bearings_seals,EA,,2026-07-12 10:48:42
main bearing set 0.75,Main Bearing set 0.75,,Bearings & Seals,bearings_seals,EA,,2026-07-12 10:48:42
copper washer,Copper washer,,General Items,general_items,EA,,2026-07-12 10:48:42
key and key way cutting,Key and Key way cutting,,General Items,general_items,EA,,2026-07-12 10:48:42
gtand packing,Gtand Packing,,General Items,general_items,EA,,2026-07-12 10:48:42
beaing,Beaing,,General Items,general_items,EA,,2026-07-12 10:48:42
fuel feed pump assy,Fuel Feed pump assy,,General Items,general_items,EA,,2026-07-12 10:48:42
fuel filter f193,Fuel filter F193,,Filters,filters,EA,,2026-07-12 10:48:42
hub grease (18kg bucket),Hub Grease (18kg Bucket),,Oil & Lubricants,oil_lubricants,EA,,2026-07-12 10:48:42
air filter (f002h60005),Air Filter (F002H60005),,Filters,filters,EA,,2026-07-12 10:48:42
fuel filter (9-51037-407-0),Fuel Filter (9-51037-407-0),,Filters,filters,EA,,2026-07-12 10:48:42
oil filter (253-110-020c),Oil Filter (253-110-020C),,Filters,filters,EA,,2026-07-12 10:48:42
fuel filter (1035193),Fuel Filter (1035193),,Filters,filters,EA,,2026-07-12 10:48:42
spring leaf repair charges,Spring Leaf Repair Charges,,General Items,general_items,EA,,2026-07-12 10:48:42
bronze rods,Bronze Rods,,General Items,general_items,EA,,2026-07-12 10:48:42
axel shaft,Axel shaft,,General Items,general_items,EA,,2026-07-12 10:48:42
axel tube,Axel tube,,Tyre,tyre,EA,,2026-07-12 10:48:42
stockshober repair,Stockshober Repair,,General Items,general_items,EA,,2026-07-12 10:48:42
shockabsober bush,Shockabsober bush,,Bearings & Seals,bearings_seals,EA,,2026-07-12 10:48:42
front shock absorber,Front Shock absorber,,General Items,general_items,EA,,2026-07-12 10:48:42
power steering pump,Power steering pump,,General Items,general_items,EA,,2026-07-12 10:48:42
cylinur,Cylinur,,General Items,general_items,EA,,2026-07-12 10:48:42
power steering jack seal,Power Steering jack seal,,Bearings & Seals,bearings_seals,EA,,2026-07-12 10:48:42
new water pump engine,New water pump Engine,,General Items,general_items,EA,,2026-07-12 10:48:42
re place armature,Re place Armature,,General Items,general_items,EA,,2026-07-12 10:48:42
ac adjuster bearing,ac adjuster bearing,,Bearings & Seals,bearings_seals,EA,,2026-07-12 10:48:42
slip ring and bearing replace,slip ring and bearing replace,,Bearings & Seals,bearings_seals,EA,,2026-07-12 10:48:42
hone,hone,,General Items,general_items,EA,,2026-07-12 10:48:42
gear leaver ball joint,Gear leaver ball joint,,General Items,general_items,EA,,2026-07-12 10:48:42
tata gear leaver cross set,Tata gear leaver cross set,,General Items,general_items,EA,,2026-07-12 10:48:42
6mm air hose,6mm air hose,,Hydraulics,hydraulics,EA,,2026-07-12 10:48:42
fog light 12v,Fog light 12v,,General Items,general_items,EA,,2026-07-12 10:48:42
air hose union,Air hose union,,Hydraulics,hydraulics,EA,,2026-07-12 10:48:42
air cleaner hose,Air cleaner hose,,Hydraulics,hydraulics,EA,,2026-07-12 10:48:42
6m air hose (1���),6m Air Hose (1���),,Hydraulics,hydraulics,EA,,2026-07-12 10:48:42
wire roll (9/0.30),Wire Roll (9/0.30),,Electrical,electrical,EA,,2026-07-12 10:48:42
wire roll (1.0/1.5),Wire Roll (1.0/1.5),,Electrical,electrical,EA,,2026-07-12 10:48:42
battery terminal (+/-),Battery Terminal (+/-),,Battery,battery,EA,,2026-07-12 10:48:42
10mm air sockets set,10mm Air Sockets Set,,General Items,general_items,EA,,2026-07-12 10:48:42
starter motor solenoid,Starter motor solenoid,,Electrical,electrical,EA,,2026-07-12 10:48:42
feed pump,Feed Pump,,General Items,general_items,EA,,2026-07-12 10:48:42
injector pump with nozzel cleaning,injector pump with nozzel cleaning,,General Items,general_items,EA,,2026-07-12 10:48:42
(felt seal & rubber seal),(Felt seal & Rubber seal),,Bearings & Seals,bearings_seals,EA,,2026-07-12 10:48:42
oil pump,Oil pump,,Oil & Lubricants,oil_lubricants,EA,,2026-07-12 10:48:42
e/oil pump,E/oil pump,,Oil & Lubricants,oil_lubricants,EA,,2026-07-12 10:48:42
diesel flexible kit,diesel flexible kit,,General Items,general_items,EA,,2026-07-12 10:48:42
gasket overhall kit,Gasket overhall kit,,Bearings & Seals,bearings_seals,EA,,2026-07-12 10:48:42
pressure plate,Pressure plate,,General Items,general_items,EA,,2026-07-12 10:48:42
vaccume compressor piston ring,Vaccume compressor piston ring,,General Items,general_items,EA,,2026-07-12 10:48:42
gear leaver bracket set,gear leaver bracket set,,General Items,general_items,EA,,2026-07-12 10:48:42
bronze hollow shaft,Bronze hollow shaft,,General Items,general_items,EA,,2026-07-12 10:48:42
injector overflow hose,Injector overflow Hose,,Hydraulics,hydraulics,EA,,2026-07-12 10:48:42
radiator cup,Radiator Cup,,General Items,general_items,EA,,2026-07-12 10:48:42
valve oil seal set,Valve Oil Seal Set,,Bearings & Seals,bearings_seals,EA,,2026-07-12 10:48:42
gasket,Gasket,,Bearings & Seals,bearings_seals,EA,,2026-07-12 10:48:42
engine head repair gasket,Engine Head Repair Gasket,,Bearings & Seals,bearings_seals,EA,,2026-07-12 10:48:42
engine head repair,Engine Head repair,,General Items,general_items,EA,,2026-07-12 10:48:42
rammer shoe,Rammer shoe,,General Items,general_items,EA,,2026-07-12 10:48:42
plug,plug,,Electrical,electrical,EA,,2026-07-12 10:48:42
boot,Boot,,General Items,general_items,EA,,2026-07-12 10:48:42
shoe,shoe,,General Items,general_items,EA,,2026-07-12 10:48:42
air cleaner,Air cleaner,,General Items,general_items,EA,,2026-07-12 10:48:42
carbulator,Carbulator,,General Items,general_items,EA,,2026-07-12 10:48:42
jack shaft,Jack Shaft,,General Items,general_items,EA,,2026-07-12 10:48:42
stop switch,stop switch,,Electrical,electrical,EA,,2026-07-12 10:48:42
rewind stater kit,Rewind stater kit,,General Items,general_items,EA,,2026-07-12 10:48:42
carbalator,carbalator,,General Items,general_items,EA,,2026-07-12 10:48:42
rewind starter kit,Rewind starter kit,,Electrical,electrical,EA,,2026-07-12 10:48:42
the rod and,The Rod and,,General Items,general_items,EA,,2026-07-12 10:48:42
lower ball joint,Lower Ball joint,,General Items,general_items,EA,,2026-07-12 10:48:42
lower arm bash,Lower Arm Bash,,General Items,general_items,EA,,2026-07-12 10:48:42
upper arm bash,Upper Arm Bash,,General Items,general_items,EA,,2026-07-12 10:48:42
oil filter (f003a600),Oil Filter (F003A600),,Filters,filters,EA,,2026-07-12 10:48:42
cam shaft oil seal,Cam Shaft oil seal,,Bearings & Seals,bearings_seals,EA,,2026-07-12 10:48:42
t belt adjuster,T belt Adjuster,,Belts,belts,EA,,2026-07-12 10:48:42
d bush mounting bush,D bush mounting bush,,Bearings & Seals,bearings_seals,EA,,2026-07-12 10:48:42
gww plug,GWW plug,,Electrical,electrical,EA,,2026-07-12 10:48:42
caliper boot large,Caliper Boot large,,General Items,general_items,EA,,2026-07-12 10:48:42
caliper boot small,Caliper Boot Small,,General Items,general_items,EA,,2026-07-12 10:48:42
fuel filter (fc-226),Fuel Filter (FC-226),,Filters,filters,EA,,2026-07-12 10:48:42
s/s hose,S/S Hose,,Hydraulics,hydraulics,EA,,2026-07-12 10:48:42
c-512 oil filter,C-512 Oil Filter,,Filters,filters,EA,,2026-07-12 10:48:42
brake liner repair,Brake liner repair,,General Items,general_items,EA,,2026-07-12 10:48:42
d bush mounting bolt bush,D Bush Mounting Bolt Bush,,Bearings & Seals,bearings_seals,EA,,2026-07-12 10:48:42
glow plugs,Glow plugs,,General Items,general_items,EA,,2026-07-12 10:48:42
brake shoue relasing,Brake Shoue Relasing,,General Items,general_items,EA,,2026-07-12 10:48:42
d bush,D Bush,,Bearings & Seals,bearings_seals,EA,,2026-07-12 10:48:42
link end bush with bolt,Link End Bush with Bolt,,Bearings & Seals,bearings_seals,EA,,2026-07-12 10:48:42
caliper boot,Caliper Boot,,General Items,general_items,EA,,2026-07-12 10:48:42
heater switch,Heater Switch,,Electrical,electrical,EA,,2026-07-12 10:48:42
multi bond,Multi Bond,,General Items,general_items,EA,,2026-07-12 10:48:42
air filter (a-5403),Air Filter (A-5403),,Filters,filters,EA,,2026-07-12 10:48:42
fuel filter (f-199),Fuel Filter (F-199),,Filters,filters,EA,,2026-07-12 10:48:42
air filter (a-5904 / a-1508 sakura),Air Filter (A-5904 / A-1508 Sakura),,Filters,filters,EA,,2026-07-12 10:48:42
fuel filter (cc-1001),Fuel Filter (CC-1001),,Filters,filters,EA,,2026-07-12 10:48:42
oil filter (c-512),Oil Filter (C-512),,Filters,filters,EA,,2026-07-12 10:48:42
wheel bearing outer,Wheel Bearing outer,,Bearings & Seals,bearings_seals,EA,,2026-07-12 10:48:42
whell bearing inner,Whell Bearing inner,,Bearings & Seals,bearings_seals,EA,,2026-07-12 10:48:42
shockabsober repair,Shockabsober repair,,General Items,general_items,EA,,2026-07-12 10:48:42
lower arm ball joint (lh & rh),Lower arm ball joint (LH & RH),,General Items,general_items,EA,,2026-07-12 10:48:42
link end steering,Link End Steering,,General Items,general_items,EA,,2026-07-12 10:48:42
lower arm bush,Lower Arm Bush,,Bearings & Seals,bearings_seals,EA,,2026-07-12 10:48:42
inter lock,Inter Lock,,General Items,general_items,EA,,2026-07-12 10:48:42
dual door handle,Dual Door Handle,,General Items,general_items,EA,,2026-07-12 10:48:42
travelling solanoid 12v,Travelling Solanoid 12v,,General Items,general_items,EA,,2026-07-12 10:48:42
hydraulic hose repair,Hydraulic Hose Repair,,Hydraulics,hydraulics,EA,,2026-07-12 10:48:42
hose clip (8-12),Hose Clip (8-12),,Hydraulics,hydraulics,EA,,2026-07-12 10:48:42
air hose joint,Air Hose Joint,,Hydraulics,hydraulics,EA,,2026-07-12 10:48:42
6f4718 seal o ring,6F4718 seal o ring,,Bearings & Seals,bearings_seals,EA,,2026-07-12 10:48:42
compressor valve,Compressor Valve,,General Items,general_items,EA,,2026-07-12 10:48:42
safety switch,Safety Switch,,Electrical,electrical,EA,,2026-07-12 10:48:42
ignition switch,Ignition Switch,,Electrical,electrical,EA,,2026-07-12 10:48:42
vaccume pressure gauge,Vaccume Pressure Gauge,,General Items,general_items,EA,,2026-07-12 10:48:42
alternator bush,Alternator Bush,,Bearings & Seals,bearings_seals,EA,,2026-07-12 10:48:42
stop solanoid,Stop Solanoid,,General Items,general_items,EA,,2026-07-12 10:48:42
led bulb 15w,LED Bulb 15W,,Electrical,electrical,EA,,2026-07-12 10:48:42
holder,Holder,,General Items,general_items,EA,,2026-07-12 10:48:42
13a plug base,13A Plug Base,,Electrical,electrical,EA,,2026-07-12 10:48:42
switch box,Switch Box,,Electrical,electrical,EA,,2026-07-12 10:48:42
13a plug top,13A Plug Top,,Electrical,electrical,EA,,2026-07-12 10:48:42
wire casing (1/4),Wire Casing (1/4),,Electrical,electrical,EA,,2026-07-12 10:48:42
wire casing (1/2),Wire Casing (1/2),,Electrical,electrical,EA,,2026-07-12 10:48:42
wire casing (3/4),Wire Casing (3/4),,Electrical,electrical,EA,,2026-07-12 10:48:42
2g switch,2G Switch,,Electrical,electrical,EA,,2026-07-12 10:48:42
led 15w bulb,LED 15W Bulb,,Electrical,electrical,EA,,2026-07-12 10:48:42
hose clip (8���12),Hose Clip (8���12),,Hydraulics,hydraulics,EA,,2026-07-12 10:48:42
hose clip (20���32),Hose Clip (20���32),,Hydraulics,hydraulics,EA,,2026-07-12 10:48:42
hose clip (10���20),Hose Clip (10���20),,Hydraulics,hydraulics,EA,,2026-07-12 10:48:42
hose clip (10���25),Hose Clip (10���25),,Hydraulics,hydraulics,EA,,2026-07-12 10:48:42
hose clip (various sizes),Hose Clip (Various Sizes),,Hydraulics,hydraulics,EA,,2026-07-12 10:48:42
kerosene oil,Kerosene Oil,,Oil & Lubricants,oil_lubricants,EA,,2026-07-12 10:48:42
mask with glass,Mask with glass,,General Items,general_items,EA,,2026-07-12 10:48:42
banjo washer (aluminium),Banjo Washer (Aluminium),,General Items,general_items,EA,,2026-07-12 10:48:42
banjo washer (copper 12mm / 10mm mix),Banjo Washer (Copper 12mm / 10mm mix),,General Items,general_items,EA,,2026-07-12 10:48:42
drill bit (12.5mm),Drill Bit (12.5mm),,General Items,general_items,EA,,2026-07-12 10:48:42
drill bit (12mm),Drill Bit (12mm),,General Items,general_items,EA,,2026-07-12 10:48:42
drill bit (11mm),Drill Bit (11mm),,General Items,general_items,EA,,2026-07-12 10:48:42
nylon rod (1���),Nylon Rod (1���),,General Items,general_items,EA,,2026-07-12 10:48:42
nylon rod (5/8���),Nylon Rod (5/8���),,General Items,general_items,EA,,2026-07-12 10:48:42
hydraulic filter (6666149),Hydraulic Filter (6666149),,Filters,filters,EA,,2026-07-12 10:48:42
air filter (js-3036a),Air Filter (JS-3036A),,Filters,filters,EA,,2026-07-12 10:48:42
fuel filter (6667352),Fuel Filter (6667352),,Filters,filters,EA,,2026-07-12 10:48:42
oil filter (c-219 / th-93g),Oil Filter (C-219 / TH-93G),,Filters,filters,EA,,2026-07-12 10:48:42
electrical repair (horne repair),Electrical Repair (horne Repair),,Electrical,electrical,EA,,2026-07-12 10:48:42
hand brake repair,Hand brake repair,,General Items,general_items,EA,,2026-07-12 10:48:42
spring leafe repair (for spares),Spring Leafe Repair (For Spares),,General Items,general_items,EA,,2026-07-12 10:48:42
gi pipe 50*2859,GI Pipe 50*2859,,General Items,general_items,EA,,2026-07-12 10:48:42
ignition switch (key cutting),Ignition Switch (Key Cutting),,Electrical,electrical,EA,,2026-07-12 10:48:42
radiator hose (steel),Radiator Hose (steel),,Hydraulics,hydraulics,EA,,2026-07-12 10:48:42
shock ab shobor repair,Shock AB shobor Repair,,General Items,general_items,EA,,2026-07-12 10:48:42
wiper blade with arm,Wiper Blade with Arm,,General Items,general_items,EA,,2026-07-12 10:48:42
radiator hose (l) steel,Radiator Hose (L) Steel,,Hydraulics,hydraulics,EA,,2026-07-12 10:48:42
shock absorber bush,Shock absorber bush,,Bearings & Seals,bearings_seals,EA,,2026-07-12 10:48:42
calipers boot set,Calipers boot set,,General Items,general_items,EA,,2026-07-12 10:48:42
balance bar bush (d-bush),Balance bar bush (D-bush),,Bearings & Seals,bearings_seals,EA,,2026-07-12 10:48:42
sm 6509 seal,SM 6509 Seal,,Bearings & Seals,bearings_seals,EA,,2026-07-12 10:48:42
3k 2876 seal,3K 2876 Seal,,Bearings & Seals,bearings_seals,EA,,2026-07-12 10:48:42
armature (24v),Armature (24V),,General Items,general_items,EA,,2026-07-12 10:48:42
brake loud sensing valve,Brake loud sensing Valve,,General Items,general_items,EA,,2026-07-12 10:48:42
speedo meter cable,Speedo meter cable,,Electrical,electrical,EA,,2026-07-12 10:48:42
trail light set,Trail Light Set,,General Items,general_items,EA,,2026-07-12 10:48:42
g.i measuring can (���l),G.I Measuring Can (���L),,General Items,general_items,EA,,2026-07-12 10:48:42
g.i measuring can (1l),G.I Measuring Can (1L),,General Items,general_items,EA,,2026-07-12 10:48:42
g.i measuring can (2l),G.I Measuring Can (2L),,General Items,general_items,EA,,2026-07-12 10:48:42
g.i measuring can (5l),G.I Measuring Can (5L),,General Items,general_items,EA,,2026-07-12 10:48:42
g.i measuring can (10l),G.I Measuring Can (10L),,General Items,general_items,EA,,2026-07-12 10:48:42
spool solenoid,Spool Solenoid,,Electrical,electrical,EA,,2026-07-12 10:48:42
wire socket (large),Wire Socket (Large),,Electrical,electrical,EA,,2026-07-12 10:48:42
wire socket (small),Wire Socket (Small),,Electrical,electrical,EA,,2026-07-12 10:48:42
oil filter o-1016,Oil Filter O-1016,,Filters,filters,EA,,2026-07-12 10:48:42
diesel filter f-1303,Diesel Filter F-1303,,Filters,filters,EA,,2026-07-12 10:48:42
fuel filter (cf-1303),Fuel Filter (CF-1303),,Filters,filters,EA,,2026-07-12 10:48:42
oil filter (mo-1013),Oil Filter (MO-1013),,Filters,filters,EA,,2026-07-12 10:48:42
cosmic soda,Cosmic Soda,,General Items,general_items,EA,,2026-07-12 10:48:42
aerialite,Aerialite,,General Items,general_items,EA,,2026-07-12 10:48:42
tipping jack seal,Tipping jack seal,,Bearings & Seals,bearings_seals,EA,,2026-07-12 10:48:42
diode plate,Diode Plate,,General Items,general_items,EA,,2026-07-12 10:48:42
hose clip (60-80),Hose Clip (60-80),,Hydraulics,hydraulics,EA,,2026-07-12 10:48:42
breather hose,Breather hose,,Hydraulics,hydraulics,EA,,2026-07-12 10:48:42
air tank union,Air Tank Union,,General Items,general_items,EA,,2026-07-12 10:48:42
h7 bulb,H7 Bulb,,Electrical,electrical,EA,,2026-07-12 10:48:42
balcon level repair,Balcon Level repair,,General Items,general_items,EA,,2026-07-12 10:48:42
balcon valve r/kit,Balcon valve R/Kit,,General Items,general_items,EA,,2026-07-12 10:48:42
eex mid axel modulator,EEX Mid Axel modulator,,General Items,general_items,EA,,2026-07-12 10:48:42
spring blade repair,Spring Blade Repair,,General Items,general_items,EA,,2026-07-12 10:48:42
301 black paint,301 Black Paint,,General Items,general_items,EA,,2026-07-12 10:48:42
3020 sand paper,3020 Sand Paper,,General Items,general_items,EA,,2026-07-12 10:48:42
thinet,Thinet,,General Items,general_items,EA,,2026-07-12 10:48:42
lacker (clear),Lacker (Clear),,General Items,general_items,EA,,2026-07-12 10:48:42
fuel filter (fc-321),Fuel Filter (FC-321),,Filters,filters,EA,,2026-07-12 10:48:42
oil filter (c-306),Oil Filter (C-306),,Filters,filters,EA,,2026-07-12 10:48:42
hydraulic filter (6661248),Hydraulic Filter (6661248),,Filters,filters,EA,,2026-07-12 10:48:42
air filter (js-3038),Air Filter (JS-3038),,Filters,filters,EA,,2026-07-12 10:48:42
oil filter (c-502),Oil Filter (C-502),,Filters,filters,EA,,2026-07-12 10:48:42
air filter (a-7002),Air Filter (A-7002),,Filters,filters,EA,,2026-07-12 10:48:42
fuel filter (fc-707a),Fuel Filter (FC-707A),,Filters,filters,EA,,2026-07-12 10:48:42
fuel filter (r-90p),Fuel Filter (R-90P),,Filters,filters,EA,,2026-07-12 10:48:42
fuel filter (f-513),Fuel Filter (F-513),,Filters,filters,EA,,2026-07-12 10:48:42
oil filter (c-526),Oil Filter (C-526),,Filters,filters,EA,,2026-07-12 10:48:42
covering plate (plug),Covering Plate (Plug),,Electrical,electrical,EA,,2026-07-12 10:48:42
engnition switch,Engnition Switch,,Electrical,electrical,EA,,2026-07-12 10:48:42
epoxy gun,Epoxy Gun,,General Items,general_items,EA,,2026-07-12 10:48:42
rubber bush,Rubber Bush,,Bearings & Seals,bearings_seals,EA,,2026-07-12 10:48:42
seal shock absorber bush,Seal Shock Absorber Bush,,Bearings & Seals,bearings_seals,EA,,2026-07-12 10:48:42
brake pad lock set,Brake pad Lock set,,General Items,general_items,EA,,2026-07-12 10:48:42
gear lever ball joint,Gear lever ball joint,,General Items,general_items,EA,,2026-07-12 10:48:42
gas steel nut,Gas Steel Nut,,General Items,general_items,EA,,2026-07-12 10:48:42
sand paper 400,Sand Paper 400,,General Items,general_items,EA,,2026-07-12 10:48:42
sand paper 150,Sand Paper 150,,General Items,general_items,EA,,2026-07-12 10:48:42
sand paper 320,Sand Paper 320,,General Items,general_items,EA,,2026-07-12 10:48:42
shellac,Shellac,,General Items,general_items,EA,,2026-07-12 10:48:42
sealastic 999,Sealastic 999,,General Items,general_items,EA,,2026-07-12 10:48:42
cable tie (small),Cable Tie (Small),,Electrical,electrical,EA,,2026-07-12 10:48:42
cable tie (large),Cable Tie (Large),,Electrical,electrical,EA,,2026-07-12 10:48:42
thread seal tape,Thread Seal Tape,,Bearings & Seals,bearings_seals,EA,,2026-07-12 10:48:42
looser arm limit mount,Looser Arm Limit mount,,General Items,general_items,EA,,2026-07-12 10:48:42
engin mount,Engin mount,,General Items,general_items,EA,,2026-07-12 10:48:42
lower control arm mount,Lower Control Arm Mount,,General Items,general_items,EA,,2026-07-12 10:48:42
fuel filter (fc-158),Fuel Filter (FC-158),,Filters,filters,EA,,2026-07-12 10:48:42
radiator tank,Radiator Tank,,General Items,general_items,EA,,2026-07-12 10:48:42
gasket overhaul kit,Gasket overhaul kit,,Bearings & Seals,bearings_seals,EA,,2026-07-12 10:48:42
engine head (front repair),Engine Head (Front Repair),,General Items,general_items,EA,,2026-07-12 10:48:42
clutch pump (upper),Clutch Pump (Upper),,General Items,general_items,EA,,2026-07-12 10:48:42
injector service washer,Injector Service washer,,General Items,general_items,EA,,2026-07-12 10:48:42
pressor plate,Pressor Plate,,General Items,general_items,EA,,2026-07-12 10:48:42
brake chamber r/kit,Brake chamber R/kit,,General Items,general_items,EA,,2026-07-12 10:48:42
12v relay (40a mini),12v Relay (40A mini),,Electrical,electrical,EA,,2026-07-12 10:48:42
12v / 5 pin relay,12V / 5 Pin Relay,,Electrical,electrical,EA,,2026-07-12 10:48:42
filter element kit,Filter Element Kit,,Filters,filters,EA,,2026-07-12 10:48:42
oil filter element,Oil Filter Element,,Filters,filters,EA,,2026-07-12 10:48:42
fuel filter (1001caa1486nv),Fuel Filter (1001CAA1486NV),,Filters,filters,EA,,2026-07-12 10:48:42
oil filter (th-93296 / f002h8439),Oil Filter (TH-93296 / F002H8439),,Filters,filters,EA,,2026-07-12 10:48:42
gasket full set,Gasket Full Set,,Bearings & Seals,bearings_seals,EA,,2026-07-12 10:48:42
gudgeon pin bush set,Gudgeon Pin bush Set,,Bearings & Seals,bearings_seals,EA,,2026-07-12 10:48:42
trust bearing set,Trust Bearing Set,,Bearings & Seals,bearings_seals,EA,,2026-07-12 10:48:42
began bearing set (0.25),Began Bearing Set (0.25),,Bearings & Seals,bearings_seals,EA,,2026-07-12 10:48:42
main bearing set (0.25),Main Bearing Set (0.25),,Bearings & Seals,bearings_seals,EA,,2026-07-12 10:48:42
liner set,Liner Set,,General Items,general_items,EA,,2026-07-12 10:48:42
piston set - a1ro cooling,Piston Set - A1RO cooling,,General Items,general_items,EA,,2026-07-12 10:48:42
fuel water separator (sfc-7939-30),Fuel Water Separator (SFC-7939-30),,General Items,general_items,EA,,2026-07-12 10:48:42
fuel filter (ef-5102),Fuel Filter (EF-5102),,Filters,filters,EA,,2026-07-12 10:48:42
oil filter (2654407),Oil Filter (2654407),,Filters,filters,EA,,2026-07-12 10:48:42
hty/hose repair,Hty/Hose Repair,,Hydraulics,hydraulics,EA,,2026-07-12 10:48:42
bracke washer dust boots,Bracke Washer Dust Boots,,General Items,general_items,EA,,2026-07-12 10:48:42
tipping jack seal kit,Tipping Jack Seal Kit,,Bearings & Seals,bearings_seals,EA,,2026-07-12 10:48:42
radiator (repair),Radiator (Repair),,General Items,general_items,EA,,2026-07-12 10:48:42
foglight (24v),Foglight (24V),,General Items,general_items,EA,,2026-07-12 10:48:42
liner lock set,Liner Lock Set,,General Items,general_items,EA,,2026-07-12 10:48:42
"brake cylinder set (piston, seal)","Brake cylinder set (Piston, Seal)",,Bearings & Seals,bearings_seals,EA,,2026-07-12 10:48:42
armature,Armature,,General Items,general_items,EA,,2026-07-12 10:48:42
armature 24v,Armature 24V,,General Items,general_items,EA,,2026-07-12 10:48:42
hyd filter (244602185),Hyd Filter (244602185),,Filters,filters,EA,,2026-07-12 10:48:42
hose chip,Hose Chip,,Hydraulics,hydraulics,EA,,2026-07-12 10:48:42
power steering hose,Power Steering Hose,,Hydraulics,hydraulics,EA,,2026-07-12 10:48:42
paint,Paint,,General Items,general_items,EA,,2026-07-12 10:48:42
thruster,Thruster,,General Items,general_items,EA,,2026-07-12 10:48:42
spring leaf repairs,Spring Leaf Repairs,,General Items,general_items,EA,,2026-07-12 10:48:42
unloading valve,Unloading Valve,,General Items,general_items,EA,,2026-07-12 10:48:42
seal (dust),Seal (Dust),,Bearings & Seals,bearings_seals,EA,,2026-07-12 10:48:42
fan belt (h pk-1290),Fan belt (H PK-1290),,Belts,belts,EA,,2026-07-12 10:48:42
belt adjuster (a21-8111200),Belt adjuster (A21-8111200),,Belts,belts,EA,,2026-07-12 10:48:42
belt adjector,Belt Adjector,,Belts,belts,EA,,2026-07-12 10:48:42
2s 4663 seal,2S 4663 Seal,,Bearings & Seals,bearings_seals,EA,,2026-07-12 10:48:42
2p 3597 rings,2P 3597 rings,,General Items,general_items,EA,,2026-07-12 10:48:42
h6227 seal,H6227 Seal,,Bearings & Seals,bearings_seals,EA,,2026-07-12 10:48:42
clutch pump repair kit,Clutch Pump Repair Kit,,General Items,general_items,EA,,2026-07-12 10:48:42
clutch booster,Clutch Booster,,General Items,general_items,EA,,2026-07-12 10:48:42
10pk-1440 fan belt,10pk-1440 Fan Belt,,Belts,belts,EA,,2026-07-12 10:48:42
gear boot bracket,Gear Boot Bracket,,General Items,general_items,EA,,2026-07-12 10:48:42
fibre (hood repair fiber),Fibre (Hood Repair Fiber),,General Items,general_items,EA,,2026-07-12 10:48:42
hub bolt (wheel nut),Hub Bolt (Wheel Nut),,Tyre,tyre,EA,,2026-07-12 10:48:42
hydraulic breather filter (ds102117),Hydraulic Breather Filter (DS102117),,Filters,filters,EA,,2026-07-12 10:48:42
air filter (278609129986),Air Filter (278609129986),,Filters,filters,EA,,2026-07-12 10:48:42
c 805 oil filter,C 805 Oil Filter,,Filters,filters,EA,,2026-07-12 10:48:42
oil filter (c-6051),Oil Filter (C-6051),,Filters,filters,EA,,2026-07-12 10:48:42
24v/5 pin relay,24V/5 Pin Relay,,Electrical,electrical,EA,,2026-07-12 10:48:42
engine stop cable,Engine Stop Cable,,Electrical,electrical,EA,,2026-07-12 10:48:42
air hose repair,Air Hose Repair,,Hydraulics,hydraulics,EA,,2026-07-12 10:48:42
brake oil 250ml,Brake oil 250ml,,Oil & Lubricants,oil_lubricants,EA,,2026-07-12 10:48:42
plastic funnel,Plastic Funnel,,General Items,general_items,EA,,2026-07-12 10:48:42
fuse 30a,Fuse 30A,,Electrical,electrical,EA,,2026-07-12 10:48:42
fuse 25a,Fuse 25A,,Electrical,electrical,EA,,2026-07-12 10:48:42
fuse 20a,Fuse 20A,,Electrical,electrical,EA,,2026-07-12 10:48:42
fuse 15a,Fuse 15A,,Electrical,electrical,EA,,2026-07-12 10:48:42
fuse 10a,Fuse 10A,,Electrical,electrical,EA,,2026-07-12 10:48:42
12v 21w bulb,12V 21W Bulb,,Electrical,electrical,EA,,2026-07-12 10:48:42
24v 100w bulb,24V 100W Bulb,,Electrical,electrical,EA,,2026-07-12 10:48:42
oil filter (0-959),Oil Filter (0-959),,Filters,filters,EA,,2026-07-12 10:48:42
oil filter (c-5614 mr),Oil Filter (C-5614 MR),,Filters,filters,EA,,2026-07-12 10:48:42
oil filter (c-5614 / js-2003),Oil Filter (C-5614 / JS-2003),,Filters,filters,EA,,2026-07-12 10:48:42
fuel filter (js-9700a),Fuel Filter (JS-9700A),,Filters,filters,EA,,2026-07-12 10:48:42
air filter (a-5505),Air Filter (A-5505),,Filters,filters,EA,,2026-07-12 10:48:42
oil filter (c-7962),Oil Filter (C-7962),,Filters,filters,EA,,2026-07-12 10:48:42
door lock handle,Door Lock Handle,,General Items,general_items,EA,,2026-07-12 10:48:42
door winder handle,Door Winder Handle,,General Items,general_items,EA,,2026-07-12 10:48:42
door lock handle (outer/inner),Door lock handle (Outer/Inner),,General Items,general_items,EA,,2026-07-12 10:48:42
door winder with roll,Door Winder with roll,,General Items,general_items,EA,,2026-07-12 10:48:42
calipar pin boot set,Calipar Pin Boot Set,,General Items,general_items,EA,,2026-07-12 10:48:42
calipar dust seal,Calipar dust Seal,,Bearings & Seals,bearings_seals,EA,,2026-07-12 10:48:42
calipar gear,Calipar Gear,,General Items,general_items,EA,,2026-07-12 10:48:42
piston,Piston,,General Items,general_items,EA,,2026-07-12 10:48:42
fuel feed pump repair (oil leak),Fuel Feed Pump repair (Oil leak),,Oil & Lubricants,oil_lubricants,EA,,2026-07-12 10:48:42
welding glass,Welding Glass,,General Items,general_items,EA,,2026-07-12 10:48:42
12v head light,12V Head Light,,Electrical,electrical,EA,,2026-07-12 10:48:42
mini fuse 25a,Mini Fuse 25A,,Electrical,electrical,EA,,2026-07-12 10:48:42
mini fuse 20a,Mini Fuse 20A,,Electrical,electrical,EA,,2026-07-12 10:48:42
mini fuse 15a,Mini Fuse 15A,,Electrical,electrical,EA,,2026-07-12 10:48:42
mini fuse 10a,Mini Fuse 10A,,Electrical,electrical,EA,,2026-07-12 10:48:42
mini fuse 5a,Mini Fuse 5A,,Electrical,electrical,EA,,2026-07-12 10:48:42
caliper pin dust boots,Caliper Pin Dust Boots,,General Items,general_items,EA,,2026-07-12 10:48:42
caliper seal,Caliper Seal,,Bearings & Seals,bearings_seals,EA,,2026-07-12 10:48:42
caliper piston,Caliper Piston,,General Items,general_items,EA,,2026-07-12 10:48:42
calipax pin drill boot,Calipax pin drill boot,,General Items,general_items,EA,,2026-07-12 10:48:42
calipax seal,Calipax Seal,,Bearings & Seals,bearings_seals,EA,,2026-07-12 10:48:42
calipax duston,Calipax Duston,,General Items,general_items,EA,,2026-07-12 10:48:42
head lamp bracket,Head lamp bracket,,Electrical,electrical,EA,,2026-07-12 10:48:42
accelerator cable,Accelerator Cable,,Electrical,electrical,EA,,2026-07-12 10:48:42
tail light lense,Tail light Lense,,Electrical,electrical,EA,,2026-07-12 10:48:42
head lamp,Head Lamp,,Electrical,electrical,EA,,2026-07-12 10:48:42
center bearing,Center bearing,,Bearings & Seals,bearings_seals,EA,,2026-07-12 10:48:42
sliding fork (sleeve assy),Sliding Fork (Sleeve Assy),,General Items,general_items,EA,,2026-07-12 10:48:42
sliding sleeve ossay (proof shaft),Sliding Sleeve Ossay (Proof Shaft),,General Items,general_items,EA,,2026-07-12 10:48:42
pinion oil seal,Pinion Oil Seal,,Bearings & Seals,bearings_seals,EA,,2026-07-12 10:48:42
great oil seal (front),Great Oil Seal (Front),,Bearings & Seals,bearings_seals,EA,,2026-07-12 10:48:42
air filter (fl-2105),Air Filter (FL-2105),,Filters,filters,EA,,2026-07-12 10:48:42
fuel filter (1001 caa1468v mr),Fuel Filter (1001 CAA1468V MR),,Filters,filters,EA,,2026-07-12 10:48:42
oil filter (fc-322),Oil Filter (FC-322),,Filters,filters,EA,,2026-07-12 10:48:42
air filter (f002h160012),Air Filter (F002H160012),,Filters,filters,EA,,2026-07-12 10:48:42
fuel filter (1001caa1488nv),Fuel Filter (1001CAA1488NV),,Filters,filters,EA,,2026-07-12 10:48:42
oil filter (mvo30bn005n),Oil Filter (MVO30BN005N),,Filters,filters,EA,,2026-07-12 10:48:42
fuel filter (mf 056670 mr),Fuel Filter (MF 056670 MR),,Filters,filters,EA,,2026-07-12 10:48:42
fuel filter (me 056670),Fuel Filter (ME 056670),,Filters,filters,EA,,2026-07-12 10:48:42
oil filter (c-359 uc),Oil Filter (C-359 UC),,Filters,filters,EA,,2026-07-12 10:48:42
fuel filter (fa000 m00/500),Fuel Filter (FA000 m00/500),,Filters,filters,EA,,2026-07-12 10:48:42
oil filter (554013 c),Oil Filter (554013 C),,Filters,filters,EA,,2026-07-12 10:48:42
fuel filter (fhn400/500),Fuel Filter (FHN400/500),,Filters,filters,EA,,2026-07-12 10:48:42
oil filter (ssa013c),Oil Filter (SSA013C),,Filters,filters,EA,,2026-07-12 10:48:42
fuel filter (sff 3560),Fuel Filter (SFF 3560),,Filters,filters,EA,,2026-07-12 10:48:42
oil filter (c-206 mr),Oil Filter (C-206 MR),,Filters,filters,EA,,2026-07-12 10:48:42
fuel filter (126-630-5700),Fuel Filter (126-630-5700),,Filters,filters,EA,,2026-07-12 10:48:42
key switch,Key Switch,,Electrical,electrical,EA,,2026-07-12 10:48:42
air cleaner assembly (pre cleaner),Air Cleaner Assembly (Pre Cleaner),,General Items,general_items,EA,,2026-07-12 10:48:42
hub bolt with nut,Hub Bolt with Nut,,General Items,general_items,EA,,2026-07-12 10:48:42
speedometer rp01,Speedometer RP01,,General Items,general_items,EA,,2026-07-12 10:48:42
gearbox oil seal,Gearbox Oil Seal,,Bearings & Seals,bearings_seals,EA,,2026-07-12 10:48:42
rear shock absorber,Rear Shock absorber,,General Items,general_items,EA,,2026-07-12 10:48:42
bolt with spring and flat washer,Bolt with spring and flat washer,,General Items,general_items,EA,,2026-07-12 10:48:42
gear lever boot,Gear lever boot,,General Items,general_items,EA,,2026-07-12 10:48:42
gear lever lock key,Gear lever lock key,,General Items,general_items,EA,,2026-07-12 10:48:42
gearbox seat,Gearbox Seat,,General Items,general_items,EA,,2026-07-12 10:48:42
gearbox packing set,Gearbox Packing Set,,General Items,general_items,EA,,2026-07-12 10:48:42
roller bearing (large),Roller bearing (Large),,Bearings & Seals,bearings_seals,EA,,2026-07-12 10:48:42
roller bearing (small),Roller bearing (Small),,Bearings & Seals,bearings_seals,EA,,2026-07-12 10:48:42
finger nut,Finger nut,,General Items,general_items,EA,,2026-07-12 10:48:42
pressure plate spring,Pressure Plate Spring,,General Items,general_items,EA,,2026-07-12 10:48:42
1/2 join socket,1/2 Join Socket,,General Items,general_items,EA,,2026-07-12 10:48:42
1/2 l socket,1/2 L Socket,,General Items,general_items,EA,,2026-07-12 10:48:42
1 join socket,1 Join Socket,,General Items,general_items,EA,,2026-07-12 10:48:42
1 pvc l socket,1 PVC L Socket,,General Items,general_items,EA,,2026-07-12 10:48:42
1 pvc t socket,1 PVC T Socket,,General Items,general_items,EA,,2026-07-12 10:48:42
full overhaul gasket kit,Full overhaul gasket kit,,Bearings & Seals,bearings_seals,EA,,2026-07-12 10:48:42
cylinder head check (valve seal/guide/facing),Cylinder head Check (Valve Seal/Guide/Facing),,Bearings & Seals,bearings_seals,EA,,2026-07-12 10:48:42
bearing (block x pulley),Bearing (Block X Pulley),,Bearings & Seals,bearings_seals,EA,,2026-07-12 10:48:42
screw holder,Screw Holder,,General Items,general_items,EA,,2026-07-12 10:48:42
cotton wool,Cotton Wool,,General Items,general_items,EA,,2026-07-12 10:48:42
piriton tablet,Piriton tablet,,General Items,general_items,EA,,2026-07-12 10:48:42
bondage roll,Bondage Roll,,General Items,general_items,EA,,2026-07-12 10:48:42
idex head fast,Idex head fast,,General Items,general_items,EA,,2026-07-12 10:48:42
idex,Idex,,General Items,general_items,EA,,2026-07-12 10:48:42
panado,Panado,,General Items,general_items,EA,,2026-07-12 10:48:42
grouse,Grouse,,General Items,general_items,EA,,2026-07-12 10:48:42
thread bulb 20w,Thread Bulb 20W,,Electrical,electrical,EA,,2026-07-12 10:48:42
vintogeno,Vintogeno,,General Items,general_items,EA,,2026-07-12 10:48:42
burn cream,Burn Cream,,General Items,general_items,EA,,2026-07-12 10:48:42
betadine,Betadine,,General Items,general_items,EA,,2026-07-12 10:48:42
plaster roll,Plaster Roll,,General Items,general_items,EA,,2026-07-12 10:48:42
saline bottle,Saline Bottle,,General Items,general_items,EA,,2026-07-12 10:48:42
120 battery (remount-ly-1614),120 Battery (Remount-Ly-1614),,Battery,battery,EA,,2026-07-12 10:48:42
battery repair 28-4314,Battery Repair 28-4314,,Battery,battery,EA,,2026-07-12 10:48:42
air tank drain valve,Air tank drain valve,,General Items,general_items,EA,,2026-07-12 10:48:42
s-lon gum (small),S-Lon Gum (Small),,General Items,general_items,EA,,2026-07-12 10:48:42
1/2 socket,1/2 Socket,,General Items,general_items,EA,,2026-07-12 10:48:42
1 t socket,1 T Socket,,General Items,general_items,EA,,2026-07-12 10:48:42
1 socket (pvc),1 Socket (PVC),,General Items,general_items,EA,,2026-07-12 10:48:42
4 angle grinder,4 Angle Grinder,,General Items,general_items,EA,,2026-07-12 10:48:42
end cap (15mm),End cap (15mm),,General Items,general_items,EA,,2026-07-12 10:48:42
battery acid (1l bottle),Battery Acid (1L bottle),,Battery,battery,EA,,2026-07-12 10:48:42
3 core wire,3 Core Wire,,Electrical,electrical,EA,,2026-07-12 10:48:42
plug base (13a),Plug Base (13A),,Electrical,electrical,EA,,2026-07-12 10:48:42
square pin plug top,Square Pin Plug Top,,Electrical,electrical,EA,,2026-07-12 10:48:42
switch box cover,Switch Box Cover,,Electrical,electrical,EA,,2026-07-12 10:48:42
pad lock (50mm),Pad Lock (50mm),,General Items,general_items,EA,,2026-07-12 10:48:42
hydraulic filter (133a0201da),Hydraulic Filter (133A0201DA),,Filters,filters,EA,,2026-07-12 10:48:42
fuel filter (fc-1821 mr),Fuel Filter (FC-1821 MR),,Filters,filters,EA,,2026-07-12 10:48:42
fuel filter (fc-1821 sakura),Fuel Filter (FC-1821 Sakura),,Filters,filters,EA,,2026-07-12 10:48:42
new number plate,New Number Plate,,General Items,general_items,EA,,2026-07-12 10:48:42
injector overflow lock,Injector Overflow Lock,,General Items,general_items,EA,,2026-07-12 10:48:42
speed meter cable,Speed meter cable,,Electrical,electrical,EA,,2026-07-12 10:48:42
pad ink bottle,Pad Ink Bottle,,General Items,general_items,EA,,2026-07-12 10:48:42
gear liner ball joint,Gear Liner Ball Joint,,General Items,general_items,EA,,2026-07-12 10:48:42
injector pump repair (diesel leak),Injector Pump Repair (Diesel leak),,General Items,general_items,EA,,2026-07-12 10:48:42
lock / signal light cup,Lock / signal light cup,,General Items,general_items,EA,,2026-07-12 10:48:42
steering wheel cover,Steering wheel Cover,,Tyre,tyre,EA,,2026-07-12 10:48:42
signal light set,Signal Light Set,,General Items,general_items,EA,,2026-07-12 10:48:42
paint (ash colour),Paint (Ash colour),,General Items,general_items,EA,,2026-07-12 10:48:42
10mm bolt & nut with washer,10mm Bolt & Nut with washer,,General Items,general_items,EA,,2026-07-12 10:48:42
12mm bolt & nut,12mm Bolt & Nut,,General Items,general_items,EA,,2026-07-12 10:48:42
thinner (normal),Thinner (Normal),,General Items,general_items,EA,,2026-07-12 10:48:42
plastic primer,Plastic Primer,,General Items,general_items,EA,,2026-07-12 10:48:42
wheel power steering box,Wheel Power Steering Box,,Tyre,tyre,EA,,2026-07-12 10:48:42
2m3340 ring,2M3340 Ring,,General Items,general_items,EA,,2026-07-12 10:48:42
mud cover (rear / front),Mud cover (Rear / Front),,General Items,general_items,EA,,2026-07-12 10:48:42
seat belt (passenger & drw),Seat Belt (Passenger & Drw),,Belts,belts,EA,,2026-07-12 10:48:42
upper arm rubber mount,Upper Arm Rubber mount,,General Items,general_items,EA,,2026-07-12 10:48:42
door handle (rear),Door Handle (Rear),,General Items,general_items,EA,,2026-07-12 10:48:42
door handle (inside),Door Handle (Inside),,General Items,general_items,EA,,2026-07-12 10:48:42
door handle (outer),Door Handle (Outer),,General Items,general_items,EA,,2026-07-12 10:48:42
glass winder,Glass winder,,General Items,general_items,EA,,2026-07-12 10:48:42
belt (b-78),Belt (B-78),,Belts,belts,EA,,2026-07-12 10:48:42
steering wheel shaft,Steering Wheel Shaft,,Tyre,tyre,EA,,2026-07-12 10:48:42
steering wheel,Steering Wheel,,Tyre,tyre,EA,,2026-07-12 10:48:42
signal light set (rear),Signal Light Set (Rear),,General Items,general_items,EA,,2026-07-12 10:48:42
buffer stone,Buffer Stone,,General Items,general_items,EA,,2026-07-12 10:48:42
bonnet cable,Bonnet Cable,,Electrical,electrical,EA,,2026-07-12 10:48:42
door lock (l/r),Door Lock (L/R),,General Items,general_items,EA,,2026-07-12 10:48:42
turbocharger repair,Turbocharger Repair,,General Items,general_items,EA,,2026-07-12 10:48:42
gajan pin,Gajan Pin,,General Items,general_items,EA,,2026-07-12 10:48:42
gasket overhand kit,Gasket overhand kit,,Bearings & Seals,bearings_seals,EA,,2026-07-12 10:48:42
engine machine works,Engine machine works,,General Items,general_items,EA,,2026-07-12 10:48:42
3-way off box cover,3-way off box cover,,General Items,general_items,EA,,2026-07-12 10:48:42
carbulator cleaner,Carbulator cleaner,,General Items,general_items,EA,,2026-07-12 10:48:42
carburetor cleaner,Carburetor Cleaner,,General Items,general_items,EA,,2026-07-12 10:48:42
araldite,Araldite,,General Items,general_items,EA,,2026-07-12 10:48:42
punch chisel set,Punch chisel Set,,General Items,general_items,EA,,2026-07-12 10:48:42
21mm x 10mm deep socket,21mm x 10mm Deep Socket,,General Items,general_items,EA,,2026-07-12 10:48:42
allen key set (mm & inch),Allen key set (mm & inch),,General Items,general_items,EA,,2026-07-12 10:48:42
pipe wrench 2 feet,Pipe wrench 2 feet,,General Items,general_items,EA,,2026-07-12 10:48:42
empty tool box (5 pcs),Empty tool box (5 pcs),,General Items,general_items,EA,,2026-07-12 10:48:42
filter belt,Filter belt,,Filters,filters,EA,,2026-07-12 10:48:42
dc test lamp,DC test lamp,,Electrical,electrical,EA,,2026-07-12 10:48:42
ball hammer,Ball Hammer,,General Items,general_items,EA,,2026-07-12 10:48:42
screwdriver set (flat & phillip),Screwdriver set (Flat & Phillip),,General Items,general_items,EA,,2026-07-12 10:48:42
circlip plier set (inner & outer),Circlip plier set (Inner & Outer),,General Items,general_items,EA,,2026-07-12 10:48:42
lock plier,Lock plier,,General Items,general_items,EA,,2026-07-12 10:48:42
hollow pipe (for silencer repair),Hollow pipe (For Silencer repair),,General Items,general_items,EA,,2026-07-12 10:48:42
combination plier,Combination plier,,General Items,general_items,EA,,2026-07-12 10:48:42
spanner 10 (shifter),Spanner 10 (shifter),,General Items,general_items,EA,,2026-07-12 10:48:42
long extension bar ���,Long Extension bar ���,,General Items,general_items,EA,,2026-07-12 10:48:42
short extension bar,Short Extension bar,,General Items,general_items,EA,,2026-07-12 10:48:42
��� l handle,��� L handle,,General Items,general_items,EA,,2026-07-12 10:48:42
universal box socket,Universal box socket,,General Items,general_items,EA,,2026-07-12 10:48:42
21 x 16 mm deep socket,21 x 16 mm deep socket,,General Items,general_items,EA,,2026-07-12 10:48:42
8-39 mm box socket set (1/2 size),8-39 mm box socket set (1/2 size),,General Items,general_items,EA,,2026-07-12 10:48:42
8-39 mm combination wrench set,8-39 mm Combination wrench set,,General Items,general_items,EA,,2026-07-12 10:48:42
speedo motor (for repair),Speedo motor (For Repair),,General Items,general_items,EA,,2026-07-12 10:48:42
operator seat repair,Operator seat repair,,General Items,general_items,EA,,2026-07-12 10:48:42
brake light (l/r),Brake light (L/R),,General Items,general_items,EA,,2026-07-12 10:48:42
nut & bolt (general),Nut & Bolt (General),,General Items,general_items,EA,,2026-07-12 10:48:42
19mm bolt & nut with washer,19mm Bolt & Nut with Washer,,General Items,general_items,EA,,2026-07-12 10:48:42
17mm bolt & nut with washer,17mm Bolt & Nut with Washer,,General Items,general_items,EA,,2026-07-12 10:48:42
13mm bolt & nut with washer,13mm Bolt & Nut with Washer,,General Items,general_items,EA,,2026-07-12 10:48:42
12mm bolt & nut with washer,12mm Bolt & Nut with Washer,,General Items,general_items,EA,,2026-07-12 10:48:42
fuel filter (32-?? unclear),Fuel Filter (32-?? unclear),,Filters,filters,EA,,2026-07-12 10:48:42
oil filter (rey5-203),Oil Filter (REY5-203),,Filters,filters,EA,,2026-07-12 10:48:42
fuel filter (1075f),Fuel Filter (1075F),,Filters,filters,EA,,2026-07-12 10:48:42
oil filter (278619999994),Oil Filter (278619999994),,Filters,filters,EA,,2026-07-12 10:48:42
fuel filter (278609999822),Fuel Filter (278609999822),,Filters,filters,EA,,2026-07-12 10:48:42
fuel water separator filter (278747109902),Fuel Water Separator Filter (278747109902),,Filters,filters,EA,,2026-07-12 10:48:42
air filter (js-3009a),Air Filter (JS-3009A),,Filters,filters,EA,,2026-07-12 10:48:42
cabbin fan,Cabbin Fan,,General Items,general_items,EA,,2026-07-12 10:48:42
trail lamp set (l/r),Trail Lamp Set (L/R),,Electrical,electrical,EA,,2026-07-12 10:48:42
power steering box repair,Power steering box repair,,General Items,general_items,EA,,2026-07-12 10:48:42
bearing (clutch release/pilot),Bearing (Clutch release/Pilot),,Bearings & Seals,bearings_seals,EA,,2026-07-12 10:48:42
clutch plate relining,Clutch plate relining,,General Items,general_items,EA,,2026-07-12 10:48:42
26mm socket,26mm Socket,,General Items,general_items,EA,,2026-07-12 10:48:42
red box,Red Box,,General Items,general_items,EA,,2026-07-12 10:48:42
brass welding rod,Brass Welding Rod,,General Items,general_items,EA,,2026-07-12 10:48:42
air filter (jmc 1109230a),Air Filter (JMC 1109230A),,Filters,filters,EA,,2026-07-12 10:48:42
line filter (278609999900),Line Filter (278609999900),,Filters,filters,EA,,2026-07-12 10:48:42
fuel filter (278609999900),Fuel Filter (278609999900),,Filters,filters,EA,,2026-07-12 10:48:42
fuel/water separator filter (278607899914),Fuel/Water Separator Filter (278607899914),,Filters,filters,EA,,2026-07-12 10:48:42
oil filter (278618139902),Oil Filter (278618139902),,Filters,filters,EA,,2026-07-12 10:48:42
head light cowling,Head light cowling,,Electrical,electrical,EA,,2026-07-12 10:48:42
fan belt 6320,Fan Belt 6320,,Belts,belts,EA,,2026-07-12 10:48:42
chemical spray gun,Chemical Spray Gun,,General Items,general_items,EA,,2026-07-12 10:48:42
hone clip,Hone clip,,General Items,general_items,EA,,2026-07-12 10:48:42
hose clip (8*12),Hose clip (8*12),,Hydraulics,hydraulics,EA,,2026-07-12 10:48:42
hose clip (25-38),Hose clip (25-38),,Hydraulics,hydraulics,EA,,2026-07-12 10:48:42
hose clip (12-20),Hose clip (12-20),,Hydraulics,hydraulics,EA,,2026-07-12 10:48:42
hose clip (16-25),Hose clip (16-25),,Hydraulics,hydraulics,EA,,2026-07-12 10:48:42
key cutling,Key Cutling,,General Items,general_items,EA,,2026-07-12 10:48:42
engine mount lh&rh,Engine mount LH&RH,,General Items,general_items,EA,,2026-07-12 10:48:42
brake caliber pin boot,Brake Caliber Pin Boot,,General Items,general_items,EA,,2026-07-12 10:48:42
sockcapshoberbash repair,SockcapshoberBash Repair,,General Items,general_items,EA,,2026-07-12 10:48:42
heater timer (26/12),Heater Timer (26/12),,General Items,general_items,EA,,2026-07-12 10:48:42
speedo meter (km),Speedo Meter (km),,General Items,general_items,EA,,2026-07-12 10:48:42
injector & injector pump repair (26/12),Injector & Injector Pump Repair (26/12),,General Items,general_items,EA,,2026-07-12 10:48:42
cabin fun (12v),Cabin Fun (12V),,General Items,general_items,EA,,2026-07-12 10:48:42
cabin fan. (24v),Cabin Fan. (24V),,General Items,general_items,EA,,2026-07-12 10:48:42
torque converter,Torque Converter,,General Items,general_items,EA,,2026-07-12 10:48:42
convator plate,Convator Plate,,General Items,general_items,EA,,2026-07-12 10:48:42
seat belt received,Seat Belt Received,,Belts,belts,EA,,2026-07-12 10:48:42
silencer spring,Silencer Spring,,General Items,general_items,EA,,2026-07-12 10:48:42
silance packing,Silance Packing,,General Items,general_items,EA,,2026-07-12 10:48:42
��� solid socket,��� Solid Socket,,General Items,general_items,EA,,2026-07-12 10:48:42
h/ brake rear (liner),H/ Brake Rear (Liner),,General Items,general_items,EA,,2026-07-12 10:48:42
number plate repair,Number Plate Repair,,General Items,general_items,EA,,2026-07-12 10:48:42
hand brake liner repair,Hand Brake Liner Repair,,General Items,general_items,EA,,2026-07-12 10:48:42
pneumatic hose with union,Pneumatic Hose with union,,Hydraulics,hydraulics,EA,,2026-07-12 10:48:42
preumetic hose with union,preumetic Hose with union,,Hydraulics,hydraulics,EA,,2026-07-12 10:48:42
starter motor repair (motor clutch),Starter Motor Repair (motor clutch),,Electrical,electrical,EA,,2026-07-12 10:48:42
caliper din boots,Caliper Din boots,,General Items,general_items,EA,,2026-07-12 10:48:42
upper arm ball joint it,Upper arm ball joint it,,General Items,general_items,EA,,2026-07-12 10:48:42
link end,Link end,,General Items,general_items,EA,,2026-07-12 10:48:42
idle aom hush,Idle aom hush,,General Items,general_items,EA,,2026-07-12 10:48:42
drop arm,Drop arm,,General Items,general_items,EA,,2026-07-12 10:48:42
conter link hall joint,Conter link hall joint,,General Items,general_items,EA,,2026-07-12 10:48:42
power steering rack oil leak,Power steering rack oil leak,,Oil & Lubricants,oil_lubricants,EA,,2026-07-12 10:48:42
oil filter (253a16130169),Oil Filter (253A16130169),,Filters,filters,EA,,2026-07-12 10:48:42
fuel filter (f-41f),Fuel Filter (F-41F),,Filters,filters,EA,,2026-07-12 10:48:42
fuel filter fc-707a,Fuel Filter FC-707A,,Filters,filters,EA,,2026-07-12 10:48:42
fuel filter (f8835100),Fuel Filter (F8835100),,Filters,filters,EA,,2026-07-12 10:48:42
oil filter fta05000,Oil Filter FTA05000,,Filters,filters,EA,,2026-07-12 10:48:42
fuel line filter (f002h23536-899),Fuel Line Filter (F002H23536-899),,Filters,filters,EA,,2026-07-12 10:48:42
fuel filter (fs635100),Fuel Filter (FS635100),,Filters,filters,EA,,2026-07-12 10:48:42
oil filter (fta05000),Oil Filter (FTA05000),,Filters,filters,EA,,2026-07-12 10:48:42
hose repair (new 40) union,Hose Repair (New 40) union,,Hydraulics,hydraulics,EA,,2026-07-12 10:48:42
pressor seal,Pressor seal,,Bearings & Seals,bearings_seals,EA,,2026-07-12 10:48:42
link end bush,Link end Bush,,Bearings & Seals,bearings_seals,EA,,2026-07-12 10:48:42
stabilzer bar link end,Stabilzer bar link end,,General Items,general_items,EA,,2026-07-12 10:48:42
coil spring spacer,Coil spring spacer,,Electrical,electrical,EA,,2026-07-12 10:48:42
hub lock nut,Hub lock nut,,General Items,general_items,EA,,2026-07-12 10:48:42
rack end boot,Rack end boot,,General Items,general_items,EA,,2026-07-12 10:48:42
stee rack end (lh & rh),Stee rack end (LH & RH),,General Items,general_items,EA,,2026-07-12 10:48:42
shocks absorber bush replace,Shocks absorber bush replace,,Bearings & Seals,bearings_seals,EA,,2026-07-12 10:48:42
lower am bush replace,Lower am bush replace,,Bearings & Seals,bearings_seals,EA,,2026-07-12 10:48:42
upper arm bush replace,Upper arm bush replace,,Bearings & Seals,bearings_seals,EA,,2026-07-12 10:48:42
uppa arm adjust plate,Uppa arm adjust plate,,General Items,general_items,EA,,2026-07-12 10:48:42
brake calipa pin bolt,Brake calipa pin bolt,,General Items,general_items,EA,,2026-07-12 10:48:42
engine stop,Engine Stop,,General Items,general_items,EA,,2026-07-12 10:48:42
oil filter (lo-308),Oil Filter (LO-308),,Filters,filters,EA,,2026-07-12 10:48:42
oil filter (f002h239439 / th-93296),Oil Filter (F002H239439 / TH-93296),,Filters,filters,EA,,2026-07-12 10:48:42
45 amp battey,45 Amp battey,,Battery,battery,EA,,2026-07-12 10:48:42
70 amp new battery,70 Amp New Battery,,Battery,battery,EA,,2026-07-12 10:48:42
95 amp battery,95 Amp Battery,,Battery,battery,EA,,2026-07-12 10:48:42
150 amp battery,150 Amp Battery,,Battery,battery,EA,,2026-07-12 10:48:42
195 amp new battery,195 Amp New Battery,,Battery,battery,EA,,2026-07-12 10:48:42
100amp new battery,100Amp New Battery,,Battery,battery,EA,,2026-07-12 10:48:42
fuel line filter (f5524500),Fuel line filter (F5524500),,Filters,filters,EA,,2026-07-12 10:48:42
liner set f4000 400/500,Liner set F4000 400/500,,General Items,general_items,EA,,2026-07-12 10:48:42
filter 099118,Filter 099118,,Filters,filters,EA,,2026-07-12 10:48:42
frank oil seal,Frank Oil Seal,,Bearings & Seals,bearings_seals,EA,,2026-07-12 10:48:42
new asphalt cutter engine,New Asphalt Cutter Engine,,General Items,general_items,EA,,2026-07-12 10:48:42
pressor seal (pressor pump seal),Pressor Seal (Pressor pump Seal),,Bearings & Seals,bearings_seals,EA,,2026-07-12 10:48:42
engine (new model eh-390),Engine (New model EH-390),,General Items,general_items,EA,,2026-07-12 10:48:42
hy/ hose repair (union),Hy/ Hose Repair (union),,Hydraulics,hydraulics,EA,,2026-07-12 10:48:42
truck line plate and nut & bolt,Truck line plate and nut & bolt,,General Items,general_items,EA,,2026-07-12 10:48:42
bush (bucket),Bush (Bucket),,Bearings & Seals,bearings_seals,EA,,2026-07-12 10:48:42
coller bush,Coller Bush,,Bearings & Seals,bearings_seals,EA,,2026-07-12 10:48:42
arm coller bush,Arm coller Bush,,Bearings & Seals,bearings_seals,EA,,2026-07-12 10:48:42
wheel nut,Wheel Nut,,Tyre,tyre,EA,,2026-07-12 10:48:42
cab interior & full service,Cab Interior & Full Service,,General Items,general_items,EA,,2026-07-12 10:48:42
wheel stud and nut,Wheel Stud and Nut,,Tyre,tyre,EA,,2026-07-12 10:48:42
sun visor,Sun visor,,General Items,general_items,EA,,2026-07-12 10:48:42
speaker (12v),Speaker (12V),,General Items,general_items,EA,,2026-07-12 10:48:42
side mirror (small),Side mirror (Small),,General Items,general_items,EA,,2026-07-12 10:48:42
front light (upper),Front light (upper),,General Items,general_items,EA,,2026-07-12 10:48:42
brake light set (rear),Brake light Set (Rear),,General Items,general_items,EA,,2026-07-12 10:48:42
shock absorber bolt,Shock absorber Bolt,,General Items,general_items,EA,,2026-07-12 10:48:42
stop cable (engine stop cable),Stop cable (Engine stop cable),,Electrical,electrical,EA,,2026-07-12 10:48:42
ignition switch (6 pin),Ignition Switch (6 pin),,Electrical,electrical,EA,,2026-07-12 10:48:42
hydraulic return filter cover,Hydraulic return filter Cover,,Filters,filters,EA,,2026-07-12 10:48:42
fuel filter (27660999982),Fuel Filter (27660999982),,Filters,filters,EA,,2026-07-12 10:48:42
fuel filter (32074770909),Fuel Filter (32074770909),,Filters,filters,EA,,2026-07-12 10:48:42
oil filter (sfa-0667),Oil Filter (SFA-0667),,Filters,filters,EA,,2026-07-12 10:48:42
fuel filter (ff-7059),Fuel Filter (FF-7059),,Filters,filters,EA,,2026-07-12 10:48:42
fuel filter (4441592),Fuel Filter (4441592),,Filters,filters,EA,,2026-07-12 10:48:42
150 amp new battery,150 Amp New Battery,,Battery,battery,EA,,2026-07-12 10:48:42
stand fan motor,Stand Fan motor,,General Items,general_items,EA,,2026-07-12 10:48:42
carpet,Carpet,,General Items,general_items,EA,,2026-07-12 10:48:42
signal light (front left),Signal light (front left),,General Items,general_items,EA,,2026-07-12 10:48:42
engine head,Engine Head,,General Items,general_items,EA,,2026-07-12 10:48:42
kik oil seal,Kik oil seal,,Bearings & Seals,bearings_seals,EA,,2026-07-12 10:48:42
sprocket oil seal,Sprocket oil seal,,Bearings & Seals,bearings_seals,EA,,2026-07-12 10:48:42
rod fixing,Rod Fixing,,General Items,general_items,EA,,2026-07-12 10:48:42
20w-50 petrol elite,20w-50 Petrol Elite,,General Items,general_items,EA,,2026-07-12 10:48:42
full packing set,Full packing set,,General Items,general_items,EA,,2026-07-12 10:48:42
rocker arm needle,Rocker Arm Needle,,General Items,general_items,EA,,2026-07-12 10:48:42
cam bearing,Cam Bearing,,Bearings & Seals,bearings_seals,EA,,2026-07-12 10:48:42
timing chain,Timing chain,,General Items,general_items,EA,,2026-07-12 10:48:42
clutch pressor plates,Clutch pressor plates,,General Items,general_items,EA,,2026-07-12 10:48:42
rod kit bearing,Rod Kit Bearing,,Bearings & Seals,bearings_seals,EA,,2026-07-12 10:48:42
engine boring,Engine Boring,,General Items,general_items,EA,,2026-07-12 10:48:42
scrw driver (l),Scrw Driver (L),,General Items,general_items,EA,,2026-07-12 10:48:42
wire cutter,Wire cutter,,Electrical,electrical,EA,,2026-07-12 10:48:42
leg nose plier,Leg nose Plier,,General Items,general_items,EA,,2026-07-12 10:48:42
��� l socket,��� L Socket,,General Items,general_items,EA,,2026-07-12 10:48:42
pvc t socket,Pvc T Socket,,General Items,general_items,EA,,2026-07-12 10:48:42
ball mirror,Ball Mirror,,General Items,general_items,EA,,2026-07-12 10:48:42
door lock (rear right),Door Lock (Rear Right),,General Items,general_items,EA,,2026-07-12 10:48:42
signal light (left),Signal light (Left),,General Items,general_items,EA,,2026-07-12 10:48:42
sealastic (tube),Sealastic (Tube),,Tyre,tyre,EA,,2026-07-12 10:48:42
auto wire roll,Auto Wire Roll,,Electrical,electrical,EA,,2026-07-12 10:48:42
detector 8 rings,Detector 8 Rings,,General Items,general_items,EA,,2026-07-12 10:48:42
o ring - injector pump (output),O ring - Injector Pump (output),,General Items,general_items,EA,,2026-07-12 10:48:42
wheel (ball),Wheel (ball),,Tyre,tyre,EA,,2026-07-12 10:48:42
mount (transmission),Mount (Transmission),,General Items,general_items,EA,,2026-07-12 10:48:42
ring gear,Ring gear,,General Items,general_items,EA,,2026-07-12 10:48:42
fuel filter set (f4000 / 400 / 500),Fuel Filter Set (F4000 / 400 / 500),,Filters,filters,EA,,2026-07-12 10:48:42
fuel filter (276607969967),Fuel Filter (276607969967),,Filters,filters,EA,,2026-07-12 10:48:42
fuel filter (276609199909),Fuel Filter (276609199909),,Filters,filters,EA,,2026-07-12 10:48:42
oil filter (6578150145),Oil Filter (6578150145),,Filters,filters,EA,,2026-07-12 10:48:42
fuel filter (15521-43161),Fuel Filter (15521-43161),,Filters,filters,EA,,2026-07-12 10:48:42
oil filter (1611-32902),Oil Filter (1611-32902),,Filters,filters,EA,,2026-07-12 10:48:42
oil filter (c-101),Oil Filter (C-101),,Filters,filters,EA,,2026-07-12 10:48:42
compressor motor,Compressor motor,,General Items,general_items,EA,,2026-07-12 10:48:42
air pressure sensor,Air Pressure Sensor,,Electrical,electrical,EA,,2026-07-12 10:48:42
speedometer assembly,Speedometer assembly,,General Items,general_items,EA,,2026-07-12 10:48:42
fuel hose repair,Fuel hose repair,,Hydraulics,hydraulics,EA,,2026-07-12 10:48:42
battery charger repair,Battery Charger repair,,Battery,battery,EA,,2026-07-12 10:48:42
wheel stud with nut,Wheel Stud with nut,,Tyre,tyre,EA,,2026-07-12 10:48:42
fuel filter (js-1075),Fuel Filter (JS-1075),,Filters,filters,EA,,2026-07-12 10:48:42
fuel line filter (276609909900),Fuel Line Filter (276609909900),,Filters,filters,EA,,2026-07-12 10:48:42
oil filter (276609309919),Oil Filter (276609309919),,Filters,filters,EA,,2026-07-12 10:48:42
fuel filter (276609119904),Fuel Filter (276609119904),,Filters,filters,EA,,2026-07-12 10:48:42
fuel filter (278607989961),Fuel Filter (278607989961),,Filters,filters,EA,,2026-07-12 10:48:42
dn125 x 40.5mm x 3900mm concrete pipe,DN125 x 40.5mm x 3900mm concrete pipe,,General Items,general_items,EA,,2026-07-12 10:48:42
dn125 x 90 dx 275r delivery bend,DN125 x 90 Dx 275R Delivery Bend,,General Items,general_items,EA,,2026-07-12 10:48:42
dn150 sponge ball (original),DN150 Sponge Ball (original),,General Items,general_items,EA,,2026-07-12 10:48:42
dn175 rubber seal,DN175 Rubber Seal,,Bearings & Seals,bearings_seals,EA,,2026-07-12 10:48:42
dn125 rubber seal (b),DN125 Rubber Seal (B),,Bearings & Seals,bearings_seals,EA,,2026-07-12 10:48:42
sponge ball 150mm,Sponge ball 150mm,,General Items,general_items,EA,,2026-07-12 10:48:42
175mm d o ring,175mm d O ring,,General Items,general_items,EA,,2026-07-12 10:48:42
125mm d o ring,125mm D O ring,,General Items,general_items,EA,,2026-07-12 10:48:42
"bend,","bend,",,General Items,general_items,EA,,2026-07-12 10:48:42
"concrete mixture hose,","Concrete mixture hose,",,Hydraulics,hydraulics,EA,,2026-07-12 10:48:42
main fuse 60a,Main Fuse 60A,,Electrical,electrical,EA,,2026-07-12 10:48:42
main fuse 40a,Main Fuse 40A,,Electrical,electrical,EA,,2026-07-12 10:48:42
headlight bulb (h1 24v 100w),Headlight Bulb (H1 24V 100W),,Electrical,electrical,EA,,2026-07-12 10:48:42
wire lug 6mm,Wire Lug 6mm,,Electrical,electrical,EA,,2026-07-12 10:48:42
24v starter relay,24V Starter Relay,,Electrical,electrical,EA,,2026-07-12 10:48:42
12v starter relay,12V Starter Relay,,Electrical,electrical,EA,,2026-07-12 10:48:42
starter push button switch,Starter Push Button Switch,,Electrical,electrical,EA,,2026-07-12 10:48:42
push button switch,Push Button Switch,,Electrical,electrical,EA,,2026-07-12 10:48:42
jack seat (bucket jack),Jack Seat (bucket jack),,General Items,general_items,EA,,2026-07-12 10:48:42
hydraulic hose,Hydraulic hose,,Hydraulics,hydraulics,EA,,2026-07-12 10:48:42
"starter relay,","Starter relay,",,Electrical,electrical,EA,,2026-07-12 10:48:42
"main relay,","Main relay,",,Electrical,electrical,EA,,2026-07-12 10:48:42
main relay,Main relay,,Electrical,electrical,EA,,2026-07-12 10:48:42
"key switch,","Key Switch,",,Electrical,electrical,EA,,2026-07-12 10:48:42
24v 10w bulb,24V 10W Bulb,,Electrical,electrical,EA,,2026-07-12 10:48:42
civil gloves,Civil Gloves,,General Items,general_items,EA,,2026-07-12 10:48:42
plastic tray,Plastic Tray,,General Items,general_items,EA,,2026-07-12 10:48:42
blade fuse 60a (jumbo),Blade Fuse 60A (Jumbo),,Electrical,electrical,EA,,2026-07-12 10:48:42
blade fuse 40a (jumbo),Blade Fuse 40A (Jumbo),,Electrical,electrical,EA,,2026-07-12 10:48:42
fuel filter nfc-1702,Fuel Filter NFC-1702,,Filters,filters,EA,,2026-07-12 10:48:42
transmission filter,Transmission Filter,,Filters,filters,EA,,2026-07-12 10:48:42
fuel filter (ff5300),Fuel Filter (FF5300),,Filters,filters,EA,,2026-07-12 10:48:42
13a squre plug point,13A squre Plug point,,Electrical,electrical,EA,,2026-07-12 10:48:42
holder & bulb,Holder & bulb,,Electrical,electrical,EA,,2026-07-12 10:48:42
13a squre plug tops,13A squre Plug tops,,Electrical,electrical,EA,,2026-07-12 10:48:42
"extension cord,,","Extension cord,,",,General Items,general_items,EA,,2026-07-12 10:48:42
bust boot,bust boot,,General Items,general_items,EA,,2026-07-12 10:48:42
u bolt,u bolt,,General Items,general_items,EA,,2026-07-12 10:48:42
hub bearing outer large,Hub bearing outer large,,Bearings & Seals,bearings_seals,EA,,2026-07-12 10:48:42
hub bearing inner small,Hub bearing inner small,,Bearings & Seals,bearings_seals,EA,,2026-07-12 10:48:42
"king pin set,","King Pin Set,",,General Items,general_items,EA,,2026-07-12 10:48:42
stop solenoid,Stop Solenoid,,Electrical,electrical,EA,,2026-07-12 10:48:42
stop cable,Stop cable,,Electrical,electrical,EA,,2026-07-12 10:48:42
"light, signal, etc.","Light, Signal, etc.",,General Items,general_items,EA,,2026-07-12 10:48:42
head light bulb,Head Light bulb,,Electrical,electrical,EA,,2026-07-12 10:48:42
"crank oil seal,","Crank Oil Seal,",,Bearings & Seals,bearings_seals,EA,,2026-07-12 10:48:42
fuel line filter 278609999920,Fuel line Filter 278609999920,,Filters,filters,EA,,2026-07-12 10:48:42
fuel filter ff5052,Fuel Filter FF5052,,Filters,filters,EA,,2026-07-12 10:48:42
oil pressure sensor,Oil Pressure Sensor,,Electrical,electrical,EA,,2026-07-12 10:48:42
manifolt packing,Manifolt Packing,,General Items,general_items,EA,,2026-07-12 10:48:42
"air filter,","Air Filter,",,Filters,filters,EA,,2026-07-12 10:48:42
"engine mount,","Engine mount,",,General Items,general_items,EA,,2026-07-12 10:48:42
"bearing,","Bearing,",,Bearings & Seals,bearings_seals,EA,,2026-07-12 10:48:42
oil filterfilters sfc-7939308,Oil filterFilters SFC-7939308,,Filters,filters,EA,,2026-07-12 10:48:42
oil filterfilters c-1316,Oil filterFilters C-1316,,Filters,filters,EA,,2026-07-12 10:48:42
"display repair,","Display repair,",,General Items,general_items,EA,,2026-07-12 10:48:42
dettol,Dettol,,General Items,general_items,EA,,2026-07-12 10:48:42
starter motor new 12v,Starter Motor New 12V,,Electrical,electrical,EA,,2026-07-12 10:48:42
electric fuel feed pump,Electric fuel feed pump,,General Items,general_items,EA,,2026-07-12 10:48:42
fuel filter head (r90 / pl-420),Fuel Filter Head (R90 / PL-420),,Filters,filters,EA,,2026-07-12 10:48:42
oil filter (c-102),Oil Filter (C-102),,Filters,filters,EA,,2026-07-12 10:48:42
u-joint,U-joint,,General Items,general_items,EA,,2026-07-12 10:48:42
"oil seals,","Oil seals,",,Bearings & Seals,bearings_seals,EA,,2026-07-12 10:48:42
oil seals coller,Oil seals coller,,Bearings & Seals,bearings_seals,EA,,2026-07-12 10:48:42
center mount bearing,Center Mount Bearing,,Bearings & Seals,bearings_seals,EA,,2026-07-12 10:48:42
radiator mounts uppper,Radiator Mounts uppper,,General Items,general_items,EA,,2026-07-12 10:48:42
radiator mounts low,Radiator Mounts low,,General Items,general_items,EA,,2026-07-12 10:48:42
fan coupling,Fan coupling,,General Items,general_items,EA,,2026-07-12 10:48:42
fuel rail cleaning,Fuel Rail Cleaning,,General Items,general_items,EA,,2026-07-12 10:48:42
brushes,Brushes,,General Items,general_items,EA,,2026-07-12 10:48:42
alternator seal kits,Alternator Seal kits,,Bearings & Seals,bearings_seals,EA,,2026-07-12 10:48:42
caliper dust seal kit,Caliper dust seal kit,,Bearings & Seals,bearings_seals,EA,,2026-07-12 10:48:42
calipe seal kit,Calipe Seal kit,,Bearings & Seals,bearings_seals,EA,,2026-07-12 10:48:42
catloy past,Catloy Past,,General Items,general_items,EA,,2026-07-12 10:48:42
"paint (yellow,)","Paint (Yellow,)",,General Items,general_items,EA,,2026-07-12 10:48:42
fuel line filter p-8824500,Fuel Line Filter P-8824500,,Filters,filters,EA,,2026-07-12 10:48:42
air filter (16546-90000),Air Filter (16546-90000),,Filters,filters,EA,,2026-07-12 10:48:42
fuel filter (pl-420),Fuel Filter (PL-420),,Filters,filters,EA,,2026-07-12 10:48:42
oil filter (c-?? unclear),Oil Filter (C-?? unclear),,Filters,filters,EA,,2026-07-12 10:48:42
fuel filter (afm ca347),Fuel Filter (AFM CA347),,Filters,filters,EA,,2026-07-12 10:48:42
oil filter (zo-1435),Oil Filter (ZO-1435),,Filters,filters,EA,,2026-07-12 10:48:42
fuel water separator (r90 / pl-420),Fuel Water Separator (R90 / PL-420),,General Items,general_items,EA,,2026-07-12 10:48:42
shaft repair,Shaft Repair,,General Items,general_items,EA,,2026-07-12 10:48:42
heater plug,Heater Plug,,Electrical,electrical,EA,,2026-07-12 10:48:42
"brush holder,","Brush Holder,",,General Items,general_items,EA,,2026-07-12 10:48:42
"armature 12v,","Armature 12V,",,General Items,general_items,EA,,2026-07-12 10:48:42
hand grease gun,Hand Grease Gun,,Oil & Lubricants,oil_lubricants,EA,,2026-07-12 10:48:42
"solenoid,","Solenoid,",,Electrical,electrical,EA,,2026-07-12 10:48:42
"bush,","Bush,",,Bearings & Seals,bearings_seals,EA,,2026-07-12 10:48:42
led fog light bulb,LED Fog light Bulb,,Electrical,electrical,EA,,2026-07-12 10:48:42
reverse light (24v led),Reverse light (24V LED),,Electrical,electrical,EA,,2026-07-12 10:48:42
wheel brush (1am),Wheel Brush (1am),,Tyre,tyre,EA,,2026-07-12 10:48:42
steering rack assy,Steering Rack Assy,,General Items,general_items,EA,,2026-07-12 10:48:42
alloy wheel nut 19mm,Alloy wheel Nut 19mm,,Tyre,tyre,EA,,2026-07-12 10:48:42
wheel brush,Wheel Brush,,Tyre,tyre,EA,,2026-07-12 10:48:42
fan,Fan,,General Items,general_items,EA,,2026-07-12 10:48:42
brake light,Brake light,,General Items,general_items,EA,,2026-07-12 10:48:42
"wiper blade,","Wiper Blade,",,General Items,general_items,EA,,2026-07-12 10:48:42
bucket jack seal kit & bush,Bucket Jack Seal kit & bush,,Bearings & Seals,bearings_seals,EA,,2026-07-12 10:48:42
injector repair 4nos,Injector Repair 4nos,,General Items,general_items,EA,,2026-07-12 10:48:42
brake booster repair kit,Brake Booster Repair Kit,,General Items,general_items,EA,,2026-07-12 10:48:42
grease hose repair,Grease Hose Repair,,Hydraulics,hydraulics,EA,,2026-07-12 10:48:42
bearing 6305ll,Bearing 6305LL,,Bearings & Seals,bearings_seals,EA,,2026-07-12 10:48:42
flywheel,Flywheel,,General Items,general_items,EA,,2026-07-12 10:48:42
hub bearing seal,Hub bearing seal,,Bearings & Seals,bearings_seals,EA,,2026-07-12 10:48:42
bearing 6307/10,Bearing 6307/10,,Bearings & Seals,bearings_seals,EA,,2026-07-12 10:48:42
bearing 6309vad,Bearing 6309VAD,,Bearings & Seals,bearings_seals,EA,,2026-07-12 10:48:42
abite packing 2mm,Abite Packing 2mm,,General Items,general_items,EA,,2026-07-12 10:48:42
rewinding electric air compressor,Rewinding Electric Air Compressor,,General Items,general_items,EA,,2026-07-12 10:48:42
packing sheet,Packing Sheet,,General Items,general_items,EA,,2026-07-12 10:48:42
silencer flexible,Silencer flexible,,General Items,general_items,EA,,2026-07-12 10:48:42
brake oil hose,Brake oil hose,,Hydraulics,hydraulics,EA,,2026-07-12 10:48:42
rack end hook,Rack end hook,,General Items,general_items,EA,,2026-07-12 10:48:42
rear shockabsober,Rear Shockabsober,,General Items,general_items,EA,,2026-07-12 10:48:42
stabilizer bar link and bush,Stabilizer bar Link and bush,,Bearings & Seals,bearings_seals,EA,,2026-07-12 10:48:42
stabilizer bar link bush,Stabilizer bar Link bush,,Bearings & Seals,bearings_seals,EA,,2026-07-12 10:48:42
stabilizer bar d bush,Stabilizer bar D bush,,Bearings & Seals,bearings_seals,EA,,2026-07-12 10:48:42
gear link bush,Gear Link Bush,,Bearings & Seals,bearings_seals,EA,,2026-07-12 10:48:42
gear link plastic bush,Gear Link Plastic Bush,,Bearings & Seals,bearings_seals,EA,,2026-07-12 10:48:42
gear link rubber bush,Gear Link Rubber Bush,,Bearings & Seals,bearings_seals,EA,,2026-07-12 10:48:42
gear link ball joint,Gear Link ball joint,,General Items,general_items,EA,,2026-07-12 10:48:42
hose clip 1/2,Hose Clip 1/2,,Hydraulics,hydraulics,EA,,2026-07-12 10:48:42
brake oil (350ml),Brake Oil (350ml),,Oil & Lubricants,oil_lubricants,EA,,2026-07-12 10:48:42
13 nut & bolt,13 Nut & Bolt,,General Items,general_items,EA,,2026-07-12 10:48:42
hose clip 1,Hose Clip 1,,Hydraulics,hydraulics,EA,,2026-07-12 10:48:42
hose clip  3/2,Hose Clip  3/2,,Hydraulics,hydraulics,EA,,2026-07-12 10:48:42
hose clip 2/3,Hose Clip 2/3,,Hydraulics,hydraulics,EA,,2026-07-12 10:48:42
super glue tube,Super Glue Tube,,Tyre,tyre,EA,,2026-07-12 10:48:42
signal light repair,Signal Light Repair,,General Items,general_items,EA,,2026-07-12 10:48:42
ac belt (a-46),AC Belt (A-46),,Belts,belts,EA,,2026-07-12 10:48:42
ac compressor wire,AC Compressor Wire,,Electrical,electrical,EA,,2026-07-12 10:48:42
a/c belt (a-46),A/C Belt (A-46),,Belts,belts,EA,,2026-07-12 10:48:42
bolt with s/washer,Bolt with S/washer,,General Items,general_items,EA,,2026-07-12 10:48:42
fuel tank cap,Fuel Tank Cap,,General Items,general_items,EA,,2026-07-12 10:48:42
empty polysack bags,Empty Polysack Bags,,General Items,general_items,EA,,2026-07-12 10:48:42
gasket kit,gasket kit,,Bearings & Seals,bearings_seals,EA,,2026-07-12 10:48:42
cam bush set,cam bush set,,Bearings & Seals,bearings_seals,EA,,2026-07-12 10:48:42
pin bush set,pin bush set,,Bearings & Seals,bearings_seals,EA,,2026-07-12 10:48:42
main bearing,main bearing,,Bearings & Seals,bearings_seals,EA,,2026-07-12 10:48:42
rings set,Rings set,,General Items,general_items,EA,,2026-07-12 10:48:42
slveeve set,slveeve set,,General Items,general_items,EA,,2026-07-12 10:48:42
water hose -u-,Water Hose -U-,,Hydraulics,hydraulics,EA,,2026-07-12 10:48:42
beeding,Beeding,,General Items,general_items,EA,,2026-07-12 10:48:42
screw nuts,Screw Nuts,,General Items,general_items,EA,,2026-07-12 10:48:42
signal light cup,Signal Light cup,,General Items,general_items,EA,,2026-07-12 10:48:42
fuel feed pump assembly,Fuel feed pump assembly,,General Items,general_items,EA,,2026-07-12 10:48:42
briat white paint,Briat White Paint,,General Items,general_items,EA,,2026-07-12 10:48:42
filler paint,Filler Paint,,General Items,general_items,EA,,2026-07-12 10:48:42
spring balde repair,Spring Balde Repair,,General Items,general_items,EA,,2026-07-12 10:48:42
power steering hose repair,Power Steering Hose repair,,Hydraulics,hydraulics,EA,,2026-07-12 10:48:42
boddy controller unit,Boddy controller unit,,General Items,general_items,EA,,2026-07-12 10:48:42
rail pressor sensor with fuel rail,Rail Pressor Sensor with fuel Rail,,Electrical,electrical,EA,,2026-07-12 10:48:42
steering shaft rubber cover,Steering Shaft Rubber Cover,,General Items,general_items,EA,,2026-07-12 10:48:42
rail pressure sensor,Rail Pressure Sensor,,Electrical,electrical,EA,,2026-07-12 10:48:42
engine service,Engine Service,,General Items,general_items,EA,,2026-07-12 10:48:42
tail light set,Tail Light Set,,Electrical,electrical,EA,,2026-07-12 10:48:42
bearing small,Bearing Small,,Bearings & Seals,bearings_seals,EA,,2026-07-12 10:48:42
bearing large,Bearing Large,,Bearings & Seals,bearings_seals,EA,,2026-07-12 10:48:42
door handle bolt,Door Handle Bolt,,General Items,general_items,EA,,2026-07-12 10:48:42
red potty,Red Potty,,General Items,general_items,EA,,2026-07-12 10:48:42
drum mixer cable,Drum Mixer Cable,,Electrical,electrical,EA,,2026-07-12 10:48:42
piston hino jo5e,Piston HINO JO5E,,General Items,general_items,EA,,2026-07-12 10:48:42
engine oil cap,Engine oil Cap,,Oil & Lubricants,oil_lubricants,EA,,2026-07-12 10:48:42
pad lock,Pad Lock,,General Items,general_items,EA,,2026-07-12 10:48:42
24v new viper motor with charges,24v New Viper Motor with charges,,General Items,general_items,EA,,2026-07-12 10:48:42
break pad set,Break Pad Set,,General Items,general_items,EA,,2026-07-12 10:48:42
ac belt,AC Belt,,Belts,belts,EA,,2026-07-12 10:48:42
fuse 35a,Fuse 35A,,Electrical,electrical,EA,,2026-07-12 10:48:42
relay holder,Relay Holder,,Electrical,electrical,EA,,2026-07-12 10:48:42
wire lug 10mm hole,Wire Lug 10mm Hole,,Electrical,electrical,EA,,2026-07-12 10:48:42
main fuse 30a,Main Fuse 30A,,Electrical,electrical,EA,,2026-07-12 10:48:42
spring leaf anchor,Spring Leaf Anchor,,General Items,general_items,EA,,2026-07-12 10:48:42
spring blade repair (spare),Spring Blade Repair (Spare),,General Items,general_items,EA,,2026-07-12 10:48:42
spring light arm,Spring Light Arm,,General Items,general_items,EA,,2026-07-12 10:48:42
fuel filter (f-7085),Fuel Filter (F-7085),,Filters,filters,EA,,2026-07-12 10:48:42
hybrid filter hd091428f,Hybrid Filter HD091428F,,Filters,filters,EA,,2026-07-12 10:48:42
fuel filter (f-496a),Fuel Filter (F-496A),,Filters,filters,EA,,2026-07-12 10:48:42
truck line pin,Truck Line Pin,,General Items,general_items,EA,,2026-07-12 10:48:42
c-805 oil filter,C-805 Oil Filter,,Filters,filters,EA,,2026-07-12 10:48:42
turbo repair,Turbo Repair,,General Items,general_items,EA,,2026-07-12 10:48:42
fuel filter (f-7065),Fuel Filter (F-7065),,Filters,filters,EA,,2026-07-12 10:48:42
hydraulic filter (hdc11438f),Hydraulic Filter (HDC11438F),,Filters,filters,EA,,2026-07-12 10:48:42
air filter (g45660),Air Filter (G45660),,Filters,filters,EA,,2026-07-12 10:48:42
fuel filter (099933),Fuel Filter (099933),,Filters,filters,EA,,2026-07-12 10:48:42
fuel line filter (fs824500),Fuel Line Filter (FS824500),,Filters,filters,EA,,2026-07-12 10:48:42
wiper blade set,Wiper Blade Set,,General Items,general_items,EA,,2026-07-12 10:48:42
dc-dc convertor,DC-DC Convertor,,General Items,general_items,EA,,2026-07-12 10:48:42
main switch,Main Switch,,Electrical,electrical,EA,,2026-07-12 10:48:42
rear light cup,Rear Light Cup,,General Items,general_items,EA,,2026-07-12 10:48:42
warm shaft with nut assemble,Warm Shaft With Nut assemble,,General Items,general_items,EA,,2026-07-12 10:48:42
cupboard lock,CupBoard Lock,,General Items,general_items,EA,,2026-07-12 10:48:42
terbo intercooler,Terbo Intercooler,,General Items,general_items,EA,,2026-07-12 10:48:42
display assemble,Display Assemble,,General Items,general_items,EA,,2026-07-12 10:48:42
auto wire roll (9/0.30),Auto Wire Roll (9/0.30),,Electrical,electrical,EA,,2026-07-12 10:48:42
12v/5w capless bulb,12V/5W Capless Bulb,,Electrical,electrical,EA,,2026-07-12 10:48:42
12v/100w headlight bulb,12V/100W Headlight Bulb,,Electrical,electrical,EA,,2026-07-12 10:48:42
24v/100w h4 headlight bulb,24V/100W H4 Headlight Bulb,,Electrical,electrical,EA,,2026-07-12 10:48:42
24v/10w bulb,24V/10W Bulb,,Electrical,electrical,EA,,2026-07-12 10:48:42
24v/21w single filament bulb,24V/21W Single Filament Bulb,,Electrical,electrical,EA,,2026-07-12 10:48:42
24v/100w h1 bulb,24V/100W H1 Bulb,,Electrical,electrical,EA,,2026-07-12 10:48:42
12v/65ah battery,12V/65Ah battery,,Battery,battery,EA,,2026-07-12 10:48:42
blower fan,Blower Fan,,General Items,general_items,EA,,2026-07-12 10:48:42
head light fixing,Head Light Fixing,,Electrical,electrical,EA,,2026-07-12 10:48:42
head light relay,Head Light Relay,,Electrical,electrical,EA,,2026-07-12 10:48:42
end cap,End cap,,General Items,general_items,EA,,2026-07-12 10:48:42
big end bearing (set),Big End Bearing (Set),,Bearings & Seals,bearings_seals,EA,,2026-07-12 10:48:42
compresser oil hose,Compresser Oil Hose,,Hydraulics,hydraulics,EA,,2026-07-12 10:48:42
condenser 300mp,Condenser 300MP,,General Items,general_items,EA,,2026-07-12 10:48:42
condenser 100uf +- 20%,Condenser 100uF +- 20%,,General Items,general_items,EA,,2026-07-12 10:48:42
clutch regulator,Clutch Regulator,,General Items,general_items,EA,,2026-07-12 10:48:42
lead wire,Lead Wire,,Electrical,electrical,EA,,2026-07-12 10:48:42
indoor fan,Indoor Fan,,General Items,general_items,EA,,2026-07-12 10:48:42
signal light set rear,Signal Light Set Rear,,General Items,general_items,EA,,2026-07-12 10:48:42
viper blade,Viper Blade,,General Items,general_items,EA,,2026-07-12 10:48:42
brake liner,Brake Liner,,General Items,general_items,EA,,2026-07-12 10:48:42
news paper,News Paper,,General Items,general_items,EA,,2026-07-12 10:48:42
1 masking tape,1 masking Tape,,General Items,general_items,EA,,2026-07-12 10:48:42
lock rear canopy door,Lock Rear Canopy Door,,General Items,general_items,EA,,2026-07-12 10:48:42
coconut oil,Coconut Oil,,Oil & Lubricants,oil_lubricants,EA,,2026-07-12 10:48:42
swip ring repair,Swip Ring Repair,,General Items,general_items,EA,,2026-07-12 10:48:42
beaming bozo,Beaming bozo,,General Items,general_items,EA,,2026-07-12 10:48:42
ship ring repair,Ship Ring repair,,General Items,general_items,EA,,2026-07-12 10:48:42
rotery coil winding,Rotery Coil Winding,,Electrical,electrical,EA,,2026-07-12 10:48:42
broom,Broom,,General Items,general_items,EA,,2026-07-12 10:48:42
fuel filter (pu-1059-3),Fuel Filter (PU-1059-3),,Filters,filters,EA,,2026-07-12 10:48:42
fuel filter (pl-421),Fuel Filter (PL-421),,Filters,filters,EA,,2026-07-12 10:48:42
oil filter (51-05504-0105),Oil Filter (51-05504-0105),,Filters,filters,EA,,2026-07-12 10:48:42
industrial socket,Industrial Socket,,General Items,general_items,EA,,2026-07-12 10:48:42
needle holding,Needle Holding,,General Items,general_items,EA,,2026-07-12 10:48:42
bearing 6004,Bearing 6004,,Bearings & Seals,bearings_seals,EA,,2026-07-12 10:48:42
condenser cbb60/4uf+-5%sh,Condenser CBB60/4uF+-5%SH,,General Items,general_items,EA,,2026-07-12 10:48:42
diesel bowser fuel pump,Diesel Bowser Fuel Pump,,General Items,general_items,EA,,2026-07-12 10:48:42
diesel tank cup key (cummer),Diesel Tank Cup Key (Cummer),,General Items,general_items,EA,,2026-07-12 10:48:42
hood light,Hood Light,,General Items,general_items,EA,,2026-07-12 10:48:42
injector repair,Injector Repair,,General Items,general_items,EA,,2026-07-12 10:48:42
diesel light filter,Diesel Light Filter,,Filters,filters,EA,,2026-07-12 10:48:42
oil hose,Oil Hose,,Hydraulics,hydraulics,EA,,2026-07-12 10:48:42
steering jack seal kit,Steering Jack Seal kit,,Bearings & Seals,bearings_seals,EA,,2026-07-12 10:48:42
wiper arm repair,Wiper Arm Repair,,General Items,general_items,EA,,2026-07-12 10:48:42
bush (long arm),Bush (Long Arm),,Bearings & Seals,bearings_seals,EA,,2026-07-12 10:48:42
viper motor repair,Viper Motor Repair,,General Items,general_items,EA,,2026-07-12 10:48:42
re condition starter motor,Re Condition Starter Motor,,Electrical,electrical,EA,,2026-07-12 10:48:42
seat belt r,Seat Belt R,,Belts,belts,EA,,2026-07-12 10:48:42
fuel water filter (highlighted),Fuel Water Filter (highlighted),,Filters,filters,EA,,2026-07-12 10:48:42
hydraulic filter (js-4013),Hydraulic Filter (JS-4013),,Filters,filters,EA,,2026-07-12 10:48:42
air filter (js-3001ar),Air Filter (JS-3001AR),,Filters,filters,EA,,2026-07-12 10:48:42
transmission oil filter (js-2069),Transmission Oil Filter (JS-2069),,Filters,filters,EA,,2026-07-12 10:48:42
door beading (2nd entry),Door Beading (2nd entry),,General Items,general_items,EA,,2026-07-12 10:48:42
12v/90ah battery,12V/90Ah battery,,Battery,battery,EA,,2026-07-12 10:48:42
radiator mount,Radiator Mount,,General Items,general_items,EA,,2026-07-12 10:48:42
meter cable,Meter Cable,,Electrical,electrical,EA,,2026-07-12 10:48:42
cable,Cable,,Electrical,electrical,EA,,2026-07-12 10:48:42
drying rubber,Drying Rubber,,General Items,general_items,EA,,2026-07-12 10:48:42
cylinder repair (right side),Cylinder Repair (Right Side),,Hydraulics,hydraulics,EA,,2026-07-12 10:48:42
single filament bulb holder,Single Filament Bulb Holder,,Electrical,electrical,EA,,2026-07-12 10:48:42
air filter (100044918),Air Filter (100044918),,Filters,filters,EA,,2026-07-12 10:48:42
oil filter (c-596),Oil Filter (C-596),,Filters,filters,EA,,2026-07-12 10:48:42
air filter (a-8553),Air Filter (A-8553),,Filters,filters,EA,,2026-07-12 10:48:42
13 amp plug top,13 Amp Plug Top,,Battery,battery,EA,,2026-07-12 10:48:42
13 amp plug base,13 Amp Plug Base,,Battery,battery,EA,,2026-07-12 10:48:42
double sun box,Double Sun Box,,General Items,general_items,EA,,2026-07-12 10:48:42
12v/120ah battery,12V/120Ah battery,,Battery,battery,EA,,2026-07-12 10:48:42
battery,Battery,,Battery,battery,EA,,2026-07-12 10:48:42
infrared thermometer,Infrared Thermometer,,General Items,general_items,EA,,2026-07-12 10:48:42
heat gun,Heat Gun,,General Items,general_items,EA,,2026-07-12 10:48:42
sleeve,sleeve,,General Items,general_items,EA,,2026-07-12 10:48:42
lock (synchro lock),Lock (Synchro Lock),,General Items,general_items,EA,,2026-07-12 10:48:42
rubber washer (outer),Rubber Washer (Outer),,General Items,general_items,EA,,2026-07-12 10:48:42
lock with spring,Lock with Spring,,General Items,general_items,EA,,2026-07-12 10:48:42
gear hub (3rd/4th),Gear Hub (3rd/4th),,General Items,general_items,EA,,2026-07-12 10:48:42
read putty,Read Putty,,General Items,general_items,EA,,2026-07-12 10:48:42
lacker,Lacker,,General Items,general_items,EA,,2026-07-12 10:48:42
black paint (jet black),Black Paint (Jet Black),,General Items,general_items,EA,,2026-07-12 10:48:42
hack saw blade,Hack Saw Blade,,General Items,general_items,EA,,2026-07-12 10:48:42
paint (white),Paint (White),,General Items,general_items,EA,,2026-07-12 10:48:42
cylinder head check/repair,Cylinder Head Check/Repair,,Hydraulics,hydraulics,EA,,2026-07-12 10:48:42
radiator tank cover,Radiator Tank Cover,,General Items,general_items,EA,,2026-07-12 10:48:42
fan belt (4t-1130),Fan Belt (4T-1130),,Belts,belts,EA,,2026-07-12 10:48:42
cam bearing set,Cam Bearing Set,,Bearings & Seals,bearings_seals,EA,,2026-07-12 10:48:42
head gasket kit (isuzu 4hf1),Head Gasket Kit (Isuzu 4HF1),,Bearings & Seals,bearings_seals,EA,,2026-07-12 10:48:42
field coil and armature,Field Coil and Armature,,Electrical,electrical,EA,,2026-07-12 10:48:42
brush set with holder,Brush Set with Holder,,General Items,general_items,EA,,2026-07-12 10:48:42
120/90 ah battery,120/90 Ah battery,,Battery,battery,EA,,2026-07-12 10:48:42
100w flusher (lbd),100w Flusher (LBD),,General Items,general_items,EA,,2026-07-12 10:48:42
led flash light (100w),LED Flash Light (100W),,Electrical,electrical,EA,,2026-07-12 10:48:42
oil filter (c-1515),Oil Filter (C-1515),,Filters,filters,EA,,2026-07-12 10:48:42
air filter aau-01174,Air Filter AAU-01174,,Filters,filters,EA,,2026-07-12 10:48:42
bearing set,Bearing Set,,Bearings & Seals,bearings_seals,EA,,2026-07-12 10:48:42
brush holder with regulator,Brush Holder with Regulator,,General Items,general_items,EA,,2026-07-12 10:48:42
fuel filter (099923) tf-9365,Fuel Filter (099923) TF-9365,,Filters,filters,EA,,2026-07-12 10:48:42
fuel filter (fs695100),Fuel Filter (FS695100),,Filters,filters,EA,,2026-07-12 10:48:42
oil filter (x4001000),Oil Filter (X4001000),,Filters,filters,EA,,2026-07-12 10:48:42
chamber washer,Chamber washer,,General Items,general_items,EA,,2026-07-12 10:48:42
diode plate (alternator),Diode Plate (Alternator),,Electrical,electrical,EA,,2026-07-12 10:48:42
24v regulator (alternator),24V Regulator (Alternator),,Electrical,electrical,EA,,2026-07-12 10:48:42
stop cable repair,Stop Cable Repair,,Electrical,electrical,EA,,2026-07-12 10:48:42
puskara,Puskara,,General Items,general_items,EA,,2026-07-12 10:48:42
oxygen welding rod (2mm),Oxygen Welding Rod (2mm),,General Items,general_items,EA,,2026-07-12 10:48:42
brass welding rod (3mm),Brass Welding Rod (3mm),,General Items,general_items,EA,,2026-07-12 10:48:42
fuel filter (wisep - 27660910909),Fuel Filter (WISEP - 27660910909),,Filters,filters,EA,,2026-07-12 10:48:42
fuel filter (278607989967),Fuel Filter (278607989967),,Filters,filters,EA,,2026-07-12 10:48:42
oil filter (c-219),Oil Filter (C-219),,Filters,filters,EA,,2026-07-12 10:48:42
fuel filter (js-1810),Fuel Filter (JS-1810),,Filters,filters,EA,,2026-07-12 10:48:42
fuel filter (js-1076),Fuel Filter (JS-1076),,Filters,filters,EA,,2026-07-12 10:48:42
spring blade repair (for spares),Spring Blade Repair (For Spares),,General Items,general_items,EA,,2026-07-12 10:48:42
air filter set (js-3231),Air Filter Set (JS-3231),,Filters,filters,EA,,2026-07-12 10:48:42
coolent filter (600-911-1161),Coolent Filter (600-911-1161),,Filters,filters,EA,,2026-07-12 10:48:42
2 pad lock,2 pad lock,,General Items,general_items,EA,,2026-07-12 10:48:42
araldite tube set,Araldite Tube Set,,Tyre,tyre,EA,,2026-07-12 10:48:42
carburetor & injector cleaner,Carburetor & Injector Cleaner,,General Items,general_items,EA,,2026-07-12 10:48:42
diesel cup,Diesel cup,,General Items,general_items,EA,,2026-07-12 10:48:42
turbocharger (repair),Turbocharger (Repair),,General Items,general_items,EA,,2026-07-12 10:48:42
a/c pump pin,A/C pump Pin,,General Items,general_items,EA,,2026-07-12 10:48:42
diesel pressor pipe,Diesel Pressor Pipe,,General Items,general_items,EA,,2026-07-12 10:48:42
diesel hose,Diesel Hose,,Hydraulics,hydraulics,EA,,2026-07-12 10:48:42
king pin spacer,King Pin Spacer,,General Items,general_items,EA,,2026-07-12 10:48:42
swing jack bush,Swing Jack Bush,,Bearings & Seals,bearings_seals,EA,,2026-07-12 10:48:42
bucket arm bush,Bucket Arm Bush,,Bearings & Seals,bearings_seals,EA,,2026-07-12 10:48:42
arm bush,Arm Bush,,Bearings & Seals,bearings_seals,EA,,2026-07-12 10:48:42
arm jack seal kit,Arm Jack Seal Kit,,Bearings & Seals,bearings_seals,EA,,2026-07-12 10:48:42
swing jack seal kit,Swing Jack Seal Kit,,Bearings & Seals,bearings_seals,EA,,2026-07-12 10:48:42
engine guard mount,Engine Guard Mount,,General Items,general_items,EA,,2026-07-12 10:48:42
drum mount,Drum Mount,,General Items,general_items,EA,,2026-07-12 10:48:42
track pad,Track Pad,,General Items,general_items,EA,,2026-07-12 10:48:42
clutch pump upper & down,Clutch Pump upper & down,,General Items,general_items,EA,,2026-07-12 10:48:42
clutch master pump repair kit,Clutch Master Pump Repair Kit,,General Items,general_items,EA,,2026-07-12 10:48:42
hose clip (medium sizes),Hose Clip (medium sizes),,Hydraulics,hydraulics,EA,,2026-07-12 10:48:42
hose clip (small sizes),Hose Clip (small sizes),,Hydraulics,hydraulics,EA,,2026-07-12 10:48:42
arm wire 1kg,Arm Wire 1kg,,Electrical,electrical,EA,,2026-07-12 10:48:42
truck line plate,Truck Line Plate,,General Items,general_items,EA,,2026-07-12 10:48:42
fuel filter (js-1876 / water separator),Fuel Filter (JS-1876 / Water Separator),,Filters,filters,EA,,2026-07-12 10:48:42
oil filter (js-2060),Oil Filter (JS-2060),,Filters,filters,EA,,2026-07-12 10:48:42
transmission oil filter (js-2120),Transmission Oil Filter (JS-2120),,Filters,filters,EA,,2026-07-12 10:48:42
wheel stud and bolt,Wheel Stud and Bolt,,Tyre,tyre,EA,,2026-07-12 10:48:42
32308 hub bearing,32308 Hub Bearing,,Bearings & Seals,bearings_seals,EA,,2026-07-12 10:48:42
56252 hub bearing,56252 Hub Bearing,,Bearings & Seals,bearings_seals,EA,,2026-07-12 10:48:42
32308 bearing,32308 Bearing,,Bearings & Seals,bearings_seals,EA,,2026-07-12 10:48:42
fuel filter (th-98306),Fuel Filter (TH-98306),,Filters,filters,EA,,2026-07-12 10:48:42
water separator filter head,Water Separator Filter Head,,Filters,filters,EA,,2026-07-12 10:48:42
fuel pump solenoid,Fuel Pump Solenoid,,Electrical,electrical,EA,,2026-07-12 10:48:42
fuel cut switch (24v),Fuel Cut Switch (24V),,Electrical,electrical,EA,,2026-07-12 10:48:42
steering shaft universal joint,Steering shaft universal joint,,General Items,general_items,EA,,2026-07-12 10:48:42
ball joint (tie rod end),Ball Joint (Tie Rod End),,General Items,general_items,EA,,2026-07-12 10:48:42
bearing after lathing,Bearing After Lathing,,Bearings & Seals,bearings_seals,EA,,2026-07-12 10:48:42
top shaft bearing 35tm,Top Shaft Bearing 35Tm,,Bearings & Seals,bearings_seals,EA,,2026-07-12 10:48:42
main shaft bearing 6306,Main Shaft Bearing 6306,,Bearings & Seals,bearings_seals,EA,,2026-07-12 10:48:42
counter shaft bearing 34rus64nc,Counter Shaft Bearing 34RUS64NC,,Bearings & Seals,bearings_seals,EA,,2026-07-12 10:48:42
bearer box mount,Bearer Box Mount,,General Items,general_items,EA,,2026-07-12 10:48:42
main shaft pilot bearing,Main Shaft Pilot bearing,,Bearings & Seals,bearings_seals,EA,,2026-07-12 10:48:42
gearbox mount,Gearbox mount,,General Items,general_items,EA,,2026-07-12 10:48:42
brass cone medium (rtcb),Brass cone medium (Rtcb),,General Items,general_items,EA,,2026-07-12 10:48:42
spaces (plastic),Spaces (Plastic),,General Items,general_items,EA,,2026-07-12 10:48:42
synchronizer springs,Synchronizer Springs,,General Items,general_items,EA,,2026-07-12 10:48:42
synchronizer lock wide,Synchronizer Lock wide,,General Items,general_items,EA,,2026-07-12 10:48:42
hub (4th),Hub (4th),,General Items,general_items,EA,,2026-07-12 10:48:42
gliding sleeve,Gliding Sleeve,,General Items,general_items,EA,,2026-07-12 10:48:42
brass cone (3rd/4th),Brass Cone (3rd/4th),,General Items,general_items,EA,,2026-07-12 10:48:42
brass cone (medium),Brass cone (Medium),,General Items,general_items,EA,,2026-07-12 10:48:42
brass cone (large),Brass cone (Large),,General Items,general_items,EA,,2026-07-12 10:48:42
crank oil seal packing,Crank Oil Seal Packing,,Bearings & Seals,bearings_seals,EA,,2026-07-12 10:48:42
fuel cut off switch,Fuel Cut off Switch,,Electrical,electrical,EA,,2026-07-12 10:48:42
fuel cut switch (12v),Fuel Cut Switch (12V),,Electrical,electrical,EA,,2026-07-12 10:48:42
side lamp (left side),Side lamp (left side),,Electrical,electrical,EA,,2026-07-12 10:48:42
3 jaw puller (16 inch),3 Jaw puller (16 inch),,General Items,general_items,EA,,2026-07-12 10:48:42
bearing puller set (jaw),Bearing Puller set (jaw),,Bearings & Seals,bearings_seals,EA,,2026-07-12 10:48:42
common rail tester kit,Common rail tester kit,,General Items,general_items,EA,,2026-07-12 10:48:42
diesel injector pressure tester,Diesel injector Pressure tester,,General Items,general_items,EA,,2026-07-12 10:48:42
3/8 anchor bolt,3/8 Anchor Bolt,,General Items,general_items,EA,,2026-07-12 10:48:42
hydrolic hose repair,Hydrolic Hose Repair,,Hydraulics,hydraulics,EA,,2026-07-12 10:48:42
hydraulic hose repair (small),Hydraulic Hose Repair (Small),,Hydraulics,hydraulics,EA,,2026-07-12 10:48:42
winder bending,Winder Bending,,General Items,general_items,EA,,2026-07-12 10:48:42
water pressure hose,Water pressure Hose,,Hydraulics,hydraulics,EA,,2026-07-12 10:48:42
voltage regulator (cutout),Voltage regulator (Cutout),,General Items,general_items,EA,,2026-07-12 10:48:42
starter button,Starter button,,Electrical,electrical,EA,,2026-07-12 10:48:42
bolt insulator bush,Bolt insulator bush,,Bearings & Seals,bearings_seals,EA,,2026-07-12 10:48:42
contact pieces bolt,Contact pieces bolt,,General Items,general_items,EA,,2026-07-12 10:48:42
contact pieces,Contact Pieces,,General Items,general_items,EA,,2026-07-12 10:48:42
brush holder with brush set,Brush holder with Brush set,,General Items,general_items,EA,,2026-07-12 10:48:42
line filter (27660999920),Line Filter (27660999920),,Filters,filters,EA,,2026-07-12 10:48:42
12v/150ah battery,12V/150Ah battery,,Battery,battery,EA,,2026-07-12 10:48:42
12v/100a battery,12V/100A battery,,Battery,battery,EA,,2026-07-12 10:48:42
solenoid,Solenoid,,Electrical,electrical,EA,,2026-07-12 10:48:42
hose clip (16-27),Hose clip (16-27),,Hydraulics,hydraulics,EA,,2026-07-12 10:48:42
temperature sensor,Temperature Sensor,,Electrical,electrical,EA,,2026-07-12 10:48:42
diesel filter (steel),Diesel filter (Steel),,Filters,filters,EA,,2026-07-12 10:48:42
compressor head,Compressor Head,,General Items,general_items,EA,,2026-07-12 10:48:42
compressor gasket kit,Compressor Gasket kit,,Bearings & Seals,bearings_seals,EA,,2026-07-12 10:48:42
line folder,Line Folder,,General Items,general_items,EA,,2026-07-12 10:48:42
ignition coil,Ignition Coil,,Electrical,electrical,EA,,2026-07-12 10:48:42
stop cable ball joint,Stop Cable ball joint,,Electrical,electrical,EA,,2026-07-12 10:48:42
brush holder / brush,Brush Holder / Brush,,General Items,general_items,EA,,2026-07-12 10:48:42
clutch master pump,Clutch Master Pump,,General Items,general_items,EA,,2026-07-12 10:48:42
brake ratchet,Brake Ratchet,,General Items,general_items,EA,,2026-07-12 10:48:42
road return switch,Road Return Switch,,Electrical,electrical,EA,,2026-07-12 10:48:42
dettol plaster,Dettol Plaster,,General Items,general_items,EA,,2026-07-12 10:48:42
rubber hand gloves,Rubber Hand Gloves,,General Items,general_items,EA,,2026-07-12 10:48:42
sand paper (800),Sand Paper (800),,General Items,general_items,EA,,2026-07-12 10:48:42
starter motor (repair),Starter motor (Repair),,Electrical,electrical,EA,,2026-07-12 10:48:42
starter motor (new),Starter motor (New),,Electrical,electrical,EA,,2026-07-12 10:48:42
hand brake liner,Hand brake liner,,General Items,general_items,EA,,2026-07-12 10:48:42
gear bush set,Gear bush set,,Bearings & Seals,bearings_seals,EA,,2026-07-12 10:48:42
shack lock,Shack Lock,,General Items,general_items,EA,,2026-07-12 10:48:42
12v electric horn,12V Electric Horn,,Electrical,electrical,EA,,2026-07-12 10:48:42
7c-1001 fuel filter,7C-1001 Fuel Filter,,Filters,filters,EA,,2026-07-12 10:48:42
water fuel filter,Water Fuel Filter,,Filters,filters,EA,,2026-07-12 10:48:42
fuel filter (f002h20306),Fuel Filter (F002H20306),,Filters,filters,EA,,2026-07-12 10:48:42
oil filter (th-93286 / 253a10130169),Oil Filter (TH-93286 / 253A10130169),,Filters,filters,EA,,2026-07-12 10:48:42
connecting hose,Connecting Hose,,Hydraulics,hydraulics,EA,,2026-07-12 10:48:42
water temperature sensor,Water Temperature Sensor,,Electrical,electrical,EA,,2026-07-12 10:48:42
abite packing,Abite Packing,,General Items,general_items,EA,,2026-07-12 10:48:42
fuel filter element,Fuel Filter Element,,Filters,filters,EA,,2026-07-12 10:48:42
air filter (13060625),Air Filter (13060625),,Filters,filters,EA,,2026-07-12 10:48:42
fuel filter (fc-576),Fuel Filter (FC-576),,Filters,filters,EA,,2026-07-12 10:48:42
oil filter (c-6101),Oil Filter (C-6101),,Filters,filters,EA,,2026-07-12 10:48:42
hy hose repaor l,Hy hose repaor L,,Hydraulics,hydraulics,EA,,2026-07-12 10:48:42
bronze rod,Bronze rod,,General Items,general_items,EA,,2026-07-12 10:48:42
bronze rod bush,Bronze rod bush,,Bearings & Seals,bearings_seals,EA,,2026-07-12 10:48:42
dead light,Dead light,,General Items,general_items,EA,,2026-07-12 10:48:42
air filter (276609139909),Air Filter (276609139909),,Filters,filters,EA,,2026-07-12 10:48:42
fuel water separator (276609119009),Fuel Water Separator (276609119009),,General Items,general_items,EA,,2026-07-12 10:48:42
fuel filter (1001caa1488in),Fuel Filter (1001CAA1488IN),,Filters,filters,EA,,2026-07-12 10:48:42
oil filter (th93296),Oil Filter (TH93296),,Filters,filters,EA,,2026-07-12 10:48:42
diesel filter,Diesel Filter,,Filters,filters,EA,,2026-07-12 10:48:42
great liver boots,Great Liver Boots,,General Items,general_items,EA,,2026-07-12 10:48:42
elec. repair,Elec. repair,,General Items,general_items,EA,,2026-07-12 10:48:42
cylinder handle,Cylinder Handle,,Hydraulics,hydraulics,EA,,2026-07-12 10:48:42
tractor hitch lock,Tractor Hitch Lock,,General Items,general_items,EA,,2026-07-12 10:48:42
bush (collor bush),Bush (Collor bush),,Bearings & Seals,bearings_seals,EA,,2026-07-12 10:48:42
bush (60x95x90),Bush (60x95x90),,Bearings & Seals,bearings_seals,EA,,2026-07-12 10:48:42
hy hose repair (union 2),Hy Hose Repair (Union 2),,Hydraulics,hydraulics,EA,,2026-07-12 10:48:42
electric repair,Electric Repair,,General Items,general_items,EA,,2026-07-12 10:48:42
dash board meter / speedometer,Dash Board meter / Speedometer,,General Items,general_items,EA,,2026-07-12 10:48:42
head light (lh),Head light (LH),,Electrical,electrical,EA,,2026-07-12 10:48:42
a/c repair 25/?,A/C Repair 25/?,,General Items,general_items,EA,,2026-07-12 10:48:42
winder switch,Winder switch,,Electrical,electrical,EA,,2026-07-12 10:48:42
silicone (black),Silicone (Black),,General Items,general_items,EA,,2026-07-12 10:48:42
shims (150x95x1),Shims (150x95x1),,General Items,general_items,EA,,2026-07-12 10:48:42
shims (195x95x1),Shims (195x95x1),,General Items,general_items,EA,,2026-07-12 10:48:42
fan clutch,Fan Clutch,,General Items,general_items,EA,,2026-07-12 10:48:42
clutch pan pully,Clutch Pan Pully,,General Items,general_items,EA,,2026-07-12 10:48:42
air connector t,Air Connector T,,General Items,general_items,EA,,2026-07-12 10:48:42
8mm air connector socket,8mm Air connector Socket,,General Items,general_items,EA,,2026-07-12 10:48:42
4mm air connector socket,4mm Air connector Socket,,General Items,general_items,EA,,2026-07-12 10:48:42
6mm air connector,6mm Air connector,,General Items,general_items,EA,,2026-07-12 10:48:42
8mm air hose,8mm Air Hose,,Hydraulics,hydraulics,EA,,2026-07-12 10:48:42
bearing 79020,Bearing 79020,,Bearings & Seals,bearings_seals,EA,,2026-07-12 10:48:42
bearing 30209,Bearing 30209,,Bearings & Seals,bearings_seals,EA,,2026-07-12 10:48:42
startor motor contact,Startor motor contact,,General Items,general_items,EA,,2026-07-12 10:48:42
starter motor contact,Starter motor contact,,Electrical,electrical,EA,,2026-07-12 10:48:42
starter motor solenoid contractor,Starter Motor Solenoid Contractor,,Electrical,electrical,EA,,2026-07-12 10:48:42
brake pad lock,Brake Pad Lock,,General Items,general_items,EA,,2026-07-12 10:48:42
brake disc,Brake disc,,General Items,general_items,EA,,2026-07-12 10:48:42
1999 selastic,1999 Selastic,,General Items,general_items,EA,,2026-07-12 10:48:42
copper washer (large),Copper Washer (Large),,General Items,general_items,EA,,2026-07-12 10:48:42
copper washer (small),Copper washer (Small),,General Items,general_items,EA,,2026-07-12 10:48:42
injector o rings,Injector O Rings,,General Items,general_items,EA,,2026-07-12 10:48:42
injector oil seal,Injector Oil Seal,,Bearings & Seals,bearings_seals,EA,,2026-07-12 10:48:42
fuel filter (ff-185),Fuel Filter (FF-185),,Filters,filters,EA,,2026-07-12 10:48:42
note book,Note Book,,General Items,general_items,EA,,2026-07-12 10:48:42
door aposting (6/1/25),Door Aposting (6/1/25),,General Items,general_items,EA,,2026-07-12 10:48:42
(6/1/26) flow carpet,(6/1/26) Flow Carpet,,General Items,general_items,EA,,2026-07-12 10:48:42
(6/1/26) seat cushion,(6/1/26) Seat cushion,,General Items,general_items,EA,,2026-07-12 10:48:42
thrust bearing (set),Thrust Bearing (Set),,Bearings & Seals,bearings_seals,EA,,2026-07-12 10:48:42
rings,Rings,,General Items,general_items,EA,,2026-07-12 10:48:42
wire brush,Wire Brush,,Electrical,electrical,EA,,2026-07-12 10:48:42
paint brush,Paint Brush,,General Items,general_items,EA,,2026-07-12 10:48:42
anticorrosive (black),Anticorrosive (Black),,General Items,general_items,EA,,2026-07-12 10:48:42
service gun repair,Service Gun Repair,,General Items,general_items,EA,,2026-07-12 10:48:43
water seal,Water Seal,,Bearings & Seals,bearings_seals,EA,,2026-07-12 10:48:43
dah-2471,DAH-2471,,General Items,general_items,EA,,2026-07-12 10:48:43
hydraulic pump coupling,Hydraulic Pump coupling,,Hydraulics,hydraulics,EA,,2026-07-12 10:48:43
rubber,Rubber,,General Items,general_items,EA,,2026-07-12 10:48:43
cover plate,Cover Plate,,General Items,general_items,EA,,2026-07-12 10:48:43
40 amp main fuse,40 Amp Main Fuse,,Battery,battery,EA,,2026-07-12 10:48:43
banjo washer 24,Banjo Washer 24,,General Items,general_items,EA,,2026-07-12 10:48:43
banjo washer 22,Banjo Washer 22,,General Items,general_items,EA,,2026-07-12 10:48:43
banjo washer 19,Banjo Washer 19,,General Items,general_items,EA,,2026-07-12 10:48:43
banjo washer 17,Banjo Washer 17,,General Items,general_items,EA,,2026-07-12 10:48:43
a/c reapir,A/C Reapir,,General Items,general_items,EA,,2026-07-12 10:48:43
hy/ pressor sensor,Hy/ Pressor Sensor,,Electrical,electrical,EA,,2026-07-12 10:48:43
pressure sensor switch,Pressure Sensor Switch,,Electrical,electrical,EA,,2026-07-12 10:48:43
ceo foglight (24v),CEO Foglight (24V),,General Items,general_items,EA,,2026-07-12 10:48:43
toggle switch,Toggle Switch,,Electrical,electrical,EA,,2026-07-12 10:48:43
2 way switch (5 amp),2 way Switch (5 Amp),,Battery,battery,EA,,2026-07-12 10:48:43
fuel filter. fc-1503,Fuel Filter. Fc-1503,,Filters,filters,EA,,2026-07-12 10:48:43
nut & bolt (3 length),Nut & Bolt (3 Length),,General Items,general_items,EA,,2026-07-12 10:48:43
nut & bolt,Nut & Bolt,,General Items,general_items,EA,,2026-07-12 10:48:43
15 amp fuse,15 Amp Fuse,,Battery,battery,EA,,2026-07-12 10:48:43
fuel filter (wisep - js-1019),Fuel Filter (WISEP - JS-1019),,Filters,filters,EA,,2026-07-12 10:48:43
fuel filter (sff-5466),Fuel Filter (SFF-5466),,Filters,filters,EA,,2026-07-12 10:48:43
air filter (a-149),Air Filter (A-149),,Filters,filters,EA,,2026-07-12 10:48:43
main bearing (set),Main Bearing (Set),,Bearings & Seals,bearings_seals,EA,,2026-07-12 10:48:43
piston (set),Piston (Set),,General Items,general_items,EA,,2026-07-12 10:48:43
sleeve (set),Sleeve (Set),,General Items,general_items,EA,,2026-07-12 10:48:43
fog light (led),Fog light (LED),,Electrical,electrical,EA,,2026-07-12 10:48:43
air filter (a-5553),Air Filter (A-5553),,Filters,filters,EA,,2026-07-12 10:48:43
fuel filter (wisep - 32/925994),Fuel Filter (WISEP - 32/925994),,Filters,filters,EA,,2026-07-12 10:48:43
starter relay (6/12/25),Starter Relay (6/12/25),,Electrical,electrical,EA,,2026-07-12 10:48:43
a/c blow motor,A/c Blow Motor,,General Items,general_items,EA,,2026-07-12 10:48:43
air filter a-136,Air Filter A-136,,Filters,filters,EA,,2026-07-12 10:48:43
gasket with full packing set,Gasket with full packing set,,Bearings & Seals,bearings_seals,EA,,2026-07-12 10:48:43
piston rod,Piston Rod,,General Items,general_items,EA,,2026-07-12 10:48:43
blush holder with brush set,Blush Holder with Brush Set,,General Items,general_items,EA,,2026-07-12 10:48:43
fuel filter (wisep - 4a15122),Fuel Filter (WISEP - 4A15122),,Filters,filters,EA,,2026-07-12 10:48:43
oil filter (2654a07),Oil Filter (2654A07),,Filters,filters,EA,,2026-07-12 10:48:43
fuel filter (278607909967),Fuel Filter (278607909967),,Filters,filters,EA,,2026-07-12 10:48:43
fuel filter (wisep - 27860910909),Fuel Filter (WISEP - 27860910909),,Filters,filters,EA,,2026-07-12 10:48:43
adblue filter (016340003601),AdBlue Filter (016340003601),,Filters,filters,EA,,2026-07-12 10:48:43
fuel filter (27860999922),Fuel Filter (27860999922),,Filters,filters,EA,,2026-07-12 10:48:43
fuel filter (water sep - 22064770902),Fuel Filter (Water Sep - 22064770902),,Filters,filters,EA,,2026-07-12 10:48:43
oil filter (2766199999),Oil Filter (2766199999),,Filters,filters,EA,,2026-07-12 10:48:43
air filter (a-145),Air Filter (A-145),,Filters,filters,EA,,2026-07-12 10:48:43
fuel filter (fo-158),Fuel Filter (FO-158),,Filters,filters,EA,,2026-07-12 10:48:43
priton card (60mm),Priton card (60mm),,General Items,general_items,EA,,2026-07-12 10:48:43
vices bum,Vices Bum,,General Items,general_items,EA,,2026-07-12 10:48:43
scissors,Scissors,,General Items,general_items,EA,,2026-07-12 10:48:43
povidone iodine solution,Povidone Iodine Solution,,General Items,general_items,EA,,2026-07-12 10:48:43
antiseptic cream,Antiseptic Cream,,General Items,general_items,EA,,2026-07-12 10:48:43
panadol box,Panadol Box,,General Items,general_items,EA,,2026-07-12 10:48:43
bandage roll,Bandage Roll,,General Items,general_items,EA,,2026-07-12 10:48:43
gauze,Gauze,,General Items,general_items,EA,,2026-07-12 10:48:43
cotton wool (30g),Cotton Wool (30g),,General Items,general_items,EA,,2026-07-12 10:48:43
surgical spirit,Surgical Spirit,,General Items,general_items,EA,,2026-07-12 10:48:43
re-condition gear box,Re-condition Gear Box,,General Items,general_items,EA,,2026-07-12 10:48:43
soap,Soap,,General Items,general_items,EA,,2026-07-12 10:48:43
bearing 6201 z,Bearing 6201 Z,,Bearings & Seals,bearings_seals,EA,,2026-07-12 10:48:43
inject pump line nozzell,Inject Pump Line Nozzell,,General Items,general_items,EA,,2026-07-12 10:48:43
main jack bush,Main Jack Bush,,Bearings & Seals,bearings_seals,EA,,2026-07-12 10:48:43
bars starting key switch,Bars Starting key Switch,,Electrical,electrical,EA,,2026-07-12 10:48:43
hand spray (black),Hand Spray (Black),,General Items,general_items,EA,,2026-07-12 10:48:43
pain relief cream,Pain Relief Cream,,General Items,general_items,EA,,2026-07-12 10:48:43
vicks balm,Vicks Balm,,General Items,general_items,EA,,2026-07-12 10:48:43
scissor,Scissor,,General Items,general_items,EA,,2026-07-12 10:48:43
hrs meter,Hrs meter,,General Items,general_items,EA,,2026-07-12 10:48:43
single phase motor,Single Phase Motor,,General Items,general_items,EA,,2026-07-12 10:48:43
water dispenser,Water Dispenser,,General Items,general_items,EA,,2026-07-12 10:48:43
feed pump repair,Feed pump repair,,General Items,general_items,EA,,2026-07-12 10:48:43
alternator regulator,Alternator Regulator,,Electrical,electrical,EA,,2026-07-12 10:48:43
120a battery,120A Battery,,Battery,battery,EA,,2026-07-12 10:48:43
hy pressor sensor (240),Hy Pressor Sensor (240),,Electrical,electrical,EA,,2026-07-12 10:48:43
fuel filter set (fhn 4000/400/500),Fuel Filter Set (FHN 4000/400/500),,Filters,filters,EA,,2026-07-12 10:48:43
battery clip,Battery Clip,,Battery,battery,EA,,2026-07-12 10:48:43
petrol (super),Petrol (Super),,General Items,general_items,EA,,2026-07-12 10:48:43
synchro grease,Synchro Grease,,Oil & Lubricants,oil_lubricants,EA,,2026-07-12 10:48:43
sand paper (500),Sand Paper (500),,General Items,general_items,EA,,2026-07-12 10:48:43
24v fog light bulb,24V Fog Light Bulb,,Electrical,electrical,EA,,2026-07-12 10:48:43
steel epoxy glue,Steel Epoxy Glue,,General Items,general_items,EA,,2026-07-12 10:48:43
engine machining work (full set),Engine machining work (full set),,General Items,general_items,EA,,2026-07-12 10:48:43
gasket overall kit,Gasket Overall kit,,Bearings & Seals,bearings_seals,EA,,2026-07-12 10:48:43
turbo packing,Turbo Packing,,General Items,general_items,EA,,2026-07-12 10:48:43
oil seal (top & main shaft),Oil Seal (Top & main shaft),,Bearings & Seals,bearings_seals,EA,,2026-07-12 10:48:43
main shaft bearing 6306x3,Main Shaft Bearing 6306x3,,Bearings & Seals,bearings_seals,EA,,2026-07-12 10:48:43
counter (front) bearing,counter (Front) bearing,,Bearings & Seals,bearings_seals,EA,,2026-07-12 10:48:43
elec system repair,Elec system repair,,General Items,general_items,EA,,2026-07-12 10:48:43
electric tester,Electric Tester,,General Items,general_items,EA,,2026-07-12 10:48:43
electric board,Electric Board,,General Items,general_items,EA,,2026-07-12 10:48:43
12v/65amp new battery,12V/65Amp New Battery,,Battery,battery,EA,,2026-07-12 10:48:43
jack shaft repair,Jack shaft repair,,General Items,general_items,EA,,2026-07-12 10:48:43
fuel filter (27860911904),Fuel Filter (27860911904),,Filters,filters,EA,,2026-07-12 10:48:43
fuel filter (278607989916),Fuel Filter (278607989916),,Filters,filters,EA,,2026-07-12 10:48:43
fuel water separator (sfc-7910-30),Fuel Water Separator (SFC-7910-30),,General Items,general_items,EA,,2026-07-12 10:48:43
chain link,Chain Link,,General Items,general_items,EA,,2026-07-12 10:48:43
screw chain,Screw chain,,General Items,general_items,EA,,2026-07-12 10:48:43
fuel filter (wisep - 22074770902),Fuel Filter (WISEP - 22074770902),,Filters,filters,EA,,2026-07-12 10:48:43
fuel filter (2766999982),Fuel Filter (2766999982),,Filters,filters,EA,,2026-07-12 10:48:43
fuel filter (wisep - 29054770902),Fuel Filter (WISEP - 29054770902),,Filters,filters,EA,,2026-07-12 10:48:43
fuel filter (2992669),Fuel Filter (2992669),,Filters,filters,EA,,2026-07-12 10:48:43
6205 z bearing,6205 Z Bearing,,Bearings & Seals,bearings_seals,EA,,2026-07-12 10:48:43
12v 3 pin relay (signal),12V 3 Pin Relay (Signal),,Electrical,electrical,EA,,2026-07-12 10:48:43
fuse holder (30m),Fuse Holder (30m),,Electrical,electrical,EA,,2026-07-12 10:48:43
hose clip set,Hose Clip Set,,Hydraulics,hydraulics,EA,,2026-07-12 10:48:43
cable bulb 12v/3w,Cable Bulb 12V/3W,,Electrical,electrical,EA,,2026-07-12 10:48:43
cable bulb 24v/5w,Cable Bulb 24V/5W,,Electrical,electrical,EA,,2026-07-12 10:48:43
24v headlight bulb,24V Headlight Bulb,,Electrical,electrical,EA,,2026-07-12 10:48:43
12v headlight bulb,12V Headlight Bulb,,Electrical,electrical,EA,,2026-07-12 10:48:43
24v d/t bulb,24V D/T Bulb,,Electrical,electrical,EA,,2026-07-12 10:48:43
24v/100w auto bulb,24V/100W Auto Bulb,,Electrical,electrical,EA,,2026-07-12 10:48:43
12v/100w auto bulb,12V/100W Auto Bulb,,Electrical,electrical,EA,,2026-07-12 10:48:43
relay 12v/5pin,Relay 12V/5pin,,Electrical,electrical,EA,,2026-07-12 10:48:43
bush (clutch paddle),Bush (Clutch Paddle),,Bearings & Seals,bearings_seals,EA,,2026-07-12 10:48:43
pendant switch,Pendant Switch,,Electrical,electrical,EA,,2026-07-12 10:48:43
angle valve,Angle Valve,,General Items,general_items,EA,,2026-07-12 10:48:43
nut 8x100,Nut 8x100,,General Items,general_items,EA,,2026-07-12 10:48:43
c-bush (55%),C-Bush (55%),,Bearings & Seals,bearings_seals,EA,,2026-07-12 10:48:43
fuel filter (26560001),Fuel Filter (26560001),,Filters,filters,EA,,2026-07-12 10:48:43
fuel filter (sfc-7930),Fuel Filter (SFC-7930),,Filters,filters,EA,,2026-07-12 10:48:43
oil filter (2654407 / c-5103 sakura),Oil Filter (2654407 / C-5103 Sakura),,Filters,filters,EA,,2026-07-12 10:48:43
turbo,Turbo,,General Items,general_items,EA,,2026-07-12 10:48:43
3. clutch pedal bush,3. Clutch pedal bush,,Bearings & Seals,bearings_seals,EA,,2026-07-12 10:48:43
2. master cylinder rod pin,2. Master cylinder rod pin,,Hydraulics,hydraulics,EA,,2026-07-12 10:48:43
1. clutch master cylinder,1. Clutch master cylinder,,Hydraulics,hydraulics,EA,,2026-07-12 10:48:43
clip (fan support clamp),Clip (Fan Support Clamp),,General Items,general_items,EA,,2026-07-12 10:48:43
relay (12v),Relay (12V),,Electrical,electrical,EA,,2026-07-12 10:48:43
oil filter (c-1112),Oil Filter (C-1112),,Filters,filters,EA,,2026-07-12 10:48:43
adjustment shim (swing motor) great beam,Adjustment Shim (Swing motor) Great Beam,,General Items,general_items,EA,,2026-07-12 10:48:43
7. starter motor solenoid,7. Starter Motor Solenoid,,Electrical,electrical,EA,,2026-07-12 10:48:43
6. turbo packing,6. Turbo Packing,,General Items,general_items,EA,,2026-07-12 10:48:43
5. cabin shock absorber,5. Cabin Shock Absorber,,General Items,general_items,EA,,2026-07-12 10:48:43
4. ball joint,4. Ball joint,,General Items,general_items,EA,,2026-07-12 10:48:43
3. 12v / relay,3. 12V / Relay,,Electrical,electrical,EA,,2026-07-12 10:48:43
2. 24v / safety solenoid,2. 24V / Safety Solenoid,,Electrical,electrical,EA,,2026-07-12 10:48:43
1. hydraulic level stick,1. Hydraulic Level Stick,,Hydraulics,hydraulics,EA,,2026-07-12 10:48:43
empty tool box,Empty Tool Box,,General Items,general_items,EA,,2026-07-12 10:48:43
alternator regulator 12v,Alternator Regulator 12V,,Electrical,electrical,EA,,2026-07-12 10:48:43
diode plate / ic regulator,Diode Plate / IC Regulator,,General Items,general_items,EA,,2026-07-12 10:48:43
rocker / mounting clamp +1,Rocker / Mounting Clamp +1,,General Items,general_items,EA,,2026-07-12 10:48:43
stop solonide,Stop Solonide,,General Items,general_items,EA,,2026-07-12 10:48:43
engine stop solenoid,Engine stop solenoid,,Electrical,electrical,EA,,2026-07-12 10:48:43
ic regulator,IC regulator,,General Items,general_items,EA,,2026-07-12 10:48:43
tail light (set),Tail Light (Set),,Electrical,electrical,EA,,2026-07-12 10:48:43
combination switch set,Combination Switch set,,Electrical,electrical,EA,,2026-07-12 10:48:43
fuel hose (318),Fuel hose (318),,Hydraulics,hydraulics,EA,,2026-07-12 10:48:43
battery terminal pole type (-),Battery terminal Pole type (-),,Battery,battery,EA,,2026-07-12 10:48:43
battery terminal pole type (+),Battery terminal Pole type (+),,Battery,battery,EA,,2026-07-12 10:48:43
grease nipple (10 sl),Grease nipple (10 SL),,Oil & Lubricants,oil_lubricants,EA,,2026-07-12 10:48:43
4. clutch oil tank,4. Clutch Oil tank,,Oil & Lubricants,oil_lubricants,EA,,2026-07-12 10:48:43
3. clutch master pump +1,3. Clutch master pump +1,,General Items,general_items,EA,,2026-07-12 10:48:43
2. clutch slave pump,2. Clutch slave pump,,General Items,general_items,EA,,2026-07-12 10:48:43
1. diesel hose,1. Diesel Hose,,Hydraulics,hydraulics,EA,,2026-07-12 10:48:43
h4 breather filter,H4 Breather Filter,,Filters,filters,EA,,2026-07-12 10:48:43
24v signal flasher,24V Signal Flasher,,General Items,general_items,EA,,2026-07-12 10:48:43
h3934 seal o ring,H3934 Seal o ring,,Bearings & Seals,bearings_seals,EA,,2026-07-12 10:48:43
coil re-winding,Coil Re-winding,,Electrical,electrical,EA,,2026-07-12 10:48:43
door lock new,Door Lock New,,General Items,general_items,EA,,2026-07-12 10:48:43
nylon rod (������),Nylon Rod (������),,General Items,general_items,EA,,2026-07-12 10:48:43
cable tie (4x400),Cable Tie (4x400),,Electrical,electrical,EA,,2026-07-12 10:48:43
cable tie (4x200),Cable Tie (4x200),,Electrical,electrical,EA,,2026-07-12 10:48:43
cable tie (4x300),Cable Tie (4x300),,Electrical,electrical,EA,,2026-07-12 10:48:43
nylon rod (1������),Nylon Rod (1������),,General Items,general_items,EA,,2026-07-12 10:48:43
battery terminal (normal type),Battery Terminal (Normal Type),,Battery,battery,EA,,2026-07-12 10:48:43
battery terminal (butterfly type),Battery Terminal (Butterfly Type),,Battery,battery,EA,,2026-07-12 10:48:43
fuel filter (8193841),Fuel Filter (8193841),,Filters,filters,EA,,2026-07-12 10:48:43
fuel filter (11110683),Fuel Filter (11110683),,Filters,filters,EA,,2026-07-12 10:48:43
oil filter (3931236),Oil Filter (3931236),,Filters,filters,EA,,2026-07-12 10:48:43
carbon brush set,Carbon Brush Set,,General Items,general_items,EA,,2026-07-12 10:48:43
signal light switch,Signal Light Switch,,Electrical,electrical,EA,,2026-07-12 10:48:43
battery pad repair,Battery pad repair,,Battery,battery,EA,,2026-07-12 10:48:43
governor lever,Governor Lever,,General Items,general_items,EA,,2026-07-12 10:48:43
filter kit (585-4910xx),Filter Kit (585-4910xx),,Filters,filters,EA,,2026-07-12 10:48:43
fuel filter (f002h01 999),Fuel Filter (F002H01 999),,Filters,filters,EA,,2026-07-12 10:48:43
oil filter (0700189017),Oil Filter (0700189017),,Filters,filters,EA,,2026-07-12 10:48:43
2. fan (welding plant),2. Fan (welding Plant),,General Items,general_items,EA,,2026-07-12 10:48:43
1. 2 way welding plant switch,1. 2 Way Welding Plant Switch,,Electrical,electrical,EA,,2026-07-12 10:48:43
2. belt adjuster,2. Belt Adjuster,,Belts,belts,EA,,2026-07-12 10:48:43
1. fan belt (spk 1835) +1,1. Fan Belt (SPK 1835) +1,,Belts,belts,EA,,2026-07-12 10:48:43
alternator & light repair,Alternator & Light Repair,,Electrical,electrical,EA,,2026-07-12 10:48:43
h3927 seal o ring,H3927 Seal o ring,,Bearings & Seals,bearings_seals,EA,,2026-07-12 10:48:43
12 joint socket set (encham),12 Joint Socket Set (Encham),,General Items,general_items,EA,,2026-07-12 10:48:43
caliper seal kit,Caliper Seal Kit,,Bearings & Seals,bearings_seals,EA,,2026-07-12 10:48:43
clutch pack large,Clutch Pack Large,,General Items,general_items,EA,,2026-07-12 10:48:43
clutch pack small,Clutch Pack Small,,General Items,general_items,EA,,2026-07-12 10:48:43
9. 12 point socket set (inches),9. 12 Point Socket set (inches),,General Items,general_items,EA,,2026-07-12 10:48:43
8. caliper seal kit,8. Caliper seal kit,,Bearings & Seals,bearings_seals,EA,,2026-07-12 10:48:43
7. caliper seal kit,7. Caliper Seal kit,,Bearings & Seals,bearings_seals,EA,,2026-07-12 10:48:43
6. caliper seal,6. Caliper Seal,,Bearings & Seals,bearings_seals,EA,,2026-07-12 10:48:43
5. o-ring,5. O-ring,,Bearings & Seals,bearings_seals,EA,,2026-07-12 10:48:43
4. clutch pack (large),4. Clutch pack (Large),,General Items,general_items,EA,,2026-07-12 10:48:43
3. clutch pack (small),3. Clutch pack (Small),,General Items,general_items,EA,,2026-07-12 10:48:43
2. oil seal,2. Oil Seal,,Bearings & Seals,bearings_seals,EA,,2026-07-12 10:48:43
1. transmission filter,1. Transmission filter,,Filters,filters,EA,,2026-07-12 10:48:43
gasket shellac,Gasket Shellac,,Bearings & Seals,bearings_seals,EA,,2026-07-12 10:48:43
thread seal,Thread Seal,,Bearings & Seals,bearings_seals,EA,,2026-07-12 10:48:43
fuel cut off solenoid,Fuel Cut off Solenoid,,Electrical,electrical,EA,,2026-07-12 10:48:43
2. speaker (12v),2. Speaker (12V),,General Items,general_items,EA,,2026-07-12 10:48:43
1. power shutter motor,1. Power Shutter motor,,General Items,general_items,EA,,2026-07-12 10:48:43
2. brake light set,2. Brake light Set,,General Items,general_items,EA,,2026-07-12 10:48:43
1. wiper blade (24),1. Wiper Blade (24),,General Items,general_items,EA,,2026-07-12 10:48:43
hydrolic presure machine,Hydrolic Presure Machine,,General Items,general_items,EA,,2026-07-12 10:48:43
auto wine,Auto wine,,General Items,general_items,EA,,2026-07-12 10:48:43
nut bolt,Nut Bolt,,General Items,general_items,EA,,2026-07-12 10:48:43
wd-40 (400ml),WD-40 (400ml),,General Items,general_items,EA,,2026-07-12 10:48:43
24v 5 pin relay (single),24V 5 Pin Relay (single),,Electrical,electrical,EA,,2026-07-12 10:48:43
thread lock,Thread Lock,,General Items,general_items,EA,,2026-07-12 10:48:43
auto wire (roll),Auto Wire (Roll),,Electrical,electrical,EA,,2026-07-12 10:48:43
fuse (10/15/20/25a),Fuse (10/15/20/25A),,Electrical,electrical,EA,,2026-07-12 10:48:43
48v relay,48V Relay,,Electrical,electrical,EA,,2026-07-12 10:48:43
mini fuse (various a),Mini Fuse (Various A),,Electrical,electrical,EA,,2026-07-12 10:48:43
multimeter (digital),Multimeter (Digital),,General Items,general_items,EA,,2026-07-12 10:48:43
24v head light bulb,24V Head Light Bulb,,Electrical,electrical,EA,,2026-07-12 10:48:43
seatastic 999,Seatastic 999,,General Items,general_items,EA,,2026-07-12 10:48:43
filter,Filter,,Filters,filters,EA,,2026-07-12 10:48:43
fuel filter (fc-1009),Fuel Filter (FC-1009),,Filters,filters,EA,,2026-07-12 10:48:43
door beading,Door Beading,,General Items,general_items,EA,,2026-07-12 10:48:43
gear lever bush,Gear Lever bush,,Bearings & Seals,bearings_seals,EA,,2026-07-12 10:48:43
side mirror (l/r),Side Mirror (L/R),,General Items,general_items,EA,,2026-07-12 10:48:43
signal light (l/r),Signal Light (L/R),,General Items,general_items,EA,,2026-07-12 10:48:43
head light (l/r),Head Light (L/R),,Electrical,electrical,EA,,2026-07-12 10:48:43
3. banjo bolt,3. Banjo bolt,,General Items,general_items,EA,,2026-07-12 10:48:43
2. gear lever bush,2. Gear lever bush,,Bearings & Seals,bearings_seals,EA,,2026-07-12 10:48:43
1. battery post repair +1,1. Battery Post repair +1,,Battery,battery,EA,,2026-07-12 10:48:43
0-570 oil filter,0-570 Oil Filter,,Filters,filters,EA,,2026-07-12 10:48:43
cabin air balloon,Cabin Air balloon,,General Items,general_items,EA,,2026-07-12 10:48:43
light repair (tail light),Light Repair (Tail light),,Electrical,electrical,EA,,2026-07-12 10:48:43
2. alternator repair,2. Alternator Repair,,Electrical,electrical,EA,,2026-07-12 10:48:43
1. banjo bolt,1. Banjo bolt,,General Items,general_items,EA,,2026-07-12 10:48:43
led bulb (10w),LED Bulb (10W),,Electrical,electrical,EA,,2026-07-12 10:48:43
flood light (200w),Flood Light (200W),,General Items,general_items,EA,,2026-07-12 10:48:43
"hose clip (2���, 3���)","Hose Clip (2���, 3���)",,Hydraulics,hydraulics,EA,,2026-07-12 10:48:43
panadol (card),Panadol (Card),,General Items,general_items,EA,,2026-07-12 10:48:43
dettol (card),Dettol (Card),,General Items,general_items,EA,,2026-07-12 10:48:43
bandage pack,Bandage Pack,,General Items,general_items,EA,,2026-07-12 10:48:43
cotton pack,Cotton Pack,,General Items,general_items,EA,,2026-07-12 10:48:43
soap (mini),Soap (Mini),,General Items,general_items,EA,,2026-07-12 10:48:43
number plate led strip,Number Plate LED Strip,,Electrical,electrical,EA,,2026-07-12 10:48:43
mini auto indicator bulb,Mini Auto Indicator Bulb,,Electrical,electrical,EA,,2026-07-12 10:48:43
24v dashboard bulb,24V Dashboard Bulb,,Electrical,electrical,EA,,2026-07-12 10:48:43
12v dashboard bulb,12V Dashboard Bulb,,Electrical,electrical,EA,,2026-07-12 10:48:43
fuse holder,Fuse Holder,,Electrical,electrical,EA,,2026-07-12 10:48:43
12v/21w double filament bulb,12V/21W Double Filament Bulb,,Electrical,electrical,EA,,2026-07-12 10:48:43
12v/21w single filament bulb,12V/21W Single Filament Bulb,,Electrical,electrical,EA,,2026-07-12 10:48:43
diesel filter (nts-296),Diesel Filter (NTS-296),,Filters,filters,EA,,2026-07-12 10:48:43
starter motor (after repair),Starter Motor (After Repair),,Electrical,electrical,EA,,2026-07-12 10:48:43
spray gun,Spray Gun,,General Items,general_items,EA,,2026-07-12 10:48:43
mop,Mop,,General Items,general_items,EA,,2026-07-12 10:48:43
car wash liquid,Car Wash Liquid,,General Items,general_items,EA,,2026-07-12 10:48:43
kerosene,Kerosene,,General Items,general_items,EA,,2026-07-12 10:48:43
high pressure liquid,High Pressure Liquid,,General Items,general_items,EA,,2026-07-12 10:48:43
hout plug,Hout Plug,,Electrical,electrical,EA,,2026-07-12 10:48:43
bristol board,Bristol Board,,General Items,general_items,EA,,2026-07-12 10:48:43
bolt 8x100,Bolt 8x100,,General Items,general_items,EA,,2026-07-12 10:48:43
edle wheel repair,Edle Wheel Repair,,Tyre,tyre,EA,,2026-07-12 10:48:43
bottom roll,Bottom Roll,,General Items,general_items,EA,,2026-07-12 10:48:43
"4. da bolt (30mm dia, 5 long)","4. DA Bolt (30mm dia, 5 long)",,General Items,general_items,EA,,2026-07-12 10:48:43
3. o-ring,3. O-ring,,Bearings & Seals,bearings_seals,EA,,2026-07-12 10:48:43
2. duo cone,2. Duo Cone,,General Items,general_items,EA,,2026-07-12 10:48:43
1. idle wheel bush,1. Idle Wheel bush,,Bearings & Seals,bearings_seals,EA,,2026-07-12 10:48:43
number plate light,Number Plate Light,,General Items,general_items,EA,,2026-07-12 10:48:43
electric horn 12v,Electric Horn 12V,,Electrical,electrical,EA,,2026-07-12 10:48:43
2. number plate light,2. Number plate light,,General Items,general_items,EA,,2026-07-12 10:48:43
1. elec. horn (12v),1. Elec. Horn (12V),,Electrical,electrical,EA,,2026-07-12 10:48:43
f-193 fuel filter vic,F-193 Fuel Filter VIC,,Filters,filters,EA,,2026-07-12 10:48:43
air filter set,Air Filter Set,,Filters,filters,EA,,2026-07-12 10:48:43
alligator clip set (+/-),Alligator Clip Set (+/-),,General Items,general_items,EA,,2026-07-12 10:48:43
2. copper sheet,2. Copper sheet,,General Items,general_items,EA,,2026-07-12 10:48:43
1. packing sheet,1. Packing Sheet,,General Items,general_items,EA,,2026-07-12 10:48:43
pressor cartur motor repair,Pressor Cartur Motor Repair,,General Items,general_items,EA,,2026-07-12 10:48:43
water pump service,Water Pump Service,,General Items,general_items,EA,,2026-07-12 10:48:43
air filter indian,Air Filter Indian,,Filters,filters,EA,,2026-07-12 10:48:43
oil filter (o-1516),Oil Filter (O-1516),,Filters,filters,EA,,2026-07-12 10:48:43
air filter (fa-1235),Air Filter (FA-1235),,Filters,filters,EA,,2026-07-12 10:48:43
hydrolic filter (hf-28873),Hydrolic Filter (HF-28873),,Filters,filters,EA,,2026-07-12 10:48:43
a/c filter (ca-1114),A/C Filter (CA-1114),,Filters,filters,EA,,2026-07-12 10:48:43
9. engine mount,9. Engine mount,,General Items,general_items,EA,,2026-07-12 10:48:43
8. cam bearing (set),8. Cam Bearing (set),,Bearings & Seals,bearings_seals,EA,,2026-07-12 10:48:43
7. piston sleeve (set),7. Piston Sleeve (set),,General Items,general_items,EA,,2026-07-12 10:48:43
6. valve guide (set),6. Valve guide (set),,General Items,general_items,EA,,2026-07-12 10:48:43
5. piston ring (set),5. Piston ring (set),,General Items,general_items,EA,,2026-07-12 10:48:43
4. gudgeon pin bush,4. Gudgeon Pin bush,,Bearings & Seals,bearings_seals,EA,,2026-07-12 10:48:43
3. thrust bearing (set),3. Thrust bearing (set),,Bearings & Seals,bearings_seals,EA,,2026-07-12 10:48:43
2. big end bearing (set),2. Big end bearing (set),,Bearings & Seals,bearings_seals,EA,,2026-07-12 10:48:43
1. main bearing (set),1. Main bearing (set),,Bearings & Seals,bearings_seals,EA,,2026-07-12 10:48:43
6. bearing 6007 z,6. Bearing 6007 Z,,Bearings & Seals,bearings_seals,EA,,2026-07-12 10:48:43
5. bearing 6208 z,5. Bearing 6208 Z,,Bearings & Seals,bearings_seals,EA,,2026-07-12 10:48:43
4. bearing 6200,4. Bearing 6200,,Bearings & Seals,bearings_seals,EA,,2026-07-12 10:48:43
3. bearing 6202 zrz,3. Bearing 6202 ZRZ,,Bearings & Seals,bearings_seals,EA,,2026-07-12 10:48:43
2. bearing 6003 rz,2. Bearing 6003 RZ,,Bearings & Seals,bearings_seals,EA,,2026-07-12 10:48:43
1. bearing 6005 rs,1. Bearing 6005 RS,,Bearings & Seals,bearings_seals,EA,,2026-07-12 10:48:43
hy. hose,Hy. Hose,,Hydraulics,hydraulics,EA,,2026-07-12 10:48:43
hand drill machine,Hand drill machine,,General Items,general_items,EA,,2026-07-12 10:48:43
8. water outlet radiator cap,8. Water outlet radiator cap,,General Items,general_items,EA,,2026-07-12 10:48:43
7. idle arm,7. Idle arm,,General Items,general_items,EA,,2026-07-12 10:48:43
6. steering damper,6. Steering damper,,General Items,general_items,EA,,2026-07-12 10:48:43
5. shock absorber,5. Shock absorber,,General Items,general_items,EA,,2026-07-12 10:48:43
4. link end,4. Link end,,General Items,general_items,EA,,2026-07-12 10:48:43
3. tie rod end,3. Tie rod end,,General Items,general_items,EA,,2026-07-12 10:48:43
2. lower arm ball joint,2. Lower arm ball joint,,General Items,general_items,EA,,2026-07-12 10:48:43
1. upper arm ball joint,1. Upper arm ball joint,,General Items,general_items,EA,,2026-07-12 10:48:43
6. withdrawal plate,6. Withdrawal Plate,,General Items,general_items,EA,,2026-07-12 10:48:43
5. fly wheel,5. Fly wheel,,Tyre,tyre,EA,,2026-07-12 10:48:43
4. clutch release bearing,4. Clutch release bearing,,Bearings & Seals,bearings_seals,EA,,2026-07-12 10:48:43
3. pilot bearing,3. Pilot bearing,,Bearings & Seals,bearings_seals,EA,,2026-07-12 10:48:43
2. pressure plate,2. Pressure plate,,General Items,general_items,EA,,2026-07-12 10:48:43
1. clutch plate,1. Clutch plate,,General Items,general_items,EA,,2026-07-12 10:48:43
air filter element,Air Filter Element,,Filters,filters,EA,,2026-07-12 10:48:43
washer 8x100,Washer 8x100,,General Items,general_items,EA,,2026-07-12 10:48:43
16x60 bolt,16x60 Bolt,,General Items,general_items,EA,,2026-07-12 10:48:43
hose cup (8-12) ���,Hose cup (8-12) ���,,Hydraulics,hydraulics,EA,,2026-07-12 10:48:43
8. washer,8. Washer,,General Items,general_items,EA,,2026-07-12 10:48:43
7. bolt,7. Bolt,,General Items,general_items,EA,,2026-07-12 10:48:43
6. grease seal,6. Grease Seal,,Bearings & Seals,bearings_seals,EA,,2026-07-12 10:48:43
5. track link set,5. Track link set,,General Items,general_items,EA,,2026-07-12 10:48:43
4. fog light led,4. Fog light LED,,Electrical,electrical,EA,,2026-07-12 10:48:43
3. auto wire 9/0.30,3. Auto Wire 9/0.30,,Electrical,electrical,EA,,2026-07-12 10:48:43
2. duo cone seal,2. Duo Cone seal,,Bearings & Seals,bearings_seals,EA,,2026-07-12 10:48:43
1. perspex sheet,1. Perspex sheet,,General Items,general_items,EA,,2026-07-12 10:48:43
battery acrol,Battery Acrol,,Battery,battery,EA,,2026-07-12 10:48:43
farm oil,Farm Oil,,Oil & Lubricants,oil_lubricants,EA,,2026-07-12 10:48:43
oil filter (c-5615),Oil Filter (C-5615),,Filters,filters,EA,,2026-07-12 10:48:43
80���95���90mm bush,80���95���90mm Bush,,Bearings & Seals,bearings_seals,EA,,2026-07-12 10:48:43
hy. union,Hy. Union,,General Items,general_items,EA,,2026-07-12 10:48:43
2. fuel filter,2. Fuel filter,,Filters,filters,EA,,2026-07-12 10:48:43
1. filter head assy,1. Filter head assy,,Filters,filters,EA,,2026-07-12 10:48:43
air filter (1110176 / 1110175),Air Filter (1110176 / 1110175),,Filters,filters,EA,,2026-07-12 10:48:43
air filter (js-3522a),Air Filter (JS-3522A),,Filters,filters,EA,,2026-07-12 10:48:43
air filter (a-1064),Air Filter (A-1064),,Filters,filters,EA,,2026-07-12 10:48:43
bottom rollers,Bottom Rollers,,General Items,general_items,EA,,2026-07-12 10:48:43
carture machine motor repair,Carture Machine Motor Repair,,General Items,general_items,EA,,2026-07-12 10:48:43
flasher (24v),Flasher (24V),,General Items,general_items,EA,,2026-07-12 10:48:43
flasher (12v/24w),Flasher (12V/24W),,General Items,general_items,EA,,2026-07-12 10:48:43
warm light (white),Warm Light (White),,General Items,general_items,EA,,2026-07-12 10:48:43
brake pad,Brake Pad,,General Items,general_items,EA,,2026-07-12 10:48:43
brake oil (500ml),Brake Oil (500ml),,Oil & Lubricants,oil_lubricants,EA,,2026-07-12 10:48:43
air filter (js-3700),Air Filter (JS-3700),,Filters,filters,EA,,2026-07-12 10:48:43
bulb (filament),Bulb (Filament),,Electrical,electrical,EA,,2026-07-12 10:48:43
condenser (uf 250),Condenser (UF 250),,General Items,general_items,EA,,2026-07-12 10:48:43
reducer (1x���),Reducer (1x���),,General Items,general_items,EA,,2026-07-12 10:48:43
insulation tape,Insulation Tape,,General Items,general_items,EA,,2026-07-12 10:48:43
rubber gloves,Rubber Gloves,,General Items,general_items,EA,,2026-07-12 10:48:43
fuel filter (js-1059/jeson),Fuel Filter (JS-1059/Jeson),,Filters,filters,EA,,2026-07-12 10:48:43
fuel filter (423-8521/cat),Fuel Filter (423-8521/CAT),,Filters,filters,EA,,2026-07-12 10:48:43
oil filter (1r 1808/cat),Oil Filter (1R 1808/CAT),,Filters,filters,EA,,2026-07-12 10:48:43
air filter (js-3090ab),Air Filter (JS-3090AB),,Filters,filters,EA,,2026-07-12 10:48:43
fuel filter fc-510),Fuel Filter FC-510),,Filters,filters,EA,,2026-07-12 10:48:43
oil filter (c-1503),Oil Filter (C-1503),,Filters,filters,EA,,2026-07-12 10:48:43
fuel filter (fhn00400/500),Fuel Filter (FHN00400/500),,Filters,filters,EA,,2026-07-12 10:48:43
oil filter (9451037424),Oil Filter (9451037424),,Filters,filters,EA,,2026-07-12 10:48:43
fuel filter (20976003),FUel Filter (20976003),,Filters,filters,EA,,2026-07-12 10:48:43
fuel seperator filter (21380488),Fuel Seperator Filter (21380488),,Filters,filters,EA,,2026-07-12 10:48:43
oil bypass filter (21707132),Oil Bypass Filter (21707132),,Filters,filters,EA,,2026-07-12 10:48:43
oil filter (21707134/ valvo),Oil Filter (21707134/ Valvo),,Filters,filters,EA,,2026-07-12 10:48:43
12v/ led fog light,12V/ LED Fog Light,,Electrical,electrical,EA,,2026-07-12 10:48:43
gum boot,Gum Boot,,General Items,general_items,EA,,2026-07-12 10:48:43
safety shoe,Safety Shoe,,General Items,general_items,EA,,2026-07-12 10:48:43
over roll,Over Roll,,General Items,general_items,EA,,2026-07-12 10:48:43
hydraulic breather filter (31ee-02110),Hydraulic Breather Filter (31EE-02110),,Filters,filters,EA,,2026-07-12 10:48:43
hydraulic return filter (31nf-01461),Hydraulic Return Filter (31NF-01461),,Filters,filters,EA,,2026-07-12 10:48:43
hydraulic filter (hc-7901),Hydraulic Filter (HC-7901),,Filters,filters,EA,,2026-07-12 10:48:43
hydraulic suction filter (e-131-0214),Hydraulic Suction Filter (E-131-0214),,Filters,filters,EA,,2026-07-12 10:48:43
oil filter (c-1712),Oil Filter (C-1712),,Filters,filters,EA,,2026-07-12 10:48:43
air filter (js-3803) set,Air Filter (JS-3803) Set,,Filters,filters,EA,,2026-07-12 10:48:43
fuel filter (f-641),Fuel Filter (F-641),,Filters,filters,EA,,2026-07-12 10:48:43
fuel filter (f-385),Fuel Filter (F-385),,Filters,filters,EA,,2026-07-12 10:48:43
hydrolic filter (r164381),Hydrolic Filter (R164381),,Filters,filters,EA,,2026-07-12 10:48:43
air  filter set (sfa6158),Air  Filter Set (SFA6158),,Filters,filters,EA,,2026-07-12 10:48:43
hydrolic filter (sfh4020),Hydrolic Filter (SFH4020),,Filters,filters,EA,,2026-07-12 10:48:43
air seperator filter (sa-488),Air Seperator Filter (SA-488),,Filters,filters,EA,,2026-07-12 10:48:43
100 amp battery,100 Amp Battery,,Battery,battery,EA,,2026-07-12 10:48:43
oil filter (th93286),Oil Filter (TH93286),,Filters,filters,EA,,2026-07-12 10:48:43
fuel filter (ir0751),Fuel Filter (IR0751),,Filters,filters,EA,,2026-07-12 10:48:43
oil filter (ir0739 cat),Oil Filter (IR0739 CAT),,Filters,filters,EA,,2026-07-12 10:48:43
bobcat lever handle (stainless steel),Bobcat Lever Handle (Stainless Steel),,General Items,general_items,EA,,2026-07-12 10:48:43
hydrolic filter (31e9-026-a),Hydrolic Filter (31E9-026-A),,Filters,filters,EA,,2026-07-12 10:48:43
ac filter,AC Filter,,Filters,filters,EA,,2026-07-12 10:48:43
700���16 flap,700���16 Flap,,Tyre,tyre,EA,,2026-07-12 10:48:43
700���16 new tube,700���16 New Tube,,Tyre,tyre,EA,,2026-07-12 10:48:43
700���16 new tyre,700���16 New Tyre,,Tyre,tyre,EA,,2026-07-12 10:48:43
car wash  (ltr),Car Wash  (Ltr),,General Items,general_items,EA,,2026-07-12 10:48:43
head light flasher,Head Light Flasher,,Electrical,electrical,EA,,2026-07-12 10:48:43
hand break lock,Hand Break Lock,,General Items,general_items,EA,,2026-07-12 10:48:43
clamp multimetre,Clamp Multimetre,,General Items,general_items,EA,,2026-07-12 10:48:43
perspack 3mm 6*4,Perspack 3mm 6*4,,General Items,general_items,EA,,2026-07-12 10:48:43
20w led flasher,20W LED Flasher,,Electrical,electrical,EA,,2026-07-12 10:48:43
crimped wire,Crimped Wire,,Electrical,electrical,EA,,2026-07-12 10:48:43
musking tape,musking Tape,,General Items,general_items,EA,,2026-07-12 10:48:43
two way jack swith,Two Way Jack Swith,,General Items,general_items,EA,,2026-07-12 10:48:43
hose repair (lenth 11 1/2),Hose Repair (Lenth 11 1/2),,Hydraulics,hydraulics,EA,,2026-07-12 10:48:43
breake booster r/kit,Breake Booster R/kit,,General Items,general_items,EA,,2026-07-12 10:48:43
presure seal,Presure Seal,,Bearings & Seals,bearings_seals,EA,,2026-07-12 10:48:43
air filter (278609139909),Air Filter (278609139909),,Filters,filters,EA,,2026-07-12 10:48:43
boom cable    (mtr),Boom Cable    (MTR),,Electrical,electrical,EA,,2026-07-12 10:48:43
coolant  (can),Coolant  (Can),,Oil & Lubricants,oil_lubricants,EA,,2026-07-12 10:48:43
parking bulb holder (12v),Parking Bulb Holder (12V),,Electrical,electrical,EA,,2026-07-12 10:48:43
diesel   (ltr),Diesel   (Ltr),,General Items,general_items,EA,,2026-07-12 10:48:43
broke shoe retaining,Broke Shoe retaining,,General Items,general_items,EA,,2026-07-12 10:48:43
sand paper (2000),Sand Paper (2000),,General Items,general_items,EA,,2026-07-12 10:48:43
sand paper (1000),Sand Paper (1000),,General Items,general_items,EA,,2026-07-12 10:48:43
auto bulb 10w/10w auto,Auto Bulb 10W/10W Auto,,Electrical,electrical,EA,,2026-07-12 10:48:43
printer toner 83x1cr6-237,Printer Toner 83x1CR6-237,,General Items,general_items,EA,,2026-07-12 10:48:43
brake oil l-1,Brake Oil L-1,,Oil & Lubricants,oil_lubricants,EA,,2026-07-12 10:48:43
dash board meter,Dash Board Meter,,General Items,general_items,EA,,2026-07-12 10:48:43
front ball joint stud,Front Ball Joint Stud,,General Items,general_items,EA,,2026-07-12 10:48:43
ac belt 6360,AC Belt 6360,,Belts,belts,EA,,2026-07-12 10:48:43
eh 09/gx-100 recoil starter assy,EH 09/GX-100 Recoil Starter Assy,,Electrical,electrical,EA,,2026-07-12 10:48:43
eh 9 waccker shoe with 4 stud,EH 9 Waccker Shoe with 4 Stud,,General Items,general_items,EA,,2026-07-12 10:48:43
eh 9.2/10 carburator japan,EH 9.2/10 Carburator Japan,,General Items,general_items,EA,,2026-07-12 10:48:43
ey 20 on/off switch,EY 20 ON/OFF Switch,,Electrical,electrical,EA,,2026-07-12 10:48:43
dmga spark plug china,DMGA Spark Plug China,,Electrical,electrical,EA,,2026-07-12 10:48:43
eh-09 air cleaner element,EH-09 Air cleaner Element,,General Items,general_items,EA,,2026-07-12 10:48:43
gx-100 recoil starter assy,GX-100 Recoil Starter Assy,,Electrical,electrical,EA,,2026-07-12 10:48:43
cotton wool roll,Cotton wool Roll,,General Items,general_items,EA,,2026-07-12 10:48:43
air filter 400/3900/2900,Air Filter 400/3900/2900,,Filters,filters,EA,,2026-07-12 10:48:43
10k variable resistor,10k variable resistor,,General Items,general_items,EA,,2026-07-12 10:48:43
often waste,Often waste,,General Items,general_items,EA,,2026-07-12 10:48:43
jcb tyne repair,JCB Tyne Repair,,General Items,general_items,EA,,2026-07-12 10:48:43
grease gun (500g),Grease Gun (500g),,Oil & Lubricants,oil_lubricants,EA,,2026-07-12 10:48:43
21/12/26 startor motor repair,21/12/26 Startor motor Repair,,General Items,general_items,EA,,2026-07-12 10:48:43
startor motor repair (20/12/26),Startor motor Repair (20/12/26),,General Items,general_items,EA,,2026-07-12 10:48:43
24v/light c 24v/n),24V/light C 24V/n),,General Items,general_items,EA,,2026-07-12 10:48:43
stop solonoid,stop solonoid,,General Items,general_items,EA,,2026-07-12 10:48:43
eucl filter lf-3959,Eucl Filter LF-3959,,Filters,filters,EA,,2026-07-12 10:48:43
fuel filter fs-1275,Fuel filter FS-1275,,Filters,filters,EA,,2026-07-12 10:48:43
brake relining,Brake Relining,,General Items,general_items,EA,,2026-07-12 10:48:43
door inner handle,Door Inner Handle,,General Items,general_items,EA,,2026-07-12 10:48:43
side signal light,Side Signal Light,,General Items,general_items,EA,,2026-07-12 10:48:43
hour meter,Hour Meter,,General Items,general_items,EA,,2026-07-12 10:48:43
side mirror (ball),Side mirror (Ball),,General Items,general_items,EA,,2026-07-12 10:48:43
hand light cover,Hand Light cover,,General Items,general_items,EA,,2026-07-12 10:48:43
tail light (l/h),Tail Light (L/H),,Electrical,electrical,EA,,2026-07-12 10:48:43
side door handle,Side Door Handle,,General Items,general_items,EA,,2026-07-12 10:48:43
door lock (rear),Door Lock (Rear),,General Items,general_items,EA,,2026-07-12 10:48:43
door inner cup,Door Inner Cup,,General Items,general_items,EA,,2026-07-12 10:48:43
door lock (front),Door Lock (Front),,General Items,general_items,EA,,2026-07-12 10:48:43
clutch booster assy,Clutch Booster assy,,General Items,general_items,EA,,2026-07-12 10:48:43
bearing 6002,Bearing 6002,,Bearings & Seals,bearings_seals,EA,,2026-07-12 10:48:43
hub bolt,Hub bolt,,General Items,general_items,EA,,2026-07-12 10:48:43
brake liner (r) set hub bolt,Brake Liner (R) Set Hub Bolt,,General Items,general_items,EA,,2026-07-12 10:48:43
electric contact cleaner,Electric Contact cleaner,,General Items,general_items,EA,,2026-07-12 10:48:43
capacitor c200 f/250 v,Capacitor C200 F/250 V,,General Items,general_items,EA,,2026-07-12 10:48:43
combination spanner set,Combination Spanner Set,,General Items,general_items,EA,,2026-07-12 10:48:43
"head light, equition switch repair","Head Light, Equition Switch repair",,Electrical,electrical,EA,,2026-07-12 10:48:43
hasp & staple,Hasp & Staple,,General Items,general_items,EA,,2026-07-12 10:48:43
12 pad lock,12 Pad Lock,,General Items,general_items,EA,,2026-07-12 10:48:43
gear box liver ball joint small,Gear Box Liver Ball Joint small,,General Items,general_items,EA,,2026-07-12 10:48:43
gear box liver ball joint (large),Gear Box Liver Ball Joint (Large),,General Items,general_items,EA,,2026-07-12 10:48:43
hub grease 500g,Hub Grease 500g,,Oil & Lubricants,oil_lubricants,EA,,2026-07-12 10:48:43
air filter a-5627 ab,Air Filter A-5627 AB,,Filters,filters,EA,,2026-07-12 10:48:43
oil filter o-1516,Oil Filter O-1516,,Filters,filters,EA,,2026-07-12 10:48:43
fuel filter f5-19732,Fuel Filter F5-19732,,Filters,filters,EA,,2026-07-12 10:48:43
drod plate,Drod Plate,,General Items,general_items,EA,,2026-07-12 10:48:43
6 whl polytheen roll,6 WHL Polytheen Roll,,General Items,general_items,EA,,2026-07-12 10:48:43
polytheen sealler machine,Polytheen Sealler Machine,,General Items,general_items,EA,,2026-07-12 10:48:43
