legacy_receipt_id,legacy_item_id,received_qty,delivery_date,purchase_source,grn_number,invoice_number,invoice_date,supplier_name,unit_price,is_priced,transaction_type,created_at
3381,10028,10,2026-07-10,Local Store,,,,,,0,Receive,2026-07-12 10:48:41
3380,10027,2,2026-07-10,Local Store,,,,,,0,Receive,2026-07-12 10:48:41
3376,10005,1,2026-07-09,Local Store,,,,,,0,Receive,2026-07-12 10:48:41
3377,9992,1,2026-07-09,Local Store,,,,,,0,Receive,2026-07-12 10:48:41
3379,10026,20,2026-07-08,Local Store,,,,,,0,Receive,2026-07-12 10:48:41
3378,10004,1,2026-07-09,Local Store,,,,,,0,Receive,2026-07-12 10:48:41
3326,9974,210,2026-07-07,Local Store,,,,,,0,Receive,2026-07-12 10:48:41
3330,9973,1,2026-07-07,Local Store,,,,,,0,Receive,2026-07-12 10:48:41
3329,9972,1,2026-07-07,Local Store,,,,,,0,Receive,2026-07-12 10:48:41
3328,9971,1,2026-07-07,Local Store,,,,,,0,Receive,2026-07-12 10:48:41
3340,9970,2,2026-07-07,Local Store,,,,,,0,Receive,2026-07-12 10:48:41
3339,9969,1,2026-07-07,Local Store,,,,,,0,Receive,2026-07-12 10:48:41
3338,9968,1,2026-07-07,Local Store,,,,,,0,Receive,2026-07-12 10:48:41
3336,9967,3,2026-07-07,Local Store,,,,,,0,Receive,2026-07-12 10:48:41
3337,9966,1,2026-07-07,Local Store,,,,,,0,Receive,2026-07-12 10:48:41
3335,9965,0.5,2026-07-07,Local Store,,,,,,0,Receive,2026-07-12 10:48:41
3365,9961,1,2026-07-08,Local Store,,,,,,0,Receive,2026-07-12 10:48:41
3366,9960,1,2026-07-08,Local Store,,,,,,0,Receive,2026-07-12 10:48:41
3367,9959,2,2026-07-08,Local Store,,,,,,0,Receive,2026-07-12 10:48:41
3333,9955,1,2026-07-07,Local Store,,,,,,0,Receive,2026-07-12 10:48:41
3332,9949,1,2026-07-07,Local Store,,,,,,0,Receive,2026-07-12 10:48:41
3334,9946,1,2026-07-07,Local Store,,,,,,0,Receive,2026-07-12 10:48:41
3373,9939,1,2026-07-08,Local Store,,,,,,0,Receive,2026-07-12 10:48:41
3374,9938,2,2026-07-08,Direct Purchase,,,,,,0,Receive,2026-07-12 10:48:41
3375,9937,1,2026-07-08,Direct Purchase,,,,,,0,Receive,2026-07-12 10:48:41
3316,9932,1,2026-07-06,Local Store,,,,,,0,Receive,2026-07-12 10:48:41
3315,9931,1,2026-07-06,Local Store,,,,,,0,Receive,2026-07-12 10:48:41
3299,9877,1,2026-07-04,Local Store,,,,,,0,Receive,2026-07-12 10:48:41
3298,9876,3,2026-07-04,Local Store,,,,,,0,Receive,2026-07-12 10:48:41
3297,9875,4,2026-07-04,Local Store,,,,,,0,Receive,2026-07-12 10:48:41
3295,9878,1,2026-07-04,Local Store,,,,,,0,Receive,2026-07-12 10:48:41
3318,9916,1,2026-07-06,Local Store,,,,,,0,Receive,2026-07-12 10:48:41
3319,9915,2,2026-07-06,Local Store,,,,,,0,Receive,2026-07-12 10:48:41
3320,9911,2,2026-07-06,Local Store,,,,,,0,Receive,2026-07-12 10:48:41
3321,9910,2,2026-07-06,Local Store,,,,,,0,Receive,2026-07-12 10:48:41
3322,9909,2,2026-07-06,Local Store,,,,,,0,Receive,2026-07-12 10:48:41
3372,9980,8,2026-07-08,Direct Purchase,,,,,,0,Receive,2026-07-12 10:48:41
3341,9906,1,2026-07-07,Direct Purchase,,,,,,0,Receive,2026-07-12 10:48:41
3342,9905,1,2026-07-07,Direct Purchase,,,,,,0,Receive,2026-07-12 10:48:41
3312,9930,4,2026-07-04,Local Store,,,,,,0,Receive,2026-07-12 10:48:41
3314,9907,1,2026-07-04,Local Store,,,,,,0,Receive,2026-07-12 10:48:41
3290,9903,4,2026-07-04,Local Store,,,,,,0,Receive,2026-07-12 10:48:41
3291,9902,1,2026-07-04,Local Store,,,,,,0,Receive,2026-07-12 10:48:41
3273,9901,4,2026-07-03,Local Store,,,,,,0,Receive,2026-07-12 10:48:41
3272,9900,1,2026-07-03,Local Store,,,,,,0,Receive,2026-07-12 10:48:41
3271,9899,1,2026-07-03,Local Store,,,,,,0,Receive,2026-07-12 10:48:41
3270,9898,1,2026-07-03,Local Store,,,,,,0,Receive,2026-07-12 10:48:41
3269,9897,8,2026-07-03,Local Store,,,,,,0,Receive,2026-07-12 10:48:41
3268,9896,8,2026-07-03,Local Store,,,,,,0,Receive,2026-07-12 10:48:41
3267,9895,1,2026-07-03,Local Store,,,,,,0,Receive,2026-07-12 10:48:41
3266,9894,1,2026-07-03,Local Store,,,,,,0,Receive,2026-07-12 10:48:41
3265,9893,1,2026-07-03,Local Store,,,,,,0,Receive,2026-07-12 10:48:41
3264,9892,2,2026-07-03,Local Store,,,,,,0,Receive,2026-07-12 10:48:41
3263,9891,1,2026-07-03,Local Store,,,,,,0,Receive,2026-07-12 10:48:41
3262,9890,2,2026-07-03,Local Store,,,,,,0,Receive,2026-07-12 10:48:41
3261,9889,1,2026-07-03,Local Store,,,,,,0,Receive,2026-07-12 10:48:41
3260,9888,1,2026-07-03,Local Store,,,,,,0,Receive,2026-07-12 10:48:41
3259,9887,1,2026-07-03,Local Store,,,,,,0,Receive,2026-07-12 10:48:41
3258,9886,2,2026-07-03,Local Store,,,,,,0,Receive,2026-07-12 10:48:41
3257,9885,2,2026-07-03,Direct Purchase,,,,,,0,Receive,2026-07-12 10:48:41
3256,9884,2,2026-07-03,Local Store,,,,,,0,Receive,2026-07-12 10:48:41
3255,9883,1,2026-07-03,Local Store,,,,,,0,Receive,2026-07-12 10:48:41
3293,9882,2,2026-07-04,Local Store,,,,,,0,Receive,2026-07-12 10:48:41
3292,9881,2,2026-07-04,Local Store,,,,,,0,Receive,2026-07-12 10:48:41
3279,9929,1,2026-07-03,Local Store,,,,,,0,Receive,2026-07-12 10:48:41
3228,9726,2,2026-07-02,Direct Purchase,,,,,,0,Receive,2026-07-12 10:48:41
3229,9725,2,2026-07-02,Direct Purchase,,,,,,0,Receive,2026-07-12 10:48:41
3227,9724,1,2026-07-02,Direct Purchase,,,,,,0,Receive,2026-07-12 10:48:41
3226,9723,1,2026-07-02,Direct Purchase,,,,,,0,Receive,2026-07-12 10:48:41
3317,9722,1,2026-07-06,Local Store,,,,,,0,Receive,2026-07-12 10:48:41
3225,9721,1,2026-07-02,Direct Purchase,,,,,,0,Receive,2026-07-12 10:48:41
3324,9928,1,2026-07-06,Direct Purchase,,,,,,0,Receive,2026-07-12 10:48:41
3331,9927,9,2026-07-07,Local Store,,,,,,0,Receive,2026-07-12 10:48:41
3313,9924,6,2026-07-04,Local Store,,,,,,0,Receive,2026-07-12 10:48:41
3325,9922,4.1,2026-07-06,Local Store,,,,,,0,Receive,2026-07-12 10:48:41
3304,9873,2,2026-07-04,Local Store,,,,,,0,Receive,2026-07-12 10:48:41
3303,9872,3,2026-07-04,Local Store,,,,,,0,Receive,2026-07-12 10:48:41
3302,9871,1,2026-07-04,Local Store,,,,,,0,Receive,2026-07-12 10:48:41
3301,9870,1,2026-07-04,Local Store,,,,,,0,Receive,2026-07-12 10:48:41
3300,9869,1,2026-07-04,Local Store,,,,,,0,Receive,2026-07-12 10:48:41
3323,9868,1,2026-07-06,Direct Purchase,,,,,,0,Receive,2026-07-12 10:48:41
3354,9867,1,2026-07-06,Direct Purchase,,,,,,0,Receive,2026-07-12 10:48:41
3310,9861,1,2026-07-04,Local Store,,,,,,0,Receive,2026-07-12 10:48:41
3311,9860,1,2026-07-04,Local Store,,,,,,0,Receive,2026-07-12 10:48:41
3275,9858,7,2026-07-03,Local Store,,,,,,0,Receive,2026-07-12 10:48:41
3276,9857,1,2026-07-03,Local Store,,,,,,0,Receive,2026-07-12 10:48:41
3274,9855,10,2026-07-03,Local Store,,,,,,0,Receive,2026-07-12 10:48:41
3278,9854,1,2026-07-03,Local Store,,,,,,0,Receive,2026-07-12 10:48:41
3277,9853,75,2026-07-03,Local Store,,,,,,0,Receive,2026-07-12 10:48:41
3353,9852,2,2026-07-07,Direct Purchase,,,,,,0,Receive,2026-07-12 10:48:41
3352,9851,1,2026-07-07,Direct Purchase,,,,,,0,Receive,2026-07-12 10:48:41
3351,9850,1,2026-07-07,Direct Purchase,,,,,,0,Receive,2026-07-12 10:48:41
3350,9849,1,2026-07-07,Direct Purchase,,,,,,0,Receive,2026-07-12 10:48:41
3349,9848,1,2026-07-07,Direct Purchase,,,,,,0,Receive,2026-07-12 10:48:41
3348,9847,2,2026-07-07,Direct Purchase,,,,,,0,Receive,2026-07-12 10:48:41
3347,9845,1,2026-07-07,Direct Purchase,,,,,,0,Receive,2026-07-12 10:48:41
3346,9844,4,2026-07-07,Direct Purchase,,,,,,0,Receive,2026-07-12 10:48:41
3345,9843,6,2026-07-07,Direct Purchase,,,,,,0,Receive,2026-07-12 10:48:41
3344,9842,2,2026-07-07,Direct Purchase,,,,,,0,Receive,2026-07-12 10:48:41
3343,9841,2,2026-07-07,Direct Purchase,,,,,,0,Receive,2026-07-12 10:48:41
3245,9829,1,2026-07-02,Direct Purchase,,,,,,0,Receive,2026-07-12 10:48:41
3216,9817,3,2026-07-02,Local Store,,,,,,0,Receive,2026-07-12 10:48:41
3194,9815,1,2026-07-01,Local Store,,,,,,0,Receive,2026-07-12 10:48:41
3191,9699,3,2026-06-30,Local Store,,,,,,0,Receive,2026-07-12 10:48:41
3221,9699,3,2026-07-02,Local Store,,,,,,0,Receive,2026-07-12 10:48:41
3220,9698,2,2026-07-02,Local Store,,,,,,0,Receive,2026-07-12 10:48:41
3309,9698,2,2026-07-04,Local Store,,,,,,0,Receive,2026-07-12 10:48:41
3219,9697,3,2026-07-02,Local Store,,,,,,0,Receive,2026-07-12 10:48:41
3308,9697,3,2026-07-04,Local Store,,,,,,0,Receive,2026-07-12 10:48:41
3218,9696,2,2026-07-02,Local Store,,,,,,0,Receive,2026-07-12 10:48:41
3307,9696,2,2026-07-04,Local Store,,,,,,0,Receive,2026-07-12 10:48:41
3217,9695,2,2026-07-02,Local Store,,,,,,0,Receive,2026-07-12 10:48:41
3306,9695,2,2026-07-02,Local Store,,,,,,0,Receive,2026-07-12 10:48:41
3215,9693,8,2026-07-02,Local Store,,,,,,0,Receive,2026-07-12 10:48:41
3305,9693,8,2026-07-04,Local Store,,,,,,0,Receive,2026-07-12 10:48:41
3244,9839,1,2026-07-02,Direct Purchase,,,,,,0,Receive,2026-07-12 10:48:41
3242,9835,6,2026-07-01,Local Store,,,,,,0,Receive,2026-07-12 10:48:41
3288,9827,1,2026-07-03,Direct Purchase,,,,,,0,Receive,2026-07-12 10:48:41
3289,9826,1,2026-07-03,Direct Purchase,,,,,,0,Receive,2026-07-12 10:48:41
3287,9825,1,2026-07-03,Direct Purchase,,,,,,0,Receive,2026-07-12 10:48:41
3209,9816,1,2026-07-01,Direct Purchase,,,,,,0,Receive,2026-07-12 10:48:41
3208,9810,1,2026-07-01,Direct Purchase,,,,,,0,Receive,2026-07-12 10:48:41
3207,9808,1,2026-07-01,Direct Purchase,,,,,,0,Receive,2026-07-12 10:48:41
3192,9807,1,2026-07-01,Local Store,,,,,,0,Receive,2026-07-12 10:48:41
3193,9806,1,2026-07-01,Local Store,,,,,,0,Receive,2026-07-12 10:48:41
3243,9836,10,2026-06-30,Local Store,,,,,,0,Receive,2026-07-12 10:48:41
3286,9824,1,2026-07-03,Direct Purchase,,,,,,0,Receive,2026-07-12 10:48:41
3285,9823,1,2026-07-03,Direct Purchase,,,,,,0,Receive,2026-07-12 10:48:41
3284,9822,1,2026-07-03,Direct Purchase,,,,,,0,Receive,2026-07-12 10:48:41
3283,9821,1,2026-07-03,Direct Purchase,,,,,,0,Receive,2026-07-12 10:48:41
3282,9820,1,2026-07-03,Direct Purchase,,,,,,0,Receive,2026-07-12 10:48:41
3281,9819,1,2026-07-03,Direct Purchase,,,,,,0,Receive,2026-07-12 10:48:41
3280,9818,1,2026-07-03,Direct Purchase,,,,,,0,Receive,2026-07-12 10:48:41
3186,9814,2,2026-06-30,Local Store,,,,,,0,Receive,2026-07-12 10:48:41
3198,9784,6,2026-07-01,Local Store,,,,,,0,Receive,2026-07-12 10:48:41
3230,9783,1,2026-07-02,Local Store,,,,,,0,Receive,2026-07-12 10:48:41
3199,9782,2,2026-07-01,Local Store,,,,,,0,Receive,2026-07-12 10:48:41
3197,9781,8,2026-07-01,Local Store,,,,,,0,Receive,2026-07-12 10:48:41
3195,9780,4,2026-07-01,Local Store,,,,,,0,Receive,2026-07-12 10:48:41
3196,9779,3,2026-07-01,Local Store,,,,,,0,Receive,2026-07-12 10:48:41
3296,9778,1,2026-07-03,Local Store,,,,,,0,Receive,2026-07-12 10:48:41
3364,9975,2,2026-07-08,Local Store,,,,,,0,Receive,2026-07-12 10:48:41
3222,9729,2,2026-07-02,Direct Purchase,,,,,,0,Receive,2026-07-12 10:48:41
3223,9727,2,2026-07-02,Direct Purchase,,,,,,0,Receive,2026-07-12 10:48:41
3224,9728,2,2026-07-02,Direct Purchase,,,,,,0,Receive,2026-07-12 10:48:41
3172,9716,1,2026-06-26,Local Store,201370,11,2026-06-26,Sandni and Pawani Auto electrical,1000,1,Receive,2026-07-12 10:48:41
3160,9731,1,2026-06-26,Local Store,201374,,2026-06-26,Sena Motors Enterprices,1980,1,Receive,2026-07-12 10:48:41
3176,9813,1,2026-06-27,Local Store,201371,CHKE-087148,2026-06-27,Samarasinghe windscreen house,25000,1,Receive,2026-07-12 10:48:41
3177,8076,1,2026-06-27,Local Store,201371,CHKE-087148,2026-06-27,Samarasinghe windscreen house,11000,1,Receive,2026-07-12 10:48:41
3184,9777,1,2026-06-27,Local Store,201382,4810,2026-06-27,Anura Hardware,850,1,Receive,2026-07-12 10:48:41
3183,9775,7,2026-06-27,Local Store,201383,,2026-06-27,Radeeka Motors,30,1,Receive,2026-07-12 10:48:41
3181,9773,20,2026-06-27,Local Store,201383,,2026-06-27,Radeeka Motors,25,1,Receive,2026-07-12 10:48:41
3180,9772,20,2026-06-27,Local Store,201383,,2026-06-27,Radeeka Motors,25,1,Receive,2026-07-12 10:48:41
3179,9771,15,2026-06-27,Local Store,201383,,2026-06-27,Radeeka Motors,25,1,Receive,2026-07-12 10:48:41
3178,9770,20,2026-06-27,Local Store,201383,,2026-06-27,Radeeka Motors,25,1,Receive,2026-07-12 10:48:41
3182,9774,13,2026-06-27,Local Store,201383,,2026-06-27,Radeeka Motors,25,1,Receive,2026-07-12 10:48:41
3123,9738,4,2026-06-27,Local Store,,,,,,0,Receive,2026-07-12 10:48:41
3294,9736,1,2026-07-04,Local Store,,,,,,0,Receive,2026-07-12 10:48:41
3165,9812,6,2026-06-26,Local Store,201377,9394,2026-06-26,Anthupitha Motor,1102,1,Receive,2026-07-12 10:48:41
3164,9692,45,2026-06-26,Local Store,201373,81,2026-06-26,MH Holdings,70,1,Receive,2026-07-12 10:48:41
3163,9687,2,2026-06-26,Local Store,201376,9393,2026-06-26,Anthupitha Motor,5106.25,1,Receive,2026-07-12 10:48:41
3101,9686,5,2026-06-24,Local Store,,,,,,0,Receive,2026-07-12 10:48:41
3100,9685,30,2026-06-24,Local Store,,,,,,0,Receive,2026-07-12 10:48:41
3099,9684,10,2026-06-24,Local Store,,,,,,0,Receive,2026-07-12 10:48:41
3174,9735,1,2026-06-27,Local Store,201368,,2026-06-27,Radeeka Motors,1700,1,Receive,2026-07-12 10:48:41
3175,9734,4,2026-06-27,Local Store,201368,,2026-06-27,Radeeka Motors,525,1,Receive,2026-07-12 10:48:41
3173,9732,1,2026-06-27,Local Store,201367,31643,2026-06-27,Anrita Motors,9500,1,Receive,2026-07-12 10:48:41
3211,9730,1,2026-07-01,Direct Purchase,,,,,,0,Receive,2026-07-12 10:48:41
3363,9705,1,2026-06-26,Local Store,,,,,,0,Receive,2026-07-12 10:48:41
3064,9623,3,2026-06-22,Local Store,201299,9384,2026-06-22,Anthupitha Motors & Traders (pvt) Ltd,386.67,1,Receive,2026-07-12 10:48:41
3063,9622,1,2026-06-22,Local Store,201299,9384,2026-06-22,Anthupitha Motors & Traders (pvt) Ltd,170,1,Receive,2026-07-12 10:48:41
3062,9621,1,2026-06-22,Local Store,,,,,,0,Receive,2026-07-12 10:48:41
3061,9620,1,2026-06-22,Local Store,201299,9384,2026-06-26,Anthupitha Motors & Traders (pvt) Ltd,15948,1,Receive,2026-07-12 10:48:41
3060,9619,1,2026-06-22,Local Store,,,,,,0,Receive,2026-07-12 10:48:41
3059,9618,1,2026-06-22,Local Store,201299,9384,2026-06-22,Anthupitha Motors & Traders (pvt) Ltd,12735,1,Receive,2026-07-12 10:48:41
3206,9769,1,2026-07-01,Direct Purchase,,,,,,0,Receive,2026-07-12 10:48:41
3205,9768,1,2026-07-01,Direct Purchase,,,,,,0,Receive,2026-07-12 10:48:41
3204,9767,1,2026-07-01,Direct Purchase,,,,,,0,Receive,2026-07-12 10:48:41
3203,9766,1,2026-07-01,Direct Purchase,,,,,,0,Receive,2026-07-12 10:48:41
3202,9765,1,2026-07-01,Direct Purchase,,,,,,0,Receive,2026-07-12 10:48:41
3201,9764,1,2026-07-01,Direct Purchase,,,,,,0,Receive,2026-07-12 10:48:41
3200,9763,1,2026-07-01,Direct Purchase,,,,,,0,Receive,2026-07-12 10:48:41
3155,9761,1,2026-06-25,Direct Purchase,,,,,,0,Receive,2026-07-12 10:48:41
3156,9760,1,2026-06-25,Direct Purchase,,,,,,0,Receive,2026-07-12 10:48:41
3154,9759,1,2026-06-25,Direct Purchase,,,,,,0,Receive,2026-07-12 10:48:41
3159,9720,3,2026-06-26,Local Store,201380,2606200,2026-06-26,Sigiri Traders,1750,1,Receive,2026-07-12 10:48:41
3121,9709,1,2026-06-26,Direct Purchase,HeadOffice,14757,2026-06-26,Seagull Motors,3750,1,Receive,2026-07-12 10:48:41
3188,9718,2,2026-06-30,Direct Purchase,,,,,,0,Receive,2026-07-12 10:48:41
3187,9717,1,2026-06-30,Local Store,,,,,,0,Receive,2026-07-12 10:48:41
3161,9762,5,2026-06-26,Local Store,201378,9395,2026-06-26,Anthupitha Motor,800,1,Receive,2026-07-12 10:48:41
3153,9758,1,2026-06-25,Direct Purchase,,,,,,0,Receive,2026-07-12 10:48:41
3158,9757,1,2026-06-25,Direct Purchase,,,,,,0,Receive,2026-07-12 10:48:41
3357,9713,2,2026-06-24,Local Store,201363,31612,2026-06-24,Anrita Motors,500,1,Receive,2026-07-12 10:48:41
3355,9712,2,2026-06-24,Local Store,201363,32612,2026-06-24,Anrita Motors,2900,1,Receive,2026-07-12 10:48:41
3356,9636,1,2026-06-24,Local Store,201363,31612,2026-06-24,Anrita Motors,2900,1,Receive,2026-07-12 10:48:41
3050,9679,2,2026-06-22,Local Store,,,,,,0,Receive,2026-07-12 10:48:41
3049,9678,200,2026-06-24,Local Store,,,,,,0,Receive,2026-07-12 10:48:41
3048,9677,182,2026-06-24,Local Store,,,,,,0,Receive,2026-07-12 10:48:41
3152,9672,1,2026-06-25,Direct Purchase,,,,,,0,Receive,2026-07-12 10:48:41
3151,9670,1,2026-06-25,Direct Purchase,,,,,,0,Receive,2026-07-12 10:48:41
3157,9638,1,2026-06-25,Direct Purchase,,,,,,0,Receive,2026-07-12 10:48:41
3084,9637,1,2026-06-24,Local Store,,,,,,0,Receive,2026-07-12 10:48:41
3103,9635,1,2026-06-24,Direct Purchase,HeadOffice,23495,2026-06-24,Varsha Motors,29500,1,Receive,2026-07-12 10:48:41
3083,9634,3,2026-06-23,Local Store,201298,9390,2026-06-23,Anthupitha Motors & Traders (pvt) Ltd,1375.2,1,Receive,2026-07-12 10:48:41
3327,9683,5,2026-07-02,Local Store,,,,,,0,Receive,2026-07-12 10:48:41
3167,9682,14,2026-06-26,Local Store,201372,,2026-06-26,Lanka Filling Station,285.72,1,Receive,2026-07-12 10:48:41
3058,9681,6.5,2026-06-22,Local Store,,,,,,0,Receive,2026-07-12 10:48:41
3068,9680,2,2026-06-22,Local Store,,,,,,0,Receive,2026-07-12 10:48:41
3045,9676,10,2026-06-22,Local Store,,,,,,0,Receive,2026-07-12 10:48:41
3046,9675,200,2026-06-22,Local Store,,,,,,0,Receive,2026-07-12 10:48:41
3047,9673,210,2026-06-22,Local Store,,,,,,0,Receive,2026-07-12 10:48:41
3071,9669,1,2026-06-22,Local Store,201300,9385,2026-06-22,Anthupitha Motors & Traders (pvt) Ltd,1624.5,1,Receive,2026-07-12 10:48:41
3070,9668,1,2026-06-22,Local Store,201300,9385,2026-06-22,Anthupitha Motors & Traders (pvt) Ltd,1300,1,Receive,2026-07-12 10:48:41
3106,9633,2,2026-06-24,Direct Purchase,HeadOffice,16113,2026-06-24,LM Perera motors,450,1,Receive,2026-07-12 10:48:41
3105,9632,1,2026-06-24,Direct Purchase,HeadOffice,16113,2026-06-24,LM Perera motors,2500,1,Receive,2026-07-12 10:48:41
3104,9631,4,2026-06-24,Direct Purchase,HeadOffice,16113,2026-06-04,LM Perera motors,737.5,1,Receive,2026-07-12 10:48:41
3066,9629,1,2026-06-22,Local Store,,,,,,0,Receive,2026-07-12 10:48:41
3065,9628,1,2026-06-22,Local Store,,,,,,0,Receive,2026-07-12 10:48:41
3067,9626,1,2026-06-22,Local Store,,,,,,0,Receive,2026-07-12 10:48:41
3253,9666,1,2026-07-02,Direct Purchase,,,,,,0,Receive,2026-07-12 10:48:41
3254,9665,2,2026-07-02,Direct Purchase,,,,,,0,Receive,2026-07-12 10:48:41
3252,9664,1,2026-07-02,Direct Purchase,,,,,,0,Receive,2026-07-12 10:48:41
3251,9663,1,2026-07-02,Direct Purchase,,,,,,0,Receive,2026-07-12 10:48:41
3250,9662,1,2026-07-02,Direct Purchase,,,,,,0,Receive,2026-07-12 10:48:41
3249,9661,1,2026-07-02,Direct Purchase,,,,,,0,Receive,2026-07-12 10:48:41
3248,9660,1,2026-07-02,Direct Purchase,,,,,,0,Receive,2026-07-12 10:48:41
3239,9659,1,2026-07-02,Direct Purchase,,,,,,0,Receive,2026-07-12 10:48:41
3238,9658,1,2026-07-02,Direct Purchase,,,,,,0,Receive,2026-07-12 10:48:41
3237,9657,1,2026-07-02,Direct Purchase,,,,,,0,Receive,2026-07-12 10:48:41
3236,9655,1,2026-07-02,Direct Purchase,,,,,,0,Receive,2026-07-12 10:48:41
3235,9654,1,2026-07-02,Direct Purchase,,,,,,0,Receive,2026-07-12 10:48:41
3234,9653,1,2026-07-02,Direct Purchase,,,,,,0,Receive,2026-07-12 10:48:41
3233,9652,1,2026-07-02,Direct Purchase,,,,,,0,Receive,2026-07-12 10:48:41
3232,9651,1,2026-07-02,Direct Purchase,,,,,,0,Receive,2026-07-12 10:48:41
3231,9650,1,2026-07-02,Direct Purchase,,,,,,0,Receive,2026-07-12 10:48:41
3055,9648,1,2026-06-20,Direct Purchase,,,,,,0,Receive,2026-07-12 10:48:41
3056,9647,1,2026-06-20,Direct Purchase,,,,,,0,Receive,2026-07-12 10:48:41
3057,9646,1,2026-06-20,Direct Purchase,,,,,,0,Receive,2026-07-12 10:48:41
3054,9645,1,2026-06-20,Direct Purchase,,,,,,0,Receive,2026-07-12 10:48:41
3053,9644,1,2026-06-20,Direct Purchase,,,,,,0,Receive,2026-07-12 10:48:41
3052,9643,1,2026-06-20,Direct Purchase,,,,,,0,Receive,2026-07-12 10:48:41
3051,9642,2,2026-06-20,Direct Purchase,,,,,,0,Receive,2026-07-12 10:48:41
3166,9625,2,2026-06-26,Local Store,201381,0109,2026-06-26,Ajith Auto Parts,6500,1,Receive,2026-07-12 10:48:41
3214,9617,2,2026-07-02,Local Store,,,,,,0,Receive,2026-07-12 10:48:41
3360,9616,12,2026-06-20,Local Store,201295,20260620,2026-06-20,Sena Hardware (Ana Kade),390,1,Receive,2026-07-12 10:48:41
3361,9704,2,2026-06-20,Local Store,201295,20260620,2026-06-20,Sena Hardware (Ana Kade),50,1,Receive,2026-07-12 10:48:41
3094,9529,1,2026-06-25,Direct Purchase,,,,,,0,Receive,2026-07-12 10:48:41
3362,9528,12,2026-06-20,Local Store,201295,20260620,2026-06-20,Sena Hardware (Ana Kade),35,1,Receive,2026-07-12 10:48:41
2980,9527,12,2026-06-20,Local Store,201295,20260620,2026-06-20,Sena Hardware (Ana Kade),60,1,Receive,2026-07-12 10:48:41
3069,9615,1,2026-06-22,Local Store,201351,055,2026-06-22,S.M Motors,26000,1,Receive,2026-07-12 10:48:41
3359,9715,1,2026-06-24,Local Store,201365,224,2026-06-24,Suranga Cusion Works,13500,1,Receive,2026-07-12 10:48:41
3358,9714,1,2026-06-24,Local Store,201364,227,2026-06-24,Suranga Cusion Works,15000,1,Receive,2026-07-12 10:48:41
2976,9593,0.5,2026-06-19,Local Store,201290,12846,2026-06-19,Gayas Ali PAint Gallery,2400,1,Receive,2026-07-12 10:48:41
3190,9363,1,2026-06-30,Local Store,,,,,,0,Receive,2026-07-12 10:48:41
3210,9363,1,2026-07-01,Direct Purchase,,,,,,0,Receive,2026-07-12 10:48:41
2916,9493,1,2026-06-17,Local Store,201280,36671,2026-06-17,Anrita Motors,1800,1,Receive,2026-07-12 10:48:41
2734,9362,1,2026-06-13,Local Store,,,,,,0,Receive,2026-07-12 10:48:41
2915,9332,1,2026-06-17,Local Store,,,,,,0,Receive,2026-07-12 10:48:41
2982,9570,4,2026-06-22,Local Store,,,,,262.5,1,Receive,2026-07-12 10:48:41
2986,9564,1,2026-06-20,Direct Purchase,,,,,,0,Receive,2026-07-12 10:48:41
2987,9563,1,2026-06-20,Direct Purchase,,,,,,0,Receive,2026-07-12 10:48:41
2985,9561,1,2026-06-20,Direct Purchase,,,,,,0,Receive,2026-07-12 10:48:41
2984,9560,1,2026-06-20,Direct Purchase,,,,,,0,Receive,2026-07-12 10:48:41
2978,9536,1,2026-06-19,Local Store,Headoffice,149377,2026-06-19,Lalith Motors,10700,1,Receive,2026-07-12 10:48:41
2979,9535,1,2026-06-19,Local Store,,,,,,0,Receive,2026-07-12 10:48:41
3102,9525,1,2026-06-24,Local Store,,,,,,0,Receive,2026-07-12 10:48:41
2885,9522,1,2026-06-19,Local Store,,,,,,0,Receive,2026-07-12 10:48:41
3082,9703,1,2026-06-23,Local Store,,,,,,0,Receive,2026-07-12 10:48:41
2924,9556,1,2026-06-19,Local Store,201285,1907,2026-06-19,Srilal Stores,2000,1,Receive,2026-07-12 10:48:41
3080,9555,1,2026-06-23,Local Store,,,,,,0,Receive,2026-07-12 10:48:41
3079,9554,2,2026-06-23,Local Store,,,,,,0,Receive,2026-07-12 10:48:41
3078,9553,10,2026-06-23,Local Store,,,,,,0,Receive,2026-07-12 10:48:41
3076,9552,1,2026-06-23,Local Store,,,,,,0,Receive,2026-07-12 10:48:41
3081,9551,1,2026-06-23,Local Store,,,,,,0,Receive,2026-07-12 10:48:41
2981,9550,1,2026-06-20,Local Store,201296,9382,2026-06-25,Anthupitha Motors & Traders (pvt) Ltd,2083.5,1,Receive,2026-07-12 10:48:41
3170,9549,2,2026-06-26,Direct Purchase,,,,,,0,Receive,2026-07-12 10:48:41
3171,9548,2,2026-06-26,Direct Purchase,,,,,,0,Receive,2026-07-12 10:48:41
3169,9547,2,2026-06-26,Local Store,,,,,,0,Receive,2026-07-12 10:48:41
2914,9544,1,2026-06-17,Local Store,201278,009378,2026-06-17,Anthupitha Motor,7740,1,Receive,2026-07-12 10:48:41
2913,9543,1,2026-06-17,Local Store,201278,009378,2026-06-17,Anthupitha Motor,4626,1,Receive,2026-07-12 10:48:41
3108,9542,1,2026-06-24,Direct Purchase,,,,,,0,Receive,2026-07-12 10:48:41
2911,9541,2,2026-06-17,Local Store,201278,009378,2026-06-17,Anthupitha Motor,1539,1,Receive,2026-07-12 10:48:41
2912,9540,1,2026-06-17,Local Store,Headoffice,70340,2026-06-26,Royal,4250,1,Receive,2026-07-12 10:48:41
2920,9566,10,2026-06-18,Local Store,201282,04,2026-06-18,Cut Piece Center,200,1,Receive,2026-07-12 10:48:41
2890,9565,10,2026-06-17,Local Store,,,,,,0,Receive,2026-07-12 10:48:41
2860,9512,2,2026-06-17,Local Store,,,,,,0,Receive,2026-07-12 10:48:41
2855,9499,2,2026-06-17,Local Store,201447,076,2026-06-17,Jayawardana Motor,100575,1,Receive,2026-07-12 10:48:41
2805,9452,1,2026-06-15,Direct Purchase,,,,,,0,Receive,2026-07-12 10:48:41
3185,9748,1,2026-06-27,Local Store,201369,23,2026-06-27,Sadeu Cusion Works,3500,1,Receive,2026-07-12 10:48:41
3168,9710,1,2026-06-26,Local Store,201379,NEG26-395,2026-06-26,Jeewa Plastic,14400,1,Receive,2026-07-12 10:48:41
3096,9534,4,2026-06-23,Direct Purchase,HeadOffice,0025,2026-06-23,Jeniru Spares Center,4875,1,Receive,2026-07-12 10:48:41
2973,9569,1,2026-05-14,Local Store,201430,,2026-05-14,Pradeep Auto A/C,38500,1,Receive,2026-07-12 10:48:41
2974,9568,1,2026-05-14,Local Store,201431,,2026-05-14,Pradeep Auto A/C,30800,1,Receive,2026-07-12 10:48:41
3241,9559,1,2026-07-02,Direct Purchase,,,,,,0,Receive,2026-07-12 10:48:41
2919,9532,1,2026-06-17,Local Store,,,,,,0,Receive,2026-07-12 10:48:41
3122,9557,1,2026-06-15,Direct Purchase,,,,,,0,Receive,2026-07-12 10:48:41
2897,9531,1,2026-06-16,Direct Purchase,Headoffice,175758,2026-06-16,Upali Auto Electricals,15000,1,Receive,2026-07-12 10:48:41
2886,9523,1,2026-06-14,Local Store,201276,,2026-06-15,Ranil Workshop - Rambawa,12000,1,Receive,2026-07-12 10:48:41
2839,9457,1,2026-06-16,Local Store,,,,,,0,Receive,2026-07-12 10:48:41
2788,9456,1,2026-06-13,Local Store,201275,96962,2026-06-14,Pathum Motor House,15150,1,Receive,2026-07-12 10:48:41
2904,9497,1,2026-06-16,Local Store,201428,205,2026-06-16,New Sugath Auto Electrical,14600,1,Receive,2026-07-12 10:48:41
2810,9481,200,2026-06-15,Local Store,,,,,,0,Receive,2026-07-12 10:48:41
2768,9478,10,2026-06-15,Local Store,,,,,,0,Receive,2026-07-12 10:48:41
2908,9466,1,2026-06-16,Local Store,201435,9376,2026-06-16,Anthupitha Motors & Traders (pvt) Ltd,1710,1,Receive,2026-07-12 10:48:41
2926,9465,1,2026-06-19,Local Store,201288,A260619027,2026-06-19,Wijayamini Motors,16600,1,Receive,2026-07-12 10:48:41
2925,9463,2,2026-06-19,Local Store,201292,46,2026-06-19,Anushan Trades,450,1,Receive,2026-07-12 10:48:41
2907,9462,1,2026-06-16,Local Store,201435,9376,2026-06-16,Anthupitha Motors & Traders (pvt) Ltd,3025.8,1,Receive,2026-07-12 10:48:41
2906,9460,4,2026-06-16,Local Store,201435,9376,2026-06-16,Anthupitha Motors & Traders (pvt) Ltd,427.5,1,Receive,2026-07-12 10:48:41
2905,9459,2,2026-06-16,Local Store,201433,,2026-06-16,Anura Hardware,3490,1,Receive,2026-07-12 10:48:41
2891,9458,1,2026-06-16,Local Store,201438,9377,2026-06-16,Anthupitha Motors & Traders (pvt) Ltd,1774.8,1,Receive,2026-07-12 10:48:41
2893,9455,3,2026-06-16,Local Store,201434,A260616008,2026-06-16,Wijayamini Motors,600,1,Receive,2026-07-12 10:48:41
2983,9454,1,2026-06-20,Local Store,201293,34237,2026-06-20,Ruhunu Enterprices,5960,1,Receive,2026-07-12 10:48:41
2923,9449,1,2026-06-19,Local Store,201286,219,2026-06-19,Suranga Cusion Works,3000,1,Receive,2026-07-12 10:48:41
3371,9979,8,2026-07-08,Local Store,,,,,,0,Receive,2026-07-12 10:48:41
3370,9978,1,2026-07-08,Local Store,,,,,,0,Receive,2026-07-12 10:48:41
3113,9706,1,2026-06-18,Local Store,201281,12170,2026-06-18,Otec Motor House,9100,1,Receive,2026-07-12 10:48:41
3369,9440,2,2026-07-08,Local Store,,,,,,0,Receive,2026-07-12 10:48:41
3368,9439,2,2026-07-02,Local Store,,,,,,0,Receive,2026-07-12 10:48:41
3015,9438,1,2026-06-16,Local Store,201437,00267,2026-06-16,Otek Motor House,43430,1,Receive,2026-07-12 10:48:41
3117,9438,1,2026-06-20,Local Store,201294,589,2026-06-20,Shantha Lathe works,1500,1,Receive,2026-07-12 10:48:41
3116,9708,5,2026-06-19,Local Store,201291,1300,2026-06-19,Anura Hardware,1300,1,Receive,2026-07-12 10:48:41
2910,9429,3.5,2026-06-17,Local Store,,,,,,0,Receive,2026-07-12 10:48:41
2733,9428,15,2026-06-13,Local Store,201264,,2026-06-13,Lanka Filling Station,266.67,1,Receive,2026-07-12 10:48:41
2767,9477,40,2026-06-13,Local Store,,,,,,0,Receive,2026-07-12 10:48:41
2898,9446,2,2026-06-16,Local Store,,,,,,0,Receive,2026-07-12 10:48:41
2988,9445,1,2026-06-20,Direct Purchase,,,,,,0,Receive,2026-07-12 10:48:41
2903,9444,2,2026-06-16,Local Store,,,,,,0,Receive,2026-07-12 10:48:41
3120,9443,1,2026-06-26,Direct Purchase,HeadOffice,175831,2026-06-26,Upali Auto Electricals,10500,1,Receive,2026-07-12 10:48:41
3118,9442,5,2026-06-25,Direct Purchase,HeadOffice,16113,2026-06-25,Asmi Hardware,300,1,Receive,2026-07-12 10:48:41
3119,9441,5,2026-06-25,Direct Purchase,HeadOffice,16113,2026-06-25,Asmi Hardware,300,1,Receive,2026-07-12 10:48:41
2787,9437,1,2026-06-13,Direct Purchase,,,,,,0,Receive,2026-07-12 10:48:41
2732,9425,1,2026-06-13,Local Store,201259,,2026-06-13,Semini Motors,4980,1,Receive,2026-07-12 10:48:41
2968,9589,1,2026-06-11,Local Store,201410,57,2026-06-11,L/P 0772303840,3000,1,Receive,2026-07-12 10:48:41
2610,9208,1,2026-06-11,Local Store,201410,37,2026-06-11,L/P 0772303840,3500,1,Receive,2026-07-12 10:48:41
2603,9207,2,2026-06-10,Local Store,201412,644,2026-06-10,P.R.N Fiber Works,1250,1,Receive,2026-07-12 10:48:41
2730,9424,2,2026-06-13,Local Store,201273,820,2026-06-13,Subasinghe Heavy Machinery,40,1,Receive,2026-07-12 10:48:41
2731,9423,2,2026-06-13,Local Store,201273,820,2026-06-13,Subasinghe Heavy Machinery,180,1,Receive,2026-07-12 10:48:41
2806,9422,5,2026-06-15,Direct Purchase,,,,,,0,Receive,2026-07-12 10:48:41
2894,9421,1,2026-06-16,Local Store,201284,,2026-06-19,Bandara Aluminium,600,1,Receive,2026-07-12 10:48:41
2724,9419,1,2026-06-01,Local Store,,,,,,0,Receive,2026-07-12 10:48:41
2901,9498,2,2026-06-16,Local Store,201429,A260616010,2026-06-16,Wijayamini Motors,3350,1,Receive,2026-07-12 10:48:41
2902,9436,1,2026-06-16,Local Store,201287,A260619025,2026-06-19,Wijayamini Motors,3950,1,Receive,2026-07-12 10:48:41
2900,9435,2,2026-06-16,Local Store,201429,A260616010,2026-06-16,Wijayamini Motors,4900,1,Receive,2026-07-12 10:48:41
2917,9434,1,2026-06-17,Local Store,,,,,,0,Receive,2026-07-12 10:48:41
2918,9433,1,2026-06-17,Local Store,,,,,,0,Receive,2026-07-12 10:48:41
2899,9432,2,2026-06-16,Local Store,201429,A260616010,2026-06-16,Wijayamini Motors,3950,1,Receive,2026-07-12 10:48:41
2766,9476,20,2026-06-12,Local Store,,,,,,0,Receive,2026-07-12 10:48:41
2763,9317,5,2026-11-15,Local Store,,,,,,0,Receive,2026-07-12 10:48:41
2765,9474,4,2026-06-12,Local Store,,,,,,0,Receive,2026-07-12 10:48:41
2786,9431,2,2026-06-15,Direct Purchase,,,,,,0,Receive,2026-07-12 10:48:41
3114,9430,1,2026-06-18,Local Store,201283,13454,2026-06-18,Romax Marketing,3800,1,Receive,2026-07-12 10:48:41
2640,9359,2,2026-06-12,Local Store,201269,CB045286,2026-06-12,Sanekra Motors,3450,1,Receive,2026-07-12 10:48:41
2636,9358,1.5,2026-06-12,Local Store,201262,18295,2026-06-12,FK Auto Paint Center,1466.67,1,Receive,2026-07-12 10:48:41
2637,9357,5,2026-06-12,Local Store,201267,,2026-06-12,Gayas Ali PAint Gallery,150,1,Receive,2026-07-12 10:48:41
2638,9340,0.5,2026-06-12,Local Store,201267,,2026-06-12,Gayas Ali PAint Gallery,2800,1,Receive,2026-07-12 10:48:41
2639,9339,0.25,2026-06-12,Local Store,,,,,,0,Receive,2026-07-12 10:48:41
2635,9338,1,2026-06-12,Local Store,,,,,,0,Receive,2026-07-12 10:48:41
3213,9427,1,2026-07-02,Local Store,,,,,,0,Receive,2026-07-12 10:48:41
2977,9426,1,2026-06-19,Local Store,201291,1300,2026-06-19,Anura Hardware,650,1,Receive,2026-07-12 10:48:41
2728,9337,1,2026-06-11,Local Store,201261,13,2026-06-13,St Anthonys Auto Electrical,5700,1,Receive,2026-07-12 10:48:41
2606,9336,1,2026-06-11,Local Store,,,,,,0,Receive,2026-07-12 10:48:41
2609,9335,1,2026-06-11,Local Store,201409,269,2026-06-05,Suranga Cushion Works,15000,1,Receive,2026-07-12 10:48:41
2633,9334,1,2026-06-12,Local Store,,,,,,0,Receive,2026-07-12 10:48:41
2634,9333,1,2026-06-12,Local Store,201277,36630,2026-06-12,Anrita Motors,900,1,Receive,2026-07-12 10:48:41
2764,9318,5,2026-06-11,Local Store,,,,,,0,Receive,2026-07-12 10:48:41
2727,9420,1,2026-06-13,Local Store,201265,36037,2026-06-13,Anrita Motors,700,1,Receive,2026-07-12 10:48:41
2726,9331,1,2026-06-13,Local Store,201265,36037,2026-06-13,Anrita Motors,450,1,Receive,2026-07-12 10:48:41
2725,9330,1,2026-06-13,Local Store,201265,36037,2026-06-13,Anrita Motors,100,1,Receive,2026-07-12 10:48:41
2605,9329,1,2026-06-10,Local Store,,,,,,0,Receive,2026-07-12 10:48:41
2628,9328,2,2026-06-11,Direct Purchase,,,,,,0,Receive,2026-07-12 10:48:41
2594,9327,4,2026-06-10,Local Store,201423,110723,2026-06-10,Anthupitha Motors & Traders (pvt) Ltd,909,1,Receive,2026-07-12 10:48:41
2595,9326,3,2026-06-10,Local Store,201423,110723,2026-06-10,Anthupitha Motors & Traders (pvt) Ltd,1254,1,Receive,2026-07-12 10:48:41
2641,9325,1,2026-06-12,Local Store,201263,34097,2026-06-12,Ruhuna Enterprices,1800,1,Receive,2026-07-12 10:48:41
2760,9468,1,2026-06-19,Local Store,"201402,201403","718,",2026-05-28,"Denuwan Motors, Kawindu Motors",2950,1,Receive,2026-07-12 10:48:41
2967,9468,1,2026-06-01,Local Store,201404,0452,2026-06-01,Arawwala Motors,2500,1,Receive,2026-07-12 10:48:41
2972,9468,1,2026-06-02,Local Store,201427,,2026-06-02,Pradeep Auto A/C,46400,1,Receive,2026-07-12 10:48:41
2650,9368,1,2026-06-09,Local Store,201406,,2026-05-14,Pradeep Auto A/C,23000,1,Receive,2026-07-12 10:48:41
2649,9367,1,2026-06-09,Local Store,201405,1907,2026-06-06,Pamodi Motors,75000,1,Receive,2026-07-12 10:48:41
2647,9365,1,2026-06-09,Local Store,201407,055,2026-05-21,Dulax Auto A/C,13300,1,Receive,2026-07-12 10:48:41
2596,9324,1,2026-06-10,Local Store,201413,10286,2026-06-10,Otek Motor House,3900,1,Receive,2026-07-12 10:48:41
2590,9323,4,2026-06-09,Direct Purchase,HeadOffice,4913,2026-06-08,Sanjaya Diesel Pump Service,6375,1,Receive,2026-07-12 10:48:41
2589,9322,1,2026-06-09,Direct Purchase,HeadOffice,4913,2026-06-08,Sanjaya Diesel Pump Service,20000,1,Receive,2026-07-12 10:48:41
2597,9321,10,2026-06-10,Local Store,201413,10286,2026-06-10,Otek Motor House,210,1,Receive,2026-07-12 10:48:41
2598,9320,10,2026-06-10,Local Store,201413,10286,2026-06-10,Otek Motor House,225,1,Receive,2026-07-12 10:48:41
2581,9311,12,2026-06-09,Local Store,201422,9374,2026-06-09,Anthupitha Motors & Traders (pvt) Ltd,500,1,Receive,2026-07-12 10:48:41
2607,9299,4,2026-06-10,Local Store,201411,1286,2026-06-11,Anura Hardware,1200,1,Receive,2026-07-12 10:48:41
2582,9298,8,2026-06-09,Local Store,201421,9371,2026-06-09,Anthupitha Motors & Traders (pvt) Ltd,175,1,Receive,2026-07-12 10:48:41
2804,9297,30,2026-06-12,Local Store,201258,,2026-06-15,Radeeka Motors,100,1,Receive,2026-07-12 10:48:41
2608,9296,24,2026-06-11,Local Store,201411,1286,2026-06-11,Anura Hardware,180,1,Receive,2026-07-12 10:48:41
2643,9295,6,2026-06-10,Local Store,201419,,2026-06-09,Cut Piece Center,200,1,Receive,2026-07-12 10:48:41
3097,9294,12,2026-06-24,Local Store,,,,,,0,Receive,2026-07-12 10:48:41
2584,9293,6,2026-06-09,Local Store,201421,9371,2026-06-09,Anthupitha Motors & Traders (pvt) Ltd,1102,1,Receive,2026-07-12 10:48:41
3098,9292,3,2026-06-24,Local Store,,,,,,0,Receive,2026-07-12 10:48:41
3162,9291,2,2026-06-26,Local Store,201375,12206,2026-06-26,Otec Motor House,2750,1,Receive,2026-07-12 10:48:41
3095,9263,1,2026-06-23,Direct Purchase,HeadOffice,0025,2026-06-23,Jeniru Spares Center,10900,1,Receive,2026-07-12 10:48:41
2587,9260,1,2026-06-09,Local Store,,,,,,0,Receive,2026-07-12 10:48:41
2588,9259,1,2026-06-09,Local Store,,,,,,0,Receive,2026-07-12 10:48:41
2592,9258,1,2026-06-09,Local Store,201418,36611,2026-06-09,Anrita Motors,300,1,Receive,2026-07-12 10:48:41
2580,9257,3,2026-06-09,Local Store,201424,9372,2026-06-09,Anthupitha Motors & Traders (pvt) Ltd,2132.1,1,Receive,2026-07-12 10:48:41
3247,9309,1,2026-07-02,Direct Purchase,,,,,,0,Receive,2026-07-12 10:48:41
3246,9308,1,2026-07-02,Direct Purchase,,,,,,0,Receive,2026-07-12 10:48:41
2809,9307,1,2026-06-16,Direct Purchase,,,,,,0,Receive,2026-07-12 10:48:41
2808,9306,1,2026-06-15,Direct Purchase,,,,,,0,Receive,2026-07-12 10:48:41
2807,9305,1,2026-06-15,Direct Purchase,,,,,,0,Receive,2026-07-12 10:48:41
2761,9301,8,2026-06-09,Local Store,,,,,,0,Receive,2026-07-12 10:48:41
2631,9283,1,2026-06-12,Local Store,201267,,2026-06-12,Gayas Ali PAint Gallery,2100,1,Receive,2026-07-12 10:48:41
3107,9282,4,2026-06-24,Direct Purchase,HeadOffice,4254,2026-06-23,Varsha Motors,200,1,Receive,2026-07-12 10:48:41
3112,9281,4,2026-06-27,Direct Purchase,HeadOffice,4254,2026-06-23,Varsha Motors,75,1,Receive,2026-07-12 10:48:41
3092,9280,1,2026-06-23,Direct Purchase,HeadOffice,4254,2026-06-23,Varsha Motors,2950,1,Receive,2026-07-12 10:48:41
3090,9278,16,2026-06-23,Direct Purchase,HeadOffice,4254,2026-06-23,Varsha Motors,50,1,Receive,2026-07-12 10:48:41
3089,9277,6,2026-06-23,Direct Purchase,HeadOffice,4254,2026-06-23,Varsha Motors,950,1,Receive,2026-07-12 10:48:41
3088,9276,2,2026-06-23,Direct Purchase,HeadOffice,4254,2026-06-23,Varsha Motors,1450,1,Receive,2026-07-12 10:48:41
3087,9275,2,2026-06-03,Direct Purchase,HeadOffice,4254,2026-06-23,Varsha Motors,4750,1,Receive,2026-07-12 10:48:41
3086,9274,1,2026-06-03,Direct Purchase,HeadOffice,4254,2026-06-23,Varsha Motors,4950,1,Receive,2026-07-12 10:48:41
3085,9273,2,2026-06-23,Direct Purchase,HeadOffice,4254,2026-06-23,Varsha Motors,8750,1,Receive,2026-07-12 10:48:41
3091,9279,8,2026-06-23,Direct Purchase,HeadOffice,4254,2026-06-23,Varsha Motors,350,1,Receive,2026-07-12 10:48:41
2481,9272,20,2026-06-08,Local Store,201891,32093,2026-06-08,Anrita Motors,150,1,Receive,2026-07-12 10:48:41
2482,9271,1,2026-06-08,Local Store,201889,32098,2026-06-08,Anrita Motors,6900,1,Receive,2026-07-12 10:48:41
2970,9271,1,2026-06-05,Local Store,201426,,2026-05-06,Colombage Motors,3650,1,Receive,2026-07-12 10:48:41
2492,9269,1,2026-06-08,Local Store,,,,,,0,Receive,2026-07-12 10:48:41
2491,9268,1,2026-06-08,Direct Purchase,,,,,,0,Receive,2026-07-12 10:48:41
2490,9267,1,2026-06-09,Direct Purchase,,,,,,0,Receive,2026-07-12 10:48:41
2489,9266,1,2026-06-08,Direct Purchase,,,,,,0,Receive,2026-07-12 10:48:41
2488,9265,1,2026-06-08,Direct Purchase,,,,,,0,Receive,2026-07-12 10:48:41
2579,9264,2,2026-06-08,Direct Purchase,,,,,,0,Receive,2026-07-12 10:48:41
2480,9256,1,2026-06-08,Local Store,,,,,,0,Receive,2026-07-12 10:48:41
2180,8888,4,2026-05-22,Head Office,,,,,,0,Receive,2026-07-12 10:48:41
2179,8887,2,2026-05-22,Head Office,,,,,,0,Receive,2026-07-12 10:48:41
2178,8886,8,2026-05-22,Head Office,,,,,,0,Receive,2026-07-12 10:48:41
2177,8885,8,2026-05-22,Head Office,,,,,,0,Receive,2026-07-12 10:48:41
2176,8884,4,2026-05-20,Local Purchase,,,,,,0,Receive,2026-07-12 10:48:41
2457,9251,1,2026-06-08,Local Store,,,,,,0,Receive,2026-07-12 10:48:41
2648,9366,2,2026-06-09,Local Store,201408,60,2026-06-04,Lalith Motors,5600,1,Receive,2026-07-12 10:48:41
2762,9300,2,2026-06-07,Local Store,,,,,,0,Receive,2026-07-12 10:48:41
2445,9231,200,2026-06-07,Local Store,,,,,,0,Receive,2026-07-12 10:48:41
2401,9230,8,2026-06-07,Local Store,,,,,,0,Receive,2026-07-12 10:48:41
2403,9229,5,2026-06-07,Local Store,,,,,,0,Receive,2026-07-12 10:48:41
2975,9591,1,2026-06-19,Local Store,201289,1647,2026-06-19,Nithishanwan,1000,1,Receive,2026-07-12 10:48:41
3115,9591,1,2026-06-19,Local Store,201289,1647,2026-06-19,Nithishanwan,1000,1,Receive,2026-07-12 10:48:41
2444,9194,20,2026-06-06,Local Store,201881,10280,2026-06-06,Otec Motor House,50,1,Receive,2026-07-12 10:48:41
2604,9193,4,2026-06-10,Local Store,201417,,2026-06-10,Inoka Traders,500,1,Receive,2026-07-12 10:48:41
2877,9521,1,2026-06-09,Local Store,201270,,2026-06-09,Pradeepa Garage,25400,1,Receive,2026-07-12 10:48:41
2921,9262,1,2026-06-18,Local Store,,,,,,0,Receive,2026-07-12 10:48:41
2892,9261,2,2026-06-16,Local Store,201432,,2026-06-16,Manjula,2250,1,Receive,2026-07-12 10:48:41
2404,9204,10,2026-06-06,Local Store,,,,,,0,Receive,2026-07-12 10:48:41
2421,9217,5,2026-06-08,Local Store,GRN-PDF-777,INV-PDF-888,2026-06-08,PDF Supplier Inc,250,1,Receive,2026-07-12 10:48:41
2483,9216,1,2026-06-08,Local Store,201426,,2026-06-13,Colombage Motors,2500,1,Receive,2026-07-12 10:48:41
2687,9214,1,2026-06-08,Local Store,201890,32088,2026-06-08,Anrita Motors,500,1,Receive,2026-07-12 10:48:41
2453,9213,1,2026-06-08,Local Store,201890,32088,2026-06-08,Anrita Motors,500,1,Receive,2026-07-12 10:48:41
2452,9212,1,2026-06-08,Local Store,201890,32088,2026-06-08,Anrita Motors,1900,1,Receive,2026-07-12 10:48:41
2451,9211,1,2026-06-08,Local Store,201890,32088,2026-06-08,Anrita Motors,2200,1,Receive,2026-07-12 10:48:41
2450,9210,1,2026-06-08,Local Store,201890,32088,2026-06-08,Anrita Motors,3300,1,Receive,2026-07-12 10:48:41
2642,9209,10,2026-06-12,Local Store,201263,34097,2026-06-12,Ruhuna Enterprices,270,1,Receive,2026-07-12 10:48:41
2759,9203,1,2026-06-13,Direct Purchase,,,,,,0,Receive,2026-07-12 10:48:41
3240,9201,1,2026-07-02,Direct Purchase,,,,,,0,Receive,2026-07-12 10:48:41
2758,9200,1,2026-06-13,Direct Purchase,,,,,,0,Receive,2026-07-12 10:48:41
2383,9198,1,2026-06-06,Local Store,,,,,,0,Receive,2026-07-12 10:48:41
2446,9192,5,2026-06-06,Local Store,201885,,2026-06-05,Radeeka Motors,1750,1,Receive,2026-07-12 10:48:41
2971,9592,2,2026-06-05,Local Store,201426,,2026-06-05,Colombage Motors,350,1,Receive,2026-07-12 10:48:41
2355,9164,2,2026-06-05,Local Store,201425,32075,2026-06-05,Anrita Motors,2000,1,Receive,2026-07-12 10:48:41
2354,9163,2,2026-06-05,Local Store,201425,32075,2026-06-05,Anrita Motors,500,1,Receive,2026-07-12 10:48:41
2353,9162,2,2026-06-05,Local Store,201886,A260605016,2026-06-05,Wijayamini Motors,3225,1,Receive,2026-07-12 10:48:41
2484,9161,2,2026-06-08,Local Store,201426,0,2026-05-06,Colombage Motors,4750,1,Receive,2026-07-12 10:48:41
2443,9196,-2,2026-06-08,Local Store,201415,MK/INVO 0585,2026-06-06,Subasinghe Heavy Machinery,2000,1,Return,2026-07-12 10:48:41
2969,9196,2,2026-06-06,Local Store,201415,MK/INVO 0585,2026-06-06,Subasinghe Heavy Machinery,2000,1,Receive,2026-07-12 10:48:41
2442,9195,1,2026-06-05,Local Store,201884,32074,2026-06-05,Anrita Motors,4600,1,Receive,2026-07-12 10:48:41
2622,9179,1,2026-06-11,Direct Purchase,230141,3282,2026-06-11,Kumara Filters (pvt) Ltd,3300,1,Receive,2026-07-12 10:48:41
2621,9178,1,2026-06-11,Direct Purchase,230141,3282,2026-06-11,Kumara Filters (pvt) Ltd,6499.99,1,Receive,2026-07-12 10:48:41
2669,9177,2,2026-06-04,Local Store,201882,,2026-06-04,Radeeka Motors,1600,1,Receive,2026-07-12 10:48:41
2362,9176,1,2026-06-05,Direct Purchase,HeadOffice,3171,2026-06-05,Wicrama Motors,3685,1,Receive,2026-07-12 10:48:41
2361,9175,2,2026-06-05,Direct Purchase,HeadOffice,3171,2026-06-05,Wicrama Motors,3795,1,Receive,2026-07-12 10:48:41
2360,9174,1,2026-06-05,Direct Purchase,HeadOffice,2202,2026-06-05,Isuru Motor Spares,8500,1,Receive,2026-07-12 10:48:41
2448,9222,6,2026-06-06,Local Store,201881,10280,2026-06-06,Otec Motor House,140,1,Receive,2026-07-12 10:48:41
2585,9173,3,2026-06-09,Local Store,201414,1283,2026-06-09,Anura Hardware,450,1,Receive,2026-07-12 10:48:41
2351,9170,3,2026-06-05,Local Store,201888,9369,2026-06-05,Anthupitha Motors,5106.25,1,Receive,2026-07-12 10:48:41
2599,9169,1,2026-06-10,Local Store,201423,110723,2026-06-10,Anthupitha Motors & Traders (pvt) Ltd,1662.5,1,Receive,2026-07-12 10:48:41
2349,9168,2,2026-06-05,Local Store,201887,A260605015,2026-06-05,Wijayamini Motors,580,1,Receive,2026-07-12 10:48:41
2896,9167,1,2026-06-16,Local Store,201433,A26061613,2026-06-16,Wijayamini Motors,1980,1,Receive,2026-07-12 10:48:41
2326,9166,1,2026-06-04,Local Store,201879,32065,2026-06-04,Anrita Motors,4600,1,Receive,2026-07-12 10:48:41
2331,9130,200,2026-06-04,Local Store,,,,,,0,Receive,2026-07-12 10:48:41
2746,9126,1,2026-06-13,Direct Purchase,,,,,,0,Receive,2026-07-12 10:48:41
2741,9125,1,2026-06-13,Direct Purchase,,,,,,0,Receive,2026-07-12 10:48:41
2747,9124,1,2026-06-13,Direct Purchase,,,,,,0,Receive,2026-07-12 10:48:41
2748,9123,1,2026-06-13,Direct Purchase,,,,,,0,Receive,2026-07-12 10:48:41
2744,9122,1,2026-06-13,Direct Purchase,,,,,,0,Receive,2026-07-12 10:48:41
2743,9121,1,2026-06-13,Direct Purchase,,,,,,0,Receive,2026-07-12 10:48:41
2745,9120,1,2026-06-13,Direct Purchase,,,,,,0,Receive,2026-07-12 10:48:41
2742,9119,1,2026-06-13,Direct Purchase,,,,,,0,Receive,2026-07-12 10:48:41
2749,9118,1,2026-06-13,Direct Purchase,,,,,,0,Receive,2026-07-12 10:48:41
2739,9117,1,2026-06-13,Direct Purchase,,,,,,0,Receive,2026-07-12 10:48:41
2740,9116,1,2026-06-13,Direct Purchase,,,,,,0,Receive,2026-07-12 10:48:41
2738,9115,1,2026-06-13,Direct Purchase,,,,,,0,Receive,2026-07-12 10:48:41
2330,9160,1,2026-06-04,Local Store,201878,32064,2026-06-04,Anrita Motors,600,1,Receive,2026-07-12 10:48:41
2329,9159,1,2026-06-04,Local Store,201878,32064,2026-06-04,Anrita Motors,7900,1,Receive,2026-07-12 10:48:41
2328,9158,1,2026-06-04,Local Store,201878,32064,2026-06-04,Anrita Motors,3200,1,Receive,2026-07-12 10:48:41
2327,9157,1,2026-06-04,Local Store,201878,32064,2026-06-04,Anrita Motors,3700,1,Receive,2026-07-12 10:48:41
2359,9156,1,2026-06-05,Direct Purchase,,,,,,0,Receive,2026-07-12 10:48:41
2332,9155,1,2026-06-04,Local Store,,,,,,0,Receive,2026-07-12 10:48:41
2333,9154,1,2026-06-05,Local Store,201880,5914,2026-06-05,Inoka Traders,4600,1,Receive,2026-07-12 10:48:41
2299,9153,1,2026-06-03,Local Store,201900,1279,2026-06-03,Anura Hardware,850,1,Receive,2026-07-12 10:48:41
2300,9152,1,2026-06-03,Local Store,201900,1279,2026-06-03,Anura Hardware,850,1,Receive,2026-07-12 10:48:41
2704,9406,6,2026-06-02,Local Store,201899,,2026-06-02,Cut Piece Center,250,1,Receive,2026-07-12 10:48:41
2290,9141,5,2026-06-02,Local Store,201896,1276,2026-06-02,Anura Hardware,265,1,Receive,2026-07-12 10:48:41
2289,9140,12,2026-06-02,Local Store,201896,1276,2026-06-02,Anura Hardware,175,1,Receive,2026-07-12 10:48:41
2288,9139,2,2026-06-02,Local Store,201896,1276,2026-06-02,Anura Hardware,1390,1,Receive,2026-07-12 10:48:41
2287,9137,6,2026-06-02,Local Store,201896,1276,2026-06-02,Anura Hardware,450,1,Receive,2026-07-12 10:48:41
2703,9405,2,2026-06-02,Local Store,201892,CB045048,2026-06-08,Sanekra Motors,120,1,Receive,2026-07-12 10:48:41
2486,9250,1,2026-06-08,Local Store,,,,,,0,Receive,2026-07-12 10:48:41
2485,9249,1,2026-06-08,Local Store,,,,,,0,Receive,2026-07-12 10:48:41
2456,9248,4,2026-06-08,Local Store,201892,CB045048,2026-06-08,Sanekra Motors,150,1,Receive,2026-07-12 10:48:41
2455,9247,2,2026-06-08,Local Store,201892,CB045048,2026-06-08,Sanekra Motors,3250,1,Receive,2026-07-12 10:48:41
2658,9287,1,2026-06-03,Local Store,201869,099,2026-06-03,Jayalath Motor House,2645,1,Receive,2026-07-12 10:48:41
2661,9287,1,2026-06-05,Local Store,201870,,2026-06-10,Pro Cool Service Station,1700,1,Receive,2026-07-12 10:48:41
2662,9287,1,2026-06-03,Local Store,201871,4669,2026-06-03,Asoka Enterprices,35900,1,Receive,2026-07-12 10:48:41
2665,9287,1,2026-06-04,Local Store,201872,,2026-06-04,Pradeepa Garage,43200,1,Receive,2026-07-12 10:48:41
2462,9253,1,2026-06-01,Local Store,201877,18197,2026-06-01,Chamara Radiator House,2000,1,Receive,2026-07-12 10:48:41
2283,9181,1,2026-06-01,Direct Purchase,HeadOffice,4184,2026-06-01,Varsha Motors,32500,1,Receive,2026-07-12 10:48:41
2286,9073,1,2026-06-01,Direct Purchase,201877,18197,2026-06-01,Chamara Radiator House,11500,1,Receive,2026-07-12 10:48:41
2285,9072,5,2026-06-01,Direct Purchase,,,,,,0,Receive,2026-07-12 10:48:41
2284,9071,1,2026-06-01,Direct Purchase,,,,,,0,Receive,2026-07-12 10:48:41
2324,9182,1,2026-06-04,Local Store,201898,32046,2026-06-02,Anrita Motors,4800,1,Receive,2026-07-12 10:48:41
2323,9136,1,2026-06-04,Local Store,,,,,,0,Receive,2026-07-12 10:48:41
2382,9151,1,2026-06-06,Local Store,,,,,,0,Receive,2026-07-12 10:48:41
2632,9149,3,2026-06-12,Local Store,201266,00806,2026-06-12,Subasinghe Heavy Machinery,4600,1,Receive,2026-07-12 10:48:41
2304,9148,2,2026-06-05,Local Store,201253,,2026-06-03,Sena Motors Enterprices,1300,1,Receive,2026-07-12 10:48:41
2303,9147,2,2026-06-03,Local Store,201894,9364,2026-06-03,Anthupitha Motors,3352.5,1,Receive,2026-07-12 10:48:41
2302,9146,2,2026-06-03,Local Store,201894,9364,2026-06-03,Anthupitha Motor,3330,1,Receive,2026-07-12 10:48:41
2301,9145,2,2026-06-03,Local Store,201897,10278,2026-06-03,Otec Motor House,1250,1,Receive,2026-07-12 10:48:41
2298,9144,1,2026-06-02,Direct Purchase,HeadOffice,,2026-06-02,New Suriarachchi Motor,12500,1,Receive,2026-07-12 10:48:41
2296,9143,1,2026-06-02,Direct Purchase,HeadOffice,2087,2026-06-02,Isuru Motors,1500,1,Receive,2026-07-12 10:48:41
2295,9142,1,2026-06-02,Direct Purchase,HeadOffice,2087,2026-06-02,Isuru Motors,3200,1,Receive,2026-07-12 10:48:41
2292,9131,5,2026-06-02,Local Store,,,,,,0,Receive,2026-07-12 10:48:41
2293,9129,200,2026-06-02,Local Store,,,,,,0,Receive,2026-07-12 10:48:41
2294,9128,182,2026-06-02,Local Store,,,,,,0,Receive,2026-07-12 10:48:41
2291,9127,20,2026-06-02,Local Store,,,,,,0,Receive,2026-07-12 10:48:41
2297,9113,1,2026-06-02,Direct Purchase,HeadOffice,2042,2026-06-01,Isuru Motors,500,1,Receive,2026-07-12 10:48:41
2656,9286,2,2026-06-01,Local Store,201251,5851,2026-06-01,Inoka Traders,150,1,Receive,2026-07-12 10:48:41
2282,9180,1,2026-06-01,Direct Purchase,201255,032,2026-06-01,St Anthonys Auto Electrical,52500,1,Receive,2026-07-12 10:48:41
2274,9134,1,2026-05-31,Local Store,201848,,2026-06-07,Inoka Traders,1800,1,Receive,2026-07-12 10:48:41
2438,9134,1,2026-05-31,Local Store,201848,,2026-06-07,Inoka Traders,1800,1,Receive,2026-07-12 10:48:41
2275,9133,1,2026-05-31,Local Store,201848,,2026-06-07,Inoka Traders,2050,1,Receive,2026-07-12 10:48:41
2273,9132,2,2026-05-29,Direct Purchase,,,,,,0,Receive,2026-07-12 10:48:41
2537,9098,2,2026-05-29,Local Store,20157,9360,2026-05-29,Anthupitha Motor,125,1,Receive,2026-07-12 10:48:41
2538,9098,2,2026-05-29,Local Store,201859,10277,2026-05-29,Otec Motor House,225,1,Receive,2026-07-12 10:48:41
2271,9097,1,2026-05-29,Local Store,201859,10277,2026-05-29,Otec Motor House,1375,1,Receive,2026-07-12 10:48:41
2268,9096,1,2026-05-29,Local Store,201862,32022,2026-05-29,Anrita Motors,2900,1,Receive,2026-07-12 10:48:41
2267,9095,1,2026-05-29,Local Store,201862,32022,2026-05-29,Anrita Motors,10900,1,Receive,2026-07-12 10:48:41
2266,9094,1,2026-05-29,Local Store,201862,32022,2026-05-29,Anrita Motors,1800,1,Receive,2026-07-12 10:48:41
2281,9093,2,2026-06-01,Direct Purchase,HeadOffice,,2026-06-01,Isuru Motors,1350,1,Receive,2026-07-12 10:48:41
2265,9092,8,2026-05-29,Local Store,201867,9361,2026-05-29,Anthupitha Motor,323,1,Receive,2026-07-12 10:48:41
2279,9088,4.5,2026-06-01,Local Store,201895,1275,2026-06-01,Anura Hardware,600,1,Receive,2026-07-12 10:48:41
2278,9087,5,2026-06-01,Local Store,201895,1275,2026-06-01,Anura Hardware,265,1,Receive,2026-07-12 10:48:41
2277,9086,1.5,2026-06-01,Local Store,201256,12789,2026-06-01,Gayas Ali PAint Gallery,2200,1,Receive,2026-07-12 10:48:41
2276,9085,2,2026-06-01,Local Store,201256,12789,2026-06-01,Gayas Ali PAint Gallery,2200,1,Receive,2026-07-12 10:48:41
2249,9090,2,2026-05-27,Local Store,201833,32001,2026-05-27,Anrita Motors,950,1,Receive,2026-07-12 10:48:41
2253,9089,3,2026-05-28,Local Store,201863,1266,2026-05-28,Anura Hardware,150,1,Receive,2026-07-12 10:48:41
2530,9084,1,2026-06-01,Direct Purchase,HeadOffice,13915,2026-06-09,SL Motors,7000,1,Receive,2026-07-12 10:48:41
2536,9316,150,2026-05-31,Local Store,201856,905,2026-05-31,Ayesha Hardware,4.5,1,Receive,2026-07-12 10:48:41
2196,9053,2,2026-05-28,Local Purchase,201863,1266,2026-05-28,Anrita Motors,200,1,Receive,2026-07-12 10:48:41
2195,9052,7,2026-05-28,Local Purchase,201863,1266,2026-05-28,Anrita Motors,45,1,Receive,2026-07-12 10:48:41
2256,9083,3,2026-05-28,Local Store,201858,10276,2026-05-28,Otec Motor House,340,1,Receive,2026-07-12 10:48:41
2264,9082,1,2026-05-29,Direct Purchase,HeadOffice,16584,2026-05-29,Wicrama Motors,3950,1,Receive,2026-07-12 10:48:41
2247,9081,1,2026-05-27,Local Store,,,,,,0,Receive,2026-07-12 10:48:41
2989,9080,1,2026-06-20,Direct Purchase,,,,,,0,Receive,2026-07-12 10:48:41
2646,9364,1,2026-06-13,Local Store,201401,,2026-04-05,Pradeep Auto A/C,18500,1,Receive,2026-07-12 10:48:41
2469,9114,1,2026-05-27,Local Store,201834,9357,2026-05-27,Anthupitha Motor,1520,1,Receive,2026-07-12 10:48:41
2895,9068,2,2026-06-16,Local Store,201436,A026016012,2026-06-16,Wijayamini Motors,1580,1,Receive,2026-07-12 10:48:41
2207,9066,1.5,2026-05-26,Local Purchase,201845,12775,2026-05-26,Gayas Ali PAint Gallery,2200,1,Receive,2026-07-12 10:48:41
2206,9065,10,2026-05-26,Local Purchase,201839,1263,2026-05-26,Anura Hardware,600,1,Receive,2026-07-12 10:48:41
2729,8133,1,2026-06-13,Local Store,166895,,2026-06-13,Suranga Cusion Works,3000,1,Receive,2026-07-12 10:48:41
2108,9042,2,2026-05-27,Local Purchase,201833,32001,2026-05-27,Anrita Motors,950,1,Receive,2026-07-12 10:48:41
2107,9041,1,2026-05-27,Local Purchase,201843,32003,2026-05-27,Anrita Motors,35000,1,Receive,2026-07-12 10:48:41
2470,9063,3,2026-05-25,Local Store,201837,276,2026-05-25,SEA Electricals,120,1,Receive,2026-07-12 10:48:41
2204,9062,2,2026-05-26,Local Purchase,201837,276,2026-05-25,SEA Electricals,200,1,Receive,2026-07-12 10:48:41
2203,9061,2,2026-05-26,Local Purchase,201837,276,2026-05-25,SEA Electricals,1000,1,Receive,2026-07-12 10:48:41
2202,9059,4,2026-05-25,Local Purchase,201795,,2026-05-25,Sanura Hydraulic Hose Service,800,1,Receive,2026-07-12 10:48:41
2106,9033,4,2026-05-26,Local Purchase,201836,A260526050,2026-05-26,Wijayamini Motors,725,1,Receive,2026-07-12 10:48:41
2630,9030,2,2026-06-12,Local Store,201258,,2026-06-15,Radeeka motors,1600,1,Receive,2026-07-12 10:48:41
2629,9029,2,2026-06-12,Local Store,201274,36629,2026-06-12,Anrita Motors,1500,1,Receive,2026-07-12 10:48:41
2201,9058,1,2026-05-23,Local Purchase,201793,7524,2026-05-23,Sandamali Motors,3950,1,Receive,2026-07-12 10:48:41
2088,9013,1,2026-05-23,Local Purchase,201798,7524,2026-05-23,Sandamali Motors,1600,1,Receive,2026-07-12 10:48:41
2087,9012,1,2026-05-23,Local Purchase,201797,227918,2026-05-23,Sandamali Motors,216,1,Receive,2026-07-12 10:48:41
2086,9011,1,2026-05-23,Local Purchase,201797,227918,2026-05-23,Sandamali Motors,846,1,Receive,2026-07-12 10:48:41
2085,9010,1,2026-05-23,Local Purchase,201797,227918,2026-05-23,Sandamali Motors,1791,1,Receive,2026-07-12 10:48:41
2475,9009,1,2026-05-23,Local Store,"201797, 201849","227918,064",2026-05-26,Sandamali Motors Rathnasooriya Stores,1043,1,Receive,2026-07-12 10:48:41
2083,9008,1,2026-05-23,Local Purchase,201797,227918,2026-05-23,Sandamali Motors,2025,1,Receive,2026-07-12 10:48:41
2082,9007,1,2026-05-23,Local Purchase,201797,227918,2026-05-23,Sandamali Motors,819,1,Receive,2026-07-12 10:48:41
2081,9006,1,2026-05-23,Local Purchase,201797,227918,2026-05-23,Sandamali Motors,675,1,Receive,2026-07-12 10:48:41
2080,9005,1,2026-05-23,Local Purchase,201797,227918,2026-05-23,Sandamali Motors,621,1,Receive,2026-07-12 10:48:41
2079,9004,2,2026-05-23,Local Purchase,201797,227918,2026-05-23,Sandamali Motors,279,1,Receive,2026-07-12 10:48:41
2078,9003,1,2026-05-23,Local Purchase,201797,227918,2026-05-23,Sandamali Motors,1130,1,Receive,2026-07-12 10:48:41
2077,9002,1,2026-05-23,Local Purchase,201797,227918,2026-05-23,Sandamali Motors,2727,1,Receive,2026-07-12 10:48:41
2476,9254,1,2026-05-22,Local Store,201849,064,2026-05-26,Rathnassooriya Stores,1350,1,Receive,2026-07-12 10:48:41
2200,9057,12,2026-05-26,Local Purchase,201840,1264,2026-05-26,Anura Hardware,150,1,Receive,2026-07-12 10:48:41
2255,8994,5,2026-05-28,Local Store,201858,10276,2026-05-28,Otec Motor House,1450,1,Receive,2026-07-12 10:48:41
2075,8992,15,2026-05-23,Local Purchase,201846,,2026-05-26,Lanka Filling Station,266.67,1,Receive,2026-07-12 10:48:41
2909,8997,3,2026-06-17,Local Store,201279,1293,2026-06-17,Anura Hardware,316.67,1,Receive,2026-07-12 10:48:41
2600,8995,4,2026-06-10,Local Store,201420,10287,2026-06-12,Otek Motor House,2700,1,Receive,2026-07-12 10:48:41
2103,9028,1,2026-05-23,Local Purchase,201786,12761,2026-05-23,Gayas Ali Paint Gallery,3100,1,Receive,2026-07-12 10:48:41
2102,9027,0.3,2026-05-23,Local Purchase,201786,12761,2026-05-23,Gayas Ali Paint Gallery,2200,1,Receive,2026-07-12 10:48:41
2101,9026,0.3,2026-05-23,Local Purchase,201786,12761,2026-05-23,Gayas Ali Paint Gallery,2200,1,Receive,2026-07-12 10:48:41
2100,9025,0.4,2026-05-23,Local Purchase,201786,12761,2026-05-23,Gayas Ali Paint Gallery,2200,1,Receive,2026-07-12 10:48:41
2099,9024,0.4,2026-05-23,Local Purchase,201786,12761,2026-05-23,Gayas Ali Paint Gallery,2200,1,Receive,2026-07-12 10:48:41
2098,9023,1,2026-05-23,Local Purchase,201786,12761,2026-05-23,Gayas Ali Paint Gallery,3100,1,Receive,2026-07-12 10:48:41
2097,9022,0.3,2026-05-23,Local Purchase,201786,12761,2026-05-23,Gayas Ali Paint Gallery,2200,1,Receive,2026-07-12 10:48:41
2096,9021,0.3,2026-05-23,Local Purchase,201786,12761,2026-05-23,Gayas Ali Paint Gallery,2200,1,Receive,2026-07-12 10:48:41
2095,9020,0.3,2026-05-23,Local Purchase,201786,12761,2026-05-23,Gayas Ali Paint Gallery,2200,1,Receive,2026-07-12 10:48:41
2094,9019,0.3,2026-05-23,Local Purchase,201786,12761,2026-05-23,Gayas Ali Paint Gallery,2200,1,Receive,2026-07-12 10:48:41
2093,9018,1,2026-05-23,Local Purchase,201786,12761,2026-05-23,Gayas Ali Paint Gallery,3100,1,Receive,2026-07-12 10:48:41
2092,9017,0.3,2026-05-23,Local Purchase,201786,12761,2026-05-23,Gayas Ali Paint Gallery,2200,1,Receive,2026-07-12 10:48:41
2091,9016,0.3,2026-05-23,Local Purchase,201786,12761,2026-05-23,Gayas Ali Paint Gallery,2200,1,Receive,2026-07-12 10:48:41
2090,9015,0.3,2026-05-23,Local Purchase,201786,12761,2026-05-23,Gayas Ali Paint Gallery,2200,1,Receive,2026-07-12 10:48:41
2089,9014,0.3,2026-05-23,Local Purchase,201786,12761,2026-05-23,Gayas Ali Paint Gallery,2200,1,Receive,2026-07-12 10:48:41
2074,8989,16,2026-05-26,Local Purchase,201844,,2026-05-26,Sena Hardware,15,1,Receive,2026-07-12 10:48:41
3149,9811,1,2026-05-22,Local Store,230139,6452,2026-05-22,JSB Trading (pvt) Ltd,116702,1,Receive,2026-07-12 10:48:41
2213,9101,2,2026-05-22,Direct Purchase,HeadOffice,18218,2026-05-27,Dammila Motors,6500,1,Receive,2026-07-12 10:48:41
2602,9356,1,2026-06-10,Local Store,201412,644,2026-06-10,P.R.N Fiber Works,3500,1,Receive,2026-07-12 10:48:41
2357,8916,4,2026-06-05,Direct Purchase,,,,,,0,Receive,2026-07-12 10:48:41
2321,8915,1,2026-06-04,Direct Purchase,,,,,,0,Receive,2026-07-12 10:48:41
2320,8914,1,2026-06-04,Direct Purchase,,,,,,0,Receive,2026-07-12 10:48:41
2319,8913,1,2026-06-04,Direct Purchase,,,,,,0,Receive,2026-07-12 10:48:41
2318,8912,1,2026-06-04,Direct Purchase,,,,,,0,Receive,2026-07-12 10:48:41
2317,8911,1,2026-06-04,Direct Purchase,,,,,,0,Receive,2026-07-12 10:48:41
2316,8910,1,2026-06-04,Direct Purchase,HeadOffice,18218,2026-05-27,Dammika Motors,2400,1,Receive,2026-07-12 10:48:41
2531,8909,1,2026-06-04,Local Store,,,,,,0,Receive,2026-07-12 10:48:41
2212,9100,1,2026-05-22,Direct Purchase,HeadOffice,13915,2026-06-01,SL Motors,3000,1,Receive,2026-07-12 10:48:41
2208,9067,3,2026-05-23,Local Purchase,201799,1260,2026-05-27,Anura Hardware,150,1,Receive,2026-07-12 10:48:41
2072,8986,5,2026-05-23,Local Purchase,201841,1250,2026-05-19,Anura Hardware,275,1,Receive,2026-07-12 10:48:41
2070,8983,5,2026-05-23,Local Purchase,201794,166901,2026-05-23,Anura Hardware,265,1,Receive,2026-07-12 10:48:41
2471,8981,10,2026-05-22,Local Store,201841,1250,2026-05-22,Anura Hardware,600,1,Receive,2026-07-12 10:48:41
2513,8981,10,2026-05-26,Local Store,201794,166901,2026-05-23,Anura Hardware,600,1,Receive,2026-07-12 10:48:41
2068,8980,5,2026-05-23,Local Purchase,201794,166901,2026-05-23,Anura Hardware,265,1,Receive,2026-07-12 10:48:41
2197,9054,2,2026-05-23,Local Purchase,201800,30586,2026-06-02,Anrita Motors,750,1,Receive,2026-07-12 10:48:41
2263,8974,7,2026-05-28,Direct Purchase,201861,5831,2026-05-29,Inoka Traders,1260.72,1,Receive,2026-07-12 10:48:41
2261,8973,4,2026-05-28,Direct Purchase,,,,,,0,Receive,2026-07-12 10:48:41
2262,8972,4,2026-05-28,Direct Purchase,,,,,,0,Receive,2026-07-12 10:48:41
2269,8970,2,2026-05-29,Direct Purchase,HeadOffice,,2026-05-29,Mouni House Manufacturing,29500,1,Receive,2026-07-12 10:48:41
2529,8970,2,2026-05-29,Direct Purchase,HeadOffice,,2026-05-29,Mouni House Manufacturing,29500,1,Receive,2026-07-12 10:48:41
2270,8968,4,2026-05-29,Local Store,HeadOffice,,2026-05-29,Mouni House Manufacturing,1250,1,Receive,2026-07-12 10:48:41
2532,8968,4,2026-06-02,Local Store,HeadOffice,18227,2026-06-02,Dammila Motors,2000,1,Receive,2026-07-12 10:48:41
2260,8967,4,2026-05-28,Direct Purchase,,,,,,0,Receive,2026-07-12 10:48:41
2259,8966,4,2026-05-28,Direct Purchase,,,,,,0,Receive,2026-07-12 10:48:41
2258,8965,8,2026-05-28,Direct Purchase,,,,,,0,Receive,2026-07-12 10:48:41
2257,8964,4,2026-05-28,Direct Purchase,,,,,,0,Receive,2026-07-12 10:48:41
2065,8963,2,2026-05-23,Local Purchase,201796,9355,2026-05-25,Anthupitha Motors,1377.5,1,Receive,2026-07-12 10:48:41
2064,8962,1,2026-05-23,Local Purchase,201796,9355,2026-05-25,Anthupitha Motors,1377.5,1,Receive,2026-07-12 10:48:41
2063,8961,0.25,2026-05-21,Local Purchase,201793,12755,2026-05-21,Gayas Ali Paint Gallery,3600,1,Receive,2026-07-12 10:48:41
2062,8960,1,2026-05-21,Local Purchase,201793,12755,2026-05-21,Gayas Ali Paint Gallery,2200,1,Receive,2026-07-12 10:48:41
2061,8959,1.5,2026-05-21,Local Purchase,201793,12755,2026-05-21,Gayas Ali Paint Gallery,2200,1,Receive,2026-07-12 10:48:41
2199,9056,2,2026-05-20,Local Purchase,201778,1251,2026-05-20,Anura Hardware,300,1,Receive,2026-07-12 10:48:41
2198,9055,2,2026-05-20,Local Purchase,201778,1251,2026-05-20,Anura Hardware,1650,1,Receive,2026-07-12 10:48:41
2875,8957,1,2026-06-12,Local Store,201268,36631,2026-06-12,Anrita Motors,2900,1,Receive,2026-07-12 10:48:41
2876,8957,1,2026-06-12,Local Store,,,,,,0,Receive,2026-07-12 10:48:41
2243,8956,1,2026-05-22,Direct Purchase,201855,0245,2026-05-21,SEA Electricals,10600,1,Receive,2026-07-12 10:48:41
2512,8955,4,2026-05-21,Local Store,201790,1258,2026-05-21,Anura Hardware,250,1,Receive,2026-07-12 10:48:41
2210,8951,10,2026-02-10,Local Store,201785,30561,2026-05-21,Anrita Motors,100,1,Receive,2026-07-12 10:48:41
3073,9702,2,2026-06-22,Direct Purchase,HeadOffice,16335,2026-06-22,Wicrama Motors,12150,1,Receive,2026-07-12 10:48:41
3075,9701,1,2026-06-22,Direct Purchase,HeadOffice,16335,2026-06-22,Wicrama Motors,1650,1,Receive,2026-07-12 10:48:41
3074,9700,1,2026-06-22,Direct Purchase,HeadOffice,16335,2026-06-22,Wicrama Motors,150,1,Receive,2026-07-12 10:48:41
3072,8893,2,2026-06-22,Direct Purchase,HeadOffice,16335,2026-06-22,Wicrama Motors,13950,1,Receive,2026-07-12 10:48:41
2645,9361,4,2026-06-12,Direct Purchase,,,,,,0,Receive,2026-07-12 10:48:41
2644,9360,1,2026-06-12,Direct Purchase,,,,,,0,Receive,2026-07-12 10:48:41
2358,8920,1,2026-06-05,Direct Purchase,201883,,2026-06-05,Dinesh Radiator House,6500,1,Receive,2026-07-12 10:48:41
2322,8918,1,2026-06-04,Direct Purchase,,,,,,0,Receive,2026-07-12 10:48:41
2667,9289,1,2026-05-19,Local Store,201874,64,2026-05-19,Wellcome Motor House,2800,1,Receive,2026-07-12 10:48:41
2666,9288,1,2026-05-19,Local Store,201873,B044160,2026-05-19,Sanekra Motors,150,1,Receive,2026-07-12 10:48:41
2668,9288,1,2026-05-19,Local Store,201875,,2026-05-19,Manjula,2500,1,Receive,2026-07-12 10:48:41
2504,9051,1,2026-05-19,Local Store,201779,12744,2026-05-19,Gayas Ali Paint Gallery,1900,1,Receive,2026-07-12 10:48:41
2505,9050,1,2026-05-19,Local Store,201779,12744,2026-05-19,Gayas Ali Paint Gallery,1900,1,Receive,2026-07-12 10:48:41
2506,8931,1,2026-05-19,Local Store,201779,12744,2026-05-19,gAYA,320,1,Receive,2026-07-12 10:48:41
2047,8930,0.25,2026-05-21,Local Purchase,201779,12744,2026-05-19,Gayas Ali Paint Gallery,3600,1,Receive,2026-07-12 10:48:41
2510,8929,0.25,2026-05-19,Local Store,201779,12744,2026-05-19,Gayas Ali Paint Gallery,2400,1,Receive,2026-07-12 10:48:41
2507,8928,0.5,2026-05-19,Local Store,201779,12744,2026-05-19,Gayas Ali Paint Gallery,1200,1,Receive,2026-07-12 10:48:41
2511,8927,0.5,2026-05-19,Local Store,201779,12744,2026-05-19,Gayas Ali Paint Gallery,2200,1,Receive,2026-07-12 10:48:41
2192,8926,1,2026-05-21,Local Purchase,201779,12744,2026-05-19,Gayas Ali Paint Gallery,1900,1,Receive,2026-07-12 10:48:41
2191,8925,1,2026-05-21,Local Purchase,201779,12744,2026-05-19,Gayas Ali Paint Gallery,1900,1,Receive,2026-07-12 10:48:41
2190,8924,1,2026-05-21,Local Purchase,201779,12744,2026-05-19,Gayas Ali Paint Gallery,320,1,Receive,2026-07-12 10:48:41
2189,8923,0.25,2026-05-21,Local Purchase,201779,12744,2026-05-19,Gayas Ali Paint Gallery,2400,1,Receive,2026-07-12 10:48:41
2188,8922,0.5,2026-05-21,Local Purchase,201779,12744,2026-05-19,Gayas Ali Paint Gallery,1200,1,Receive,2026-07-12 10:48:41
2187,8921,0.5,2026-05-21,Local Purchase,201779,12744,2026-05-19,Gayas Ali Paint Gallery,2200,1,Receive,2026-07-12 10:48:41
2110,9049,2,2026-05-22,Head Office,,,,,,0,Receive,2026-07-12 10:48:41
2109,9048,4,2026-05-21,Local Purchase,201787,9331,2026-05-21,Anthupitha Motors,323,1,Receive,2026-07-12 10:48:41
2186,8898,1,2026-05-26,Head Office,201254,033,2026-06-01,St Anthonys Auto Electrical,39000,1,Receive,2026-07-12 10:48:41
2185,8897,4,2026-05-21,Local Purchase,201787,9331,2026-05-21,Anthupitha Motors,396.63,1,Receive,2026-07-12 10:48:41
2184,8896,4,2026-05-21,Local Purchase,201787,9331,2026-05-21,Anthupitha Motors,5250,1,Receive,2026-07-12 10:48:41
2058,8941,0.5,2026-05-19,Local Purchase,201780,12743,2026-05-19,Gayas Ali Paint Gallery,1300,1,Receive,2026-07-12 10:48:41
2057,8940,1,2026-05-19,Local Purchase,201780,12743,2026-05-19,Gayas Ali Paint Gallery,450,1,Receive,2026-07-12 10:48:41
2056,8939,0.5,2026-05-19,Local Purchase,201780,12743,2026-05-19,Gayas Ali Paint Gallery,1650,1,Receive,2026-07-12 10:48:41
2055,8938,0.75,2026-05-19,Local Purchase,201780,12743,2026-05-19,Gayas Ali Paint Gallery,1333.33,1,Receive,2026-07-12 10:48:41
2054,8937,0.5,2026-05-19,Local Purchase,201780,12743,2026-05-19,Gayas Ali Paint Gallery,4500,1,Receive,2026-07-12 10:48:41
2053,8936,0.5,2026-05-19,Local Purchase,201780,12743,2026-05-19,Gayas Ali Paint Gallery,1300,1,Receive,2026-07-12 10:48:41
2052,8935,1,2026-05-19,Local Purchase,201780,12743,2026-05-19,Gayas Ali Paint Gallery,450,1,Receive,2026-07-12 10:48:41
2051,8934,0.5,2026-05-19,Local Purchase,201780,12743,2026-05-19,Gayas Ali Paint Gallery,1650,1,Receive,2026-07-12 10:48:41
2050,8933,0.75,2026-05-19,Local Purchase,201780,12743,2026-05-19,Gayas Ali Paint Gallery,1333.33,1,Receive,2026-07-12 10:48:41
2049,8932,0.5,2026-05-19,Local Purchase,201780,12743,2026-05-19,Gayas Ali Paint Gallery,4500,1,Receive,2026-07-12 10:48:41
2314,8908,1,2026-06-04,Direct Purchase,,,,,,0,Receive,2026-07-12 10:48:41
2313,8907,1,2026-06-04,Direct Purchase,,,,,,0,Receive,2026-07-12 10:48:41
2312,8906,1,2026-06-04,Direct Purchase,,,,,,0,Receive,2026-07-12 10:48:41
2311,8905,1,2026-06-04,Direct Purchase,,,,,,0,Receive,2026-07-12 10:48:41
2310,8904,1,2026-06-04,Direct Purchase,,,,,,0,Receive,2026-07-12 10:48:41
2309,8903,1,2026-06-04,Direct Purchase,,,,,,0,Receive,2026-07-12 10:48:41
2308,8902,1,2026-06-04,Direct Purchase,,,,,,0,Receive,2026-07-12 10:48:41
2307,8901,1,2026-06-04,Direct Purchase,,,,,,0,Receive,2026-07-12 10:48:41
2306,8900,1,2026-06-04,Direct Purchase,HeadOffice,ARAA03474,2026-06-26,abeywickrama auto spairs,65000,1,Receive,2026-07-12 10:48:41
2305,8899,1,2026-06-04,Direct Purchase,,,,,,0,Receive,2026-07-12 10:48:41
2183,8894,1,2026-05-22,Local Purchase,"201868, 201850",27,2026-06-07,"St Anthonys Auto Electrical, New Sugath Auto Electrical",22650,1,Receive,2026-07-12 10:48:41
2387,9221,1,2026-05-17,Local Store,,,,,,0,Receive,2026-07-12 10:48:41
2386,9220,10,2026-05-17,Local Store,201851,,2026-05-19,SD Hardware,150,1,Receive,2026-07-12 10:48:41
2174,8882,20,2026-05-21,Local Purchase,201788,10270,2026-05-21,Otec Motor House,150,1,Receive,2026-07-12 10:48:41
2173,8881,20,2026-05-21,Local Purchase,201788,10270,2026-05-21,Otec Motor House,150,1,Receive,2026-07-12 10:48:41
2172,8880,2,2026-05-20,Local Purchase,201792,10271,2026-05-21,Otec Motor House,1900,1,Receive,2026-07-12 10:48:41
2171,8878,24,2026-05-20,Local Purchase,201791,1256,2026-05-21,Anura Hardware,180,1,Receive,2026-07-12 10:48:41
2170,8877,10,2026-05-20,Local Purchase,201783,39,2026-05-20,Cut Piece Center,150,1,Receive,2026-07-12 10:48:41
2539,8877,6,2026-05-28,Local Store,201860,,2026-05-28,Cut Piece Center,250,1,Receive,2026-07-12 10:48:41
2169,8876,15,2026-05-20,Local Purchase,201782,,2026-05-20,Lanka Filling Station,266.67,1,Receive,2026-07-12 10:48:41
2209,9099,1,2026-05-16,Local Purchase,201852,028,2026-05-21,St Anthonys Auto Electrical,6500,1,Receive,2026-07-12 10:48:41
2123,8824,1,2026-05-09,Local Purchase,,,,,,0,Receive,2026-07-12 10:48:41
2122,8823,2,2026-05-09,Local Purchase,,,,,,0,Receive,2026-07-12 10:48:41
2118,8819,4,2026-05-09,Local Purchase,,,,,,0,Receive,2026-07-12 10:48:41
1356,8082,1,2026-05-16,Local Purchase,2001781,803,2026-05-19,Suranga Cusion Works,26000,1,Receive,2026-07-12 10:48:41
2164,8865,2,2026-05-28,Local Purchase,201864,1267,2026-05-28,Anura Hardware,950,1,Receive,2026-07-12 10:48:41
2163,8864,2,2026-05-28,Local Purchase,201864,1267,2026-05-28,Anura Hardware,950,1,Receive,2026-07-12 10:48:41
2162,8863,3,2026-05-28,Local Purchase,201864,1267,2026-05-28,Anura Hardware,950,1,Receive,2026-07-12 10:48:41
1719,8485,1,2026-02-17,Local Purchase,,,,,,0,Receive,2026-07-12 10:48:41
2216,8134,2,2026-05-22,Direct Purchase,,,,,,0,Receive,2026-07-12 10:48:41
2496,8130,2,2026-05-16,Local Store,201777,MK/INV00068,2026-05-16,Subasinghe Heavy Machinery,6000,1,Receive,2026-07-12 10:48:41
2497,8129,2,2026-05-16,Local Store,201777,MK/INV00068,2026-05-16,Subasinghe Heavy Machinery,2100,1,Receive,2026-07-12 10:48:41
2166,8868,2,2026-05-16,Local Purchase,,,,,,0,Receive,2026-07-12 10:48:41
2165,8866,2,2026-05-16,Local Purchase,,,,,,0,Receive,2026-07-12 10:48:41
2776,6292,1,2026-06-15,Direct Purchase,,,,,,0,Receive,2026-07-12 10:48:41
2777,6291,1,2026-06-13,Direct Purchase,,,,,,0,Receive,2026-07-12 10:48:41
2837,9496,0.5,2026-05-15,Local Store,201773,409,2026-05-15,S.P Colombo Stores,1200,1,Receive,2026-07-12 10:48:41
2150,8851,1,2026-05-15,Local Purchase,201774,5704,2026-05-15,Inoka Traders,2150,1,Receive,2026-07-12 10:48:41
2838,6290,1,2026-05-15,Local Store,201774,5704,2026-05-15,Inoka Traders,1450,1,Receive,2026-07-12 10:48:41
2248,8126,4,2026-05-27,Local Store,201842,32002,2026-05-27,Anrita Motors,500,1,Receive,2026-07-12 10:48:41
2356,8125,2,2026-06-05,Direct Purchase,201257,32076,2026-06-05,Anrita Motors,2500,1,Receive,2026-07-12 10:48:41
2831,9492,6,2026-06-17,Local Store,201753,,2026-05-14,New Radeeka MOtors,450,1,Receive,2026-07-12 10:48:41
2830,9491,6,2026-05-14,Local Store,201753,,2026-05-14,New Radeeka Motors,450,1,Receive,2026-07-12 10:48:41
2154,8855,5,2026-05-16,Local Purchase & Head Office,201771,1246,2026-05-16,Anura Hardware,1100,1,Receive,2026-07-12 10:48:41
2149,8850,6,2026-05-14,Local Purchase,,,,,,0,Receive,2026-07-12 10:48:41
2148,8849,6,2026-05-14,Local Purchase,,,,,,0,Receive,2026-07-12 10:48:41
2147,8848,20,2026-05-14,Local Purchase,201751,,2026-05-14,New Radeeka Motors,80,1,Receive,2026-07-12 10:48:41
2146,8847,20,2026-05-14,Local Purchase,201754,,2026-05-14,New Radeeka Motors,80,1,Receive,2026-07-12 10:48:41
2145,8846,1,2026-05-14,Local Purchase,201754,,2026-05-14,New Radeeka Motors,2580,1,Receive,2026-07-12 10:48:41
2829,9490,5,2026-05-13,Local Store,201752,,2026-05-13,New Radeeka Motors,160,1,Receive,2026-07-12 10:48:41
2398,9227,1,2026-05-21,Local Store,201854,029,2026-05-21,St Anthonys Auto Electrical,6000,1,Receive,2026-07-12 10:48:41
2494,8123,1,2026-05-15,Local Store,201775,0953,2026-05-27,Dushan New Diesel Center,7500,1,Receive,2026-07-12 10:48:41
1491,8374,1,2026-01-16,Head Office,,,,,,0,Receive,2026-07-12 10:48:41
1490,8373,2,2026-01-16,Head Office,,,,,,0,Receive,2026-07-12 10:48:41
1376,8124,1,2026-05-15,Local Purchase,201776,9318,2026-05-15,Anthupitha Motors,2375,1,Receive,2026-07-12 10:48:41
1375,8121,2,2026-05-14,Local Purchase,201758,,2026-05-14,D. Chirstie Arawwala & Sons,580,1,Receive,2026-07-12 10:48:41
2244,8120,1,2026-05-23,Local Store,201770,CB044324,2026-05-23,Sanekra Motors,1650,1,Receive,2026-07-12 10:48:41
2474,8118,2,2026-05-19,Local Store,201847,,2026-05-19,Manjula,3250,1,Receive,2026-07-12 10:48:41
2626,6288,1,2026-06-11,Direct Purchase,230141,3282,2026-06-11,Kumara Filters (pvt) Ltd,3000,1,Receive,2026-07-12 10:48:41
2625,6287,1,2026-06-11,Direct Purchase,230141,3282,2026-06-11,Kumara Filters (pvt) Ltd,3500,1,Receive,2026-07-12 10:48:41
2624,6286,1,2026-06-11,Direct Purchase,230141,3282,2026-06-11,Kumara Filters (pvt) Ltd,1500,1,Receive,2026-07-12 10:48:41
1408,8170,2,2025-12-12,Head Office,,,,,,0,Receive,2026-07-12 10:48:41
1373,8114,1,2026-05-13,Head Office,,,,,,0,Receive,2026-07-12 10:48:41
1372,8113,1,2026-05-13,Local Purchase,,,,,,0,Receive,2026-07-12 10:48:41
1371,8112,1,2026-05-13,Head Office,,,,,,0,Receive,2026-07-12 10:48:41
1370,8111,1,2026-05-13,Head Office,,,,,,0,Receive,2026-07-12 10:48:41
1369,8110,1,2026-05-13,Head Office,,,,,,0,Receive,2026-07-12 10:48:41
1374,8117,1,2026-05-13,Local Purchase,201763,884,2026-05-13,Colombage Motors,5650,1,Receive,2026-07-12 10:48:41
2245,8116,1,2026-05-26,Local Store,,,,,,0,Receive,2026-07-12 10:48:41
2250,8107,1,2026-05-27,Local Store,,,,,,0,Receive,2026-07-12 10:48:41
2780,6285,1,2026-06-13,Direct Purchase,,,,,,0,Receive,2026-07-12 10:48:41
2833,9494,4,2026-05-11,Local Store,201761,031,2026-05-11,Denuwan Motors,100,1,Receive,2026-07-12 10:48:41
2142,8843,10,2026-05-13,Local Purchase,201752,,2026-05-13,New Radeeka Motors,130,1,Receive,2026-07-12 10:48:41
2141,8842,5,2026-05-13,Local Purchase,,,,,,0,Receive,2026-07-12 10:48:41
2138,8839,1,2026-05-12,Local Purchase,201829,011,2026-05-09,Fair Price,740,1,Receive,2026-07-12 10:48:41
2251,8101,2,2026-05-27,Local Store,201838,63,2026-05-27,LP,8000,1,Receive,2026-07-12 10:48:41
2472,8100,2,2026-05-19,Local Store,201847,,2026-05-19,Manjula,3000,1,Receive,2026-07-12 10:48:41
1368,8099,1,2026-05-11,Local Purchase,201751,9312,2026-05-11,Anthupitha Motors & Traders (pvt) Ltd,1371.29,1,Receive,2026-07-12 10:48:41
1367,8098,2,2026-05-11,Local Purchase,,,,,,0,Receive,2026-07-12 10:48:41
2617,6284,1,2026-06-11,Direct Purchase,230143,3284,2026-06-11,Kumara Filters (pvt) Ltd,2500,1,Receive,2026-07-12 10:48:41
2616,6283,1,2026-06-11,Direct Purchase,230143,3284,2026-06-11,Kumara Filters (pvt) Ltd,2200,1,Receive,2026-07-12 10:48:41
222,6282,1,2026-05-12,Head Office,230137,3129,2026-05-16,Kumara Filters (pvt) Ltd,14000,1,Receive,2026-07-12 10:48:41
221,6281,1,2026-05-12,Head Office,230137,3129,2026-05-16,Kumara Filters (pvt) Ltd,7500,1,Receive,2026-07-12 10:48:41
220,6280,1,2026-05-12,Head Office,230137,3129,2026-05-16,Kumara Filters (pvt) Ltd,6000.01,1,Receive,2026-07-12 10:48:41
2623,6278,1,2026-06-11,Direct Purchase,230144,3284,2026-06-11,Kumara Filters (pvt) Ltd,6499.99,1,Receive,2026-07-12 10:48:41
3109,6278,1,2026-06-11,Direct Purchase,230144,3284,2026-06-11,Kumara Filters (pvt) Ltd,6499.99,1,Receive,2026-07-12 10:48:41
2618,6277,1,2026-06-11,Direct Purchase,230143,3284,2026-06-11,Kumara Filters (pvt) Ltd,7500,1,Receive,2026-07-12 10:48:41
2619,6276,1,2026-06-11,Direct Purchase,230143,3284,2026-06-11,Kumara Filters (pvt) Ltd,3300,1,Receive,2026-07-12 10:48:41
2620,6275,1,2026-06-11,Direct Purchase,230143,3284,2026-06-11,Kumara Filters (pvt) Ltd,9300,1,Receive,2026-07-12 10:48:41
1366,8097,1,2026-05-12,Local Purchase,201757,9316,2026-05-12,Anthupitha Motors & Traders (pvt) Ltd,1672,1,Receive,2026-07-12 10:48:41
1365,8096,10,2026-05-11,Local Purchase,201756,9313,2026-05-11,Anthupitha Motors & Traders (pvt) Ltd,125,1,Receive,2026-07-12 10:48:41
1364,8095,30,2026-05-11,Local Purchase,201756,9313,2026-05-11,Anthupitha Motors & Traders (pvt) Ltd,361,1,Receive,2026-07-12 10:48:41
2828,9489,1,2026-05-09,Local Store,201825,,2026-05-09,Sena Motors Enterprises,1980,1,Receive,2026-07-12 10:48:41
2827,8094,4,2026-05-09,Local Store,201823,9309,2026-05-09,Anthupitha Motors & Traders (pvt) Ltd,500,1,Receive,2026-07-12 10:48:41
2826,8091,2,2026-05-09,Local Store,201823,9309,2026-05-09,Anthupitha Motors & Traders (pvt) Ltd,1755.9,1,Receive,2026-07-12 10:48:41
2151,8852,1,2026-05-15,Local Purchase,HeadOffice,3282,2026-06-11,Kumara Filters,5508.47,1,Receive,2026-07-12 10:48:41
2615,6274,1,2026-06-11,Direct Purchase,230142,3282,2026-06-11,Kumara Filters (pvt) Ltd,3700,1,Receive,2026-07-12 10:48:41
2614,6273,1,2026-06-11,Direct Purchase,230142,3282,2026-06-11,Kumara Filters (pvt) Ltd,3300,1,Receive,2026-07-12 10:48:41
2613,6272,1,2026-06-11,Direct Purchase,230142,3282,2026-06-11,Kumara Filters (pvt) Ltd,2400,1,Receive,2026-07-12 10:48:41
2735,6271,1,2026-06-13,Direct Purchase,,,,,,0,Receive,2026-07-12 10:48:41
2736,6270,1,2026-06-13,Direct Purchase,,,,,,0,Receive,2026-07-12 10:48:41
2737,6269,1,2026-06-13,Direct Purchase,,,,,,0,Receive,2026-07-12 10:48:41
2774,6268,1,2026-06-13,Direct Purchase,,,,,,0,Receive,2026-07-12 10:48:41
2775,6267,1,2026-06-13,Direct Purchase,,,,,,0,Receive,2026-07-12 10:48:41
1363,8090,1,2026-05-08,Head Office,201729,,2026-05-10,New Money Stores,6800,1,Receive,2026-07-12 10:48:41
2447,8089,2,2026-06-06,Direct Purchase,,,,,,0,Receive,2026-07-12 10:48:41
1361,8088,1,2026-05-08,Local Purchase,201815,110128,2026-02-05,Manjula,10782,1,Receive,2026-07-12 10:48:41
1360,8087,1,2026-05-08,Local Purchase,201815,110128,2026-02-05,Manjula,4892.5,1,Receive,2026-07-12 10:48:41
1359,8086,2,2026-05-08,Local Purchase,,,,,,0,Receive,2026-07-12 10:48:41
2822,9488,1,2026-02-05,Local Store,201815,110128,2026-02-05,Manjula,6210,1,Receive,2026-07-12 10:48:41
2823,9487,1,2026-02-05,Local Store,201815,110128,2026-02-05,Manjula,4815,1,Receive,2026-07-12 10:48:41
1358,8085,4,2026-05-08,Local Purchase,201820,9307,2026-05-08,Anthupitha Motors,390,1,Receive,2026-07-12 10:48:41
2477,9255,1,2026-05-12,Local Store,201769,162,2026-05-12,Pathum Auto Care,41500,1,Receive,2026-07-12 10:48:41
2136,8837,1,2026-05-11,Head Office,,,,,,0,Receive,2026-07-12 10:48:41
2135,8836,1,2026-05-11,Head Office,,,,,,0,Receive,2026-07-12 10:48:41
2134,8835,1,2026-05-11,Head Office,,,,,,0,Receive,2026-07-12 10:48:41
2133,8834,1,2026-05-11,Head Office,,,,,,0,Receive,2026-07-12 10:48:41
2132,8833,2,2026-05-11,Head Office,,,,,,0,Receive,2026-07-12 10:48:41
2131,8832,2,2026-05-11,Head Office,,,,,,0,Receive,2026-07-12 10:48:41
2214,8077,1,2026-05-22,Direct Purchase,,,,,,0,Receive,2026-07-12 10:48:41
2041,8809,2,2026-05-07,Local Purchase,201819,,2026-05-07,Shoo Lanka  Motors,2000,1,Receive,2026-07-12 10:48:41
1355,8081,4,2026-05-07,Local Purchase,201817,29939,2026-05-07,Anrita Motors,700,1,Receive,2026-07-12 10:48:41
1354,8080,4,2026-05-07,Local Purchase,201817,29939,2026-05-07,Anrita Motors,9675,1,Receive,2026-07-12 10:48:41
1357,8084,3,2026-05-08,Local Purchase,"201745, 201830","10268, 200822",2026-05-09,"Otek Motor House, Wijayamini Motors",816.67,1,Receive,2026-07-12 10:48:41
1353,8078,2,2026-05-07,Local Purchase,201744,29940,2026-05-10,Anrita Motors,1850,1,Receive,2026-07-12 10:48:41
2821,9486,1,2026-05-05,Local Store,201814,1237,2026-05-05,Anura Hardware,650,1,Receive,2026-07-12 10:48:41
2144,8845,7.5,2026-05-13,Local Purchase,201762,28,2026-05-13,Cut Piece Center,202.67,1,Receive,2026-07-12 10:48:41
2127,8828,3.65,2026-05-11,Local Purchase,201826,10790,2026-05-09,G.G.N Fernando,410.96,1,Receive,2026-07-12 10:48:41
2037,8805,50,2026-05-05,Local Purchase,201805,10267,2026-05-05,Otek Motor House,20,1,Receive,2026-07-12 10:48:41
2036,8804,50,2026-05-05,Local Purchase,201805,10267,2026-05-05,Otek Motor House,20,1,Receive,2026-07-12 10:48:41
2035,8803,50,2026-05-05,Local Purchase,201805,10267,2026-05-05,Otek Motor House,20,1,Receive,2026-07-12 10:48:41
2034,8802,50,2026-05-05,Local Purchase,,,,,,0,Receive,2026-07-12 10:48:41
2033,8801,50,2026-05-05,Local Purchase,,,,,,0,Receive,2026-07-12 10:48:41
2032,8800,50,2026-05-05,Local Purchase,,,,,,0,Receive,2026-07-12 10:48:41
2025,8792,1,2026-05-05,Local Purchase,"201814,201822","1237,29899",2026-05-05,Anura Hardware< Anrita Motors,2050,1,Receive,2026-07-12 10:48:41
2024,8791,10,2026-05-05,Local Purchase,201810,19,2026-05-05,Cut Piece Center,200,1,Receive,2026-07-12 10:48:41
2023,8790,15,2026-05-05,Local Purchase,201742,,2026-05-10,Lanka Filing Station,266.67,1,Receive,2026-07-12 10:48:41
2221,9102,8,2026-05-22,Direct Purchase,,,,,,0,Receive,2026-07-12 10:48:41
2236,8055,40,2026-05-22,Direct Purchase,,,,,,0,Receive,2026-07-12 10:48:41
2225,8054,2,2026-05-22,Direct Purchase,,,,,,0,Receive,2026-07-12 10:48:41
2224,8053,1,2026-05-22,Direct Purchase,,,,,,0,Receive,2026-07-12 10:48:41
2223,8051,2,2026-05-22,Direct Purchase,,,,,,0,Receive,2026-07-12 10:48:41
2222,8050,2,2026-05-22,Direct Purchase,,,,,,0,Receive,2026-07-12 10:48:41
2220,8049,12,2026-05-22,Direct Purchase,,,,,,0,Receive,2026-07-12 10:48:41
2219,8048,8,2026-05-22,Direct Purchase,,,,,,0,Receive,2026-07-12 10:48:41
2218,8047,6,2026-05-22,Direct Purchase,,,,,,0,Receive,2026-07-12 10:48:41
2143,8844,2,2026-05-13,Local Purchase,201764,043,2026-05-13,Jayawardana Motors,35000,1,Receive,2026-07-12 10:48:41
2237,8060,4,2026-05-22,Direct Purchase,,,,,,0,Receive,2026-07-12 10:48:41
2238,8059,3,2026-05-22,Direct Purchase,,,,,,0,Receive,2026-07-12 10:48:41
2228,8058,4,2026-05-22,Direct Purchase,,,,,,0,Receive,2026-07-12 10:48:41
2227,8057,3,2026-05-22,Direct Purchase,,,,,,0,Receive,2026-07-12 10:48:41
2226,8056,1,2026-05-22,Direct Purchase,,,,,,0,Receive,2026-07-12 10:48:41
2128,8829,10,2026-05-11,Local Purchase,201760,1243,2026-05-12,Anura Hardware,410,1,Receive,2026-07-12 10:48:41
2112,8813,1,2026-05-08,Local Purchase,201816,1240,2026-05-08,Anura Hardware,500,1,Receive,2026-07-12 10:48:41
2111,8812,2,2026-05-08,Local Purchase,201816,1240,2026-05-08,Anura Hardware,975,1,Receive,2026-07-12 10:48:41
1352,8075,2,2026-05-08,Local Purchase,201816,1240,2026-05-08,Anura Hardware,2135,1,Receive,2026-07-12 10:48:41
2832,8075,2,2026-05-13,Local Store,201759,1245,2026-05-13,Anura Hardware,2135,1,Receive,2026-07-12 10:48:41
2027,8794,1,2026-05-05,Local Purchase & Head Office,,,,,,0,Receive,2026-07-12 10:48:41
1387,8149,1,2026-05-05,Local Purchase,,,,,,0,Receive,2026-07-12 10:48:41
1351,8046,1,2026-05-06,Local Purchase,201813,00022607,2026-05-06,Sachintha Lorry Body,11800,1,Receive,2026-07-12 10:48:41
2246,8044,1,2026-05-26,Direct Purchase,HeadOffice,6089,2026-06-02,Euro Tools,4500,1,Receive,2026-07-12 10:48:41
1933,8699,1,2026-03-26,Head Office,230114,SM-04728,2026-03-26,Seagull Motors,400,1,Receive,2026-07-12 10:48:41
1932,8698,1,2026-03-26,Head Office,230114,SM-04728,2026-03-26,Seagull Motors,9900,1,Receive,2026-07-12 10:48:41
1931,8697,1,2026-03-26,Head Office,230114,SM-04728,2026-03-26,Seagull Motors,1100,1,Receive,2026-07-12 10:48:41
1930,8696,1,2026-03-26,Head Office,230114,SM-04728,2026-03-26,Seagull Motors,9350,1,Receive,2026-07-12 10:48:41
1929,8695,1,2026-03-26,Head Office,230114,SM-04728,2026-03-26,Seagull Motors,2750,1,Receive,2026-07-12 10:48:41
219,6266,1,2026-05-12,Local Purchase,201755,9315,2026-05-12,Anthupitha Motors & Traders (pvt) Ltd,1899,1,Receive,2026-07-12 10:48:41
218,6265,1,2026-05-12,Local Purchase,201755,9315,2026-05-12,Anthupitha Motors & Traders (pvt) Ltd,1458,1,Receive,2026-07-12 10:48:41
2820,8041,1,2026-05-05,Local Store,201812,,2026-05-05,Sena Motors Enterprises,1660,1,Receive,2026-07-12 10:48:41
1350,8039,2,2026-05-05,Local Purchase,201735,29925,2026-05-10,Anrita Motors,5900,1,Receive,2026-07-12 10:48:41
1349,8035,2,2026-05-05,Local Purchase,201735,29925,2025-05-10,Anrita Motors,2500,1,Receive,2026-07-12 10:48:41
1348,8034,10,2026-05-05,Local Purchase,201805,10267,2026-05-11,Otek Motor  House,195,1,Receive,2026-07-12 10:48:41
1347,8033,1,2026-05-04,Local Purchase,,,,,,0,Receive,2026-07-12 10:48:41
2778,6264,1,2026-06-13,Direct Purchase,,,,,,0,Receive,2026-07-12 10:48:41
2026,8793,1,2026-05-05,Head Office,,,,,,0,Receive,2026-07-12 10:48:41
1345,8029,1,2026-05-04,Head Office,,,,,,0,Receive,2026-07-12 10:48:41
1344,8028,1,2026-05-05,Head Office,,,,,,0,Receive,2026-07-12 10:48:41
1624,8310,1,2026-01-01,Head Office,,,,,,0,Receive,2026-07-12 10:48:41
1623,8309,1,2026-01-01,Head Office,,,,,,0,Receive,2026-07-12 10:48:41
1622,8308,1,2026-01-01,Head Office,,,,,,0,Receive,2026-07-12 10:48:41
1621,8307,1,2026-01-01,Head Office,,,,,,0,Receive,2026-07-12 10:48:41
1346,8032,1,2026-05-08,Local Purchase,,,,,,0,Receive,2026-07-12 10:48:41
3189,8031,4,2026-06-30,Direct Purchase,,,,,,0,Receive,2026-07-12 10:48:41
2825,8024,2,2026-04-05,Local Store,201822,29899,2026-04-05,Anrita Motors,3000,1,Receive,2026-07-12 10:48:41
2824,8023,10,2026-04-05,Local Store,201822,29899,2026-04-05,Anrita Motors,150,1,Receive,2026-07-12 10:48:41
1343,8022,2,2026-05-04,Local Purchase,201822,29899,2026-04-05,Anrita Motors,100,1,Receive,2026-07-12 10:48:41
2399,8021,1,2026-05-26,Local Store,"201743, 201822","260, 29899",2026-04-05,"Raja Motor Works, Anrita Motors",14400,1,Receive,2026-07-12 10:48:41
2126,8827,1,2026-05-11,Local Purchase,,,,,,0,Receive,2026-07-12 10:48:41
1342,8019,2,2026-05-04,Local Purchase,,,,,,0,Receive,2026-07-12 10:48:41
1341,8018,1,2026-05-21,Local Purchase,201789,47,2026-05-21,LP0772303840,17000,1,Receive,2026-07-12 10:48:41
217,6263,1,2026-05-08,Local Purchase,201732,29952,2026-05-10,Anrita Motors,1300,1,Receive,2026-07-12 10:48:41
216,6262,1,2026-05-08,Local Purchase,201732,,2026-05-10,Anrita Motors,2000,1,Receive,2026-07-12 10:48:41
1340,8010,1,2026-05-05,Head Office,,,,,,0,Receive,2026-07-12 10:48:41
2021,8788,1,2026-05-05,Local Purchase,,,,,,0,Receive,2026-07-12 10:48:41
2009,8775,4,2026-05-01,Local Purchase,,,,,,0,Receive,2026-07-12 10:48:41
1339,8009,1,2026-05-05,Local Purchase,201736,009304,2026-05-10,Anthupitha Motors & Traders,1577,1,Receive,2026-07-12 10:48:41
1338,8008,1,2026-05-05,Local Purchase,201736,009304,2026-05-10,Anthupitha Motors & Traders,1577,1,Receive,2026-07-12 10:48:41
2017,8784,1,2026-05-04,Local Purchase,,,,,,0,Receive,2026-07-12 10:48:41
1386,8148,1,2026-05-04,Local Purchase,,,,,,0,Receive,2026-07-12 10:48:41
1337,8005,1,2026-05-04,Local Purchase,,,,,,0,Receive,2026-07-12 10:48:41
2007,8773,2,2026-05-01,Local Purchase,,,,,,0,Receive,2026-07-12 10:48:41
1335,7998,1,2026-05-04,Local Purchase,,,,,,0,Receive,2026-07-12 10:48:41
1336,8004,1,2026-05-06,Local Purchase,201811,020,2026-05-06,St. Anthony's Auto Electrical,15800,1,Receive,2026-07-12 10:48:41
1334,7996,2,2026-05-04,Local Purchase,,,,,,0,Receive,2026-07-12 10:48:41
215,6261,1,2026-05-09,Head Office,,,,,,0,Receive,2026-07-12 10:48:41
2396,9226,1,2026-04-29,Local Store,201725,,2026-04-29,Pradeep Auto A/C,3500,1,Receive,2026-07-12 10:48:41
2395,9225,1,2026-04-29,Local Store,201724,,2026-04-29,D.A Dasanayake,6500,1,Receive,2026-07-12 10:48:41
2394,9224,1,2026-04-28,Local Store,201723,,2026-04-29,Pradeep Auto A/C,21000,1,Receive,2026-07-12 10:48:41
2114,8815,1,2026-05-08,Head Office,,,,,,0,Receive,2026-07-12 10:48:41
2113,8814,1,2026-05-08,Head Office,,,,,,0,Receive,2026-07-12 10:48:41
2042,8810,1,2026-05-07,Head Office,,,,,,0,Receive,2026-07-12 10:48:41
2012,8778,1,2026-05-03,Head Office,,,,,,0,Receive,2026-07-12 10:48:41
1321,7979,1,2026-05-11,Head Office,,,,,,0,Receive,2026-07-12 10:48:41
1320,7978,1,2026-05-08,Head Office,,,,,,0,Receive,2026-07-12 10:48:41
1319,7975,6,2026-05-07,Head Office,,,,,,0,Receive,2026-07-12 10:48:41
2019,8786,8,2026-05-05,Local Purchase,,,,,,0,Receive,2026-07-12 10:48:41
2004,8770,2,2026-04-30,Head Office,,,,,,0,Receive,2026-07-12 10:48:41
2003,8769,1,2026-04-30,Head Office,,,,,,0,Receive,2026-07-12 10:48:41
2001,8767,4,2026-04-30,Local Purchase,201738,258,2026-05-10,Raja Motor Works,2000,1,Receive,2026-07-12 10:48:41
1997,8763,1,2026-04-29,Head Office,,,,,,0,Receive,2026-07-12 10:48:41
1422,8184,8,2025-12-13,Head Office,,,,,,0,Receive,2026-07-12 10:48:41
1318,7969,1,2026-05-03,Head Office,201818,,2026-02-05,Manjula,3500,1,Receive,2026-07-12 10:48:41
2397,7995,1,2026-04-26,Local Store,201731,,2026-05-10,Manjula,2400,1,Receive,2026-07-12 10:48:41
1333,7994,1,2026-05-08,Head Office,230137,3129,2026-05-16,Kumara Filters (pvt) Ltd,26000,1,Receive,2026-07-12 10:48:41
1332,7993,22,2026-05-07,Head Office,,,,,,0,Receive,2026-07-12 10:48:41
1331,7992,6,2026-05-07,Head Office,,,,,,0,Receive,2026-07-12 10:48:41
1330,7991,6,2026-05-07,Head Office,,,,,,0,Receive,2026-07-12 10:48:41
1329,7990,1,2026-05-07,Head Office,,,,,,0,Receive,2026-07-12 10:48:41
1328,7989,1,2026-05-08,Local Purchase,,,,,,0,Receive,2026-07-12 10:48:41
1327,7988,6,2026-04-30,Local Purchase,201730,INV0002-20260430,2026-05-10,Ana Kade ( Sena Hardware),260,1,Receive,2026-07-12 10:48:41
1326,7987,1,2026-04-30,Local Purchase,201740,29878,2026-05-10,Anrita Motors,1000,1,Receive,2026-07-12 10:48:41
1325,7986,1,2026-04-30,Local Purchase,201740,29878,2026-05-10,Anrita Motors,1500,1,Receive,2026-07-12 10:48:41
1324,7985,1,2026-04-30,Local Purchase,201741,10266,2026-05-10,Otek Motor House,2900,1,Receive,2026-07-12 10:48:41
1323,7984,1,2026-04-30,Local Purchase,201740,29878,2026-05-10,Anrita Motors,1600,1,Receive,2026-07-12 10:48:41
2495,7983,1,2026-05-10,Local Store,201802,200820,2026-04-29,Wijayamini Motors,4900,1,Receive,2026-07-12 10:48:41
1322,7981,1,2026-05-05,Head Office,201806,,2026-05-11,Sha Lanka Motors,105000,1,Receive,2026-07-12 10:48:41
1317,7966,1,2026-05-09,Local Purchase,201828,JJ-26-900,2026-05-09,Jeewa Plastic (pvt) Ltd,5400,1,Receive,2026-07-12 10:48:41
2252,7964,1,2026-05-27,Local Store,201865,4002,2026-05-27,Asoka Enterprices,17300,1,Receive,2026-07-12 10:48:41
1316,7961,2,2026-05-09,Local Purchase,201824,042,2026-05-09,Jayawardana Motors,35000,1,Receive,2026-07-12 10:48:41
1315,7960,1,2026-05-16,Local Purchase,201784,04,2026-05-18,Lal Iron Works,5000,1,Receive,2026-07-12 10:48:41
2535,7960,1,2026-05-23,Local Store,201853,3315,2026-06-02,Pradeepa Garage,25000,1,Receive,2026-07-12 10:48:41
2010,8776,2,2026-05-02,Local Purchase,201808,030,2026-05-02,P.R.N Fiber Work,7500,1,Receive,2026-07-12 10:48:41
1306,7949,1,2026-05-03,Local Purchase,,,,,,0,Receive,2026-07-12 10:48:41
1305,7947,2,2026-04-30,Head Office,201737,009293,2026-05-10,Anthupitha Motors,1614,1,Receive,2026-07-12 10:48:41
1314,7958,1,2026-04-29,Local Purchase,201726,,2026-04-29,Sena Motor Enterprises,6980,1,Receive,2026-07-12 10:48:41
1313,7957,1,2026-05-01,Local Purchase,201726,,2026-04-29,"Sena Motor Enterprises, Demo Auto, Shenal Suspension Repair Centre",4760,1,Receive,2026-07-12 10:48:41
1312,7956,1,2026-04-30,Head Office,201803,9294,2026-04-29,Anthupitha Motors,35,1,Receive,2026-07-12 10:48:41
1311,7955,1,2026-04-30,Head Office,,,,,,0,Receive,2026-07-12 10:48:41
2501,7954,1,2026-04-29,Local Store,201803,9294,2026-04-29,Anthupitha Motors,35,1,Receive,2026-07-12 10:48:41
1310,7953,1,2026-04-29,Local Purchase,201803,9294,2026-05-10,Anthupitha Motors,6678,1,Receive,2026-07-12 10:48:41
1309,7952,1,2026-04-29,Local Purchase,201803,9294,2026-04-29,Anthupitha Motors,3708.36,1,Receive,2026-07-12 10:48:41
1308,7951,4,2026-04-29,Local Purchase,"201726, 201803",9294,2026-04-29,"Sena Motor Enterprises, Anthupitha Motors",277.5,1,Receive,2026-07-12 10:48:41
1307,7950,1,2026-05-03,Local Purchase,201818,,2026-02-05,Manjula,1300,1,Receive,2026-07-12 10:48:41
2779,6236,1,2026-06-13,Direct Purchase,,,,,,0,Receive,2026-07-12 10:48:41
195,6235,1,2026-04-27,Local Purchase,201692,9290,2026-04-28,Anthupitha Motors,5962.5,1,Receive,2026-07-12 10:48:41
2653,9370,2,2026-04-27,Local Store,"201694, 201695","9288, 10265",2026-04-25,"Anthupitha Motors, Otek Motor House",410,1,Receive,2026-07-12 10:48:41
1988,8754,4,2026-04-25,Local Purchase,,,,,,0,Receive,2026-07-12 10:48:41
1288,7921,1,2026-04-30,Head Office,201695,10265,2026-04-25,Otek Motor House,750,1,Receive,2026-07-12 10:48:41
1287,7920,1,2026-04-27,Local Purchase,201694,9288,2026-04-27,Anthupitha Motors,3420,1,Receive,2026-07-12 10:48:41
2130,8831,4,2026-05-11,Local Purchase,,,,,,0,Receive,2026-07-12 10:48:41
419,6658,3,2026-04-27,Local Purchase,201700,A260427040,2026-04-27,Wijayamini Motors,2100,1,Receive,2026-07-12 10:48:41
2125,8826,1,2026-05-11,Local Purchase,,,,,,0,Receive,2026-07-12 10:48:41
2124,8825,1,2026-05-14,Local Purchase,,,,,,0,Receive,2026-07-12 10:48:41
1389,8151,1,2026-05-11,Local Purchase,201809,30142,2026-04-05,Lansakara Auto Engineers,5250,1,Receive,2026-07-12 10:48:41
1388,8150,1,2026-05-14,Local Purchase,201809,30142,2026-04-05,Lansakara Auto Engineers,7424.18,1,Receive,2026-07-12 10:48:41
1295,7934,1,2026-05-11,Local Purchase,201809,30142,2026-04-05,Lansakara Auto Engineers,3500,1,Receive,2026-07-12 10:48:41
2018,8785,2,2026-05-05,Local Purchase,201713,500,2026-04-29,Dammika Motors,2750,1,Receive,2026-07-12 10:48:41
2000,8766,4,2026-04-30,Local Purchase,201748,0940,2026-05-10,Dushan New Diesel Centre,500,1,Receive,2026-07-12 10:48:41
1998,8764,2,2026-04-29,Head Office,,,,,,0,Receive,2026-07-12 10:48:41
1407,8169,2,2025-12-12,Head Office,,,,,,0,Receive,2026-07-12 10:48:41
1302,7941,3,2026-05-14,Local Purchase,201765,233,2026-05-14,Suranga Cushion Work,6666.67,1,Receive,2026-07-12 10:48:41
1301,7940,2,2026-04-30,Head Office,,,,,,0,Receive,2026-07-12 10:48:41
1300,7939,1,2026-04-27,Local Purchase,201693,9287,2026-04-27,Anthupitha Motors,16312.5,1,Receive,2026-07-12 10:48:41
1299,7938,2,2026-04-27,Local Purchase,201694,9288,2026-04-27,Anthupitha Motors,995,1,Receive,2026-07-12 10:48:41
1298,7937,2,2026-04-28,Head Office,,,,,,0,Receive,2026-07-12 10:48:41
2011,8777,1,2026-05-02,Head Office,230130,3126,2026-05-16,Kumara Filters (pvt) Ltd,2200,1,Receive,2026-07-12 10:48:41
3148,6226,1,2026-05-16,Local Store,230130,3126,2026-05-16,Kumara Filters (pvt) Ltd,2300,1,Receive,2026-07-12 10:48:41
3147,6225,1,2026-05-16,Local Store,230130,3126,2026-05-16,Kumara Filters (pvt) Ltd,1800,1,Receive,2026-07-12 10:48:41
2002,8768,1,2026-04-30,Local Purchase,201749,7302,2026-05-10,Anthupitha Motors,690,1,Receive,2026-07-12 10:48:41
1296,7935,1,2026-04-28,Head Office,,,,,,0,Receive,2026-07-12 10:48:41
1994,8760,1,2026-04-27,Local Purchase,,,,,,0,Receive,2026-07-12 10:48:41
1993,8759,1,2026-04-27,Head Office,,,,,,0,Receive,2026-07-12 10:48:41
1992,8758,1,2026-04-27,Local Purchase,,,,,,0,Receive,2026-07-12 10:48:41
1991,8757,1,2026-04-27,Local Purchase,,,,,,0,Receive,2026-07-12 10:48:41
1385,8147,1,2026-04-27,Local Purchase,201683,29898,2026-04-07,Lansakara Auto Engineers,8500,1,Receive,2026-07-12 10:48:41
1384,8146,1,2026-05-27,Head Office,201683,29893,2026-04-07,Lansakara Auto Engineers,17200,1,Receive,2026-07-12 10:48:41
1383,8145,1,2026-04-27,Local Purchase,201683,29893,2026-04-07,Lansakara Auto Engineers,2959.88,1,Receive,2026-07-12 10:48:41
1382,8144,1,2026-04-27,Local Purchase,201683,29893,2026-04-07,Lansakara Auto Engineers,14949.66,1,Receive,2026-07-12 10:48:41
1405,8167,4,2025-12-12,Head Office,,,,,,0,Receive,2026-07-12 10:48:41
1304,7945,1,2026-04-28,Head Office,,,,,,0,Receive,2026-07-12 10:48:41
1303,7944,3,2026-04-28,Head Office,,,,,,0,Receive,2026-07-12 10:48:41
1297,7936,1,2026-04-27,Local Purchase,201700,A260427040,2026-04-27,Wijayamini Motors,3250,1,Receive,2026-07-12 10:48:41
214,6260,1,2026-05-02,Head Office,230128,3125,2026-05-16,Kumara Filters (pvt) Ltd,1500,1,Receive,2026-07-12 10:48:41
213,6259,1,2026-05-02,Head Office,230127,3125,2026-05-16,Kumara Filters (pvt) Ltd,1500,1,Receive,2026-07-12 10:48:41
212,6258,1,2026-05-02,Head Office,230127,3125,2026-05-16,Kumara Filters (pvt) Ltd,4500,1,Receive,2026-07-12 10:48:41
211,6257,1,2026-05-02,Head Office,230127,3125,2026-05-16,Kumara Filters (pvt) Ltd,6499.99,1,Receive,2026-07-12 10:48:41
210,6256,1,2026-05-07,Head Office,230127,3125,2026-05-16,Kumara Filters (pvt) Ltd,6000.01,1,Receive,2026-07-12 10:48:41
209,6255,1,2026-05-02,Head Office,230128,3125,2026-05-16,Kumara Filters (pvt) Ltd,1500,1,Receive,2026-07-12 10:48:41
208,6254,1,2026-05-02,Head Office,230128,3125,2026-05-16,Kumara Filters (pvt) Ltd,1500,1,Receive,2026-07-12 10:48:41
207,6253,1,2026-05-02,Head Office,230128,3125,2026-05-16,Kumara Filters (pvt) Ltd,4500,1,Receive,2026-07-12 10:48:41
206,6252,1,2026-05-02,Head Office,230128,3125,2026-05-16,Kumara Filters (pvt) Ltd,6499.99,1,Receive,2026-07-12 10:48:41
205,6251,1,2026-05-02,Head Office,,,,,,0,Receive,2026-07-12 10:48:41
204,6250,1,2026-05-02,Head Office,,,,,,0,Receive,2026-07-12 10:48:41
203,6249,1,2026-05-02,Head Office,,,,,,0,Receive,2026-07-12 10:48:41
202,6248,1,2026-05-02,Head Office,,,,,,0,Receive,2026-07-12 10:48:41
201,6247,1,2026-05-07,Head Office,,,,,,0,Receive,2026-07-12 10:48:41
200,6246,1,2026-05-02,Head Office,230129,3126,2026-05-16,Kumara Filters (pvt) Ltd,1500,1,Receive,2026-07-12 10:48:41
199,6245,1,2026-05-02,Head Office,230129,3126,2026-05-16,Kumara Filters (pvt) Ltd,1500,1,Receive,2026-07-12 10:48:41
198,6244,1,2026-05-02,Head Office,230129,3126,2026-05-16,Kumara Filters (pvt) Ltd,4500,1,Receive,2026-07-12 10:48:41
197,6243,1,2026-05-02,Head Office,230129,3126,2026-05-16,Kumara Filters (pvt) Ltd,6499.99,1,Receive,2026-07-12 10:48:41
196,6242,1,2026-05-27,Head Office,230129,3126,2026-05-16,Kumara Filters (pvt) Ltd,6000.01,1,Receive,2026-07-12 10:48:41
2771,6241,1,2026-06-13,Direct Purchase,,,,,,0,Receive,2026-07-12 10:48:41
2770,6240,1,2026-06-13,Direct Purchase,,,,,,0,Receive,2026-07-12 10:48:41
2772,6239,1,2026-06-13,Direct Purchase,,,,,,0,Receive,2026-07-12 10:48:41
2773,6238,1,2026-06-13,Direct Purchase,,,,,,0,Receive,2026-07-12 10:48:41
2769,6237,1,2026-06-13,Direct Purchase,,,,,,0,Receive,2026-07-12 10:48:41
194,6233,1,2026-04-29,Head Office,,,,,,0,Receive,2026-07-12 10:48:41
193,6232,1,2026-04-29,Head Office,,,,,,0,Receive,2026-07-12 10:48:41
192,6231,1,2026-04-29,Head Office,,,,,,0,Receive,2026-07-12 10:48:41
191,6230,1,2026-04-29,Head Office,,,,,,0,Receive,2026-07-12 10:48:41
190,6229,1,2026-04-29,Head Office,,,,,,0,Receive,2026-07-12 10:48:41
189,6228,1,2026-04-29,Head Office,,,,,,0,Receive,2026-07-12 10:48:41
188,6222,1,2026-04-29,Head Office,,,,,,0,Receive,2026-07-12 10:48:41
187,6221,1,2026-05-02,Head Office,230133,3127,2026-05-16,Kumara Filters (pvt) Ltd,3500,1,Receive,2026-07-12 10:48:41
186,6220,1,2026-05-02,Head Office,230133,3127,2026-05-16,Kumara Filters (pvt) Ltd,2500,1,Receive,2026-07-12 10:48:41
185,6219,1,2026-05-02,Head Office,230133,3127,2026-05-16,Kumara Filters (pvt) Ltd,5550,1,Receive,2026-07-12 10:48:41
184,6218,1,2026-05-03,Head Office,230134,3128,2026-05-16,Kumara Filters (pvt) Ltd,2600,1,Receive,2026-07-12 10:48:41
183,6217,1,2026-05-03,Head Office,230134,3128,2026-05-16,Kumara Filters (pvt) Ltd,1400,1,Receive,2026-07-12 10:48:41
182,6216,1,2026-05-03,Head Office,230134,3128,2026-05-16,Kumara Filters (pvt) Ltd,2500,1,Receive,2026-07-12 10:48:41
2006,8772,2,2026-04-30,Head Office,,,,,,0,Receive,2026-07-12 10:48:41
2005,8771,1,2026-04-30,Head Office,,,,,,0,Receive,2026-07-12 10:48:41
1290,7924,4,2026-04-27,Local Purchase,201700,A260427040,2026-04-27,Wijayamini Motors,175,1,Receive,2026-07-12 10:48:41
1294,7928,5,2026-04-27,Head Office,,,,,,0,Receive,2026-07-12 10:48:41
1293,7927,1,2026-04-27,Head Office,,,,,,0,Receive,2026-07-12 10:48:41
1292,7926,1,2026-04-27,Head Office,,,,,,0,Receive,2026-07-12 10:48:41
1291,7925,1,2026-04-27,Head Office,,,,,,0,Receive,2026-07-12 10:48:41
2836,9495,1,2026-04-25,Local Store,201768,3213,2026-04-25,Pradeepa Garage,18000,1,Receive,2026-07-12 10:48:41
2043,8811,1,2026-05-07,Head Office,,,,,,0,Receive,2026-07-12 10:48:41
1989,8755,1,2026-04-25,Local Purchase,,,,,,0,Receive,2026-07-12 10:48:41
2657,7923,1,2026-04-25,Local Store,201699,A260425061,2026-04-25,Wijayamini  Motors,1400,1,Receive,2026-07-12 10:48:41
1289,7922,5,2026-04-27,Local Purchase,201688,1229,2026-04-27,Anura Hardware,550,1,Receive,2026-07-12 10:48:41
1286,7919,1,2026-04-27,Local Purchase,201804,017,2026-05-10,St. Anthony's Auto Electrical,5500,1,Receive,2026-07-12 10:48:41
1285,7918,3,2026-04-25,Local Purchase,,,,,,0,Receive,2026-07-12 10:48:41
1284,7917,1,2026-04-24,Local Purchase,201696,10263,2026-04-24,Otek Motor House,2850,1,Receive,2026-07-12 10:48:41
1283,7916,6,2026-04-25,Local Purchase,201712,042,2026-04-29,Jayasundara Construction,750,1,Receive,2026-07-12 10:48:41
1282,7915,2,2026-04-25,Local Purchase,201722,2604-0543,2026-04-29,Subasinghe Heavy Machinery,2800,1,Receive,2026-07-12 10:48:41
1281,7914,2,2026-04-25,Local Purchase,201704,,2026-04-29,L/P,2750,1,Receive,2026-07-12 10:48:41
2137,8838,1,2026-05-11,Head Office,,,,,,0,Receive,2026-07-12 10:48:41
172,6206,1,2026-05-02,Head Office,230127,3125,2026-05-16,Kumara Filters (pvt) Ltd,4500,1,Receive,2026-07-12 10:48:41
171,6205,2,2026-05-02,Local Purchase & Head Office,201698,29833,2026-04-25,Anrita Motors,825,1,Receive,2026-07-12 10:48:41
1995,8761,7.5,2026-04-27,Local Purchase,201714,14,2026-04-29,Cut Piece Centre,200,1,Receive,2026-07-12 10:48:41
418,6657,4,2026-04-25,Local Purchase,201719,,2026-04-29,Thushan CAT & Jiuce Bar,250,1,Receive,2026-07-12 10:48:41
417,6655,2.5,2026-04-25,Local Purchase,201716,,2026-04-29,Lanka Filing Station,400,1,Receive,2026-07-12 10:48:41
416,6654,1,2026-04-23,Local Purchase,201710,5502,2026-04-29,Inoka Traders,800,1,Receive,2026-07-12 10:48:41
415,6653,4,2026-04-25,Local Purchase,201689,9286,2026-04-25,Anthupitha Motors,2907,1,Receive,2026-07-12 10:48:41
414,6652,24,2026-04-25,Local Purchase,201685,1227,2026-04-25,Anura Hardware,180,1,Receive,2026-07-12 10:48:41
1984,8750,1,2026-04-20,Local Purchase,,,,,,0,Receive,2026-07-12 10:48:41
1280,7913,2,2026-04-25,Head Office,,,,,,0,Receive,2026-07-12 10:48:41
181,6215,1,2026-05-03,Head Office,230134,3128,2026-05-16,Kumara Filters (pvt) Ltd,8500,1,Receive,2026-07-12 10:48:41
180,6214,1,2026-05-03,Head Office,230135,3128,2026-05-16,Kumara Filters (pvt) Ltd,7500,1,Receive,2026-07-12 10:48:41
179,6213,1,2026-05-03,Head Office,230135,3128,2026-05-16,Kumara Filters (pvt) Ltd,14000,1,Receive,2026-07-12 10:48:41
178,6212,1,2026-05-03,Head Office,230134,230134,2026-05-16,Kumara Filters (pvt) Ltd,6000.01,1,Receive,2026-07-12 10:48:41
177,6211,1,2026-04-28,Local Purchase,201691,9289,2026-04-28,Anthupitha Motors,3006,1,Receive,2026-07-12 10:48:41
176,6210,1,2026-04-28,Local Purchase,201691,9289,2026-04-28,Anthupitha Motors,2241,1,Receive,2026-07-12 10:48:41
175,6209,1,2026-05-03,Head Office,230135,3128,2026-05-16,Kumara Filters (pvt) Ltd,7500,1,Receive,2026-07-12 10:48:41
174,6208,1,2026-05-03,Head Office,230135,3128,2026-05-16,Kumara Filters (pvt) Ltd,4500,1,Receive,2026-07-12 10:48:41
173,6207,1,2026-05-03,Head Office,230135,3128,2026-05-16,Kumara Filters (pvt) Ltd,3500,1,Receive,2026-07-12 10:48:41
170,6204,1,2026-05-03,Head Office,230136,3129,2026-05-16,Kumara Filters (pvt) Ltd,10500.01,1,Receive,2026-07-12 10:48:41
169,6203,1,2026-05-03,Head Office,230136,3129,2026-05-16,Kumara Filters (pvt) Ltd,12500,1,Receive,2026-07-12 10:48:41
168,6202,1,2026-05-03,Head Office,230136,3129,2026-05-16,Kumara Filters (pvt) Ltd,6000.01,1,Receive,2026-07-12 10:48:41
1981,8747,1,2026-04-09,Head Office,,,,,,0,Receive,2026-07-12 10:48:41
1279,7912,1,2026-04-23,Head Office,,,,,,0,Receive,2026-07-12 10:48:41
2493,9310,1,2026-04-21,Local Store,201801,019,2026-05-10,St. Anthony's Auto Electrical,4500,1,Receive,2026-07-12 10:48:41
1990,8756,4,2026-04-25,Local Purchase,,,,,,0,Receive,2026-07-12 10:48:41
1986,8752,1,2026-04-24,Local Purchase,201702,013,2026-04-29,St- Anthony's Auto Electricals,17000,1,Receive,2026-07-12 10:48:41
1277,7908,1,2026-04-29,Local Purchase,,,,,,0,Receive,2026-07-12 10:48:41
1276,7907,1,2026-04-27,Local Purchase,,,,,,0,Receive,2026-07-12 10:48:41
1275,7906,1,2026-04-28,Head Office,201750,014,2026-05-10,At. Anthony's Auto Electrical,7600,1,Receive,2026-07-12 10:48:41
1278,7910,1,2026-04-23,Local Purchase,201708,280,2026-04-29,Suranga Cushion Works,10000,1,Receive,2026-07-12 10:48:41
2654,7909,2,2026-04-21,Local Store,201697,29453,2026-04-21,Anrita Motors,1750,1,Receive,2026-07-12 10:48:41
167,6201,1,2026-04-28,Local Purchase,,,,,,0,Receive,2026-07-12 10:48:41
166,6200,1,2026-04-28,Local Purchase,,,,,,0,Receive,2026-07-12 10:48:41
165,6199,1,2026-04-28,Head Office,,,,,,0,Receive,2026-07-12 10:48:41
164,6198,1,2026-04-28,Head Office,,,,,,0,Receive,2026-07-12 10:48:41
163,6197,2,2026-04-28,Head Office,,,,,,0,Receive,2026-07-12 10:48:41
162,6196,1,2026-04-28,Head Office,,,,,,0,Receive,2026-07-12 10:48:41
161,6195,1,2026-04-28,Head Office,,,,,,0,Receive,2026-07-12 10:48:41
1985,8751,2,2026-04-21,Local Purchase,,,,,,0,Receive,2026-07-12 10:48:41
1274,7905,5,2026-04-21,Local Purchase,201687,1223,2026-04-21,Anura Traders,220,1,Receive,2026-07-12 10:48:41
1273,7904,1.5,2026-04-21,Local Purchase,201687,1223,2026-04-21,Anura Traders,1400,1,Receive,2026-07-12 10:48:41
1272,7903,1,2026-04-22,Local Purchase,201717,12675,2026-04-29,Gayas Ali Paint Gallery,2800,1,Receive,2026-07-12 10:48:41
1271,7902,5,2026-04-21,Local Purchase,201687,1223,2026-04-21,Anura Hardware,650,1,Receive,2026-07-12 10:48:41
2812,9484,2,2026-04-11,Direct Purchase,189541,2209,2026-04-11,Kumara Filters (pvt) Ltd,2500,1,Receive,2026-07-12 10:48:41
2813,9483,1,2026-04-11,Direct Purchase,189544,2209,2026-04-11,Kumara Filters (pvt) Ltd,2500,1,Receive,2026-07-12 10:48:41
2811,9482,1,2026-04-11,Direct Purchase,189544,2209,2026-04-11,Kumara Filters (pvt) Ltd,2200,1,Receive,2026-07-12 10:48:41
2878,6651,5,2026-04-10,Local Store,201271,1222,2026-04-10,Anura Hardware,275,1,Receive,2026-07-12 10:48:41
2879,6650,3,2026-04-10,Local Store,201271,1222,2026-04-10,Anura Hardware,966.67,1,Receive,2026-07-12 10:48:41
2652,9369,1,2026-04-08,Local Store,201677,9271,2026-04-08,Anthupitha Motors,650,1,Receive,2026-07-12 10:48:41
1270,7899,1,2026-04-09,Head Office,"201705, 201670",011,2026-04-08,"St. Anthony's Auto Electricals, Radeeka Motor Traders",5100,1,Receive,2026-07-12 10:48:41
1979,8745,1,2026-04-08,Local Purchase,,,,,,0,Receive,2026-07-12 10:48:41
1978,8744,1,2026-04-08,Local Purchase,,,,,,0,Receive,2026-07-12 10:48:41
1269,7898,1,2026-04-07,Local Purchase,,,,,,0,Receive,2026-07-12 10:48:41
1268,7897,4,2026-04-08,Local Purchase,,,,,,0,Receive,2026-07-12 10:48:41
1267,7896,1,2026-04-07,Local Purchase,201739,015,2026-05-10,St3 Anthony's Auto Electrical,3000,1,Receive,2026-07-12 10:48:41
1475,8358,1,2026-01-14,Local Purchase,,,,,,0,Receive,2026-07-12 10:48:41
1266,7895,1,2026-04-07,Local Purchase,201674,9266,2026-04-07,Anthupitha Motors,2227.75,1,Receive,2026-07-12 10:48:41
2400,9228,1,2026-04-06,Local Store,201746,021,2026-05-10,St. Anthony's Auto Electrical,3500,1,Receive,2026-07-12 10:48:41
1116,7686,4,2026-03-30,Local Purchase,230084,0870,2026-03-30,Dushan New Diesel Center,3725,1,Receive,2026-07-12 10:48:41
1115,7685,1,2026-03-30,Local Purchase,"230084,230095","0870,0869",2026-03-30,Dushan New Diesel Center,15900,1,Receive,2026-07-12 10:48:41
1974,8740,1,2026-04-07,Local Purchase,201679,9262,2026-04-06,Anthupitha Motors,2430,1,Receive,2026-07-12 10:48:41
1265,7894,1,2026-04-07,Local Purchase,"201676, 201680","9265, CBO42399",2026-04-07,"Anthupitha Motors, Anthupitha Motors",19648.75,1,Receive,2026-07-12 10:48:41
1264,7892,1,2026-04-06,Local Purchase,,,,,,0,Receive,2026-07-12 10:48:41
1263,7891,1,2026-04-08,Local Purchase,201675,,2026-04-08,Manjula,5000,1,Receive,2026-07-12 10:48:41
1262,7888,1,2026-04-07,Local Purchase,,,,,,0,Receive,2026-07-12 10:48:41
1261,7887,2,2026-04-07,Local Purchase,,,,,,0,Receive,2026-07-12 10:48:41
1260,7886,1,2026-04-07,Local Purchase,,,,,,0,Receive,2026-07-12 10:48:41
1259,7885,1,2026-04-07,Local Purchase,,,,,,0,Receive,2026-07-12 10:48:41
1258,7884,3,2026-04-07,Local Purchase,,,,,,0,Receive,2026-07-12 10:48:41
1257,7883,2,2026-04-07,Local Purchase,,,,,,0,Receive,2026-07-12 10:48:41
2573,9353,1,2026-04-03,Local Store,201667,637,2026-04-03,PRN Fiber works,6000,1,Receive,2026-07-12 10:48:41
2561,9346,1,2026-04-02,Local Store,201652,3441,2026-04-02,Asoka Enterprices,15000,1,Receive,2026-07-12 10:48:41
1976,8742,1,2026-04-07,Local Purchase,,,,,,0,Receive,2026-07-12 10:48:41
1254,7874,1,2026-04-08,Local Purchase,201675,,2026-04-08,Manjula,5000,1,Receive,2026-07-12 10:48:41
1972,8738,2,2026-04-03,Local Purchase,,,,,,0,Receive,2026-07-12 10:48:41
1256,7877,5,2026-04-02,Local Purchase,230099,1207,2026-04-01,Anura Hardware,102,1,Receive,2026-07-12 10:48:41
1967,8733,5,2026-04-03,Local Purchase,,,,,,0,Receive,2026-07-12 10:48:41
2570,7876,1,2026-04-04,Local Store,201662,9239,2026-04-04,Anthupitha Motor,1253.7,1,Receive,2026-07-12 10:48:41
1255,7875,2,2026-04-22,Local Purchase,201706,,2026-04-29,Manjula,2500,1,Receive,2026-07-12 10:48:41
160,6194,1,2026-04-21,Local Purchase,201690,9285,2026-04-22,Anthupitha Motors,4999.5,1,Receive,2026-07-12 10:48:41
159,6193,1,2026-04-21,Local Purchase,201690,9285,2026-04-22,Anthupitha Motors,1683,1,Receive,2026-07-12 10:48:41
158,6192,1,2026-04-20,Head Office,,,,,,0,Receive,2026-07-12 10:48:41
157,6191,1,2026-04-20,Head Office,,,,,,0,Receive,2026-07-12 10:48:41
156,6190,1,2026-04-20,Head Office,,,,,,0,Receive,2026-07-12 10:48:41
2571,9351,1,2026-04-02,Local Store,201664,003,2026-04-02,St Anthonys Auto Electrical,3000,1,Receive,2026-07-12 10:48:41
1962,8728,1,2026-03-28,Head Office,230100,785,2026-03-26,New Sugath Auto Electrical,22000,1,Receive,2026-07-12 10:48:41
1651,8337,1,2026-01-08,Local Purchase,189393,0350,2025-12-23,Dushan New Diesel Center,35500,1,Receive,2026-07-12 10:48:41
2966,8337,1,2025-12-26,Local Store,189397,0378,2025-12-26,Dushan New Diesel Center,45000,1,Receive,2026-07-12 10:48:41
1253,7872,1,2026-04-02,Local Purchase,230098,,2026-04-01,Radeeka Motor Traders,1400,1,Receive,2026-07-12 10:48:41
1977,8743,1,2026-04-08,Local Purchase,,,,,,0,Receive,2026-07-12 10:48:41
1975,8741,1,2026-04-07,Local Purchase,,,,,,0,Receive,2026-07-12 10:48:41
1251,7870,4,2026-04-08,Local Purchase,201682,11120,2026-04-08,Shenal Suspension Repair Centre,1750,1,Receive,2026-07-12 10:48:41
1250,7869,2,2026-04-08,Local Purchase,201672,1417,2026-04-08,Deemo Auto Parts,4500,1,Receive,2026-07-12 10:48:41
1249,7868,1,2026-04-08,Local Purchase,201681,003,2026-04-05,St. Anthony's Auto Electrical,3000,1,Receive,2026-07-12 10:48:41
1965,8731,1,2026-04-02,Local Purchase,,,,,,0,Receive,2026-07-12 10:48:41
1964,8730,1,2026-04-02,Local Purchase,230096,,2026-04-01,Sena Hardware,1200,1,Receive,2026-07-12 10:48:41
3044,8730,1,2026-04-01,Local Store,230097,100,2026-04-01,Jasmin Trade Link,950,1,Receive,2026-07-12 10:48:41
2880,7867,1,2026-03-31,Local Store,201272,1203,2026-03-31,Anura Hardware,10500,1,Receive,2026-07-12 10:48:41
2881,7866,1,2026-03-31,Local Store,201272,1203,2026-03-31,Anura Hardware,850,1,Receive,2026-07-12 10:48:41
2882,7865,1,2026-03-31,Local Store,201272,1203,2026-03-31,Anura Hardware,1160,1,Receive,2026-07-12 10:48:41
2883,7864,1,2026-03-31,Local Store,201272,1203,2026-03-31,Anura Hardware,1160,1,Receive,2026-07-12 10:48:41
1252,7871,1,2026-03-31,Local Purchase,230073,120,2026-03-31,Anura Hardware,750,1,Receive,2026-07-12 10:48:41
413,6649,10,2026-04-08,Local Purchase,201671,05,2026-04-08,L/P,100,1,Receive,2026-07-12 10:48:41
412,6648,1,2026-03-31,Local Purchase,230094,91471,2026-03-31,Badalgama Stores,147,1,Receive,2026-07-12 10:48:41
3043,6648,4,2026-03-31,Local Store,230094,91471,2026-03-31,Badalgama Stores,147,1,Receive,2026-07-12 10:48:41
3042,9614,2,2026-03-30,Local Store,230085,9242,2026-03-30,Anthupitha Motors,8499.15,1,Receive,2026-07-12 10:48:41
1227,7835,1,2026-04-02,Local Purchase,230085,9242,2026-03-30,Anthupitha Motors,3257.84,1,Receive,2026-07-12 10:48:41
1226,7834,1,2026-03-30,Local Purchase,,,,,,0,Receive,2026-07-12 10:48:41
1225,7833,1,2026-03-30,Local Purchase,,,,,,0,Receive,2026-07-12 10:48:41
1224,7832,4,2026-04-03,Local Purchase,201661,0879,2026-04-07,Danushan new diesel center,13125,1,Receive,2026-07-12 10:48:41
1223,7831,1,2026-04-03,Local Purchase,201661,879,2026-04-03,Danushan new diesel center,20000,1,Receive,2026-07-12 10:48:41
1222,7830,1,2026-03-30,Local Purchase,230085,9242,2026-03-30,Anthupitha Motors,3524.5,1,Receive,2026-07-12 10:48:41
1221,7829,1,2026-03-30,Local Purchase,201657,,2026-04-07,Jayasuriya Engineering Works,3000,1,Receive,2026-07-12 10:48:41
1220,7828,1,2026-03-30,Local Purchase,230085,9242,2026-03-30,Anthupitha Motors,5785.5,1,Receive,2026-07-12 10:48:41
1219,7827,1,2026-03-30,Local Purchase,230088,9245,2026-03-30,Anthupitha Motors,1453.5,1,Receive,2026-07-12 10:48:41
1248,7860,1,2026-04-27,Head Office,,,,,,0,Receive,2026-07-12 10:48:41
1247,7859,1,2026-04-25,Head Office,,,,,,0,Receive,2026-07-12 10:48:41
1246,7858,1,2026-03-31,Local Purchase,230081,9248,2026-03-31,Anthupitha Motors,6339.35,1,Receive,2026-07-12 10:48:41
1245,7857,1,2026-03-31,Local Purchase,230081,9248,2026-03-31,Anthupitha Motors,9310,1,Receive,2026-07-12 10:48:41
1244,7856,1,2026-03-31,Head Office,,,,,,0,Receive,2026-07-12 10:48:41
1243,7855,1,2026-04-06,Local Purchase,,,,,,0,Receive,2026-07-12 10:48:41
1242,7854,1,2026-04-06,Head Office,,,,,,0,Receive,2026-07-12 10:48:41
1241,7853,1,2026-04-06,Local Purchase,,,,,,0,Receive,2026-07-12 10:48:41
1240,7852,5,2026-03-30,Head Office,,,,,,0,Receive,2026-07-12 10:48:41
1239,7851,1,2026-03-30,Local Purchase,,,,,,0,Receive,2026-07-12 10:48:41
1238,7850,1,2026-04-02,Head Office,,,,,,0,Receive,2026-07-12 10:48:41
1237,7849,2,2026-04-02,Head Office,,,,,,0,Receive,2026-07-12 10:48:41
1236,7848,2,2026-04-02,Head Office,,,,,,0,Receive,2026-07-12 10:48:41
1235,7845,1,2026-03-30,Local Purchase,230087,9243,2026-03-30,Anthupitha Motors,2430,1,Receive,2026-07-12 10:48:41
155,6189,1,2026-03-30,Local Purchase,230093,9244,2026-03-30,Anthupitha Motors,4360.5,1,Receive,2026-07-12 10:48:41
1234,7842,1,2026-03-30,Local Purchase,,,,,,0,Receive,2026-07-12 10:48:41
1233,7841,1,2026-03-30,Local Purchase,,,,,,0,Receive,2026-07-12 10:48:41
1232,7840,4,2026-03-30,Head Office,,,,,,0,Receive,2026-07-12 10:48:41
1231,7839,1,2026-03-30,Head Office,,,,,,0,Receive,2026-07-12 10:48:41
1230,7838,2,2026-03-30,Head Office,,,,,,0,Receive,2026-07-12 10:48:41
1229,7837,2,2026-03-30,Local Purchase,,,,,,0,Receive,2026-07-12 10:48:41
1228,7836,1,2026-03-30,Head Office,,,,,,0,Receive,2026-07-12 10:48:41
3025,9611,1,2026-03-27,Local Store,230062,9236,2026-03-27,Anthupitha Motors,3116,1,Receive,2026-07-12 10:48:41
2567,9349,3,2026-03-31,Local Store,201658,11071,2026-03-31,Shenal suspention repair,3083.34,1,Receive,2026-07-12 10:48:41
1971,8737,2,2026-04-03,Local Purchase,,,,,,0,Receive,2026-07-12 10:48:41
1970,8736,2,2026-04-03,Local Purchase,,,,,,0,Receive,2026-07-12 10:48:41
1969,8735,2,2026-04-03,Local Purchase,201656,184,2026-04-07,Dammika Motors,4000,1,Receive,2026-07-12 10:48:41
2572,9352,1,2026-03-27,Local Store,201666,8,2026-03-27,Sgsitha Motors,10000,1,Receive,2026-07-12 10:48:41
2563,9347,1,2026-03-29,Local Store,201654,003,2026-04-07,St Anthonys Auto Electrical,19800,1,Receive,2026-07-12 10:48:41
1213,7816,1,2026-03-27,Local Purchase,201747,018,2026-05-10,Anthupitha Motors,7500,1,Receive,2026-07-12 10:48:41
1958,8724,1,2026-03-28,Head Office,230496,9240,2026-03-27,Anthupitha Motors,1458,1,Receive,2026-07-12 10:48:41
1957,8723,1,2026-03-28,Head Office,230496,92400,2026-03-27,Anthupitha Motors,4536,1,Receive,2026-07-12 10:48:41
1214,7820,1,2026-03-28,Head Office,230069,,2026-03-28,Manjula,3000,1,Receive,2026-07-12 10:48:41
1218,7826,1,2026-03-28,Head Office,230497,9239,2026-03-28,Anthupitha Motors,990,1,Receive,2026-07-12 10:48:41
1217,7825,1,2026-03-28,Head Office,230497,9239,2026-03-28,Anthupitha Motors,693,1,Receive,2026-07-12 10:48:41
1216,7822,1,2026-04-21,Local Purchase,201703,639,2026-04-29,P.R.N Fiber Works,5000,1,Receive,2026-07-12 10:48:41
1215,7821,2,2026-04-21,Local Purchase,201703,639,2026-04-29,P.R.N Fiber Works,5000,1,Receive,2026-07-12 10:48:41
1212,7815,2,2026-03-27,Local Purchase,230059,A260327023,2026-03-27,Wijayamini Motors,3775,1,Receive,2026-07-12 10:48:41
1211,7814,1,2026-03-27,Local Purchase,230059,A260327023,2026-03-27,Wijayamini Motors,950,1,Receive,2026-07-12 10:48:41
1210,7813,1,2026-03-27,Local Purchase,230059,A260327023,2026-03-27,Wijayamini Motors,2480,1,Receive,2026-07-12 10:48:41
1209,7812,1,2026-04-09,Local Purchase,201678,,2026-04-08,Manjula,3000,1,Receive,2026-07-12 10:48:41
1208,7811,1,2026-03-27,Local Purchase,230058,A260327021,2026-03-27,Wijayamini Motors,1250,1,Receive,2026-07-12 10:48:41
1207,7810,2,2026-03-27,Local Purchase,230058,A260327021,2026-03-27,Wijayamini Motors,6950,1,Receive,2026-07-12 10:48:41
1206,7809,2,2026-03-27,Local Purchase,230058,A260327021,2026-03-27,Wijayamini Motors,650,1,Receive,2026-07-12 10:48:41
1205,7808,1,2026-04-09,Local Purchase,201678,,2026-04-08,Manjula,3000,1,Receive,2026-07-12 10:48:41
1204,7807,3,2026-03-28,Head Office,230070,102,2026-03-28,Regal Motors (pvt) L:td,650,1,Receive,2026-07-12 10:48:41
1203,7806,3,2026-03-28,Head Office,230070,102,2026-03-28,Regal Motors (pvt) Ltd,650,1,Receive,2026-07-12 10:48:41
1202,7805,4,2026-03-28,Head Office,230055,9241,2026-03-28,Anthupitha Motors,562.5,1,Receive,2026-07-12 10:48:41
1201,7804,1,2026-03-30,Head Office,,,,,,0,Receive,2026-07-12 10:48:41
1200,7803,1,2026-03-28,Head Office,,,,,,0,Receive,2026-07-12 10:48:41
154,6188,1,2026-03-28,Head Office,230122,2899,2026-03-27,Kumara Filters (pvt) Ltd,7500,1,Receive,2026-07-12 10:48:41
2753,6186,1,2026-06-13,Direct Purchase,,,,,,0,Receive,2026-07-12 10:48:42
2757,6185,1,2026-06-13,Direct Purchase,,,,,,0,Receive,2026-07-12 10:48:42
153,6184,2,2026-03-27,Head Office,230123,2900,2026-03-27,Kumara Filters (pvt) Ltd,6499.99,1,Receive,2026-07-12 10:48:42
152,6183,2,2026-03-27,Head Office,230123,2900,2026-03-27,Kumara Filters (pvt) Ltd,4000,1,Receive,2026-07-12 10:48:42
151,6182,1,2026-03-27,Head Office,230123,2900,2026-03-27,Kumara Filters (pvt) Ltd,1100,1,Receive,2026-07-12 10:48:42
150,6181,1,2026-03-27,Head Office,230123,2900,2026-03-27,Kumara Filters (pvt) Ltd,2000.01,1,Receive,2026-07-12 10:48:42
149,6180,1,2026-03-27,Head Office,230123,2900,2026-03-27,Kumara Filters (pvt) Ltd,12900,1,Receive,2026-07-12 10:48:42
148,6179,1,2026-03-27,Head Office,230123,2900,2026-03-27,Kumara Filters (pvt) Ltd,5250,1,Receive,2026-07-12 10:48:42
2566,9348,1,2026-03-26,Local Store,201655,,2026-04-07,Idl Motors,4000,1,Receive,2026-07-12 10:48:42
1198,7795,1,2026-03-27,Local Purchase,,,,,,0,Receive,2026-07-12 10:48:42
1973,8739,5,2026-04-07,Local Purchase,201663,1208,2026-04-06,Anura Hardware,950,1,Receive,2026-07-12 10:48:42
2478,6647,12,2026-05-15,Local Store,201772,10269,2026-05-15,Otec Motor House,390,1,Receive,2026-07-12 10:48:42
2479,6646,12,2026-05-15,Local Store,201772,10269,2026-05-15,Otec Motor House,380,1,Receive,2026-07-12 10:48:42
2569,6643,5,2026-04-04,Local Store,201660,10261,2026-04-04,Otec Motor House,1400,1,Receive,2026-07-12 10:48:42
411,6642,5,2026-04-24,Local Purchase,201686,1226,2026-04-24,Anura Traders,900,1,Receive,2026-07-12 10:48:42
410,6640,4,2026-04-23,Local Purchase,201707,4210,2026-04-29,Masha Electricals,380,1,Receive,2026-07-12 10:48:42
1199,7797,1,2026-04-22,Local Purchase,201717,12675,2026-04-29,Gayas Ali PAint Gallery,2700,1,Receive,2026-07-12 10:48:42
1197,7792,1,2026-04-30,Head Office,,,,,,0,Receive,2026-07-12 10:48:42
3041,9613,2,2026-03-25,Local Store,230082,024,2026-03-25,Kaveesha Lathe Works,3500,1,Receive,2026-07-12 10:48:42
1095,7664,1,2026-04-25,Local Purchase,201718,25754,2026-04-29,H.M.A. Enterprises,22500,1,Receive,2026-07-12 10:48:42
1094,7663,2,2026-04-22,Local Purchase,201709,67,2026-04-29,L/P,17500,1,Receive,2026-07-12 10:48:42
1093,7662,1,2026-04-22,Local Purchase,201721,34,2026-04-29,LAL Iron Works,28000,1,Receive,2026-07-12 10:48:42
2938,9573,8,2026-01-14,Local Store,230990,33,2026-01-14,Lal Iron Works,125,1,Receive,2026-07-12 10:48:42
2022,8789,1,2026-05-05,Local Purchase,,,,,,0,Receive,2026-07-12 10:48:42
1194,7789,1,2026-03-28,Head Office,230056,29366,2026-03-28,Anrita Motors,1700,1,Receive,2026-07-12 10:48:42
1961,8727,1,2026-03-28,Head Office,,,,,,0,Receive,2026-07-12 10:48:42
1960,8726,1,2026-03-28,Head Office,,,,,,0,Receive,2026-07-12 10:48:42
1193,7785,1,2026-03-28,Head Office,,,,,,0,Receive,2026-07-12 10:48:42
1196,7791,1,2026-03-26,Head Office,,,,,,0,Receive,2026-07-12 10:48:42
1195,7790,1,2026-04-28,Head Office,201727,29,2026-04-29,L/P,1850,1,Receive,2026-07-12 10:48:42
3034,7788,1.5,2026-03-27,Local Store,230071,33207,2026-03-27,Ruhunu Enterprises,2226.67,1,Receive,2026-07-12 10:48:42
1192,7784,4,2026-03-28,Head Office,,,,,,0,Receive,2026-07-12 10:48:42
1191,7783,8,2026-03-28,Head Office,,,,,,0,Receive,2026-07-12 10:48:42
1190,7782,8,2026-03-28,Head Office,,,,,,0,Receive,2026-07-12 10:48:42
1189,7781,8,2026-03-28,Head Office,,,,,,0,Receive,2026-07-12 10:48:42
1188,7780,1,2026-03-28,Head Office,,,,,,0,Receive,2026-07-12 10:48:42
1187,7779,1,2026-03-28,Head Office,,,,,,0,Receive,2026-07-12 10:48:42
1186,7778,4,2026-03-28,Head Office,,,,,,0,Receive,2026-07-12 10:48:42
1185,7777,1,2026-03-28,Head Office,,,,,,0,Receive,2026-07-12 10:48:42
1184,7776,1,2026-03-28,Head Office,,,,,,0,Receive,2026-07-12 10:48:42
1183,7775,1,2026-03-28,Head Office,,,,,,0,Receive,2026-07-12 10:48:42
1182,7774,10,2026-03-25,Local Purchase,,,,,,0,Receive,2026-07-12 10:48:42
1181,7772,2,2026-03-26,Head Office,,,,,,0,Receive,2026-07-12 10:48:42
1180,7771,1,2026-03-26,Head Office,,,,,,0,Receive,2026-07-12 10:48:42
1179,7770,1,2026-03-25,Head Office,,,,,,0,Receive,2026-07-12 10:48:42
1178,7769,3,2026-03-25,Head Office,,,,,,0,Receive,2026-07-12 10:48:42
1177,7768,1,2026-03-25,Head Office,,,,,,0,Receive,2026-07-12 10:48:42
147,6175,1,2026-03-25,Head Office,230112,2881,2026-03-25,Kumara Filters (pvt) Ltd,4000,1,Receive,2026-07-12 10:48:42
146,6174,1,2026-03-25,Head Office,230112,2881,2026-03-25,Kumara Filters (pvt) Ltd,5500,1,Receive,2026-07-12 10:48:42
3013,9600,1,2026-03-09,Local Store,230490,25,2026-03-09,Lalith Motors,5000,1,Receive,2026-07-12 10:48:42
1956,8722,1.5,2026-03-27,Local Purchase,,,,,,0,Receive,2026-07-12 10:48:42
3032,7767,1,2026-03-23,Local Store,230067,,2026-03-23,Shoo Lanka Motors,20000,1,Receive,2026-07-12 10:48:42
3033,7766,1,2026-03-23,Local Store,230067,,2026-03-23,Shoo Lanka Motors,50000,1,Receive,2026-07-12 10:48:42
1950,8716,2,2026-03-27,Local Purchase,230092,145,2026-03-27,Dammika Motors,3000,1,Receive,2026-07-12 10:48:42
1171,7758,1,2026-03-27,Head Office,,,,,,0,Receive,2026-07-12 10:48:42
1176,7765,1,2026-04-22,Local Purchase,201701,012,2026-04-29,St. Anthony's Auto Electricals,5500,1,Receive,2026-07-12 10:48:42
1175,7764,1,2026-04-02,Local Purchase,201659,004,2026-04-02,St Anthonys Auto Electrical,14000,1,Receive,2026-07-12 10:48:42
1174,7763,4,2026-03-25,Local Purchase,230075,,2026-03-25,Osusala Badalgama,23,1,Receive,2026-07-12 10:48:42
1173,7762,1,2026-03-25,Head Office,HeadOffice,147586,2026-03-25,Lalith Motors,9950,1,Receive,2026-07-12 10:48:42
1172,7761,2,2026-03-25,Head Office,HeadOffice,147586,2026-03-25,Lalith Motors,7450,1,Receive,2026-07-12 10:48:42
1915,8681,1,2026-03-24,Local Purchase,,,,,,0,Receive,2026-07-12 10:48:42
1914,8680,1,2026-03-24,Local Purchase,,,,,,0,Receive,2026-07-12 10:48:42
1160,7747,1,2026-03-23,Local Purchase,230494,9232,2026-03-23,Anthupitha Motors,1323,1,Receive,2026-07-12 10:48:42
1159,7746,1,2026-03-24,Local Purchase,230086,530,2026-03-24,Shantha Lathe Shop,2400,1,Receive,2026-07-12 10:48:42
1158,7745,1,2026-03-23,Local Purchase,230090,,2026-03-23,Sena Motor Enterprises,1000,1,Receive,2026-07-12 10:48:42
1157,7744,1,2026-03-23,Local Purchase,230494,9232,2026-03-23,Anthupitha Motors,840,1,Receive,2026-07-12 10:48:42
1156,7743,1,2026-03-23,Local Purchase,"230494,",9232,2026-03-24,"Anthupitha Motors, Inoka Motor Stores",2259,1,Receive,2026-07-12 10:48:42
1170,7757,1,2026-03-23,Local Purchase,230499,29350,2026-03-23,Anrita Motors,2300,1,Receive,2026-07-12 10:48:42
1169,7756,1,2026-03-23,Local Purchase,230080,10258,2026-03-23,Otek Motor House,3800,1,Receive,2026-07-12 10:48:42
1168,7755,1,2026-03-23,Local Purchase,230499,29350,2026-03-23,Anrita Motors,1700,1,Receive,2026-07-12 10:48:42
1167,7754,2,2026-03-23,Local Purchase,230499,29350,2026-03-23,Anrita Motors,1200,1,Receive,2026-07-12 10:48:42
1166,7753,1,2026-03-23,Local Purchase,230499,29350,2026-03-23,Anrita Motors,8500,1,Receive,2026-07-12 10:48:42
1165,7752,1,2026-03-24,Local Purchase,230498,29332,2026-03-24,Anrita Motors,600,1,Receive,2026-07-12 10:48:42
1164,7751,2,2026-03-25,Local Purchase,230078,,2026-03-25,Radeeka Motor Traders,950,1,Receive,2026-07-12 10:48:42
1163,7750,2,2026-03-24,Local Purchase,230498,29332,2026-03-24,Anrita Motors,1000,1,Receive,2026-07-12 10:48:42
1162,7749,1,2026-03-23,Local Purchase,230083,,2026-03-23,Sena Motor House,4750,1,Receive,2026-07-12 10:48:42
1161,7748,2,2026-03-23,Local Purchase,230493,9233,2026-03-23,Anthupitha Motors,3780,1,Receive,2026-07-12 10:48:42
409,6637,1,2026-03-28,Head Office,230077,4727,2026-03-28,Macsha Electrical,2200,1,Receive,2026-07-12 10:48:42
2325,7741,2,2026-06-04,Direct Purchase,,,,,,0,Receive,2026-07-12 10:48:42
2562,7740,1,2026-03-26,Local Store,201653,001,2026-03-26,St Anthonys Auto Electrical,2000,1,Receive,2026-07-12 10:48:42
1155,7739,2,2026-03-27,Local Purchase,230076,5241,2026-03-26,Inoka Traders,400,1,Receive,2026-07-12 10:48:42
1154,7738,1,2026-03-23,Local Purchase,,,,,,0,Receive,2026-07-12 10:48:42
1153,7737,1,2026-03-23,Local Purchase,,,,,,0,Receive,2026-07-12 10:48:42
2040,8808,1,2026-05-07,Local Purchase,201807,0948,2026-05-06,Dushan New Diesel Center,75300,1,Receive,2026-07-12 10:48:42
2038,8806,1,2026-05-07,Local Purchase,201821,849,2026-05-07,Colambage Motors,7500,1,Receive,2026-07-12 10:48:42
1987,8753,1,2026-04-25,Local Purchase,201832,0922,2026-04-25,Dushan New Diesel Center,6500,1,Receive,2026-07-12 10:48:42
1152,7736,1,2026-05-06,Local Purchase,,,,,,0,Receive,2026-07-12 10:48:42
1151,7735,1,2026-04-09,Local Purchase,201669,,2026-04-09,Dinesh Radiator House,4500,1,Receive,2026-07-12 10:48:42
1959,8725,2,2026-03-28,Head Office,,,,,,0,Receive,2026-07-12 10:48:42
1144,7726,1,2026-03-28,Head Office,,,,,,0,Receive,2026-07-12 10:48:42
1143,7725,2,2026-03-28,Head Office,,,,,,0,Receive,2026-07-12 10:48:42
1142,7724,1,2026-03-28,Head Office,,,,,,0,Receive,2026-07-12 10:48:42
1141,7723,1,2026-03-23,Local Purchase,201684,96339141,2026-04-23,Diesel & Motor Engineering Plc,21710.35,1,Receive,2026-07-12 10:48:42
1140,7722,1,2026-03-28,Head Office,,,,,,0,Receive,2026-07-12 10:48:42
1139,7721,1,2026-03-28,Head Office,,,,,,0,Receive,2026-07-12 10:48:42
1138,7720,1,2026-03-30,Head Office,,,,,,0,Receive,2026-07-12 10:48:42
1137,7719,1,2026-03-30,Head Office,,,,,,0,Receive,2026-07-12 10:48:42
1136,7718,1,2026-03-28,Head Office,,,,,,0,Receive,2026-07-12 10:48:42
1150,7734,1,2026-03-21,Local Purchase,230057,4423,2026-03-21,Jeeniya Motors,3350,1,Receive,2026-07-12 10:48:42
1149,7733,1,2026-03-28,Head Office,,,,,,0,Receive,2026-07-12 10:48:42
1148,7732,2,2026-03-30,Head Office,,,,,,0,Receive,2026-07-12 10:48:42
1147,7730,1,2026-03-28,Head Office,,,,,,0,Receive,2026-07-12 10:48:42
1146,7729,1,2026-04-09,Head Office,,,,,,0,Receive,2026-07-12 10:48:42
1145,7727,1,2026-03-28,Head Office,,,,,,0,Receive,2026-07-12 10:48:42
1135,7717,1,2026-03-21,Local Purchase,230051,2603-655,2026-03-21,Subasinghe Heavy MAchinery,400,1,Receive,2026-07-12 10:48:42
1134,7715,1,2026-03-21,Local Purchase,230495,9228,2026-03-21,Anthupitha Motors,2255,1,Receive,2026-07-12 10:48:42
1928,8694,3,2026-03-25,Head Office,,,,,,0,Receive,2026-07-12 10:48:42
1927,8693,1,2026-03-25,Head Office,,,,,,0,Receive,2026-07-12 10:48:42
1926,8692,8,2026-03-25,Head Office,,,,,,0,Receive,2026-07-12 10:48:42
1925,8691,1,2026-03-25,Head Office,,,,,,0,Receive,2026-07-12 10:48:42
1924,8690,1,2026-03-25,Head Office,,,,,,0,Receive,2026-07-12 10:48:42
1921,8687,3,2026-03-25,Head Office,,,,,,0,Receive,2026-07-12 10:48:42
1920,8686,1,2026-03-25,Head Office,,,,,,0,Receive,2026-07-12 10:48:42
1114,7684,8,2026-03-25,Head Office,,,,,,0,Receive,2026-07-12 10:48:42
1113,7683,1,2026-03-25,Head Office,,,,,,0,Receive,2026-07-12 10:48:42
1112,7682,1,2026-03-25,Head Office,,,,,,0,Receive,2026-07-12 10:48:42
1923,8689,1,2026-03-25,Head Office,,,,,,0,Receive,2026-07-12 10:48:42
1919,8685,1,2026-03-25,Head Office,,,,,,0,Receive,2026-07-12 10:48:42
1538,8421,1,2026-01-23,Head Office,,,,,,0,Receive,2026-07-12 10:48:42
1121,7691,1,2026-03-26,Head Office,230113,SM-04726,2026-03-26,Seagull Motors,400,1,Receive,2026-07-12 10:48:42
1120,7690,1,2026-03-26,Head Office,230113,SM-04726,2026-03-26,Seagull Motors,12100,1,Receive,2026-07-12 10:48:42
1119,7689,1,2026-03-26,Head Office,230113,SM-04726,2026-03-26,Seagull Motors,9900,1,Receive,2026-07-12 10:48:42
1118,7688,1,2026-03-26,Head Office,230113,SM-04726,2026-03-26,Seagull Motors,1100,1,Receive,2026-07-12 10:48:42
1117,7687,1,2026-03-26,Head Office,230113,SM-04726,2026-03-26,Seagull Motors,5050,1,Receive,2026-07-12 10:48:42
1133,7714,1,2026-03-20,Local Purchase,230068,83,2026-03-10,New and Old Steel,17000,1,Receive,2026-07-12 10:48:42
1132,7713,1,2026-03-26,Head Office,230118,SM-04731,2026-03-26,Seagull Motors,400,1,Receive,2026-07-12 10:48:42
1131,7712,1,2026-03-26,Head Office,230118,SM-04731,2026-03-26,Seagull Motors,400,1,Receive,2026-07-12 10:48:42
1130,7711,1,2026-03-26,Head Office,230118,SM-04731,2026-03-26,Seagull Motors,12100,1,Receive,2026-07-12 10:48:42
1129,7710,1,2026-03-26,Head Office,230118,SM-04731,2026-03-26,Seagull Motors,9900,1,Receive,2026-07-12 10:48:42
1128,7709,1,2026-03-26,Head Office,230118,SM-04731,2026-03-26,Seagull Motors,1100,1,Receive,2026-07-12 10:48:42
1127,7708,1,2026-03-26,Head Office,230118,SM-04731,2026-03-26,Seagull Motors,2750,1,Receive,2026-07-12 10:48:42
1126,7707,1,2026-03-26,Head Office,230117,SM-04730,2026-03-26,Seagull Motors,400,1,Receive,2026-07-12 10:48:42
1125,7706,1,2026-03-26,Head Office,230117,SM-04730,2026-03-26,Seagull Motors,400,1,Receive,2026-07-12 10:48:42
1124,7705,1,2026-03-26,Head Office,230117,SM-04730,2026-03-26,Seagull Motors,2000,1,Receive,2026-07-12 10:48:42
1123,7704,1,2026-03-26,Head Office,230117,SM-04730,2026-03-26,Seagull Motors,9900,1,Receive,2026-07-12 10:48:42
1122,7703,1,2026-03-26,Head Office,230117,SM-04730,2026-03-26,Seagull Motors,1100,1,Receive,2026-07-12 10:48:42
3146,7702,1,2026-03-26,Local Store,230117,SM-04730,2026-03-26,Seagull Motors,2750,1,Receive,2026-07-12 10:48:42
3145,7701,1,2026-03-26,Local Store,230116,SM-04729,2026-03-26,Seagull Motors,400,1,Receive,2026-07-12 10:48:42
3144,7700,1,2026-03-26,Local Store,230116,SM-04729,2026-03-26,Seagull Motors,1100,1,Receive,2026-07-12 10:48:42
3143,7699,1,2026-03-26,Local Store,230116,SM-04729,2026-03-26,Seagull Motors,9900,1,Receive,2026-07-12 10:48:42
3142,7698,1,2026-03-26,Local Store,230116,SM-04729,2026-03-26,Seagull Motors,9350,1,Receive,2026-07-12 10:48:42
3141,7697,1,2026-03-26,Local Store,230116,SM-04729,2026-03-26,Seagull Motors,2750,1,Receive,2026-07-12 10:48:42
3140,7696,1,2026-03-26,Local Store,230115,SM-04727,2026-03-26,Seagull Motors,400,1,Receive,2026-07-12 10:48:42
3139,7695,1,2026-03-26,Local Store,230115,SM-04727,2026-03-26,Seagull Motors,400,1,Receive,2026-07-12 10:48:42
3138,7694,1,2026-03-26,Local Store,230115,SM-04727,2026-03-26,Seagull Motors,9900,1,Receive,2026-07-12 10:48:42
3137,7693,1,2026-03-26,Local Store,230115,SM-04727,2026-03-26,Seagull Motors,1100,1,Receive,2026-07-12 10:48:42
3136,7692,1,2026-03-26,Local Store,230115,SM-04727,2026-03-26,Seagull Motors,2750,1,Receive,2026-07-12 10:48:42
1111,7681,2,2026-03-20,Local Purchase,230472,9226,2026-03-20,Anthupitha Motors,5094,1,Receive,2026-07-12 10:48:42
1110,7680,1,2026-03-25,Head Office,HeadOffice,6250,2026-03-25,Kingston Motors International,6500,1,Receive,2026-07-12 10:48:42
1912,8678,1,2026-03-20,Local Purchase,,,,,,0,Receive,2026-07-12 10:48:42
1911,8677,2,2026-03-20,Local Purchase,,,,,,0,Receive,2026-07-12 10:48:42
1910,8676,2,2026-03-20,Local Purchase,,,,,,0,Receive,2026-07-12 10:48:42
1909,8675,4,2026-03-20,Local Purchase,,,,,,0,Receive,2026-07-12 10:48:42
3003,6172,1,2026-03-20,Local Store,230476,29291,2026-03-20,Anrita Motors,800,1,Receive,2026-07-12 10:48:42
1109,7679,1,2026-03-20,Local Purchase,230471,9225,2026-03-15,Anthupitha Motors,1925,1,Receive,2026-07-12 10:48:42
1108,7678,1,2026-03-19,Local Purchase,,,,,,0,Receive,2026-07-12 10:48:42
1107,7676,1,2026-03-25,Head Office,,,,,,0,Receive,2026-07-12 10:48:42
1106,7675,4,2026-03-25,Head Office,,,,,,0,Receive,2026-07-12 10:48:42
1105,7674,2,2026-03-25,Head Office,,,,,,0,Receive,2026-07-12 10:48:42
1104,7673,2,2026-03-25,Head Office,,,,,,0,Receive,2026-07-12 10:48:42
145,6173,1,2026-03-20,Local Purchase,230471,9225,2026-03-15,Anthupitha Motors,1925,1,Receive,2026-07-12 10:48:42
3008,9596,1,2026-03-18,Local Store,230484,9224,2026-03-18,Anthupitha Motors,1450,1,Receive,2026-07-12 10:48:42
1949,8715,1,2026-03-27,Local Purchase,,,,,,0,Receive,2026-07-12 10:48:42
1908,8674,4,2026-03-20,Local Purchase,,,,,,0,Receive,2026-07-12 10:48:42
3009,7661,8,2026-03-18,Local Store,230484,9224,2026-03-18,Anthupitha Motors,135,1,Receive,2026-07-12 10:48:42
1092,7659,2,2026-03-18,Local Purchase,230484,9224,2026-03-18,Anthupitha Motors,266,1,Receive,2026-07-12 10:48:42
1091,7655,2,2026-03-18,Local Purchase,230484,9224,2026-03-18,Anthupitha Motors,904.54,1,Receive,2026-07-12 10:48:42
1090,7654,2,2026-03-18,Local Purchase,230484,9224,2026-03-18,Anthupitha Motors,149,1,Receive,2026-07-12 10:48:42
1103,7672,2,2026-03-20,Local Purchase,,,,,,0,Receive,2026-07-12 10:48:42
1102,7671,8,2026-03-20,Local Purchase,,,,,,0,Receive,2026-07-12 10:48:42
1101,7670,4,2026-03-20,Local Purchase,,,,,,0,Receive,2026-07-12 10:48:42
1096,7665,1,2026-03-18,Local Purchase,230477,4652,2026-03-18,Malsha Electrical,150,1,Receive,2026-07-12 10:48:42
408,6631,1,2026-03-21,Local Purchase,230475,2394,2026-03-21,Anura Hardware,550,1,Receive,2026-07-12 10:48:42
407,6630,1,2026-03-21,Local Purchase,230475,2394,2026-03-21,Anura Hardware,565,1,Receive,2026-07-12 10:48:42
406,6629,24,2026-03-21,Local Purchase,230475,2394,2026-03-21,Anura Hardware,180,1,Receive,2026-07-12 10:48:42
144,6171,1,2026-03-27,Head Office,230119,2898,2026-03-27,Kumara Filters (pvt) Ltd,6000.01,1,Receive,2026-07-12 10:48:42
143,6170,1,2026-03-27,Head Office,230119,2898,2026-03-27,Kumara Filters (pvt) Ltd,2950,1,Receive,2026-07-12 10:48:42
142,6169,1,2026-03-27,Head Office,230119,2898,2026-03-27,Kumara Filters (pvt) Ltd,1900,1,Receive,2026-07-12 10:48:42
141,6168,1,2026-03-27,Head Office,230120,2898,2026-03-27,Kumara Filters (pvt) Ltd,5750,1,Receive,2026-07-12 10:48:42
140,6167,1,2026-03-27,Head Office,230119,2898,2026-03-27,Kumara Filters (pvt) Ltd,2200,1,Receive,2026-07-12 10:48:42
139,6166,1,2026-03-27,Head Office,230492,9235,2026-03-27,Anthupitha Motors,1984.5,1,Receive,2026-07-12 10:48:42
1089,7652,3,2026-03-18,Local Purchase,230484,9224,2026-03-18,Anthupitha Motors,240,1,Receive,2026-07-12 10:48:42
1088,7651,2,2026-03-18,Local Purchase,230484,9224,2026-03-18,Anthupitha Motors,1075.9,1,Receive,2026-07-12 10:48:42
1087,7650,2,2026-03-18,Local Purchase,230484,9224,2026-03-18,Anthupitha Motors,1665,1,Receive,2026-07-12 10:48:42
1086,7649,2,2026-03-18,Local Purchase,230484,9224,2026-03-18,Anthupitha Motors,2070,1,Receive,2026-07-12 10:48:42
1085,7648,4,2026-03-21,Local Purchase,230063,175,2026-03-21,Dammika Motors,1600,1,Receive,2026-07-12 10:48:42
3027,7646,1,2026-03-20,Local Store,230065,11005,2026-03-20,Shenal Suspension Repair Center,6300,1,Receive,2026-07-12 10:48:42
3028,7644,1,2026-03-20,Local Store,230065,11005,2026-03-20,Shenal Suspension Repair Center,6300,1,Receive,2026-07-12 10:48:42
3031,7644,2,2026-03-20,Local Store,230066,HDD51111178,2026-03-20,Hasini Auto Traders,2700,1,Receive,2026-07-12 10:48:42
3029,7643,1,2026-03-20,Local Store,230065,11005,2026-03-20,Shenal Suspension Repair Center,6300,1,Receive,2026-07-12 10:48:42
3030,7643,3,2026-03-20,Local Store,230066,HDD51111178,2026-03-20,Hasini Auto Traders,3666.67,1,Receive,2026-07-12 10:48:42
1084,7642,2,2026-03-18,Head Office,,,,,,0,Receive,2026-07-12 10:48:42
1083,7641,1,2026-03-18,Head Office,,,,,,0,Receive,2026-07-12 10:48:42
1082,7640,1,2026-03-18,Head Office,,,,,,0,Receive,2026-07-12 10:48:42
1081,7639,1,2026-03-20,Local Purchase,HeadOffice,014,2026-03-20,Jeniru Spare Center,2400,1,Receive,2026-07-12 10:48:42
1080,7638,1,2026-03-17,Local Purchase,230473,,2026-03-17,Manjula,4500,1,Receive,2026-07-12 10:48:42
1079,7637,8,2026-03-25,Head Office,HeadOffice,6250,2026-03-26,Kingston Motors International,450,1,Receive,2026-07-12 10:48:42
1078,7636,4,2026-03-25,Head Office,HeadOffice,6250,2026-03-25,Kingston Motors International,500,1,Receive,2026-07-12 10:48:42
1692,8458,1,2026-01-19,Head Office,,,,,,0,Receive,2026-07-12 10:48:42
1077,7634,1,2026-03-16,Head Office,230446,9216,2026-03-16,Anthupitha Motors,9500,1,Receive,2026-07-12 10:48:42
2534,7633,2,2026-03-20,Direct Purchase,HeadOffice,014,2026-03-20,Jeniru Spare Center,1200,1,Receive,2026-07-12 10:48:42
405,6628,4,2026-03-17,Local Purchase,230480,,2026-03-17,S.E.A Electrical,800,1,Receive,2026-07-12 10:48:42
404,6627,4,2026-03-17,Local Purchase,230480,,2026-03-17,S.E.A Electrical,200,1,Receive,2026-07-12 10:48:42
403,6626,3,2026-03-17,Local Purchase,230480,,2026-03-17,S.E.A Electrical,400,1,Receive,2026-07-12 10:48:42
402,6625,2,2026-03-17,Local Purchase,230480,,2026-03-17,S.E.A Electrical,500,1,Receive,2026-07-12 10:48:42
401,6624,5,2026-03-17,Local Purchase,230480,,2026-03-17,S.E.A Electrical,40,1,Receive,2026-07-12 10:48:42
400,6623,25,2026-03-16,Local Purchase,230412,10255,2026-03-16,Otec Motor House,35,1,Receive,2026-07-12 10:48:42
399,6622,25,2026-03-16,Local Purchase,230412,10255,2026-03-16,Otec Motor House,60,1,Receive,2026-07-12 10:48:42
398,6621,25,2026-03-16,Local Purchase,230412,10255,2026-03-16,Otec Motor House,80,1,Receive,2026-07-12 10:48:42
397,6620,2,2026-03-17,Local Purchase,230481,,2026-03-17,S.E.A Electrical,1000,1,Receive,2026-07-12 10:48:42
396,6619,2,2026-03-17,Local Purchase,230481,,2026-03-17,S.E.A Electrical,100,1,Receive,2026-07-12 10:48:42
395,6618,2,2026-03-17,Local Purchase,230481,,2026-03-17,S.E.A Electrical,900,1,Receive,2026-07-12 10:48:42
394,6617,4,2026-03-17,Local Purchase,230481,,2026-03-17,S.E.A Electrical,800,1,Receive,2026-07-12 10:48:42
393,6616,4,0004-03-17,Local Purchase,230481,,2026-03-17,S.E.A Electrical,200,1,Receive,2026-07-12 10:48:42
1922,8688,13.5,2026-03-25,Local Purchase,230091,28,2026-03-25,Cut Piece Center,148.15,1,Receive,2026-07-12 10:48:42
1918,8684,13.5,2026-03-25,Local Purchase,,,,,,0,Receive,2026-07-12 10:48:42
3036,6615,12,2026-03-27,Local Store,230072,10259,2026-03-27,Otek Motor House,240,1,Receive,2026-07-12 10:48:42
3037,6614,12,2026-03-27,Local Store,230072,10659,2026-03-27,Otek Motor House,220,1,Receive,2026-07-12 10:48:42
3038,6613,12,2026-03-27,Local Store,230072,10259,2026-03-27,Otek Motor House,150,1,Receive,2026-07-12 10:48:42
3039,6612,12,2026-03-27,Local Store,230072,10259,2026-03-27,Otek Motor House,140,1,Receive,2026-07-12 10:48:42
3040,6611,50,2026-03-27,Local Store,230072,10259,2026-03-27,Otek Motor House,20,1,Receive,2026-07-12 10:48:42
392,6610,17.8,2026-04-23,Local Purchase,201711,,2026-04-29,Lanka Filing Stration,168.54,1,Receive,2026-07-12 10:48:42
2651,6610,4,2026-04-09,Local Store,201673,112Bf01322087,2026-04-09,Badalgama Co-op City,262,1,Receive,2026-07-12 10:48:42
1075,7628,2,2026-03-18,Head Office,,,,,,0,Receive,2026-07-12 10:48:42
1073,7626,4,2026-03-17,Head Office,,,,,,0,Receive,2026-07-12 10:48:42
391,6604,2,2026-03-25,Head Office & Local Purchase,230074,33165,2026-03-26,Ruhunu Enterprises,425,1,Receive,2026-07-12 10:48:42
390,6603,2,2026-03-25,Local Purchase & Head Office,230074,33165,2026-03-26,Ruhunu Enterprises,700,1,Receive,2026-07-12 10:48:42
138,6165,1,2026-03-27,Head Office,230121,2899,2026-03-27,Kumara Filters (pvt) Ltd,12500,1,Receive,2026-07-12 10:48:42
137,6164,1,2026-03-27,Head Office,230121,2899,2026-03-27,Kumara Filters (pvt) Ltd,9500,1,Receive,2026-07-12 10:48:42
136,6163,1,2026-03-27,Head Office,230121,2899,2026-03-27,Kumara Filters (pvt) Ltd,7000,1,Receive,2026-07-12 10:48:42
135,6162,1,2026-03-27,Head Office,230121,2899,2026-03-27,Kumara Filters (pvt) Ltd,2300,1,Receive,2026-07-12 10:48:42
134,6161,1,2026-03-27,Head Office,230120,2898,2026-03-27,Kumara Filters (pvt) Ltd,3000,1,Receive,2026-07-12 10:48:42
3026,9612,1,2026-03-13,Local Store,,,,,,0,Receive,2026-07-12 10:48:42
1822,8588,1,2026-03-07,Local Purchase,189898,,2026-03-07,Manjula,7500,1,Receive,2026-07-12 10:48:42
3012,9599,1,2026-03-06,Local Store,230489,96,2026-03-06,Anushan Traders,19255,1,Receive,2026-07-12 10:48:42
3011,9598,1,2026-03-13,Local Store,230488,,2026-03-13,New Money Stores,70,1,Receive,2026-07-12 10:48:42
3000,9594,1,2026-03-13,Local Store,230462,21,2026-03-13,Silika Key Cutting,1800,1,Receive,2026-07-12 10:48:42
3005,9595,2,2026-03-11,Local Store,230482,9209,2026-11-03,Anthupitha Motors,205,1,Receive,2026-07-12 10:48:42
1899,8665,1,2026-03-13,Local Purchase,230463,,2026-03-13,Dinesh Radiator House,4000,1,Receive,2026-07-12 10:48:42
3001,8665,1,2026-03-13,Local Store,230465,,2026-03-13,Dinesh Radiator Hosue,1500,1,Receive,2026-07-12 10:48:42
1898,8664,1,2026-03-13,Local Purchase,230465,,2026-03-13,Dinesh Radiator House,1500,1,Receive,2026-07-12 10:48:42
1886,8652,2,2026-03-12,Head Office,,,,,,0,Receive,2026-07-12 10:48:42
1420,8182,1,2025-12-13,Head Office,,,,,,0,Receive,2026-07-12 10:48:42
3006,7589,4,2026-03-11,Local Store,230482,9209,2026-03-11,Anthupitha Motors,1353.75,1,Receive,2026-07-12 10:48:42
3004,7588,1,2026-03-11,Local Store,230482,9209,2026-03-11,Anthupitha Motors,1100,1,Receive,2026-07-12 10:48:42
3007,7587,2,2026-03-11,Local Store,230482,9209,2026-03-11,Anthupitha Motors,546.25,1,Receive,2026-07-12 10:48:42
1691,8457,2,2026-01-19,Head Office,,,,,,0,Receive,2026-07-12 10:48:42
1690,8456,2,2026-01-19,Head Office,,,,,,0,Receive,2026-07-12 10:48:42
1071,7624,1,2026-03-13,Head Office,230466,,2026-03-13,New Radeeka Motors,2300,1,Receive,2026-07-12 10:48:42
1070,7623,1,2026-03-13,Head Office,230466,,2026-03-13,New Radeeka Motors,7800,1,Receive,2026-07-12 10:48:42
1072,7625,1,2026-03-14,Head Office,,,,,,0,Receive,2026-07-12 10:48:42
1069,7622,1,2026-03-13,Head Office,230445,,2026-03-13,Manjula,14500,1,Receive,2026-07-12 10:48:42
1068,7621,1,2026-03-13,Head Office,230445,,2026-03-13,Manjula,3000,1,Receive,2026-07-12 10:48:42
1067,7620,2,2026-03-25,Local Purchase,230500,29339,2026-03-25,Anrita Motors,950,1,Receive,2026-07-12 10:48:42
1066,7619,2,2026-03-25,Local Purchase,230500,29339,2026-03-25,Anrita Motors,1800,1,Receive,2026-07-12 10:48:42
1966,8732,1,2026-04-02,Local Purchase,201651,2604-0024,2026-04-07,Subasinghe Heavy Machinery,30000,1,Receive,2026-07-12 10:48:42
1065,7618,3,2026-03-13,Head Office,,,,,,0,Receive,2026-07-12 10:48:42
1064,7617,3,2026-03-13,Head Office,,,,,,0,Receive,2026-07-12 10:48:42
1063,7616,2,2026-03-13,Head Office,,,,,,0,Receive,2026-07-12 10:48:42
1891,8657,1,2026-03-12,Local Purchase,230447,9216,2026-03-12,Anthupitha Motors,1575,1,Receive,2026-07-12 10:48:42
1890,8656,1,2026-03-12,Local Purchase,230447,9216,2026-03-12,Anthupitha Motors,936,1,Receive,2026-07-12 10:48:42
1889,8655,5,2026-03-12,Local Purchase,230433,2386,2026-03-12,Anura Hardware,950,1,Receive,2026-07-12 10:48:42
389,6597,15,2026-03-14,Local Purchase,230467,20,2026-03-22,CutPiece Center,150,1,Receive,2026-07-12 10:48:42
1881,8647,1,2026-03-12,Local Purchase,,,,,,0,Receive,2026-07-12 10:48:42
1062,7615,1,2026-03-25,Local Purchase,201665,002,2026-03-22,St Anthonys Auto Electrical,20000,1,Receive,2026-07-12 10:48:42
1061,7614,1,2026-03-13,Head Office,,,,,,0,Receive,2026-07-12 10:48:42
1060,7613,1,2026-03-17,Head Office,,,,,,0,Receive,2026-07-12 10:48:42
1059,7612,1,2026-03-17,Head Office,,,,,,0,Receive,2026-07-12 10:48:42
1058,7611,1,2026-03-14,Head Office,,,,,,0,Receive,2026-07-12 10:48:42
1057,7610,1,2026-03-14,Head Office,,,,,,0,Receive,2026-07-12 10:48:42
1056,7609,1,2026-03-14,Head Office,,,,,,0,Receive,2026-07-12 10:48:42
1055,7608,1,2026-03-17,Head Office,,,,,,0,Receive,2026-07-12 10:48:42
1054,7607,1,2026-03-14,Head Office,,,,,,0,Receive,2026-07-12 10:48:42
1053,7606,4,2026-03-14,Head Office,,,,,,0,Receive,2026-07-12 10:48:42
1052,7604,2,2026-03-13,Head Office,,,,,,0,Receive,2026-07-12 10:48:42
1711,8477,4,2026-02-12,Local Purchase,,,,,,0,Receive,2026-07-12 10:48:42
1051,7602,2,2026-03-17,Head Office,,,,,,0,Receive,2026-07-12 10:48:42
1050,7601,1,2026-03-17,Head Office,,,,,,0,Receive,2026-07-12 10:48:42
1049,7600,1,2026-03-17,Head Office,,,,,,0,Receive,2026-07-12 10:48:42
1048,7599,1,2026-03-14,Local Purchase,230469,,2026-03-14,Gayas Ali Paint Gallary,1900,1,Receive,2026-07-12 10:48:42
1047,7598,3,2026-03-14,Local Purchase,230469,,2026-03-14,Gayas Ali Paint Gallary,220,1,Receive,2026-07-12 10:48:42
1046,7597,2,2026-03-14,Local Purchase,230469,,2026-03-14,Gayas Ali Paint Gallary,300,1,Receive,2026-07-12 10:48:42
1045,7596,2,2026-03-14,Local Purchase,230469,,2026-03-14,Gayas Ali Paint Gallary,1900,1,Receive,2026-07-12 10:48:42
1044,7595,6,2026-03-14,Local Purchase,230468,,2026-03-14,Gayas Ali Paint Gallery,500,1,Receive,2026-07-12 10:48:42
1043,7594,2,2026-03-14,Local Purchase,230469,,2026-03-14,Gayas Ali Paint Gallary,2980,1,Receive,2026-07-12 10:48:42
1042,7593,3,2026-03-14,Local Purchase,230468,,2026-03-14,Gayas Ali Paint Gallery,2000,1,Receive,2026-07-12 10:48:42
1041,7592,1,2026-03-11,Local Purchase,230422,9206,2026-03-11,Anthupitha Motors,693,1,Receive,2026-07-12 10:48:42
133,6158,1,2026-03-13,Head Office,230111,2826,2026-03-13,Kumara Filters (pvt) Ltd,6750,1,Receive,2026-07-12 10:48:42
132,6157,1,2026-03-13,Head Office,230111,2826,2026-03-13,Kumara Filters (pvt) Ltd,4800,1,Receive,2026-07-12 10:48:42
131,6156,1,2026-03-13,Head Office,230111,2826,2026-03-13,Kumara Filters (pvt) Ltd,12500,1,Receive,2026-07-12 10:48:42
130,6155,1,2026-03-13,Head Office,230111,2826,2026-03-13,Kumara Filters (pvt) Ltd,9500,1,Receive,2026-07-12 10:48:42
129,6154,1,2026-03-13,Head Office,230110,2826,2026-03-13,Kumara Filters (pvt) Ltd,7000,1,Receive,2026-07-12 10:48:42
128,6153,1,2026-03-13,Head Office,230110,2826,2026-03-13,Kumara Filters (pvt) Ltd,2250,1,Receive,2026-07-12 10:48:42
127,6152,1,2026-03-13,Head Office,230109,2825,2026-03-13,Kumara Filters (pvt) Ltd,3300,1,Receive,2026-07-12 10:48:42
126,6151,1,2026-03-13,Head Office,230109,2825,2026-03-13,Kumara Filters (pvt) Ltd,2400,1,Receive,2026-07-12 10:48:42
125,6150,1,2026-03-13,Head Office,230110,2826,2026-03-13,Kumara Filters (pvt) Ltd,3600,1,Receive,2026-07-12 10:48:42
124,6149,1,2026-03-13,Head Office,230110,2826,2026-03-13,Kumara Filters (pvt) Ltd,2500,1,Receive,2026-07-12 10:48:42
123,6148,1,2026-03-13,Head Office,230110,2826,2026-03-13,Kumara Filters (pvt) Ltd,2250,1,Receive,2026-07-12 10:48:42
122,6147,1,2026-03-13,Head Office,230108,2528,2026-03-13,Kumara Filters (pvt) Ltd,9799.99,1,Receive,2026-07-12 10:48:42
121,6146,1,2026-03-13,Head Office,230108,2825,2026-03-13,Kumara Filters (pvt) Ltd,11250,1,Receive,2026-07-12 10:48:42
120,6145,1,2026-03-13,Head Office,230108,2826,2026-03-13,Kumara Filters (pvt) Ltd,8000,1,Receive,2026-07-12 10:48:42
3010,9597,1,2026-03-10,Local Store,230487,83900,2026-03-10,New Sampath Electrical,80,1,Receive,2026-07-12 10:48:42
1900,8666,1,2026-03-13,Local Purchase,,,,,,0,Receive,2026-07-12 10:48:42
1884,8650,1,2026-03-12,Head Office,,,,,,0,Receive,2026-07-12 10:48:42
1880,8646,4,2026-03-12,Local Purchase,230438,2357,2026-03-12,Anura Hardware,550,1,Receive,2026-07-12 10:48:42
1877,8643,4,2026-03-11,Local Purchase,230485,,2026-03-13,Deemo Auto Parts,600,1,Receive,2026-07-12 10:48:42
1876,8642,2,2026-03-11,Local Purchase,,,,,,0,Receive,2026-07-12 10:48:42
1875,8641,6,2026-03-11,Local Purchase,230485,,2026-03-13,Deemo Auto Parts,233.34,1,Receive,2026-07-12 10:48:42
1874,8640,2,2026-03-11,Local Purchase,,,,,,0,Receive,2026-07-12 10:48:42
1040,7585,1,2026-03-11,Local Purchase,230482,9209,2026-03-11,Anthupitha Motors,4417.5,1,Receive,2026-07-12 10:48:42
1039,7584,1,2026-03-11,Local Purchase,230482,9209,2026-03-11,Anthupitha Motors,678.79,1,Receive,2026-07-12 10:48:42
1038,7583,1,2026-03-11,Local Purchase,230482,9209,2026-03-11,Anthupitha Motors,6140.13,1,Receive,2026-07-12 10:48:42
1037,7582,2,2026-03-11,Local Purchase,230486,10963,2026-03-13,Shenal Suspension Repair Center,8050,1,Receive,2026-07-12 10:48:42
2999,7582,5,2026-03-12,Local Store,230460,5096,2026-03-12,Inoka Traders,950,1,Receive,2026-07-12 10:48:42
1036,7581,4,2026-03-13,Local Purchase,"230485, 230486",10968,2026-03-13,"Deemo Auto Parts,Shenal Suspension Repair Center",3550,1,Receive,2026-07-12 10:48:42
1035,7580,2,2026-03-13,Local Purchase,"230485, 230486",10963,2026-03-13,"Deemo Auto Parts, Shenal Suspension Repair Center",2900,1,Receive,2026-07-12 10:48:42
1034,7579,2,2026-03-13,Local Purchase,"230483, 230486",10963,2026-03-11,"Anthupitha Motors, Shenal Suspension Repair Center",14110,1,Receive,2026-07-12 10:48:42
1033,7578,2,2026-03-12,Local Purchase,230461,160,2026-03-12,Dammika Motors,2000,1,Receive,2026-07-12 10:48:42
1872,8638,5,2026-03-11,Local Purchase,,,,,,0,Receive,2026-07-12 10:48:42
1871,8637,8,2026-03-10,Local Purchase,,,,,,0,Receive,2026-07-12 10:48:42
1870,8636,8,2026-03-10,Local Purchase,,,,,,0,Receive,2026-07-12 10:48:42
1869,8635,8,2026-03-10,Local Purchase,,,,,,0,Receive,2026-07-12 10:48:42
1868,8634,1,2026-03-10,Local Purchase,,,,,,0,Receive,2026-07-12 10:48:42
387,6589,1,2026-03-11,Local Purchase,230436,29202,2026-03-11,Anrita Motors,700,1,Receive,2026-07-12 10:48:42
2998,6589,5,2026-03-11,Local Store,230459,9208,2026-03-11,Anthupitha Motors,800,1,Receive,2026-07-12 10:48:42
386,6588,5,2026-03-14,Local Purchase,230423,9217,2026-03-14,Anthupitha Motors,1970,1,Receive,2026-07-12 10:48:42
385,6586,1.4,2026-03-10,Local Purchase,,,,,,0,Receive,2026-07-12 10:48:42
384,6585,15,2026-03-10,Local Purchase,230440,,2026-03-11,Lanka Filling Station,200,1,Receive,2026-07-12 10:48:42
383,6584,200,2026-03-10,Local Purchase,230434,2383,2026-03-11,Anura Hardware,6.5,1,Receive,2026-07-12 10:48:42
382,6583,200,2026-03-10,Local Purchase,230434,2383,2026-03-11,Anura Hardware,9.5,1,Receive,2026-07-12 10:48:42
381,6582,24,2026-03-10,Local Purchase,230434,2383,2026-03-11,Anura Hardware,100,1,Receive,2026-07-12 10:48:42
380,6581,24,2026-03-10,Local Purchase,230434,2383,2026-03-11,Anura Hardware,100,1,Receive,2026-07-12 10:48:42
379,6580,24,2026-03-10,Local Purchase,230434,2383,2026-03-11,Anura Hardware,180,1,Receive,2026-07-12 10:48:42
1851,8617,1,2026-03-10,Local Purchase,230449,9203,2026-03-10,Anthupitha Motors,5652.5,1,Receive,2026-07-12 10:48:42
1850,8616,2,2026-03-10,Local Purchase,230432,,2026-03-10,Sena Motors Enterprises,1150,1,Receive,2026-07-12 10:48:42
2393,6594,8,2026-03-11,Local Store,230429,,2026-03-11,Guruge Filling Station,317,1,Receive,2026-07-12 10:48:42
388,6593,2,2026-03-11,Local Purchase,230458,070,2026-03-11,Pradee Auto Mart,2100,1,Receive,2026-07-12 10:48:42
2419,6592,8,2026-03-11,Local Store,230435,2384,2026-03-11,Anura Hardware,215,1,Receive,2026-07-12 10:48:42
2418,6591,8,2026-03-11,Local Store,230435,2384,2026-03-11,Anura Hardware,215,1,Receive,2026-07-12 10:48:42
2417,6590,8,2026-03-11,Local Store,230435,2384,2026-03-11,Anura Hardware,215,1,Receive,2026-07-12 10:48:42
119,6144,1,2026-03-13,Head Office,230108,2825,2026-03-13,Kumara Filters (pvt) Ltd,6100,1,Receive,2026-07-12 10:48:42
118,6143,1,2026-03-13,Head Office,230108,2825,2026-03-13,Kumara Filters (pvt) Ltd,4500,1,Receive,2026-07-12 10:48:42
1892,8658,1,2026-03-13,Local Purchase,230464,,2026-03-13,Dinesh Radiator Repair,3500,1,Receive,2026-07-12 10:48:42
1859,8625,1,2026-03-10,Local Purchase,230420,,2026-03-10,Chamara Radiator House,8000,1,Receive,2026-07-12 10:48:42
1500,8383,1,2026-01-17,Local Purchase,230980,,2026-01-17,Sena Motor Traders,2000,1,Receive,2026-07-12 10:48:42
1023,7565,8,2026-03-11,Head Office,HeadOffice,1330,2026-03-13,Gamini Spring Industrie,500,1,Receive,2026-07-12 10:48:42
1022,7564,1,2026-03-11,Head Office,HeadOffice,3721,2026-03-11,Ranindra Motor,9000,1,Receive,2026-07-12 10:48:42
1021,7563,1,2026-03-11,Head Office,,,,,,0,Receive,2026-07-12 10:48:42
1020,7562,1,2026-03-13,Local Purchase,,,,,,0,Receive,2026-07-12 10:48:42
1019,7561,1,2026-03-11,Head Office,HeadOffice,2946,2026-03-26,Isuru Motor Spares,4500,1,Receive,2026-07-12 10:48:42
1018,7560,4,2026-03-14,Head Office,HeadOffice,5052,2026-03-19,Sanjaya Diesel Pump,4000,1,Receive,2026-07-12 10:48:42
1857,8623,1,2026-03-10,Head Office,,,,,,0,Receive,2026-07-12 10:48:42
1856,8622,1,2026-03-10,Head Office,,,,,,0,Receive,2026-07-12 10:48:42
1855,8621,1,2026-03-10,Head Office,,,,,,0,Receive,2026-07-12 10:48:42
1854,8620,1,2026-03-10,Head Office,,,,,,0,Receive,2026-07-12 10:48:42
1848,8614,1,2026-03-10,Local Purchase,230456,200784,2026-03-10,Wijayamini Motors,6200,1,Receive,2026-07-12 10:48:42
2996,8614,1,2026-03-10,Local Store,230456,200784,2026-03-10,Wijayamini Motors,6200,1,Receive,2026-07-12 10:48:42
1844,8610,10,2026-03-09,Head Office,,,,,,0,Receive,2026-07-12 10:48:42
1824,8590,1,2026-03-09,Local Purchase,230426,A260309041,2026-03-09,Wijayamini Motors,1950,1,Receive,2026-07-12 10:48:42
1823,8589,1,2026-03-09,Local Purchase,230426,A260309041,2026-03-09,Wijayamini Motors,1200,1,Receive,2026-07-12 10:48:42
1032,7575,1,2026-03-10,Local Purchase,,,,,,0,Receive,2026-07-12 10:48:42
1031,7574,1,2026-03-10,Local Purchase,,,,,,0,Receive,2026-07-12 10:48:42
1030,7573,1,2026-03-10,Local Purchase,,,,,,0,Receive,2026-07-12 10:48:42
1029,7572,1,2026-03-10,Local Purchase,,,,,,0,Receive,2026-07-12 10:48:42
1028,7571,1,2026-03-10,Local Purchase,,,,,,0,Receive,2026-07-12 10:48:42
1027,7570,1,2026-03-10,Local Purchase,,,,,,0,Receive,2026-07-12 10:48:42
1026,7569,1,2026-03-10,Local Purchase,,,,,,0,Receive,2026-07-12 10:48:42
1025,7568,1,2026-03-10,Local Purchase,,,,,,0,Receive,2026-07-12 10:48:42
1024,7567,1,2026-03-10,Local Purchase,,,,,,0,Receive,2026-07-12 10:48:42
2751,6142,1,2026-06-13,Direct Purchase,,,,,,0,Receive,2026-07-12 10:48:42
2752,6141,1,2026-06-13,Direct Purchase,,,,,,0,Receive,2026-07-12 10:48:42
2750,6140,1,2026-06-13,Direct Purchase,,,,,,0,Receive,2026-07-12 10:48:42
2754,6137,1,2026-06-13,Direct Purchase,,,,,,0,Receive,2026-07-12 10:48:42
2755,6136,1,2026-06-13,Direct Purchase,,,,,,0,Receive,2026-07-12 10:48:42
2756,6135,1,2026-06-13,Direct Purchase,,,,,,0,Receive,2026-07-12 10:48:42
1999,8765,1,2026-04-30,Local Purchase,,,,,,0,Receive,2026-07-12 10:48:42
1885,8651,6,2026-03-12,Head Office,,,,,,0,Receive,2026-07-12 10:48:42
1883,8649,1,2026-03-12,Local Purchase,230437,29213,2026-03-11,Anrita Motors,3900,1,Receive,2026-07-12 10:48:42
1849,8615,2,2026-03-10,Local Purchase,,,,,,0,Receive,2026-07-12 10:48:42
1017,7552,8,2026-03-13,Head Office,,,,,,0,Receive,2026-07-12 10:48:42
1843,8609,1,2026-03-09,Head Office,,,,,,0,Receive,2026-07-12 10:48:42
1842,8608,1,2026-03-09,Head Office,,,,,,0,Receive,2026-07-12 10:48:42
1841,8607,1,2026-03-09,Head Office,,,,,,0,Receive,2026-07-12 10:48:42
1838,8604,1,2026-03-09,Head Office,230104,2792,2026-03-09,Kumara Filters (pvt) Ltd,3500,1,Receive,2026-07-12 10:48:42
1821,8587,2,2026-03-07,Local Purchase,189887,11134,2026-03-07,Otec Motor House,190,1,Receive,2026-07-12 10:48:42
1820,8586,1,2026-03-07,Local Purchase,,,,,,0,Receive,2026-07-12 10:48:42
1819,8585,1,2026-03-07,Local Purchase,230450,9196,2026-03-07,Anthupitha Motors,1636.89,1,Receive,2026-07-12 10:48:42
2461,7544,1,2026-03-04,Local Store,189887,11134,2026-03-07,Otec Motor House,400,1,Receive,2026-07-12 10:48:42
1817,8583,0.5,2026-03-07,Local Purchase,189889,124,2026-03-07,Gayas Ali PAint Gallery,3600,1,Receive,2026-07-12 10:48:42
1816,8582,1,2026-03-07,Local Purchase,,,,,,0,Receive,2026-07-12 10:48:42
2463,7546,1,2026-03-07,Local Store,189889,124,2026-03-07,Gayas Ali PAint Gallery,500,1,Receive,2026-07-12 10:48:42
3014,9601,1,2026-03-06,Local Store,230491,25,2026-03-06,Lalith Motors,8600,1,Receive,2026-07-12 10:48:42
2997,7542,1,2026-03-10,Local Store,230457,,2026-03-10,Manjula,8500,1,Receive,2026-07-12 10:48:42
1878,8644,1,2026-03-11,Local Purchase,,,,,,0,Receive,2026-07-12 10:48:42
1810,8576,1,2026-03-06,Local Purchase,,,,,,0,Receive,2026-07-12 10:48:42
1015,7540,1,2026-03-06,Local Purchase,230427,A260306019,2026-03-06,Wijayamini Motors,10900,1,Receive,2026-07-12 10:48:42
1873,8639,1,2026-03-11,Head Office,,,,,,0,Receive,2026-07-12 10:48:42
1016,7541,2,2026-03-06,Head Office,,,,,,0,Receive,2026-07-12 10:48:42
1840,8606,1,2026-03-09,Head Office,,,,,,0,Receive,2026-07-12 10:48:42
1839,8605,1,2026-03-09,Head Office,,,,,,0,Receive,2026-07-12 10:48:42
1689,8455,1,2026-01-19,Head Office,,,,,,0,Receive,2026-07-12 10:48:42
1688,8454,2,2026-01-19,Head Office,,,,,,0,Receive,2026-07-12 10:48:42
1684,8450,1,2026-01-19,Head Office,,,,,,0,Receive,2026-07-12 10:48:42
1100,7669,2,2026-03-06,Head Office,,,,,,0,Receive,2026-07-12 10:48:42
1099,7668,2,2026-03-06,Head Office,,,,,,0,Receive,2026-07-12 10:48:42
1098,7667,1,2026-03-06,Head Office,,,,,,0,Receive,2026-07-12 10:48:42
1097,7666,1,2026-03-05,Local Purchase,,,,,,0,Receive,2026-07-12 10:48:42
1014,7539,1,2026-03-04,Local Purchase,230455,A260305023,2026-03-05,Wijayamini Motors,900,1,Receive,2026-07-12 10:48:42
1013,7538,1,2026-03-06,Local Purchase,189896,635,2026-03-06,PRN Fiber works,15000,1,Receive,2026-07-12 10:48:42
1012,7537,6,2026-03-06,Local Purchase,189886,10250,2026-03-06,Otec Motor House,450,1,Receive,2026-07-12 10:48:42
117,6133,2,2026-05-02,Head Office,230136,3129,2026-05-16,Kumara Filters (pvt) Ltd,4000,1,Receive,2026-07-12 10:48:42
116,6132,5,2026-05-02,Head Office,230136,3129,2026-05-16,Kumara Filters (pvt) Ltd,27000,1,Receive,2026-07-12 10:48:42
1806,8572,1,2026-03-05,Head Office,230121,2899,2026-03-27,Kumara Filters (pvt) Ltd,1900,1,Receive,2026-07-12 10:48:42
115,6131,1,2026-03-27,Head Office,230122,2899,2026-03-27,Kumara Filters (pvt) Ltd,7199.99,1,Receive,2026-07-12 10:48:42
114,6130,1,2026-03-27,Head Office,230122,2899,2026-03-27,Kumara Filters (pvt) Ltd,4500,1,Receive,2026-07-12 10:48:42
113,6129,1,2026-03-27,Head Office,,,,,,0,Receive,2026-07-12 10:48:42
1011,7534,10,2026-03-17,Local Purchase,,,,,,0,Receive,2026-07-12 10:48:42
2464,7533,1,2026-03-06,Local Store,189897,,2026-03-06,Manula,2500,1,Receive,2026-07-12 10:48:42
1010,7532,2,2026-03-06,Local Purchase,189897,,2026-03-06,Manjula,3500,1,Receive,2026-07-12 10:48:42
1902,8668,4,2026-03-14,Local Purchase,230424,A260314030,2026-03-14,Wijayamini Motors,2450,1,Receive,2026-07-12 10:48:42
1901,8667,4,2026-03-14,Local Purchase,230424,A260314030,2026-03-14,Wijayamini Motors,1400,1,Receive,2026-07-12 10:48:42
2991,6572,1,2026-03-03,Local Store,230452,,2026-03-03,Swarna Trade Center,260,1,Receive,2026-07-12 10:48:42
373,6571,30,2026-03-05,Local Purchase,189892,,2026-03-05,Radeeka Motors,20,1,Receive,2026-07-12 10:48:42
372,6570,30,2026-03-05,Local Purchase,189892,,2026-03-05,Radeeka Motors,20,1,Receive,2026-07-12 10:48:42
371,6569,30,2026-03-05,Local Purchase,189892,,2026-03-05,Radeeka Motors,20,1,Receive,2026-07-12 10:48:42
370,6568,30,2026-03-05,Local Purchase,189892,,2026-03-05,Radeeka Motors,20,1,Receive,2026-07-12 10:48:42
369,6567,30,2026-03-05,Local Purchase,189892,,2026-03-05,Radeeka Motors,20,1,Receive,2026-07-12 10:48:42
368,6566,10,2026-03-05,Local Purchase,189893,,2026-03-05,Radeeka Motors,90,1,Receive,2026-07-12 10:48:42
367,6565,20,2026-03-05,Local Purchase,189893,,2026-03-05,Radeeka Motors,90,1,Receive,2026-07-12 10:48:42
1833,8599,1,2026-03-09,Head Office,,,,,,0,Receive,2026-07-12 10:48:42
1832,8598,1,2026-03-09,Head Office,,,,,,0,Receive,2026-07-12 10:48:42
3130,6128,1,2026-03-09,Local Store,230102,2791,2026-03-09,Kumara Filters (pvt) Ltd,5800,1,Receive,2026-07-12 10:48:42
1827,8593,1,2026-03-09,Head Office,,,,,,0,Receive,2026-07-12 10:48:42
1826,8592,1,2026-03-09,Head Office,,,,,,0,Receive,2026-07-12 10:48:42
3132,6127,1,2026-03-09,Local Store,230103,2791,2026-03-09,Kumara Filters (pvt) Ltd,7199.99,1,Receive,2026-07-12 10:48:42
3131,6126,1,2026-03-09,Local Store,230103,2791,2026-03-09,Kumara Filters (pvt) Ltd,1800,1,Receive,2026-07-12 10:48:42
1804,8570,1,2026-03-04,Head Office,,,,,,0,Receive,2026-07-12 10:48:42
1803,8569,2,2026-03-04,Head Office,,,,,,0,Receive,2026-07-12 10:48:42
1802,8568,2,2026-03-04,Head Office,,,,,,0,Receive,2026-07-12 10:48:42
1801,8567,4,2026-03-04,Head Office,,,,,,0,Receive,2026-07-12 10:48:42
1009,7531,1,2026-03-03,Local Purchase,189899,,2026-03-03,Sena Motors Enterprices,5980,1,Receive,2026-07-12 10:48:42
1008,7530,2,2026-03-03,Local Purchase,,,,,,0,Receive,2026-07-12 10:48:42
1007,7529,2,2026-03-03,Local Purchase,,,,,,0,Receive,2026-07-12 10:48:42
1006,7528,2,2026-03-03,Local Purchase,189899,,2026-03-03,Sena Motors Enterprices,3950,1,Receive,2026-07-12 10:48:42
1005,7522,1,2026-03-06,Local Purchase,230061,98,2026-03-16,St. Anthony's Auto Electrical,4300,1,Receive,2026-07-12 10:48:42
1004,7521,1,2026-03-06,Local Purchase,230060,95,2026-03-18,St. Anthony's Auto Electrical,11300,1,Receive,2026-07-12 10:48:42
1003,7520,1,2026-03-04,Local Purchase,189895,0775,2026-03-04,Dushan New Diesel Center,4500,1,Receive,2026-07-12 10:48:42
378,6579,3,2026-03-03,Local Purchase,230413,2375,2026-03-03,Anura Hardware,90,1,Receive,2026-07-12 10:48:42
2990,6578,1,2026-03-05,Local Store,,,,,,0,Receive,2026-07-12 10:48:42
377,6577,15,2026-03-05,Local Purchase,189893,,2026-03-05,Radeeka Motors,25,1,Receive,2026-07-12 10:48:42
376,6576,15,2026-03-05,Local Purchase,189893,,2026-03-05,Radeeka Motors,25,1,Receive,2026-07-12 10:48:42
375,6575,7,2026-03-05,Local Purchase,189893,,2026-03-05,Radeeka Motors,25,1,Receive,2026-07-12 10:48:42
374,6574,15,2026-03-05,Local Purchase,189893,,2026-03-05,Radeeka Motors,25,1,Receive,2026-07-12 10:48:42
1800,8566,2,2026-03-04,Head Office,,,,,,0,Receive,2026-07-12 10:48:42
1799,8565,2,2026-03-04,Head Office,,,,,,0,Receive,2026-07-12 10:48:42
1798,8564,2,2026-03-04,Head Office,,,,,,0,Receive,2026-07-12 10:48:42
1797,8563,2,2026-03-04,Head Office,,,,,,0,Receive,2026-07-12 10:48:42
1796,8562,1,2026-03-04,Head Office,,,,,,0,Receive,2026-07-12 10:48:42
1795,8561,2,2026-03-03,Local Purchase,230431,29033,2026-03-03,Anrita Motors,4750,1,Receive,2026-07-12 10:48:42
1002,7514,1,2026-03-02,Local Purchase,230442,29031,2026-03-03,Anrita Motors,3750,1,Receive,2026-07-12 10:48:42
1001,7513,1,2026-03-02,Local Purchase,189868,A260302017,2026-03-05,Wijayamini Motors,3200,1,Receive,2026-07-12 10:48:42
1000,7512,2,2026-03-02,Local Purchase,189869,A260302013,2026-03-02,Wijayamini Motors,650,1,Receive,2026-07-12 10:48:42
999,7511,2,2026-03-03,Local Purchase,230431,29033,2026-03-03,Anrita Motors,4900,1,Receive,2026-07-12 10:48:42
998,7510,1,2026-03-02,Local Purchase,189868,A260302017,2026-03-05,Wijayamini Motors,4100,1,Receive,2026-07-12 10:48:42
997,7509,1,2026-03-02,Local Purchase,189868,A260302017,2026-03-02,Wijayamini Motors,4250,1,Receive,2026-07-12 10:48:42
996,7508,2,2026-03-03,Local Purchase,230442,29031,2026-03-03,Anrita Motors,6900,1,Receive,2026-07-12 10:48:42
1845,8611,1,2026-03-09,Head Office,,,,,,0,Receive,2026-07-12 10:48:42
995,7507,1,2026-03-09,Local Purchase,,,,,,0,Receive,2026-07-12 10:48:42
994,7506,1,2026-03-02,Local Purchase,189868,A260302017,2026-03-02,Wijayamini Motors,550,1,Receive,2026-07-12 10:48:42
993,7505,1,2026-03-02,Local Purchase,,,,,,0,Receive,2026-07-12 10:48:42
992,7504,1,2026-03-04,Local Purchase,189891,142090,2026-03-04,Dinesh Radiator House,5500,1,Receive,2026-07-12 10:48:42
1837,8603,1,2026-03-09,Head Office,,,,,,0,Receive,2026-07-12 10:48:42
1836,8602,1,2026-03-09,Head Office,,,,,,0,Receive,2026-07-12 10:48:42
1835,8601,1,2026-03-09,Head Office,,,,,,0,Receive,2026-07-12 10:48:42
3127,6121,1,2026-03-09,Local Store,230102,2791,2026-03-09,Kumara Filters (pvt) Ltd,3000,1,Receive,2026-07-12 10:48:42
3126,6120,1,2026-03-09,Local Store,230102,2791,2026-03-09,Kumara Filters (pvt) Ltd,2500,1,Receive,2026-07-12 10:48:42
3125,6119,1,2026-03-13,Local Store,230101,2791,2026-03-09,Kumara Filters (pvt) Ltd,1800,1,Receive,2026-07-12 10:48:42
1834,8600,1,2026-03-09,Head Office,230101,2791,2026-03-13,Kumara Filters (pvt) Ltd,5850,1,Receive,2026-07-12 10:48:42
3124,6117,1,2026-03-13,Local Store,230101,2791,2026-03-13,Kumara Filters (pvt) Ltd,10250,1,Receive,2026-07-12 10:48:42
1831,8597,1,2026-03-09,Head Office,230101,2791,2026-03-13,Kumara Filters (pvt) Ltd,1500,1,Receive,2026-07-12 10:48:42
1830,8596,1,2026-03-09,Head Office,230101,2791,2026-03-13,Kumara Filters (pvt) Ltd,1500,1,Receive,2026-07-12 10:48:42
1829,8595,1,2026-03-09,Head Office,,,,,,0,Receive,2026-07-12 10:48:42
1828,8594,1,2026-03-09,Head Office,,,,,,0,Receive,2026-07-12 10:48:42
3129,6125,1,2026-03-09,Local Store,230102,2791,0091-02-07,Kumara Filters (pvt) Ltd,1100,1,Receive,2026-07-12 10:48:42
3128,6124,1,2026-03-09,Local Store,230102,2791,2026-03-09,Kumara Filters (pvt) Ltd,2300,1,Receive,2026-07-12 10:48:42
991,7503,1,2026-03-01,Local Purchase,189875,6321,0026-03-12,Perera Motors,2450,1,Receive,2026-07-12 10:48:42
990,7502,1,2026-03-01,Local Purchase,189875,6321,2026-03-01,Perera Motors,2400,1,Receive,2026-07-12 10:48:42
1811,8577,6,2026-03-06,Head Office,,,,,,0,Receive,2026-07-12 10:48:42
982,7491,1,2026-03-06,Head Office,,,,,,0,Receive,2026-07-12 10:48:42
981,7490,1,2026-03-06,Head Office,,,,,,0,Receive,2026-07-12 10:48:42
980,7489,1,2026-03-06,Head Office,,,,,,0,Receive,2026-07-12 10:48:42
979,7488,2,2026-03-06,Local Purchase,189888,280,2026-03-06,Dammika Motors,1750,1,Receive,2026-07-12 10:48:42
978,7487,2,2026-03-06,Local Purchase,189888,280,2026-03-06,Dammika Motors,1750,1,Receive,2026-07-12 10:48:42
2465,7501,4,2026-03-12,Local Store,189900,9577,2026-03-12,Sena Hardware,300,1,Receive,2026-07-12 10:48:42
989,7500,1,2026-03-06,Local Purchase,,,,,,0,Receive,2026-07-12 10:48:42
988,7498,2,2026-03-03,Local Purchase,230444,29085,2026-03-03,Anrita Motors,800,1,Receive,2026-07-12 10:48:42
987,7497,1,2026-03-03,Local Purchase,230444,29085,2026-03-03,Anrita Motors,650,1,Receive,2026-07-12 10:48:42
986,7496,1,2026-03-03,Local Purchase,230444,29085,2026-03-03,Anrita Motors,5900,1,Receive,2026-07-12 10:48:42
985,7495,2,2026-03-03,Local Purchase,230444,29085,2026-03-03,Anrita Motors,3900,1,Receive,2026-07-12 10:48:42
984,7494,4,2026-03-03,Local Purchase,189900,9577,2026-03-12,Sena Hardware,150,1,Receive,2026-07-12 10:48:42
983,7493,12,2026-03-06,Head Office,,,,,,0,Receive,2026-07-12 10:48:42
2431,7486,2,2026-02-28,Local Store,189854,2371,2026-02-28,Anura Hardware,40,1,Receive,2026-07-12 10:48:42
2430,7485,1,2026-02-28,Local Store,189854,2371,2026-02-28,Anura Hardware,40,1,Receive,2026-07-12 10:48:42
2429,7484,3,2026-02-28,Local Store,189854,2371,2026-02-28,Anura Hardware,65,1,Receive,2026-07-12 10:48:42
2428,7483,3,2026-02-28,Local Store,189854,2371,2026-02-28,Anura Hardware,85,1,Receive,2026-07-12 10:48:42
2427,7482,1,2026-02-28,Local Store,189854,2371,2026-02-28,Anura Hardware,160,1,Receive,2026-07-12 10:48:42
977,7480,1,2026-03-04,Head Office,,,,,,0,Receive,2026-07-12 10:48:42
976,7479,1,2026-03-05,Head Office,,,,,,0,Receive,2026-07-12 10:48:42
975,7478,2,2026-02-27,Local Purchase,189882,9191,2026-02-28,Anthupitha Motor,562.5,1,Receive,2026-07-12 10:48:42
2460,9252,1,2026-03-06,Local Store,189885,,2026-03-06,SEA Electricals,100,1,Receive,2026-07-12 10:48:42
2388,9223,2,2026-03-10,Local Store,230418,30205,2026-03-10,J&J Pharmacy,135,1,Receive,2026-07-12 10:48:42
1866,8632,60,2026-03-10,Local Purchase,230418,30205,2026-03-10,J&J Pharmacy,2,1,Receive,2026-07-12 10:48:42
1865,8631,2,2026-03-10,Local Purchase,230418,30205,2026-03-10,J&J Pharmacy,50,1,Receive,2026-07-12 10:48:42
1864,8630,1,2026-03-10,Local Purchase,230418,30205,2026-03-10,J&J Pharmacy,385,1,Receive,2026-07-12 10:48:42
1863,8629,1,2026-03-10,Local Purchase,230417,30205,2026-03-10,J&J Pharmacy,375,1,Receive,2026-07-12 10:48:42
1862,8628,1,2026-03-10,Local Purchase,230417,30205,2026-03-10,J&J Pharmacy,502.56,1,Receive,2026-07-12 10:48:42
1861,8627,1,2026-03-10,Local Purchase,230417,30205,2026-03-10,J&J Pharmacy,200,1,Receive,2026-07-12 10:48:42
361,6558,1,2026-03-06,Local Purchase,189885,,2026-03-06,SEA Electricals,1000,1,Receive,2026-07-12 10:48:42
360,6556,1,2026-03-10,Local Purchase,230417,30205,2026-03-10,J&J Pharmacy,390,1,Receive,2026-07-12 10:48:42
359,6554,1,2026-03-10,Local Purchase,230418,30205,2026-03-10,J&J Pharmacy,200,1,Receive,2026-07-12 10:48:42
358,6553,2,2026-03-10,Local Purchase,230417,30205,2026-03-10,Badalgama Workshop,100,1,Receive,2026-07-12 10:48:42
357,6552,1,2026-03-10,Local Purchase,230418,30205,2026-03-10,J&J Pharmacy,225,1,Receive,2026-07-12 10:48:42
1853,8619,1,2026-03-10,Local Purchase,,,,,,0,Receive,2026-07-12 10:48:42
2392,7477,2,2026-03-10,Local Store,230428,24,2026-03-10,Sanduni and Pawani,1000,1,Receive,2026-07-12 10:48:42
2390,7475,1,2026-03-10,Local Store,230428,24,2026-03-10,Sanduni and Pawani,1000,1,Receive,2026-07-12 10:48:42
1815,8581,2,2026-03-06,Head Office,,,,,,0,Receive,2026-07-12 10:48:42
2432,7473,1,2026-02-27,Local Store,189855,2370,2026-02-27,Anura Hardware,375,1,Receive,2026-07-12 10:48:42
2433,7472,1,2026-02-27,Local Store,189855,2370,2026-02-27,Anura Hardware,40,1,Receive,2026-07-12 10:48:42
2434,7471,1,2026-02-27,Local Store,189855,2370,2026-02-27,Anura Hardware,140,1,Receive,2026-07-12 10:48:42
2435,7470,2,2026-02-27,Local Store,189855,2370,2026-02-27,Anura Hardware,70,1,Receive,2026-07-12 10:48:42
366,6563,12,2026-03-03,Local Purchase,189872,,2026-02-28,SEA Electricals,260,1,Receive,2026-07-12 10:48:42
365,6562,2,2026-03-03,Local Purchase,189877,,2026-02-28,Sriya Hardware,650,1,Receive,2026-07-12 10:48:42
364,6561,2,2026-03-03,Local Purchase,189872,,2026-02-28,SEA Electricals,400,1,Receive,2026-07-12 10:48:42
363,6560,6,2026-03-03,Local Purchase,189872,,2026-02-28,SEA Electricals,100,1,Receive,2026-07-12 10:48:42
362,6559,5,2026-03-06,Local Purchase,230414,2379,2026-03-06,Anura Hardware,750,1,Receive,2026-07-12 10:48:42
1825,8591,1,2026-03-09,Head Office,,,,,,0,Receive,2026-07-12 10:48:42
974,7467,1,2026-02-26,Local Purchase,189873,332,2026-02-26,DHT Advertisting,1000,1,Receive,2026-07-12 10:48:42
973,7466,4,2026-03-05,Local Purchase,,,,,,0,Receive,2026-07-12 10:48:42
972,7465,4,2026-03-05,Local Purchase,,,,,,0,Receive,2026-07-12 10:48:42
971,7464,1,2026-02-26,Local Purchase,189863,28997,2026-02-26,Anrita Motors,1900,1,Receive,2026-07-12 10:48:42
970,7463,1,2026-02-25,Head Office,,,,,,0,Receive,2026-07-12 10:48:42
1882,8648,5,2026-03-12,Local Purchase,,,,,,0,Receive,2026-07-12 10:48:42
955,7433,1,2026-03-12,Head Office,HeadOffice,5052,2026-03-19,Sanjaya Diesel Pump,20000,1,Receive,2026-07-12 10:48:42
1818,8584,2,2026-03-07,Local Purchase,230439,29051,2026-03-07,Anrita Motors,700,1,Receive,2026-07-12 10:48:42
1764,8530,0.5,2026-02-26,Local Purchase,189879,,2026-02-25,Gayas Ali PAint Gallery,2800,1,Receive,2026-07-12 10:48:42
954,7432,15,2026-02-26,Local Purchase,230474,2368,2026-02-26,Anura Hardware,15,1,Receive,2026-07-12 10:48:42
953,7431,30,2026-02-26,Local Purchase,230474,2368,2026-02-26,Anura Hardware,15,1,Receive,2026-07-12 10:48:42
952,7430,2,2026-02-26,Local Purchase,189879,,2026-02-25,Gayas Ali PAint Gallery,500,1,Receive,2026-07-12 10:48:42
951,7429,0.25,2026-02-26,Local Purchase,189879,,2026-02-25,Gayas Ali PAint Gallery,4000,1,Receive,2026-07-12 10:48:42
1700,8466,1,2026-02-03,Local Purchase,231062,033,2026-02-03,S.M Motors,15400,1,Receive,2026-07-12 10:48:42
1687,8453,1,2026-01-19,Head Office,,,,,,0,Receive,2026-07-12 10:48:42
957,7435,1,2026-02-25,Local Purchase,189870,9188,2026-02-25,Anthupitha Motors,3135,1,Receive,2026-07-12 10:48:42
956,7434,1,2026-02-25,Local Purchase,,,,,,0,Receive,2026-07-12 10:48:42
1528,8411,2,2026-01-22,Local Purchase,,,,,,0,Receive,2026-07-12 10:48:42
1520,8403,2,2026-01-21,Local Purchase,,,,,,0,Receive,2026-07-12 10:48:42
958,7436,2,2026-02-26,Local Purchase,,,,,,0,Receive,2026-07-12 10:48:42
969,7462,2,2026-02-27,Head Office,,,,,,0,Receive,2026-07-12 10:48:42
968,7460,2,2026-02-27,Head Office,,,,,,0,Receive,2026-07-12 10:48:42
967,7459,4,2026-02-27,Head Office,,,,,,0,Receive,2026-07-12 10:48:42
966,7458,4,2026-02-27,Head Office,,,,,,0,Receive,2026-07-12 10:48:42
965,7457,1,2026-02-27,Head Office,,,,,,0,Receive,2026-07-12 10:48:42
964,7456,1,2026-02-27,Head Office,,,,,,0,Receive,2026-07-12 10:48:42
963,7455,2,2026-02-25,Local Purchase,189859,10242,2026-02-25,Otec Motor House,1200,1,Receive,2026-07-12 10:48:42
2994,7454,4,2026-02-26,Local Store,230454,10243,2026-02-26,Otek Motor House,100,1,Receive,2026-07-12 10:48:42
2995,7453,4,2026-02-26,Local Store,230454,10243,2026-02-26,Otek Motor House,2400,1,Receive,2026-07-12 10:48:42
2993,7452,2,2026-05-23,Local Store,230453,10241,2026-03-25,Otek Motor House,690,1,Receive,2026-07-12 10:48:42
2992,7451,2,2026-03-25,Local Store,230453,10241,2026-03-25,Otek Motor House,350,1,Receive,2026-07-12 10:48:42
962,7450,1,2026-02-25,Local Purchase,230453,10241,2026-03-25,Otek Motor House,12500,1,Receive,2026-07-12 10:48:42
961,7449,1,2026-02-25,Local Purchase,230453,10241,2026-03-25,Otek Motor House,5900,1,Receive,2026-07-12 10:48:42
960,7448,2,2026-02-25,Local Purchase,230453,10241,2026-03-25,Otek Motor House,1450,1,Receive,2026-07-12 10:48:42
959,7447,1,2026-02-25,Local Purchase,189862,28990,2026-02-25,Anrita Motors,500,1,Receive,2026-07-12 10:48:42
2437,7446,2,2026-02-25,Local Store,189862,28990,2026-02-25,Anrita Motors,1750,1,Receive,2026-07-12 10:48:42
2439,7443,1,2026-02-25,Local Store,189862,28990,2026-02-25,Anrita Motors,2500,1,Receive,2026-07-12 10:48:42
2440,7442,1,2026-02-25,Local Store,189862,28990,2026-02-25,Anrita Motors,6900,1,Receive,2026-07-12 10:48:42
2441,7441,1,2026-02-25,Local Store,189862,28990,2026-02-25,Anrita Motors,5900,1,Receive,2026-07-12 10:48:42
1888,8654,4,2026-03-12,Head Office,,,,,,0,Receive,2026-07-12 10:48:42
1887,8653,1,2026-03-12,Head Office,,,,,,0,Receive,2026-07-12 10:48:42
1858,8624,1,2026-03-10,Local Purchase & Head Office,230419,120835,2026-03-10,Chamara Radiator House,10000,1,Receive,2026-07-12 10:48:42
1814,8580,4,2026-03-06,Head Office,,,,,,0,Receive,2026-07-12 10:48:42
1813,8579,4,2026-03-06,Head Office,,,,,,0,Receive,2026-07-12 10:48:42
1812,8578,1,2026-03-06,Head Office,,,,,,0,Receive,2026-07-12 10:48:42
1765,8531,4,2026-02-27,Head Office,,,,,,0,Receive,2026-07-12 10:48:42
931,7406,1,2026-03-11,Local Purchase,230415,,2026-03-11,Dinesh Radiator House,4000,1,Receive,2026-07-12 10:48:42
3002,7405,1,2026-03-12,Local Store,230470,,2026-03-12,Jayasinghe Engineering Works,3000,1,Receive,2026-07-12 10:48:42
930,7404,4,2026-03-12,Head Office,,,,,,0,Receive,2026-07-12 10:48:42
929,7403,1,2026-03-12,Head Office,,,,,,0,Receive,2026-07-12 10:48:42
1879,8645,1,2026-03-11,Local Purchase,,,,,,0,Receive,2026-07-12 10:48:42
1846,8612,2,2026-03-10,Local Purchase,,,,,,0,Receive,2026-07-12 10:48:42
2389,6544,1,2026-03-10,Local Store,230421,9204,2026-03-10,Anthupitha Motors,2510,1,Receive,2026-07-12 10:48:42
351,6543,20,2026-02-27,Local Purchase,189876,03,2026-02-27,Cut Piece Center,100,1,Receive,2026-07-12 10:48:42
2420,6542,1,2026-03-12,Local Store,230438,2357,2026-03-12,Anura Hardware,450,1,Receive,2026-07-12 10:48:42
2422,6541,5,2026-03-06,Local Store,230443,2378,2026-03-06,Anura Hardware,265,1,Receive,2026-07-12 10:48:42
350,6540,5,2026-02-26,Local Purchase,189860,10245,2026-02-26,Otec Motor House,1100,1,Receive,2026-07-12 10:48:42
349,6539,2,2026-03-18,Local Purchase,230478,10256,2026-03-18,Otek Motor House,2890,1,Receive,2026-07-12 10:48:42
348,6538,5,2026-02-26,Local Purchase,189858,10244,2026-02-26,Otec Motor House,1400,1,Receive,2026-07-12 10:48:42
347,6537,4,2026-02-25,Local Purchase,189881,7921,2026-02-25,Dasanayake Fuel Filling Station,292.5,1,Receive,2026-07-12 10:48:42
2458,6536,21.5,2026-02-26,Local Store,189880,874,2026-02-26,KSBG Fernando,186.05,1,Receive,2026-07-12 10:48:42
1785,8551,1,2026-02-27,Head Office,,,,,,0,Receive,2026-07-12 10:48:42
1784,8550,2,2026-02-27,Head Office,,,,,,0,Receive,2026-07-12 10:48:42
949,7426,1,2026-02-27,Head Office,,,,,,0,Receive,2026-07-12 10:48:42
948,7425,1,2026-02-26,Head Office,,,,,,0,Receive,2026-07-12 10:48:42
947,7424,4,2026-02-27,Head Office,,,,,,0,Receive,2026-07-12 10:48:42
946,7423,1,2026-02-27,Head Office,,,,,,0,Receive,2026-07-12 10:48:42
945,7422,1,2026-02-26,Head Office,,,,,,0,Receive,2026-07-12 10:48:42
944,7421,1,2026-02-26,Head Office,,,,,,0,Receive,2026-07-12 10:48:42
943,7420,1,2026-02-26,Head Office,,,,,,0,Receive,2026-07-12 10:48:42
942,7419,1,2026-02-27,Head Office,,,,,,0,Receive,2026-07-12 10:48:42
941,7418,1,2026-02-26,Head Office,,,,,,0,Receive,2026-07-12 10:48:42
940,7417,1,2026-02-26,Head Office,,,,,,0,Receive,2026-07-12 10:48:42
950,7428,4,2026-02-25,Head Office,,,,,,0,Receive,2026-07-12 10:48:42
939,7416,1,2026-02-26,Head Office,,,,,,0,Receive,2026-07-12 10:48:42
938,7415,1,2026-02-26,Head Office,,,,,,0,Receive,2026-07-12 10:48:42
937,7414,1,2026-02-26,Head Office,,,,,,0,Receive,2026-07-12 10:48:42
936,7413,1,2026-02-26,Head Office,,,,,,0,Receive,2026-07-12 10:48:42
935,7412,1,2026-02-26,Head Office,,,,,,0,Receive,2026-07-12 10:48:42
934,7411,1,2026-02-26,Head Office,,,,,,0,Receive,2026-07-12 10:48:42
933,7409,1,2026-02-26,Head Office,,,,,,0,Receive,2026-07-12 10:48:42
932,7408,1,2026-02-26,Head Office,,,,,,0,Receive,2026-07-12 10:48:42
2380,7407,1,2026-02-26,Local Store,230408,167,2026-02-26,New Sugath Auto Electrical,5000,1,Receive,2026-07-12 10:48:42
928,7402,1,2026-03-23,Local Purchase,230079,212,2026-03-23,Suranga Cushion Works,7000,1,Receive,2026-07-12 10:48:42
927,7401,2,2026-03-01,Head Office,189865,29013,2026-02-28,Anrita Motors,1800,1,Receive,2026-07-12 10:48:42
926,7400,2,2026-03-01,Local Purchase,189865,29013,2026-02-28,Anrita Motors,1650,1,Receive,2026-07-12 10:48:42
2436,6550,4,2026-02-24,Local Store,189856,2365,2026-02-24,Anura Hardware,50,1,Receive,2026-07-12 10:48:42
356,6549,2,2026-03-05,Head Office,,,,,,0,Receive,2026-07-12 10:48:42
355,6548,2,2026-03-05,Head Office,,,,,,0,Receive,2026-07-12 10:48:42
354,6547,2,2026-03-05,Head Office,,,,,,0,Receive,2026-07-12 10:48:42
353,6545,1,2026-03-05,Head Office,,,,,,0,Receive,2026-07-12 10:48:42
2627,6114,1,2026-06-11,Direct Purchase,230142,3282,2026-06-11,Kumara Filters (pvt) Ltd,6499.99,1,Receive,2026-07-12 10:48:42
112,6108,1,2026-03-27,Head Office,230120,2898,2026-03-27,Kumara Filters (pvt) Ltd,20000,1,Receive,2026-07-12 10:48:42
925,7398,2,2026-02-24,Local Purchase,189861,28989,2026-02-25,Anrita Motors,1675,1,Receive,2026-07-12 10:48:42
924,7397,2,2026-02-24,Local Purchase,189861,28989,2026-02-25,Anrita Motors,1750,1,Receive,2026-07-12 10:48:42
923,7396,1,2026-02-26,Local Purchase,230409,038,2026-03-27,SM Motors,18500,1,Receive,2026-07-12 10:48:42
2376,7395,1,2026-02-23,Local Store,231141,9180,2026-02-23,Anthupitha Motors,13207.5,1,Receive,2026-07-12 10:48:42
921,7394,1,2026-02-23,Local Purchase,231141/231142,9180/9181,2026-02-23,Anthupitha Motors,16020,1,Receive,2026-07-12 10:48:42
920,7393,1,2026-02-24,Local Purchase,189878,183,2026-02-24,Raja Motor Works,11000,1,Receive,2026-07-12 10:48:42
919,7392,1,2026-02-23,Local Purchase,231143,,2026-02-23,Sena Motors Enterprises,4000,1,Receive,2026-07-12 10:48:42
111,6107,1,2026-02-23,Local Purchase,189543,2711,2026-02-23,Kumara Filters (pvt) Ltd,4800,1,Receive,2026-07-12 10:48:42
2784,6106,1,2026-06-13,Direct Purchase,,,,,,0,Receive,2026-07-12 10:48:42
2783,6105,1,2026-06-13,Direct Purchase,,,,,,0,Receive,2026-07-12 10:48:42
2782,6104,1,2026-06-13,Direct Purchase,,,,,,0,Receive,2026-07-12 10:48:42
2781,6103,1,2026-06-15,Direct Purchase,,,,,,0,Receive,2026-07-12 10:48:42
918,7391,1,2026-02-24,Local Purchase,,,,,,0,Receive,2026-07-12 10:48:42
917,7390,1,2026-02-26,Local Purchase,189867,4492,2026-02-26,Macsha Electricals,250,1,Receive,2026-07-12 10:48:42
916,7389,1,2026-02-23,Local Purchase,231140,9179,2026-02-23,Anthupitha Motors,1453.5,1,Receive,2026-07-12 10:48:42
345,6533,1,2026-02-23,Local Purchase,231136,2361,2026-02-23,Anura Hardware,2000,1,Receive,2026-07-12 10:48:42
1948,8714,50,2026-03-27,Local Purchase,,,,,,0,Receive,2026-07-12 10:48:42
1947,8713,12,2026-03-27,Local Purchase,,,,,,0,Receive,2026-07-12 10:48:42
1946,8712,12,2026-03-27,Local Purchase,,,,,,0,Receive,2026-07-12 10:48:42
1945,8711,12,2026-03-27,Local Purchase,,,,,,0,Receive,2026-07-12 10:48:42
1944,8710,12,2026-03-27,Local Purchase,,,,,,0,Receive,2026-07-12 10:48:42
914,7387,1,2026-02-23,Local Purchase,231244,83,2026-02-23,Silika Key Cutting,2000,1,Receive,2026-07-12 10:48:42
1759,8525,2,2026-02-24,Head Office,,,,,,0,Receive,2026-07-12 10:48:42
1758,8524,2,2026-02-24,Head Office,,,,,,0,Receive,2026-07-12 10:48:42
1757,8523,2,2026-02-24,Head Office,,,,,,0,Receive,2026-07-12 10:48:42
1756,8522,1,2026-02-24,Head Office,,,,,,0,Receive,2026-07-12 10:48:42
1755,8521,2,2026-02-24,Head Office,,,,,,0,Receive,2026-07-12 10:48:42
1754,8520,4,2026-02-24,Head Office,,,,,,0,Receive,2026-07-12 10:48:42
912,7364,1,2026-02-23,Local Purchase,231124,28968,2026-02-23,Anrita Motors,600,1,Receive,2026-07-12 10:48:42
1750,8516,2,2026-02-23,Local Purchase,,,,,,0,Receive,2026-07-12 10:48:42
1652,8338,1,2026-01-08,Local Purchase,189394,140567,2025-12-26,Radeeka Motor Traders,2500,1,Receive,2026-07-12 10:48:42
1535,8418,1,2026-01-23,Head Office,,,,,,0,Receive,2026-07-12 10:48:42
1657,8343,1,2026-01-08,Local Purchase,,,,,,0,Receive,2026-07-12 10:48:42
915,7388,1,2026-02-23,Local Purchase,,,,,,0,Receive,2026-07-12 10:48:42
913,7386,5,2026-02-21,Local Purchase,231144,11-20260221,2026-02-23,Sena Motors Enterprises,645,1,Receive,2026-07-12 10:48:42
911,7363,2,2026-02-21,Local Purchase,231125,28949,2026-02-20,Anrita Motors,4500,1,Receive,2026-07-12 10:48:42
910,7362,2,2026-02-21,Local Purchase,231125,28949,2026-02-20,Anrita Motors,4500,1,Receive,2026-07-12 10:48:42
909,7361,2,2026-02-23,Head Office,,,,,,0,Receive,2026-07-12 10:48:42
908,7360,4,2026-02-23,Head Office,,,,,,0,Receive,2026-07-12 10:48:42
2381,9202,1,2026-02-28,Local Store,230410,82,2026-02-28,St Anthanys Auto Electrical,3700,1,Receive,2026-07-12 10:48:42
1736,8502,4,2026-02-20,Local Purchase,,,,,,0,Receive,2026-07-12 10:48:42
1791,8557,2,2026-02-28,Local Purchase,,,,,,0,Receive,2026-07-12 10:48:42
1786,8552,1,2026-02-27,Local Purchase,,,,,,0,Receive,2026-07-12 10:48:42
1744,8510,2,2026-02-20,Local Purchase,231245,182,2026-02-20,Raja Motor Works,1250,1,Receive,2026-07-12 10:48:42
899,7350,2,2026-02-21,Local Purchase,231243,329,2026-02-20,DHT Advertisting,850,1,Receive,2026-07-12 10:48:42
1735,8501,2,2026-02-20,Local Purchase,231134,A260270030,2026-02-20,Wijayamini Motors,980,1,Receive,2026-07-12 10:48:42
1733,8499,1,2026-02-20,Local Purchase,231132,,2026-02-19,Radeeka Motor Trader,3400,1,Receive,2026-07-12 10:48:42
898,7347,1,2026-02-23,Head Office,230405,79,2026-02-23,St Anthanys Auto Electrical,3000,1,Receive,2026-07-12 10:48:42
907,7358,4,2026-02-24,Head Office,,,,,,0,Receive,2026-07-12 10:48:42
906,7357,1,2026-02-24,Head Office,,,,,,0,Receive,2026-07-12 10:48:42
905,7356,2,2026-02-24,Head Office,,,,,,0,Receive,2026-07-12 10:48:42
904,7355,2,2026-02-24,Head Office,,,,,,0,Receive,2026-07-12 10:48:42
903,7354,2,2026-02-24,Head Office,,,,,,0,Receive,2026-07-12 10:48:42
902,7353,2,2026-02-24,Head Office,,,,,,0,Receive,2026-07-12 10:48:42
901,7352,1,2026-02-25,Head Office,,,,,,0,Receive,2026-07-12 10:48:42
900,7351,2,2026-02-24,Head Office,,,,,,0,Receive,2026-07-12 10:48:42
2459,7348,1,2026-02-21,Local Store,189883,034,2026-02-21,SM Motors,35000,1,Receive,2026-07-12 10:48:42
344,6532,6,2026-02-23,Local Purchase,231148,2602-0900,2026-02-23,Subasinghe Heavy Machinery,150,1,Receive,2026-07-12 10:48:42
2370,6531,8,2026-02-21,Local Store,231122,10240,2026-02-21,Otec Motor House,350,1,Receive,2026-07-12 10:48:42
2369,6529,12,2026-02-21,Local Store,231122,10240,2026-02-21,Otec Motor House,350,1,Receive,2026-07-12 10:48:42
343,6527,12,2026-03-20,Local Purchase,,,,,,0,Receive,2026-07-12 10:48:42
110,6102,1,2026-02-26,Local Purchase,189864,28996,2026-02-26,Anrita Motors,1400,1,Receive,2026-07-12 10:48:42
109,6101,1,2026-02-26,Local Purchase,189864,28996,2026-02-26,Anrita Motors,2100,1,Receive,2026-07-12 10:48:42
108,6100,1,2026-02-23,Head Office,189543,2711,2026-02-23,Kumara Filters (pvt) Ltd,4500,1,Receive,2026-07-12 10:48:42
1776,8542,1,2026-02-27,Head Office,,,,,,0,Receive,2026-07-12 10:48:42
1775,8541,1,2026-02-27,Head Office,,,,,,0,Receive,2026-07-12 10:48:42
1774,8540,1,2026-02-27,Head Office,,,,,,0,Receive,2026-07-12 10:48:42
1773,8539,1,2026-02-27,Head Office,,,,,,0,Receive,2026-07-12 10:48:42
1772,8538,1,2026-02-27,Head Office,,,,,,0,Receive,2026-07-12 10:48:42
1771,8537,1,2026-02-27,Head Office,,,,,,0,Receive,2026-07-12 10:48:42
1770,8536,1,2026-02-27,Head Office,,,,,,0,Receive,2026-07-12 10:48:42
1769,8535,1,2026-02-27,Head Office,,,,,,0,Receive,2026-07-12 10:48:42
1768,8534,1,2026-02-27,Head Office,,,,,,0,Receive,2026-07-12 10:48:42
105,6096,1,2026-02-27,Head Office,,,,,,0,Receive,2026-07-12 10:48:42
2426,8509,3,2026-02-20,Local Store,189853,,2026-02-20,Manjula,500,1,Receive,2026-07-12 10:48:42
1742,8508,1,2026-02-20,Local Purchase,189853,,2026-02-20,Manjula,16000,1,Receive,2026-07-12 10:48:42
1738,8504,4,2026-02-20,Local Purchase,231150,B040341,2026-02-20,Sanekra Motors,250,1,Receive,2026-07-12 10:48:42
895,7335,4,2026-02-24,Head Office,,,,,,0,Receive,2026-07-12 10:48:42
894,7334,2,2026-02-24,Head Office,,,,,,0,Receive,2026-07-12 10:48:42
893,7333,4,2026-02-24,Head Office,,,,,,0,Receive,2026-07-12 10:48:42
892,7332,2,2026-02-24,Head Office,,,,,,0,Receive,2026-07-12 10:48:42
891,7331,1,2026-02-24,Head Office,,,,,,0,Receive,2026-07-12 10:48:42
890,7330,1,2026-02-24,Head Office,,,,,,0,Receive,2026-07-12 10:48:42
889,7329,2,2026-02-24,Head Office,,,,,,0,Receive,2026-07-12 10:48:42
888,7328,2,2026-02-24,Head Office,,,,,,0,Receive,2026-07-12 10:48:42
2449,7344,2,2026-02-26,Local Store,189871,9189,2026-02-26,Anthupitha Motor,765,1,Receive,2026-07-12 10:48:42
896,7343,4,2026-02-24,Head Office,,,,,,0,Receive,2026-07-12 10:48:42
887,7327,4,2026-02-21,Head Office,,,,,,0,Receive,2026-07-12 10:48:42
886,7326,2,2026-02-21,Head Office,,,,,,0,Receive,2026-07-12 10:48:42
885,7325,1,2026-02-24,Local Purchase,230406,83,2026-02-24,St Anthanys Auto Electrical,7000,1,Receive,2026-07-12 10:48:42
107,6099,1,2026-02-27,Head Office,189546,2781,2026-03-09,Kumara Filters (pvt) Ltd,8500,1,Receive,2026-07-12 10:48:42
106,6098,1,2026-02-27,Head Office,189546,2781,2026-03-09,Kumara Filters (pvt) Ltd,2500,1,Receive,2026-07-12 10:48:42
104,6090,1,2026-02-19,Local Purchase,,,,,,0,Receive,2026-07-12 10:48:42
2371,9191,1,2026-02-18,Local Store,231127,28919,2026-02-18,Anrita Motors,2200,1,Receive,2026-07-12 10:48:42
1710,8476,1,2026-02-11,Local Purchase,231232,28856,2026-02-13,Anrita Motors,1000,1,Receive,2026-07-12 10:48:42
1709,8475,2,2026-02-11,Local Purchase,231232,28856,2026-02-13,Anrita Motors,950,1,Receive,2026-07-12 10:48:42
879,7311,1,2026-02-18,Local Purchase,230448,A260218023,2026-02-18,Wijayamini Motors,770,1,Receive,2026-07-12 10:48:42
878,7310,1,2026-02-18,Local Purchase,230448,A260218023,2026-02-18,Wijayamini Motors,1100,1,Receive,2026-07-12 10:48:42
877,7309,1,2026-02-18,Local Purchase,230448,A260218023,2026-02-18,Wijayamini Motors,1480,1,Receive,2026-07-12 10:48:42
876,7308,1,2026-02-18,Local Purchase,,,,,,0,Receive,2026-07-12 10:48:42
1860,8626,1,2026-03-10,Local Purchase,,,,,,0,Receive,2026-07-12 10:48:42
1752,8518,2,2026-02-23,Head Office,,,,,,0,Receive,2026-07-12 10:48:42
2525,8503,1,2026-02-20,Local Store,231241,,2026-02-20,Manjula,7800,1,Receive,2026-07-12 10:48:42
1734,8500,100,2026-02-20,Local Purchase,231146,03,2026-02-26,HMA Enterprices,280,1,Receive,2026-07-12 10:48:42
1732,8498,3,2026-02-19,Local Purchase,231147,2602-0772,2026-02-20,Subasinghe Heavy Machinery,1600,1,Receive,2026-07-12 10:48:42
1731,8497,2,2026-02-19,Local Purchase,231147,2602-0772,2026-02-20,Subasinghe Heavy Machinery,4000,1,Receive,2026-07-12 10:48:42
1730,8496,1,2026-02-19,Head Office,,,,,,0,Receive,2026-07-12 10:48:42
1729,8495,1,2026-02-19,Head Office,,,,,,0,Receive,2026-07-12 10:48:42
1721,8487,3,2026-02-18,Local Purchase,231139,9178,2026-02-18,Anthupitha Motors,245,1,Receive,2026-07-12 10:48:42
1656,8342,1,2026-01-08,Local Purchase,189396,54,2025-12-24,A.H.S Enterprises,28000,1,Receive,2026-07-12 10:48:42
1612,8298,6,2025-12-26,Head Office,,,,,,0,Receive,2026-07-12 10:48:42
873,7298,1,2026-02-18,Local Purchase,189866,A2909,2026-02-18,Jayanthi Radio,1100,1,Receive,2026-07-12 10:48:42
2374,7322,2,2026-02-21,Local Store,231129,28950,2026-02-21,Anrita Motors,1800,1,Receive,2026-07-12 10:48:42
884,7321,2,2026-02-21,Local Purchase,,,,,,0,Receive,2026-07-12 10:48:42
883,7320,2,2026-02-21,Local Purchase,231129,28950,2026-02-21,Anrita Motors,1750,1,Receive,2026-07-12 10:48:42
882,7317,2,2026-02-24,Local Purchase,230404,272,2026-02-24,Dammika Motots,6000,1,Receive,2026-07-12 10:48:42
881,7316,4,2026-02-20,Local Purchase,,,,,,0,Receive,2026-07-12 10:48:42
880,7312,2,2026-02-19,Head Office,,,,,,0,Receive,2026-07-12 10:48:42
875,7303,1,2026-02-21,Local Purchase,231133,,2026-02-21,Radeeka Motor Trader,3000,1,Receive,2026-07-12 10:48:42
874,7302,1,2026-03-24,Local Purchase,,,,,,0,Receive,2026-07-12 10:48:42
872,7297,1,2026-02-27,Local Purchase,230407,80,2026-02-27,St Anthanys Auto Electrical,10500,1,Receive,2026-07-12 10:48:42
103,6089,1,2026-02-27,Head Office,189546,2781,2026-03-09,Kumara Filters (pvt) Ltd,8000,1,Receive,2026-07-12 10:48:42
102,6088,1,2026-02-27,Head Office,189546,2781,2026-03-09,Kumara Filters (pvt) Ltd,9500,1,Receive,2026-07-12 10:48:42
101,6087,2,2026-02-27,Head Office,189545,2751,2026-03-09,Kumara Filters (pvt) Ltd,4500,1,Receive,2026-07-12 10:48:42
100,6086,2,2026-02-27,Head Office,189545,2781,2026-03-09,Kumara Filters (pvt) Ltd,1500,1,Receive,2026-07-12 10:48:42
99,6085,1,2026-02-27,Head Office,189545,2781,2026-03-09,Kumara Filters (pvt) Ltd,6499.99,1,Receive,2026-07-12 10:48:42
98,6084,1,2026-02-27,Head Office,189545,2781,2026-03-09,Kumara Filters (pvt) Ltd,2300,1,Receive,2026-07-12 10:48:42
97,6083,3,2026-02-27,Head Office,189545,2781,2026-03-09,Kumara Filters (pvt) Ltd,8500,1,Receive,2026-07-12 10:48:42
1739,8505,1,2026-02-20,Local Purchase,189857,142364,2026-02-20,Anura Hardware,2400,1,Receive,2026-07-12 10:48:42
2423,9245,1,2026-02-17,Local Store,189852,6285,2026-02-17,Sandamali Motor,2600,1,Receive,2026-07-12 10:48:42
2424,9244,1,2026-02-17,Local Store,189852,6285,2026-02-17,Sandamali Motor,3590,1,Receive,2026-07-12 10:48:42
1745,8511,1,2026-02-21,Local Purchase,231149,805,2026-02-21,Deshani Lathe Shop,2000,1,Receive,2026-07-12 10:48:42
1728,8494,1,2026-02-19,Local Purchase,189851,482,2026-02-20,Denuwan Motors,180,1,Receive,2026-07-12 10:48:42
1727,8493,1,2026-02-19,Local Purchase,189851,482,2026-02-20,Denuwan Motors,200,1,Receive,2026-07-12 10:48:42
1726,8492,1,2026-02-19,Local Purchase,189852,6285,2026-02-17,Sandamali Motor,1400,1,Receive,2026-07-12 10:48:42
1725,8491,1,2026-02-18,Local Purchase,231247,181771,2026-02-18,Sandamali Motors,1125,1,Receive,2026-07-12 10:48:42
1724,8490,1,2026-02-18,Local Purchase,231249,A19456,2026-02-18,Regal Motor,1600,1,Receive,2026-07-12 10:48:42
864,7284,1,2026-02-19,Local Purchase,189851,482,2026-02-20,Denuwan Motors,160,1,Receive,2026-07-12 10:48:42
863,7283,1,2026-02-18,Local Purchase,231248,181771,2026-02-18,Sandamali Motors,331.5,1,Receive,2026-07-12 10:48:42
862,7282,1,2026-02-18,Local Purchase,231246,A19085,2026-02-18,Regal Motor,700,1,Receive,2026-07-12 10:48:42
2526,7281,1,2026-02-18,Local Store,231248,181771,2026-02-18,Sandamali Motors,2478,1,Receive,2026-07-12 10:48:42
860,7280,1,2026-02-18,Local Purchase,189851,482,2026-02-20,Denuwan Motors,550,1,Receive,2026-07-12 10:48:42
859,7279,2,2026-02-18,Local Purchase,231247,181771,2026-02-18,Sandamali Motors,263.5,1,Receive,2026-07-12 10:48:42
2527,7278,1,2026-02-18,Local Store,231247,181771,2026-02-18,Sandamali Motors,2575.5,1,Receive,2026-07-12 10:48:42
857,7277,2,2026-02-18,Local Purchase,189852,6285,2026-02-17,Sandamali Motor,1755,1,Receive,2026-07-12 10:48:42
856,7276,1,2026-02-18,Local Purchase,231248,181771,2026-02-18,Sandamali Motors,1517.26,1,Receive,2026-07-12 10:48:42
855,7275,1,2026-02-18,Local Purchase,231248,181771,2026-02-18,Sandamali Motors,711,1,Receive,2026-07-12 10:48:42
2528,7274,2,2026-02-18,Local Store,231247,181771,2026-02-18,Sandamali Motors,810,1,Receive,2026-07-12 10:48:42
853,7273,1,2026-02-18,Local Purchase,189852,6285,2026-02-17,Sandamali Motor,1400,1,Receive,2026-07-12 10:48:42
1805,8571,1,2026-03-05,Local Purchase,189890,465,2026-03-05,A One Hardware,850,1,Receive,2026-07-12 10:48:42
870,7291,1,2026-03-05,Local Purchase,189890,465,2026-03-05,A One Hardware,1500,1,Receive,2026-07-12 10:48:42
869,7290,1,2026-03-05,Local Purchase,189890,465,2026-03-05,A One Hardware,1500,1,Receive,2026-07-12 10:48:42
1790,8556,1,2026-02-28,Local Purchase,,,,,,0,Receive,2026-07-12 10:48:42
1789,8555,3,2026-02-28,Local Purchase,,,,,,0,Receive,2026-07-12 10:48:42
1788,8554,3,2026-02-28,Local Purchase,,,,,,0,Receive,2026-07-12 10:48:42
1787,8553,1,2026-02-28,Local Purchase,,,,,,0,Receive,2026-07-12 10:48:42
2364,7288,1,2026-02-16,Local Store,231111,2093,2026-02-16,Arawala Motors,3000,1,Receive,2026-07-12 10:48:42
867,7287,1,2026-02-14,Local Purchase,231110,4868,2026-02-16,Inoka Traders,1250,1,Receive,2026-07-12 10:48:42
866,7286,1,2026-02-14,Local Purchase,231109,9173,2026-02-16,Anthupitha Motors,6013,1,Receive,2026-07-12 10:48:42
865,7285,1,2026-02-14,Local Purchase,231109,9173,2026-02-16,Anthupitha Motors,2421,1,Receive,2026-07-12 10:48:42
2363,7285,1,2026-02-16,Local Store,231109,9173,2026-12-02,Anthupitha Motors,2421,1,Receive,2026-07-12 10:48:42
1720,8486,12,2026-02-17,Local Purchase,,,,,,0,Receive,2026-07-12 10:48:42
342,6526,5,2026-02-18,Local Purchase,231138,2351,2026-02-18,Anura Hardware,950,1,Receive,2026-07-12 10:48:42
341,6524,5,2026-02-17,Local Purchase,231121,10235,2026-02-17,Otec Motor House,1400,1,Receive,2026-07-12 10:48:42
2375,6523,1,2026-02-18,Local Store,231131,,2026-02-18,Radeeka Motor Trader,2580,1,Receive,2026-07-12 10:48:42
340,6522,20,2026-02-19,Local Purchase,231145,,2026-02-19,Lanka Filling Station - Madampella,182,1,Receive,2026-07-12 10:48:42
339,6521,24,2026-02-17,Local Purchase,231250,2350,2026-02-17,Anura Hardware,180,1,Receive,2026-07-12 10:48:42
338,6520,3,2026-02-17,Local Purchase,231123,10237,2026-02-17,Otec Motor House,1150,1,Receive,2026-07-12 10:48:42
337,6519,3,2026-02-17,Local Purchase,231120,10236,2026-02-17,Otec Motor House,2900,1,Receive,2026-07-12 10:48:42
1717,8483,6,2026-02-14,Local Purchase,,,,,,0,Receive,2026-07-12 10:48:42
1578,8264,1,2025-12-19,Head Office,,,,,,0,Receive,2026-07-12 10:48:42
868,7289,6,2026-02-14,Local Purchase,231112,2602-0575,2026-02-16,Subasinghe Heavy Machinery,50,1,Receive,2026-07-12 10:48:42
2454,7293,1,2026-02-16,Local Store,189874,15,2026-02-26,Lalith Motors,5000,1,Receive,2026-07-12 10:48:42
852,7272,3,2026-02-14,Head Office,,,,,,0,Receive,2026-07-12 10:48:42
851,7271,1,2026-02-18,Head Office,,,,,,0,Receive,2026-07-12 10:48:42
850,7270,2,2026-02-17,Head Office,,,,,,0,Receive,2026-07-12 10:48:42
849,7269,1,2026-02-17,Head Office,,,,,,0,Receive,2026-07-12 10:48:42
336,6518,3,2026-02-18,Local Purchase,230425,A260218027,2026-02-18,Wijayamini Motors,770,1,Receive,2026-07-12 10:48:42
96,6082,1,2026-02-27,Head Office,189547,2784,2026-03-09,Kumara Filters (pvt) Ltd,8000,1,Receive,2026-07-12 10:48:42
95,6081,1,2026-02-27,Head Office,189547,2784,2026-03-09,Kumara Filters (pvt) Ltd,9500,1,Receive,2026-07-12 10:48:42
94,6080,1,2026-02-27,Head Office,189547,2784,2026-03-09,Kumara Filters (pvt) Ltd,6000.01,1,Receive,2026-07-12 10:48:42
93,6079,1,2026-02-27,Head Office,189547,2784,2026-03-09,Kumara Filters (pvt) Ltd,6499.99,1,Receive,2026-07-12 10:48:42
92,6078,1,2026-02-27,Head Office,189547,2784,2026-03-09,Kumara Filters (pvt) Ltd,6499.99,1,Receive,2026-07-12 10:48:42
91,6077,1,2026-02-27,Head Office,189550,2785,2026-03-09,Kumara Filters (pvt) Ltd,1100,1,Receive,2026-07-12 10:48:42
90,6076,1,2026-02-27,Head Office,189550,2785,2026-03-09,Kumara Filters (pvt) Ltd,2000.01,1,Receive,2026-07-12 10:48:42
89,6075,1,2026-02-27,Head Office,189550,2785,2026-03-09,Kumara Filters (pvt) Ltd,2500,1,Receive,2026-07-12 10:48:42
88,6074,1,2026-02-27,Head Office,189549,2785,2026-03-09,Kumara Filters (pvt) Ltd,2500,1,Receive,2026-07-12 10:48:42
87,6073,1,2026-02-27,Head Office,189549,2785,2026-03-09,Kumara Filters (pvt) Ltd,2300,1,Receive,2026-07-12 10:48:42
86,6072,1,2026-02-27,Head Office,189549,2785,2026-03-09,Kumara Filters (pvt) Ltd,8500,1,Receive,2026-07-12 10:48:42
2819,6071,1,2026-06-09,Direct Purchase,189549,2785,2026-03-09,Kumara Filters (pvt) Ltd,2300,1,Receive,2026-07-12 10:48:42
2818,6070,1,2026-03-09,Direct Purchase,189549,2785,2026-03-09,Kumara Filters (pvt) Ltd,2000.01,1,Receive,2026-07-12 10:48:42
1620,8306,1,2025-12-31,Local Purchase,230411,88,2026-02-16,Karunarathne Electricals,28500,1,Receive,2026-07-12 10:48:42
2343,7265,1,2026-04-08,Local Store,231103,,2026-02-14,Manjula,5800,1,Receive,2026-07-12 10:48:42
2367,7263,6,2026-02-14,Local Store,231117,10234,2026-02-14,Otec Motor House,490,1,Receive,2026-07-12 10:48:42
85,6069,1,2026-02-27,Head Office,,,,,,0,Receive,2026-07-12 10:48:42
84,6068,1,2026-02-27,Head Office,,,,,,0,Receive,2026-07-12 10:48:42
83,6067,1,2026-02-27,Head Office,,,,,,0,Receive,2026-07-12 10:48:42
1897,8663,5,2026-03-13,Local Purchase,230124,26mar-TEC-895,2026-03-13,Thenuki  Engineering Com (pvt) Ltd,53285.85,1,Receive,2026-07-12 10:48:42
1896,8662,4,2026-03-13,Local Purchase,230124,26mar-TEC-895,2026-03-13,Thenuki  Engineering Com (pvt) Ltd,26165.03,1,Receive,2026-07-12 10:48:42
1895,8661,2,2026-03-13,Local Purchase,230124,26mar-TEC-895,2026-03-13,Thenuki  Engineering Com (pvt) Ltd,5914.01,1,Receive,2026-07-12 10:48:42
1894,8660,5,2026-03-13,Local Purchase,230124,26mar-TEC-895,2026-03-13,Thenuki  Engineering Com (pvt) Ltd,1170.86,1,Receive,2026-07-12 10:48:42
1893,8659,10,2026-03-13,Local Purchase,230124,26mar-TEC-895,2026-03-13,Thenuki Engineering Com (pvt) Ltd,585.43,1,Receive,2026-07-12 10:48:42
1722,8488,20,2026-02-18,Local Purchase,231131,,2026-02-18,Radeeka Motor Trader,30,1,Receive,2026-07-12 10:48:42
2378,6509,6,2026-02-14,Local Store,230402,,2026-02-14,Radeeka Motor Trader,375,1,Receive,2026-07-12 10:48:42
334,6505,3,2026-02-18,Local Purchase,230425,A260218027,2026-02-18,Wijayamini Motors,480,1,Receive,2026-07-12 10:48:42
333,6504,3,2026-02-18,Local Purchase,231131,,2026-02-18,Radeeka Motor Trader,125,1,Receive,2026-07-12 10:48:42
848,7262,1,2026-02-14,Head Office,,,,,,0,Receive,2026-07-12 10:48:42
2342,7256,1,2026-04-08,Local Store,231103,,2026-02-14,Manjula,3900,1,Receive,2026-07-12 10:48:42
847,7254,1,2026-02-13,Local Purchase,231106,,2026-02-13,Radeeka Motor Trader,1900,1,Receive,2026-07-12 10:48:42
846,7253,1,2026-02-24,Head Office,,,,,,0,Receive,2026-07-12 10:48:42
845,7252,1,2026-02-13,Local Purchase,231106,,2026-02-13,Radeeka Motor Trader,1900,1,Receive,2026-07-12 10:48:42
844,7251,1,2026-03-03,Head Office,,,,,,0,Receive,2026-07-12 10:48:42
843,7250,1,2026-02-13,Local Purchase,231107,,2026-02-13,Radeeka Motor Trader,4500,1,Receive,2026-07-12 10:48:42
842,7249,2,2026-02-13,Local Purchase,231105,9169,2026-02-13,Anthupitha Motors,765,1,Receive,2026-07-12 10:48:42
2368,6517,20,2026-02-14,Local Store,231117,10234,2026-02-14,Otec Motor House,100,1,Receive,2026-07-12 10:48:42
335,6515,5,2026-03-04,Local Purchase,189884,33919,2026-03-04,Nirmana Makadura,148.8,1,Receive,2026-07-12 10:48:42
2344,6514,12,2026-02-14,Local Store,231104,9168,2026-02-13,Anthupitha Motors,80,1,Receive,2026-07-12 10:48:42
1712,8478,1,2026-02-12,Local Purchase,,,,,,0,Receive,2026-07-12 10:48:42
1675,8441,1,2026-01-19,Local Purchase,,,,,,0,Receive,2026-07-12 10:48:42
82,6062,1,2026-02-12,Local Purchase,189540,2665,2026-02-13,Kumara Filters (pvt) Ltd,3500,1,Receive,2026-07-12 10:48:42
2366,7244,1,2026-02-14,Local Store,231115,9171,2026-02-14,Anthupitha Motors,12060,1,Receive,2026-07-12 10:48:42
841,7243,4,2026-02-13,Local Purchase,231108,,2026-02-13,Sena Motors Enterprises,230,1,Receive,2026-07-12 10:48:42
840,7242,4,2026-02-14,Local Purchase,231104,9168,2026-02-13,Anthupitha Motors,335,1,Receive,2026-07-12 10:48:42
839,7241,4,2026-02-13,Local Purchase,231108,,2026-02-13,Sena Motors Enterprises,980,1,Receive,2026-07-12 10:48:42
838,7240,2,2026-02-13,Local Purchase,231104,9168,2026-02-13,Anthupitha Motors,997.5,1,Receive,2026-07-12 10:48:42
837,7239,2,2026-02-13,Local Purchase,231104,9168,2026-02-13,Anthupitha Motors,3150,1,Receive,2026-07-12 10:48:42
836,7238,2,2026-02-13,Local Purchase,231108,,2026-02-13,Sena Motors Enterprises,5480,1,Receive,2026-07-12 10:48:42
835,7237,1,2026-02-13,Local Purchase,231104,9168,2026-02-13,Anthupitha Motors,17717.5,1,Receive,2026-07-12 10:48:42
2948,9580,1,2025-12-18,Local Store,189375,07,2025-12-25,Shan Traders,3600,1,Receive,2026-07-12 10:48:42
1955,8721,1,2026-03-27,Local Purchase,,,,,,0,Receive,2026-07-12 10:48:42
834,7236,1,2026-02-11,Local Purchase,231239,23853,2026-02-11,Anthupitha Motor,3500,1,Receive,2026-07-12 10:48:42
833,7235,1,2026-02-11,Local Purchase,231102,,2026-02-13,Radeeka Motor Trader,4202,1,Receive,2026-07-12 10:48:42
832,7234,4,2026-02-11,Local Purchase,231118,142292,2026-02-12,Radeeka Motor Trader,600,1,Receive,2026-07-12 10:48:42
2341,7233,1,2026-02-14,Local Store,231101,,2026-02-16,Dinesh Radiator House,6500,1,Receive,2026-07-12 10:48:42
2519,7232,1,2026-02-11,Local Store,231234,28854,2026-02-11,Anrita Motors,1100,1,Receive,2026-07-12 10:48:42
830,7231,1,2026-02-11,Head Office,231234,28854,2026-02-11,Anrita Motors,900,1,Receive,2026-07-12 10:48:42
829,7230,1,2026-02-11,Local Purchase,231234,28854,2026-02-11,Anrita Motors,1500,1,Receive,2026-07-12 10:48:42
828,7229,1,2026-02-11,Local Purchase,231130,28910,2026-02-17,Anrita Motors,5900,1,Receive,2026-07-12 10:48:42
827,7228,1,2026-02-11,Local Purchase,231224,,2026-02-13,Anthupitha Motors,950,1,Receive,2026-07-12 10:48:42
826,7227,2,2026-02-11,Local Purchase,231224,,2026-02-13,Anthupitha Motors,275,1,Receive,2026-07-12 10:48:42
825,7226,4,2026-02-12,Head Office,,,,,,0,Receive,2026-07-12 10:48:42
824,7224,2,2026-02-11,Local Purchase,231224,,2026-02-13,Anthupitha Motor,2769.08,1,Receive,2026-07-12 10:48:42
823,7223,2,2026-02-11,Local Purchase,231224,,2026-02-13,Anthupitha Motors,3132,1,Receive,2026-07-12 10:48:42
822,7220,1,2026-02-11,Local Purchase,231227,9160,2026-02-13,Anthupitha Motor,6003,1,Receive,2026-07-12 10:48:42
821,7219,1,2026-02-14,Local Purchase,230401,84,2026-02-14,Universal Power Hub PVT Ltd,50000,1,Receive,2026-07-12 10:48:42
820,7218,1,2026-02-11,Local Purchase,231239,28853,2026-02-11,Anthupitha Motors,1400,1,Receive,2026-07-12 10:48:42
2522,6503,1,2026-02-11,Local Store,231236,3294,2026-02-11,Royal Medical Stors,595,1,Receive,2026-07-12 10:48:42
2523,6502,4,2026-02-11,Local Store,231237,88350,2026-02-11,Lanka IOC,300,1,Receive,2026-07-12 10:48:42
2524,6501,20,2026-02-11,Local Store,231238,112BP013141-75,2026-02-11,Badalgama Coop City,189,1,Receive,2026-07-12 10:48:42
2518,6500,27,2026-02-11,Local Store,231233,26,2026-02-11,LP,100,1,Receive,2026-07-12 10:48:42
2514,9312,1,2026-02-10,Direct Purchase,231222,72,2026-02-10,St Anthanys Auto Electrical,37000,1,Receive,2026-07-12 10:48:42
2516,7217,1,2026-02-13,Local Store,231226,9162,2026-02-13,Anthupitha Motor,4940,1,Receive,2026-07-12 10:48:42
819,7216,1,2026-02-10,Local Purchase,231219,,2026-02-10,Dinesh Radiator House,3900,1,Receive,2026-07-12 10:48:42
818,7215,1,2026-02-11,Local Purchase,231239,28855,2026-02-11,Anthupitha Motors,2000,1,Receive,2026-07-12 10:48:42
2793,6060,2,2026-02-13,Direct Purchase,189540,2665,2026-02-13,Kumara Filters (pvt) Ltd,16000,1,Receive,2026-07-12 10:48:42
2792,6059,2,2026-02-13,Direct Purchase,189540,2665,2026-02-13,Kumara Filters (pvt) Ltd,19000.01,1,Receive,2026-07-12 10:48:42
2791,6058,1,2026-02-13,Direct Purchase,189540,2665,2026-02-13,Kumara Filters (pvt) Ltd,1500,1,Receive,2026-07-12 10:48:42
2790,6057,1,2026-02-13,Direct Purchase,189540,2665,2026-02-13,Kumara Filters (pvt) Ltd,2000.01,1,Receive,2026-07-12 10:48:42
2517,9314,1,2026-02-09,Local Store,231228,9155,2026-02-13,Anthupitha Motors,2018.75,1,Receive,2026-07-12 10:48:42
2365,7214,1,2026-02-09,Local Store,231114,9154,2026-02-09,Anthupitha Motors,4156.25,1,Receive,2026-07-12 10:48:42
816,7213,1,2026-02-09,Local Purchase,231214,28832,2026-02-09,Anrita Motors,4700,1,Receive,2026-07-12 10:48:42
815,7212,2,2026-02-09,Local Purchase,231214,28832,2026-02-09,Anrita Motors,4500,1,Receive,2026-07-12 10:48:42
814,7211,2,2026-02-10,Head Office,231221,A260210010,2026-02-10,Wijayamini Motors,1850,1,Receive,2026-07-12 10:48:42
813,7210,2,2026-02-09,Local Purchase,231114,9154,2026-02-09,Anthupitha Motors,6390,1,Receive,2026-07-12 10:48:42
812,7209,1,2026-02-09,Local Purchase,231113,9156,2026-02-09,Anthupitha Motors,1276.21,1,Receive,2026-07-12 10:48:42
811,7208,1,2026-02-12,Head Office,,,,,,0,Receive,2026-07-12 10:48:42
810,7207,1,2026-02-12,Head Office,,,,,,0,Receive,2026-07-12 10:48:42
809,7206,1,2026-02-16,Head Office,,,,,,0,Receive,2026-07-12 10:48:42
808,7205,1,2026-02-11,Head Office,,,,,,0,Receive,2026-07-12 10:48:42
807,7204,1,2026-02-10,Head Office,231225,9153,2026-02-13,Anthupitha Motors,840,1,Receive,2026-07-12 10:48:42
2468,7203,1,2026-02-10,Local Store,231225,9153,2026-02-13,Anthupitha Motors,420,1,Receive,2026-07-12 10:48:42
805,7202,1,2026-02-09,Local Purchase,,,,,,0,Receive,2026-07-12 10:48:42
804,7201,2,2026-02-10,Head Office,,,,,,0,Receive,2026-07-12 10:48:42
803,7200,2,2026-02-10,Head Office,,,,,,0,Receive,2026-07-12 10:48:42
802,7196,2,2026-02-09,Local Purchase,231216,2346,2026-02-09,Anura Hardware,2600,1,Receive,2026-07-12 10:48:42
1777,8543,1,2026-02-27,Head Office,,,,,,0,Receive,2026-07-12 10:48:42
2803,6056,1,2026-02-13,Direct Purchase,189542,2664,2026-02-13,Kumara Filters (pvt) Ltd,8500,1,Receive,2026-07-12 10:48:42
2802,6055,1,2026-02-13,Direct Purchase,189542,2664,2026-02-13,Kumara Filters (pvt) Ltd,2500,1,Receive,2026-07-12 10:48:42
2800,6054,2,2026-02-13,Direct Purchase,189542,2664,2026-02-13,Kumara Filters (pvt) Ltd,4500,1,Receive,2026-07-12 10:48:42
2801,6053,1,2026-02-13,Direct Purchase,189542,2664,2026-02-13,Kumara Filters (pvt) Ltd,14300,1,Receive,2026-07-12 10:48:42
2799,6052,2,2026-02-13,Direct Purchase,189542,2664,2026-02-13,Kumara Filters (pvt) Ltd,60001.01,1,Receive,2026-07-12 10:48:42
2798,6051,1,2026-02-13,Direct Purchase,189541,2664,2026-02-13,Kumara Filters (pvt) Ltd,3000,1,Receive,2026-07-12 10:48:42
2797,6050,1,2026-02-13,Direct Purchase,189541,2664,2026-02-13,Kumara Filters (pvt) Ltd,1800,1,Receive,2026-07-12 10:48:42
2796,6049,1,2026-02-13,Direct Purchase,189541,2664,2026-02-13,Kumara Filters (pvt) Ltd,2500,1,Receive,2026-07-12 10:48:42
2795,6048,1,2026-02-13,Direct Purchase,189541,2664,2026-02-13,Kumara Filters (pvt) Ltd,8500,1,Receive,2026-07-12 10:48:42
2794,6047,1,2026-02-13,Direct Purchase,189541,2664,2026-02-13,Kumara Filters (pvt) Ltd,2500,1,Receive,2026-07-12 10:48:42
801,7194,1,2026-02-10,Local Purchase,231119,,2026-02-10,Asmitha Motors,15000,1,Receive,2026-07-12 10:48:42
800,7193,1,2026-02-07,Head Office,,,,,,0,Receive,2026-07-12 10:48:42
799,7192,4,2026-02-07,Local Purchase,231081,9149,2026-02-10,Anthupitha Motors,2064.06,1,Receive,2026-07-12 10:48:42
798,7191,1,2026-02-07,Local Purchase,231087,,2026-02-07,Radeeka Motors,2100,1,Receive,2026-07-12 10:48:42
797,7190,1,2026-02-07,Local Purchase,231087,,2026-02-07,Radeeka Motors,1700,1,Receive,2026-07-12 10:48:42
796,7189,1,2026-02-07,Local Purchase,231087,,2026-02-07,Radeeka Motors,7700,1,Receive,2026-07-12 10:48:42
795,7188,1,2026-02-09,Head Office,,,,,,0,Receive,2026-07-12 10:48:42
794,7187,1,2026-02-07,Local Purchase,,,,,,0,Receive,2026-07-12 10:48:42
793,7186,2,2026-02-07,Local Purchase,231075,218,2026-02-07,J.M.D Holding (pvt) Ltd,2250,1,Receive,2026-07-12 10:48:42
792,7185,4,2026-02-07,Local Purchase,231083,2302-0233,2026-02-07,Subasinghe Heavy Machinery,2100,1,Receive,2026-07-12 10:48:42
791,7184,3,2026-02-07,Local Purchase,231038,2602-0233,2026-02-07,Subasinghe Heavy MAchinery,1700,1,Receive,2026-07-12 10:48:42
1847,8613,2,2026-03-10,Local Purchase,230430,,2026-03-10,Radeeka Motor Trader,1600,1,Receive,2026-07-12 10:48:42
1706,8472,1,2026-02-06,Local Purchase,231086,,2026-02-10,New Sampath Tools Centre,2500,1,Receive,2026-07-12 10:48:42
1439,8201,1,2025-12-13,Head Office,,,,,,0,Receive,2026-07-12 10:48:42
1438,8200,1,2025-12-13,Local Purchase,,,,,,0,Receive,2026-07-12 10:48:42
1379,8141,1,2026-02-20,Local Purchase,,,,,,0,Receive,2026-07-12 10:48:42
790,7181,2,2026-02-18,Local Purchase,231128,28918,2026-02-18,Anrita Motors,1700,1,Receive,2026-07-12 10:48:42
789,7180,1,2026-02-18,Local Purchase,231128,28918,2026-02-18,Anrita Motors,1800,1,Receive,2026-07-12 10:48:42
788,7179,2,2026-02-18,Local Purchase,231128,28918,2026-02-18,,1275,1,Receive,2026-07-12 10:48:42
787,7174,1,2026-02-10,Local Purchase,231220,0741,2026-02-10,Dushan New Diesel Center,6000,1,Receive,2026-07-12 10:48:42
786,7173,1,2026-02-10,Local Purchase,231220,0741,2026-02-10,Dushan New Diesel Center,2500,1,Receive,2026-07-12 10:48:42
785,7172,1,2026-02-09,Head Office,,,,,,0,Receive,2026-07-12 10:48:42
784,7171,1,2026-02-06,Local Purchase,,,,,,0,Receive,2026-07-12 10:48:42
332,6499,1,2026-02-17,Local Purchase,231242,,2026-02-17,Manjula,1200,1,Receive,2026-07-12 10:48:42
1718,8484,1,2026-02-17,Local Purchase,,,,,,0,Receive,2026-07-12 10:48:42
1716,8482,1,2026-02-14,Local Purchase,,,,,,0,Receive,2026-07-12 10:48:42
780,7166,1,2026-02-05,Local Purchase,231089,28793,2026-02-05,Anrita Motors,1900,1,Receive,2026-07-12 10:48:42
779,7165,1,2026-02-05,Local Purchase,231089,28793,2026-02-05,Anrita Motors,29000,1,Receive,2026-07-12 10:48:42
783,7169,1,2026-02-05,Local Purchase,231085,A260205061,2026-02-05,Wijayamini Motors,580,1,Receive,2026-07-12 10:48:42
782,7168,1,2026-02-05,Local Purchase,231085,A260205061,2026-02-05,Wijayamini Motors,2450,1,Receive,2026-07-12 10:48:42
781,7167,1,2026-02-06,Local Purchase,231080,65273,2026-02-06,Dee & Dee Lanka (pvt) Ltd,4000,1,Receive,2026-07-12 10:48:42
778,7164,1,2026-02-05,Local Purchase,231078,9144,2026-02-05,Anthupitha Motors,3139.55,1,Receive,2026-07-12 10:48:42
777,7163,1,2026-02-05,Local Purchase,231078,9144,2026-02-05,Anthupitha Motors,5086.08,1,Receive,2026-07-12 10:48:42
2549,7161,2,2026-02-06,Local Store,231097,2340,2026-02-06,Anura Hardware,560,1,Receive,2026-07-12 10:48:42
776,7156,1,2026-02-07,Local Purchase,231092,,2026-02-05,Manjula,1600,1,Receive,2026-07-12 10:48:42
775,7155,2,2026-02-06,Head Office,,,,,,0,Receive,2026-07-12 10:48:42
774,7154,2,2026-02-06,Head Office,,,,,,0,Receive,2026-07-12 10:48:42
2544,7153,2,2026-06-12,Local Store,231079,9143,2026-02-05,Anthupitha Motors,6295.5,1,Receive,2026-07-12 10:48:42
773,7152,4,2026-02-06,Head Office,,,,,,0,Receive,2026-07-12 10:48:42
772,7151,2,2026-02-06,Head Office,,,,,,0,Receive,2026-07-12 10:48:42
771,7150,2,2026-02-05,Local Purchase,,,,,,0,Receive,2026-07-12 10:48:42
770,7149,4,2026-02-06,Head Office,,,,,,0,Receive,2026-07-12 10:48:42
769,7148,2,2026-02-06,Head Office,,,,,,0,Receive,2026-07-12 10:48:42
768,7147,10,2026-02-06,Head Office,,,,,,0,Receive,2026-07-12 10:48:42
767,7146,4,2026-02-06,Head Office,,,,,,0,Receive,2026-07-12 10:48:42
766,7145,1,2026-02-06,Head Office,,,,,,0,Receive,2026-07-12 10:48:42
765,7144,1,2026-02-06,Head Office,,,,,,0,Receive,2026-07-12 10:48:42
764,7143,2,2026-02-06,Head Office,,,,,,0,Receive,2026-07-12 10:48:42
2521,9315,12,2026-02-12,Local Store,231235,10233,2026-02-12,Otec Motor House,180,1,Receive,2026-07-12 10:48:42
331,6497,12,2026-02-12,Local Purchase,231084,9150,2026-02-07,Anthupitha Motors,1377.5,1,Receive,2026-07-12 10:48:42
330,6495,12,2026-02-12,Local Purchase,231235,10233,2026-02-12,Otec Motor House,240,1,Receive,2026-07-12 10:48:42
329,6494,12,2026-02-12,Local Purchase,231235,10233,2026-02-12,Otec Motor House,200,1,Receive,2026-07-12 10:48:42
2520,6493,12,2026-02-11,Local Store,23235,10233,2026-02-12,Otec Motor House,180,1,Receive,2026-07-12 10:48:42
327,6492,5,2026-02-10,Local Purchase,231217,10230,2026-02-10,Otec Motor House,1450,1,Receive,2026-07-12 10:48:42
326,6490,12,2026-02-07,Local Purchase,231250,2350,2026-02-17,Anura Hardware,100,1,Receive,2026-07-12 10:48:42
1954,8720,1,2026-03-27,Local Purchase,,,,,,0,Receive,2026-07-12 10:48:42
742,7114,1,2026-02-05,Local Purchase,,,,,,0,Receive,2026-07-12 10:48:42
1704,8470,1,2026-02-05,Local Purchase,231093,9145,2026-02-05,Anthupitha Motors,2083.5,1,Receive,2026-07-12 10:48:42
750,7124,1,2026-02-05,Local Purchase,,,,,,0,Receive,2026-07-12 10:48:42
1402,8164,15,2025-12-12,Local Purchase,,,,,,0,Receive,2026-07-12 10:48:42
751,7129,1,2026-02-05,Local Purchase,231069,,2026-02-06,Manjula,3000,1,Receive,2026-07-12 10:48:42
763,7142,6,2026-02-03,Local Purchase,231067,88,2026-02-03,Thusan Cafe,50,1,Receive,2026-07-12 10:48:42
762,7141,6,2026-02-03,Local Purchase,231068,8834,2026-02-03,Shaa Karmel Lee Mola,200,1,Receive,2026-07-12 10:48:42
761,7140,1,2026-02-14,Head Office,,,,,,0,Receive,2026-07-12 10:48:42
760,7139,1,2026-02-14,Head Office,,,,,,0,Receive,2026-07-12 10:48:42
759,7138,1,2026-02-14,Head Office,,,,,,0,Receive,2026-07-12 10:48:42
758,7137,1,2026-02-14,Head Office,,,,,,0,Receive,2026-07-12 10:48:42
757,7136,1,2026-02-14,Head Office,,,,,,0,Receive,2026-07-12 10:48:42
756,7135,1,2026-02-14,Head Office,,,,,,0,Receive,2026-07-12 10:48:42
755,7134,1,2026-02-14,Head Office,,,,,,0,Receive,2026-07-12 10:48:42
754,7133,1,2026-02-08,Head Office,,,,,,0,Receive,2026-07-12 10:48:42
753,7131,1,2026-02-14,Head Office,,,,,,0,Receive,2026-07-12 10:48:42
752,7130,1,2026-02-05,Local Purchase,231093,9145,2026-02-05,Anthupitha Motors,1377.5,1,Receive,2026-07-12 10:48:42
749,7123,2,2026-02-10,Local Purchase,231215,28842,2026-02-10,Anrita Motors,4950,1,Receive,2026-07-12 10:48:42
748,7122,1,2026-02-10,Local Purchase,231215,28842,2026-02-10,Anrita Motors,5900,1,Receive,2026-07-12 10:48:42
747,7121,1,2026-02-10,Local Purchase,231215,28842,2026-02-10,Anrita Motors,4300,1,Receive,2026-07-12 10:48:42
746,7120,1,2026-02-10,Local Purchase,231215,28842,2026-02-10,Anrita Motors,9900,1,Receive,2026-07-12 10:48:42
745,7119,1,2026-02-05,Local Purchase,231088,28789,2026-02-05,Anrita Motors,6500,1,Receive,2026-07-12 10:48:42
744,7116,1,2026-02-06,Head Office,,,,,,0,Receive,2026-07-12 10:48:42
743,7115,1,2026-02-06,Head Office,,,,,,0,Receive,2026-07-12 10:48:42
2545,9342,1,2026-02-03,Local Store,"231094, 231095","1, 19",2026-02-06,"Lalith Motors, Ushan Traders",4950,1,Receive,2026-07-12 10:48:42
741,7112,1,2026-02-02,Local Purchase,231201,,2026-02-22,Manjula,1000,1,Receive,2026-07-12 10:48:42
1741,8507,1,2026-02-20,Local Purchase,,,,,,0,Receive,2026-07-12 10:48:42
1740,8506,1,2026-02-20,Local Purchase,,,,,,0,Receive,2026-07-12 10:48:42
1381,8143,1,2026-02-20,Local Purchase,,,,,,0,Receive,2026-07-12 10:48:42
1380,8142,1,2026-02-20,Local Purchase,,,,,,0,Receive,2026-07-12 10:48:42
733,7100,1,2026-02-20,Local Purchase,,,,,,0,Receive,2026-07-12 10:48:42
732,7099,4,2026-02-10,Head Office,,,,,,0,Receive,2026-07-12 10:48:42
1702,8468,2,2026-02-05,Local Purchase,,,,,,0,Receive,2026-07-12 10:48:42
1699,8465,1,2026-02-03,Local Purchase,,,,,,0,Receive,2026-07-12 10:48:42
740,7109,1,2026-02-03,Local Purchase,231064,9140,2026-02-03,Anthupitha Motors,3240,1,Receive,2026-07-12 10:48:42
739,7108,1,2026-02-03,Local Purchase,231066,,2026-02-03,Sena Motor Traders,3290,1,Receive,2026-07-12 10:48:42
1672,8438,2,2026-01-30,Head Office,,,,,,0,Receive,2026-07-12 10:48:42
2542,7113,1,2026-02-03,Local Store,231063,9139,2026-02-03,Anthupitha Motors,2470,1,Receive,2026-07-12 10:48:42
2379,7110,2,2026-02-14,Local Store,230402,,2026-02-14,Radeeka Motor Trader,3100,1,Receive,2026-07-12 10:48:42
738,7107,500,2026-02-02,Local Purchase,231207,11976,2026-02-02,Gayas Ali PAint Gallery,2.2,1,Receive,2026-07-12 10:48:42
737,7106,500,2026-02-02,Local Purchase,231207,11976,2026-02-02,Gayas Ali PAint Gallery,1.9,1,Receive,2026-07-12 10:48:42
736,7105,0.25,2026-02-02,Local Purchase,231207,11976,2026-02-02,Gayas Ali PAint Gallery,3600,1,Receive,2026-07-12 10:48:42
735,7104,1,2026-02-05,Local Purchase,231069,,2026-02-06,Manjula,1000,1,Receive,2026-07-12 10:48:42
734,7103,1,2026-02-05,Head Office,,,,,,0,Receive,2026-07-12 10:48:42
2541,6488,3.4,2026-02-03,Local Store,231061,357,2026-02-03,K.S.B.G Fernando,294.12,1,Receive,2026-07-12 10:48:42
325,6487,21.5,2026-02-05,Local Purchase,231073,411,2026-02-05,K.S.B.G Fernando,186.05,1,Receive,2026-07-12 10:48:42
2515,9313,1,2026-02-09,Local Store,231223,74,2026-02-09,St Anthanys Auto Electrical,12000,1,Receive,2026-07-12 10:48:42
731,7097,1,2026-02-02,Local Purchase,231202,9135,2026-02-04,Anthupitha Motors,7951.5,1,Receive,2026-07-12 10:48:42
730,7096,1,2026-02-02,Local Purchase,231202,9135,2026-02-02,Anthupitha Motor,1453.5,1,Receive,2026-07-12 10:48:42
729,7095,1,2026-02-02,Local Purchase,231202,9135,2026-02-02,Anthupitha Motor,2191.5,1,Receive,2026-07-12 10:48:42
2601,7094,2,2026-06-10,Local Store,201416,,2026-06-10,Sanduni & Pawani,500,1,Receive,2026-07-12 10:48:42
324,6486,2,2026-02-03,Local Purchase,231060,2339,2026-02-02,Anura Hardware,480,1,Receive,2026-07-12 10:48:42
2346,6484,6,2026-02-14,Local Store,231106,,2026-02-13,Radeeka Motor Trader,300,1,Receive,2026-07-12 10:48:42
323,6478,30,2026-02-12,Local Purchase,,,,,,0,Receive,2026-07-12 10:48:42
322,6477,30,2026-02-12,Local Purchase,231229,9163,2026-02-13,Anthupitha Motor,20,1,Receive,2026-07-12 10:48:42
321,6476,30,2026-02-12,Local Purchase,231229,9163,2026-02-13,Anthupitha Motor,20,1,Receive,2026-07-12 10:48:42
2543,9341,1,2026-06-12,Local Store,231076,,2026-02-10,Sho Lanka Motors,7500,1,Receive,2026-07-12 10:48:42
1714,8480,1,2026-02-12,Local Purchase,231230,6,2026-02-06,"Lalith Motors, Colombage Motors",11850,1,Receive,2026-07-12 10:48:42
1713,8479,1,2026-02-12,Local Purchase,231231,80,2026-02-13,Anushan Trade,19620,1,Receive,2026-07-12 10:48:42
2466,7093,1,2026-01-31,Local Store,231209,,2026-01-31,Sho Lanka motors,15000,1,Receive,2026-07-12 10:48:42
1783,8549,1,2026-02-27,Head Office,,,,,,0,Receive,2026-07-12 10:48:42
1782,8548,1,2026-02-27,Head Office,,,,,,0,Receive,2026-07-12 10:48:42
1780,8546,1,2026-02-27,Head Office,,,,,,0,Receive,2026-07-12 10:48:42
1779,8545,1,2026-02-27,Head Office,,,,,,0,Receive,2026-07-12 10:48:42
1778,8544,1,2026-02-27,Head Office,,,,,,0,Receive,2026-07-12 10:48:42
1473,8356,2,2026-01-13,Local Purchase,230990,33,2026-01-14,Lal Iron Works,750,1,Receive,2026-07-12 10:48:42
1394,8156,1,2025-12-11,Head Office,230105,2372,2025-12-16,Kumara Filters (pvt) Ltd,1900,1,Receive,2026-07-12 10:48:42
1390,8152,1,2025-12-10,Head Office,,,,,,0,Receive,2026-07-12 10:48:42
2817,6046,1,2026-03-09,Direct Purchase,189548,2784,2026-03-09,Kumara Filters (pvt) Ltd,2500,1,Receive,2026-07-12 10:48:42
2816,6045,1,2026-03-09,Direct Purchase,189548,2784,2026-03-09,Kumara Filters (pvt) Ltd,7500,1,Receive,2026-07-12 10:48:42
81,6044,1,2026-02-27,Head Office,189548,2784,2026-03-09,Kumara Filters (pvt) Ltd,14999.99,1,Receive,2026-07-12 10:48:42
80,6043,1,2026-02-27,Head Office,189548,2784,2026-03-09,Kumara Filters (pvt) Ltd,3000,1,Receive,2026-07-12 10:48:42
2815,6042,1,2026-03-09,Direct Purchase,189548,2784,2026-03-09,Kumara Filters (pvt) Ltd,3800,1,Receive,2026-07-12 10:48:42
2814,6041,3,2026-03-09,Direct Purchase,189548,2784,2026-03-09,Kumara Filters (pvt) Ltd,1500,1,Receive,2026-07-12 10:48:42
1509,8392,1,2026-01-20,Local Purchase,189323,28447,2026-01-20,Anrita Motors,3500,1,Receive,2026-07-12 10:48:42
1508,8391,2,2026-01-20,Local Purchase,189323,28447,2026-01-20,Anrita Motors,2000,1,Receive,2026-07-12 10:48:42
727,7092,2,2026-02-05,Local Purchase,231090,28791,2026-02-05,Anthupitha Motors,700,1,Receive,2026-07-12 10:48:42
726,7091,1,2026-01-30,Local Purchase,,,,,,0,Receive,2026-07-12 10:48:42
3212,7087,1,2026-07-01,Direct Purchase,,,,,,0,Receive,2026-07-12 10:48:42
320,6475,60,2026-02-05,Local Purchase,231204,10223,2026-01-31,Otec Motor House,66.67,1,Receive,2026-07-12 10:48:42
319,6474,1,2026-01-30,Local Purchase,231054,,2026-01-30,Radeeka Motor Traders,2580,1,Receive,2026-07-12 10:48:42
318,6473,12,2026-01-30,Local Purchase,231055,,2026-01-30,Radeeka Motor Traders,60,1,Receive,2026-07-12 10:48:42
317,6472,4,2026-01-30,Local Purchase,231204,10223,2026-01-31,Otec Motor House,490,1,Receive,2026-07-12 10:48:42
316,6471,3,2026-01-30,Local Purchase,231204,10223,2026-01-31,Otec Motor House,590,1,Receive,2026-07-12 10:48:42
315,6470,12,2026-01-30,Local Purchase,231055,,2026-01-30,Radeeka Motor Traders,80,1,Receive,2026-07-12 10:48:42
314,6469,24,2026-01-30,Local Purchase,231055,,2026-01-30,Radeeka Motor Traders,90,1,Receive,2026-07-12 10:48:42
313,6468,12,2026-02-05,Local Purchase,231071,,2026-02-05,Radeeka Motors,350,1,Receive,2026-07-12 10:48:42
2853,9510,1,2026-01-29,Local Store,189339,14524,2026-01-29,Yoshitha Motors,7500,1,Receive,2026-07-12 10:48:42
1401,8163,10,2025-12-12,Local Purchase,,,,,,0,Receive,2026-07-12 10:48:42
725,7085,1,2026-01-29,Local Purchase,,,,,,0,Receive,2026-07-12 10:48:42
1748,8514,2,2026-02-22,Local Purchase,230403,83,2026-02-22,St Anthanys Auto Electrical,500,1,Receive,2026-07-12 10:48:42
1701,8467,2,2026-02-05,Local Purchase,231091,28750,2026-02-05,Anrita Motors,5000,1,Receive,2026-07-12 10:48:42
724,7083,2,2026-02-01,Local Purchase,231059,,2026-01-30,Radeeka Motor Traders,1800,1,Receive,2026-07-12 10:48:42
1671,8437,4,2026-01-30,Head Office,,,,,,0,Receive,2026-07-12 10:48:42
1525,8408,4,2026-01-21,Head Office,,,,,,0,Receive,2026-07-12 10:48:42
1580,8266,1,2025-12-19,Head Office,,,,,,0,Receive,2026-07-12 10:48:42
723,7082,1,2026-02-10,Head Office,,,,,,0,Receive,2026-07-12 10:48:42
722,7080,1,2026-01-30,Local Purchase,231051,,2026-01-30,Manjula,2000,1,Receive,2026-07-12 10:48:42
721,7079,1,2026-01-30,Head Office,,,,,,0,Receive,2026-07-12 10:48:42
1670,8436,2,2026-01-30,Local Purchase,231210,,2026-01-31,SEA Electricals,1100,1,Receive,2026-07-12 10:48:42
719,7077,1,2026-01-29,Local Purchase,189930,2334,2026-01-29,Anura Hardware,1350,1,Receive,2026-07-12 10:48:42
1534,8417,1,2026-01-22,Local Purchase,"189924, 189936","9134,64",2026-01-22,"Anthupitha Motors, St. Anthony's Auto Electrical",4207.5,1,Receive,2026-07-12 10:48:42
720,7078,2,2026-01-30,Head Office,,,,,,0,Receive,2026-07-12 10:48:42
312,6467,18,2026-01-30,Local Purchase,231054,,2026-01-30,Radeeka Motor Traders,100,1,Receive,2026-07-12 10:48:42
2467,6466,4,2026-02-10,Local Store,231213,2335,2026-02-08,"Sena Hardware, Anura Hardware,Anura Hardware",1750,1,Receive,2026-07-12 10:48:42
1715,8481,2,2026-02-13,Local Purchase,231116,28878,2026-02-13,Anrita Motors,2450,1,Receive,2026-07-12 10:48:42
715,7071,1,2026-02-13,Local Purchase,231116,28878,2026-02-13,Anrita Motors,1700,1,Receive,2026-07-12 10:48:42
714,7070,2,2026-02-12,Local Purchase,231116,28878,2026-02-13,Anrita Motors,1400,1,Receive,2026-07-12 10:48:42
718,7076,8,2026-01-30,Head Office,,,,,,0,Receive,2026-07-12 10:48:42
717,7075,1,2026-02-02,Local Purchase,231203,49,2026-02-02,No Supplier,250,1,Receive,2026-07-12 10:48:42
716,7074,3,2026-02-02,Local Purchase,231206,2338,2026-02-02,Anura Hardware,265,1,Receive,2026-07-12 10:48:42
713,7069,1,2026-01-28,Local Purchase,189948,28732,2026-01-30,Anrita Motors,3750,1,Receive,2026-07-12 10:48:42
712,7068,2,2026-01-28,Local Purchase,189929,A260128029,2026-01-28,Wijayamini Motors,1250,1,Receive,2026-07-12 10:48:42
711,7067,1,2026-01-28,Local Purchase,189943,17087,2026-01-28,Laksewana Hardware & Electrical,670,1,Receive,2026-07-12 10:48:42
710,7066,1,2026-01-30,Head Office,,,,,,0,Receive,2026-07-12 10:48:42
310,6465,2,2026-01-30,Local Purchase,189940,,2026-01-28,Sandalanka,340,1,Receive,2026-07-12 10:48:42
1669,8435,1,2026-01-30,Local Purchase,231052,12873,2026-01-30,MAdhawa Electrical,12000,1,Receive,2026-07-12 10:48:42
1667,8433,2,2026-01-30,Local Purchase,231053,,2026-01-30,Radeeka Motor Trders,175,1,Receive,2026-07-12 10:48:42
1666,8432,1,2026-01-30,Head Office,231058,4706,2026-01-30,Inoka Traders,800,1,Receive,2026-07-12 10:48:42
2540,7065,1,2026-01-30,Local Store,,,,,,0,Receive,2026-07-12 10:48:42
709,7064,2,2026-01-28,Local Purchase,,,,,,0,Receive,2026-07-12 10:48:42
708,7063,1,2026-01-30,Local Purchase,,,,,,0,Receive,2026-07-12 10:48:42
1663,8349,1,2026-01-09,Head Office,,,,,,0,Receive,2026-07-12 10:48:42
309,6464,5,2026-01-30,Local Purchase,231056,2336,2026-01-30,Anura Hardware,445,1,Receive,2026-07-12 10:48:42
308,6463,15,2026-01-28,Local Purchase,189939,14,2026-01-28,Cut Pieces Center,150,1,Receive,2026-07-12 10:48:42
307,6462,3.4,2026-01-28,Local Purchase,189949,,2026-01-30,Lanka Filling Station,294.12,1,Receive,2026-07-12 10:48:42
306,6461,22,2026-01-28,Local Purchase,189949,,2026-01-28,Lanka Filling Station,181.82,1,Receive,2026-07-12 10:48:42
3135,6040,1,2026-02-16,Local Store,230107,2671,2026-02-16,Kumara Filters (pvt) Ltd,9500,1,Receive,2026-07-12 10:48:42
3134,6039,1,2026-02-16,Local Store,230107,2671,2026-02-16,Kumara Filters (pvt) Ltd,14500.01,1,Receive,2026-07-12 10:48:42
3133,6038,1,2026-02-16,Local Store,230107,2671,2026-02-16,Kumara Filters (pvt) Ltd,6499.99,1,Receive,2026-07-12 10:48:42
2848,9505,2,2026-01-26,Local Store,,,,,,0,Receive,2026-07-12 10:48:42
1542,8425,1,2026-01-27,Local Purchase,189947,A260127037,2026-01-27,Wijayamini Motors,580,1,Receive,2026-07-12 10:48:42
707,7061,2,2026-01-27,Local Purchase,189946,64858,2026-01-27,Dee & Dee Lanka (pvt) Ltd,2000,1,Receive,2026-07-12 10:48:42
706,7059,2,2026-01-28,Head Office,,,,,,0,Receive,2026-07-12 10:48:42
705,7058,3,2026-01-26,Local Purchase,,,,,,0,Receive,2026-07-12 10:48:42
704,7057,1,2026-01-26,Local Purchase,189941,,2026-01-30,A.S.E.A Electrical,400,1,Receive,2026-07-12 10:48:42
1668,8434,1,2026-01-30,Local Purchase,189945,30,2026-01-28,Silika Key Cutting,800,1,Receive,2026-07-12 10:48:42
699,7051,1,2026-01-28,Local Purchase,189944,,2026-01-28,Radeeka Motor Traders,950,1,Receive,2026-07-12 10:48:42
698,7050,1,2026-01-30,Local Purchase,231208,,2026-01-31,Inoka Motor Stores,2750,1,Receive,2026-07-12 10:48:42
697,7049,1,2026-01-28,Local Purchase,,,,,,0,Receive,2026-07-12 10:48:42
703,7055,1,2026-01-28,Head Office,230106,2576,2026-01-29,Kumara Filters (pvt) Ltd,20000,1,Receive,2026-07-12 10:48:42
702,7054,1,2026-02-18,Head Office,,,,,,0,Receive,2026-07-12 10:48:42
701,7053,1,2026-02-18,Head Office,,,,,,0,Receive,2026-07-12 10:48:42
700,7052,1,2026-01-28,Head Office,230106,2576,2026-01-29,Kumara Filters (pvt) Ltd,1500,1,Receive,2026-07-12 10:48:42
696,7048,12,2026-01-24,Local Purchase,189922,2332,2026-01-26,Anura Hardware,250,1,Receive,2026-07-12 10:48:42
695,7047,1,2026-01-23,Local Purchase,189928,,2026-01-23,Manjula,2500,1,Receive,2026-07-12 10:48:42
694,7046,1,2026-01-23,Head Office,,,,,,0,Receive,2026-07-12 10:48:42
693,7045,1,2026-01-22,Local Purchase,189918,28,2026-01-22,Bandara Aluminium Dewter Works,800,1,Receive,2026-07-12 10:48:42
2884,7044,1,2026-01-22,Local Store,189926,247,2026-01-22,Dammika Motors,3000,1,Receive,2026-07-12 10:48:42
692,7043,2,2026-01-23,Head Office,,,,,,0,Receive,2026-07-12 10:48:42
691,7042,2,2026-01-22,Head Office,,,,,,0,Receive,2026-07-12 10:48:42
305,6460,24,2026-01-23,Local Purchase,189923,2326,2026-01-23,Anura Hardware,180,1,Receive,2026-07-12 10:48:42
2852,9509,2,2026-01-21,Local Store,189338,59,2026-01-21,St. Anthony's Auto Electrical,1000,1,Receive,2026-07-12 10:48:42
2851,9508,1,2026-01-21,Local Store,189337,60,2026-01-21,St. Anthony's Auto Electrical,35000,1,Receive,2026-07-12 10:48:42
2847,9504,1,2026-01-21,Local Store,"189333,19931","A260210B,200739",2026-01-21,Wijayamini Motors,9000,1,Receive,2026-07-12 10:48:42
1479,8362,2,2026-01-14,Local Purchase,,,,,,0,Receive,2026-07-12 10:48:42
75,6033,1,2026-01-28,Head Office,189537,2575,2026-01-29,Kumara Filters (pvt) Ltd,2500,1,Receive,2026-07-12 10:48:42
74,6032,1,2026-01-28,Head Office,189537,2575,2026-01-29,Kumara Filters (pvt) Ltd,4400,1,Receive,2026-07-12 10:48:42
73,6031,1,2026-01-28,Head Office,189536,2575,2026-01-29,Kumara Filters (pvt) Ltd,21900,1,Receive,2026-07-12 10:48:42
72,6030,1,2026-01-28,Head Office,189536,2575,2026-01-29,Kumara Filters (pvt) Ltd,35000,1,Receive,2026-07-12 10:48:42
1587,8273,2,2025-12-19,Head Office,,,,,,0,Receive,2026-07-12 10:48:42
690,7041,1,2026-01-23,Head Office,,,,,,0,Receive,2026-07-12 10:48:42
689,7040,2,2026-01-23,Head Office,,,,,,0,Receive,2026-07-12 10:48:42
688,7039,1,2026-01-21,Local Purchase,189333,A260210B,2026-01-21,Wijayamini Motors,5850,1,Receive,2026-07-12 10:48:42
687,7038,1,2026-01-21,Local Purchase,189333,A260210B,2026-01-21,Wijayamini Motors,2200,1,Receive,2026-07-12 10:48:42
686,7035,1,2026-01-21,Local Purchase,189333,A260210B,2026-01-21,Wijayamini Motors,4900,1,Receive,2026-07-12 10:48:42
304,6459,1,2026-02-03,Local Purchase,231065,,2026-02-03,Radeeka Motor Traders,1440,1,Receive,2026-07-12 10:48:42
79,6037,1,2026-01-28,Head Office,230106,22576,2026-12-09,Kumara Filters (pvt) Ltd,6499.99,1,Receive,2026-07-12 10:48:42
78,6036,1,2026-01-28,Head Office,189537,2575,2026-01-29,Kumara Filters (pvt) Ltd,4500,1,Receive,2026-07-12 10:48:42
77,6035,1,2026-01-28,Head Office,189537,2575,2026-01-29,Kumara Filters (pvt) Ltd,8000,1,Receive,2026-07-12 10:48:42
76,6034,1,2026-01-28,Head Office,,,,,,0,Receive,2026-07-12 10:48:42
685,7034,2,2026-01-20,Local Purchase,189319,,2026-01-20,A.S.E.A Electrical,400,1,Receive,2026-07-12 10:48:42
684,7033,2,2026-01-20,Local Purchase,189319,,2026-01-20,A.S.E.A Electrical,600,1,Receive,2026-07-12 10:48:42
683,7032,1,2026-01-20,Local Purchase,189319,,2026-01-20,A.S.E A. Elecrical,200,1,Receive,2026-07-12 10:48:42
1996,8762,1,2026-04-28,Head Office,201715,412875B,2026-04-29,TLP Lanka Pharmacy,550,1,Receive,2026-07-12 10:48:42
668,7013,1,2026-01-29,Local Purchase,201715,412875B,2026-04-29,TLP Lanka Pharmacy,1000,1,Receive,2026-07-12 10:48:42
1533,8416,1,2026-01-22,Head Office,189933,,2026-01-26,Sena Motors Enterprises,400,1,Receive,2026-07-12 10:48:42
1532,8415,1,2026-01-22,Head Office,,,,,,0,Receive,2026-07-12 10:48:42
1531,8414,1,2026-01-22,Head Office,,,,,,0,Receive,2026-07-12 10:48:42
1530,8413,3,2026-01-22,Head Office,,,,,,0,Receive,2026-07-12 10:48:42
1523,8406,3,2026-01-21,Head Office,230975,9118,2026-01-12,Anthupitha Motors,116.7,1,Receive,2026-07-12 10:48:42
1522,8405,3,2026-01-21,Head Office,230975,9118,2026-01-12,Anthupitha Motors,183.34,1,Receive,2026-07-12 10:48:42
1521,8404,1,2026-01-21,Head Office,,,,,,0,Receive,2026-07-12 10:48:42
667,7011,3,2026-01-21,Local Purchase,,,,,,0,Receive,2026-07-12 10:48:42
666,7010,1,2026-01-21,Local Purchase,,,,,,0,Receive,2026-07-12 10:48:42
665,7009,2,2026-01-21,Local Purchase,,,,,,0,Receive,2026-07-12 10:48:42
682,7031,1,2026-01-20,Local Purchase,189318,11888,2026-01-20,Gayas Ali Paint Gallery,2300,1,Receive,2026-07-12 10:48:42
681,7029,2,2026-02-02,Local Purchase,140975,17769,2026-02-03,FK Auto Paint Center,3150,1,Receive,2026-07-12 10:48:42
680,7028,2,2026-01-20,Local Purchase,189318,11888,2026-01-20,Gayas Ali PAint Gallery,1950,1,Receive,2026-07-12 10:48:42
679,7027,5,2026-02-02,Local Purchase,231205,2337,2026-02-02,Anura Hardware,150,1,Receive,2026-07-12 10:48:42
678,7026,10,2026-02-02,Local Purchase,231205,2337,2026-02-02,Anura Hardware,500,1,Receive,2026-07-12 10:48:42
677,7025,3,2026-01-20,Local Purchase,189318,11888,2026-01-20,Gayas Ali Paint Gallery,2000,1,Receive,2026-07-12 10:48:42
676,7024,1,2026-01-21,Head Office,,,,,,0,Receive,2026-07-12 10:48:42
2889,7023,1,2026-06-27,Local Store,189942,,2026-01-27,Dinesh Radiator House,3500,1,Receive,2026-07-12 10:48:42
2888,7022,1,2026-01-27,Local Store,189938,673,2026-01-30,P.R.N Fiber Works,4000,1,Receive,2026-07-12 10:48:42
675,7021,1,2026-01-21,Head Office,,,,,,0,Receive,2026-07-12 10:48:42
674,7020,2,2026-01-21,Head Office,,,,,,0,Receive,2026-07-12 10:48:42
673,7019,2,2026-01-21,Head Office,,,,,,0,Receive,2026-07-12 10:48:42
672,7018,1,2026-01-21,Head Office,,,,,,0,Receive,2026-07-12 10:48:42
671,7017,1,2026-01-21,Head Office,,,,,,0,Receive,2026-07-12 10:48:42
670,7016,1,2026-01-21,Head Office,,,,,,0,Receive,2026-07-12 10:48:42
669,7015,4,2026-01-23,Head Office,,,,,,0,Receive,2026-07-12 10:48:42
664,7008,1,2026-01-26,Local Purchase,,,,,,0,Receive,2026-07-12 10:48:42
663,7007,1,2026-01-21,Local Purchase,,,,,,0,Receive,2026-07-12 10:48:42
303,6458,5,2026-01-20,Local Purchase,189330,10221,2026-01-20,Otek Motor House,1400,1,Receive,2026-07-12 10:48:42
302,6457,5,2026-01-20,Local Purchase,189331,10220,2026-01-20,Otek Motor House,2990,1,Receive,2026-07-12 10:48:42
2842,6454,22,2026-12-01,Local Store,189329,141,2026-01-21,K.S.B.G Fernando Filling Station,181.82,1,Receive,2026-07-12 10:48:42
301,6453,5,2026-01-23,Local Purchase,189923,2326,2026-01-23,Anura Hardware,275,1,Receive,2026-07-12 10:48:42
1501,8384,2,2026-01-18,Local Purchase,230978,,2026-01-19,S.E.A Electrical,6200,1,Receive,2026-07-12 10:48:42
2789,9480,1,2026-01-28,Direct Purchase,189536,2575,2026-01-29,Kumara Filters (pvt) Ltd,7500,1,Receive,2026-07-12 10:48:42
71,6029,1,2026-01-28,Head Office,189536,2575,2026-01-29,Kumara Filters (pvt) Ltd,3300,1,Receive,2026-07-12 10:48:42
70,6028,1,2026-01-28,Head Office,189536,2575,2026-01-29,Kumara Filters (pvt) Ltd,4200,1,Receive,2026-07-12 10:48:42
1903,8669,1,2026-03-14,Head Office,,,,,,0,Receive,2026-07-12 10:48:42
1494,8377,4,2026-01-17,Head Office,,,,,,0,Receive,2026-07-12 10:48:42
1493,8376,2,2026-01-17,Head Office,,,,,,0,Receive,2026-07-12 10:48:42
1444,8206,1,2025-12-14,Local Purchase,,,,,,0,Receive,2026-07-12 10:48:42
1781,8547,1,2026-02-27,Head Office,189538,2574,2026-01-29,Kumara Filters (pvt) Ltd,1500,1,Receive,2026-07-12 10:48:42
64,6020,1,2026-01-28,Head Office,,,,,,0,Receive,2026-07-12 10:48:42
63,6019,1,2026-01-28,Head Office,189538,2574,2026-01-29,Kumara Filters (pvt) Ltd,4500,1,Receive,2026-07-12 10:48:42
62,6018,1,2026-01-28,Head Office,189538,2574,2026-01-29,Kumara Filters (pvt) Ltd,1500,1,Receive,2026-07-12 10:48:42
1513,8396,6,2026-01-21,Local Purchase,189324,0430,2026-01-21,Dushan New Diesel Center,50,1,Receive,2026-07-12 10:48:42
1512,8395,12,2026-01-21,Local Purchase,189324,0430,2026-01-21,Dushan New Diesel Center,50,1,Receive,2026-07-12 10:48:42
1503,8386,8,2026-01-19,Local Purchase,230979,,2026-01-19,Sena Hardware,1.88,1,Receive,2026-07-12 10:48:42
662,7005,4,2026-01-19,Local Purchase,230979,,2026-01-19,Sena Hardware,40,1,Receive,2026-07-12 10:48:42
1489,8372,1,2026-01-16,Head Office,,,,,,0,Receive,2026-07-12 10:48:42
661,7002,1,2026-01-21,Local Purchase,189322,,2026-01-21,Dinesh Radiator House,3500,1,Receive,2026-07-12 10:48:42
660,7001,1,2026-01-21,Local Purchase,189321,,2026-01-21,Manjula,1800,1,Receive,2026-07-12 10:48:42
659,7000,100,2026-01-23,Local Purchase,189937,,2026-01-24,Sena Hardware,2,1,Receive,2026-07-12 10:48:42
658,6999,3,2026-01-23,Local Purchase,189921,2327,2026-01-23,Anura Hardware,450,1,Receive,2026-07-12 10:48:42
657,6998,7,2026-01-23,Local Purchase,189921,2327,2026-01-23,Anura Hardware,380,1,Receive,2026-07-12 10:48:42
2611,6027,1,2026-06-11,Direct Purchase,230144,3284,2026-06-11,Kumara Filters (pvt) Ltd,6000.01,1,Receive,2026-07-12 10:48:42
2612,6026,1,2026-06-11,Direct Purchase,230144,3284,2026-06-11,Kumara Filters (pvt) Ltd,5500,1,Receive,2026-07-12 10:48:42
69,6025,1,2026-01-28,Head Office,189539,2574,2026-01-29,Kumara Filters (pvt) Ltd,1400,1,Receive,2026-07-12 10:48:42
68,6024,1,2026-01-28,Head Office,189539,2574,2026-01-29,Kumara Filters (pvt) Ltd,2500,1,Receive,2026-07-12 10:48:42
67,6023,1,2026-01-28,Head Office,189539,2574,2026-01-29,Kumara Filters (pvt) Ltd,7500,1,Receive,2026-07-12 10:48:42
66,6022,1,2026-01-28,Head Office,189539,2574,2026-01-29,Kumara Filters (pvt) Ltd,14000,1,Receive,2026-07-12 10:48:42
65,6021,1,2026-01-28,Head Office,189538,2574,2026-01-29,Kumara Filters (pvt) Ltd,6000.01,1,Receive,2026-07-12 10:48:42
2865,9515,2,2026-01-16,Local Store,189911,27,2026-01-25,Anushan Traders,1550,1,Receive,2026-07-12 10:48:42
2866,9515,1,2026-01-14,Local Store,189912,54,2026-01-14,Lalith Motors,23000,1,Receive,2026-07-12 10:48:42
2864,9514,2,2026-01-13,Local Store,189910,56,2026-01-16,Lalith Motors,5750,1,Receive,2026-07-12 10:48:42
2719,9418,1,2026-01-16,Direct Purchase,189530,2517,2026-01-06,Kumara Filters (pvt) Ltd,35000,1,Receive,2026-07-12 10:48:42
2720,9417,1,2026-01-16,Direct Purchase,189530,2517,2026-01-16,Kumara Filters (pvt) Ltd,14999.99,1,Receive,2026-07-12 10:48:42
2721,9416,2,2026-01-16,Direct Purchase,189530,2517,2026-01-16,Kumara Filters (pvt) Ltd,12500,1,Receive,2026-07-12 10:48:42
1983,8749,5,2026-04-10,Local Purchase,,,,,,0,Receive,2026-07-12 10:48:42
1982,8748,3,2026-04-10,Local Purchase,,,,,,0,Receive,2026-07-12 10:48:42
300,6451,6,2026-01-23,Local Purchase,"189901,189920","4674,2330",2026-01-16,"Sri Lal Stores, Anura Hardware",416.67,1,Receive,2026-07-12 10:48:42
299,6450,1,2026-01-16,Local Purchase,230971,10216,2026-01-16,Otek Motor House,1750,1,Receive,2026-07-12 10:48:42
1913,8679,1,2026-03-20,Local Purchase,HeadOffice,014,2026-03-20,Jeniru Spare Center,8500,1,Receive,2026-07-12 10:48:42
1703,8469,1,2026-02-05,Head Office,,,,,,0,Receive,2026-07-12 10:48:42
1544,8427,1,2026-01-27,Local Purchase,,,,,,0,Receive,2026-07-12 10:48:42
1543,8426,1,2026-01-27,Head Office,,,,,,0,Receive,2026-07-12 10:48:42
652,6989,15,2026-01-27,Head Office,,,,,,0,Receive,2026-07-12 10:48:42
651,6988,4,2026-01-27,Head Office,,,,,,0,Receive,2026-07-12 10:48:42
650,6987,8,2026-01-27,Head Office,,,,,,0,Receive,2026-07-12 10:48:42
649,6986,8,2026-01-27,Head Office,,,,,,0,Receive,2026-07-12 10:48:42
648,6985,2,2026-01-27,Head Office,,,,,,0,Receive,2026-07-12 10:48:42
647,6984,2,2026-01-27,Head Office,,,,,,0,Receive,2026-07-12 10:48:42
1540,8423,1,2026-01-23,Head Office,,,,,,0,Receive,2026-07-12 10:48:42
644,6981,6,2026-01-16,Head Office,,,,,,0,Receive,2026-07-12 10:48:42
1524,8407,1,2026-01-21,Head Office,,,,,,0,Receive,2026-07-12 10:48:42
645,6982,1,2026-02-02,Head Office,230140,2042,2026-06-05,Mount House,6750,1,Receive,2026-07-12 10:48:42
2586,6982,103,2026-06-09,Direct Purchase,230140,2042,2026-06-05,Mount House,6750,1,Receive,2026-07-12 10:48:42
1519,8402,2,2026-01-21,Local Purchase,"189315,189315","9124, CBO38721",2026-01-21,"Anthupitha Motors, Sanekra Motors",5552.5,1,Receive,2026-07-12 10:48:42
646,6983,1,2026-01-16,Local Purchase,230983,9107,2026-01-16,Anthupitha Motors,6455.25,1,Receive,2026-07-12 10:48:42
1488,8371,20,2026-01-16,Local Purchase,188907,10215,2026-01-16,Otek Motor HOuse,65,1,Receive,2026-07-12 10:48:42
298,6447,48,2026-01-16,Local Purchase,189907,10215,2026-01-16,Otek Motor House,212.5,1,Receive,2026-07-12 10:48:42
297,6445,5,2026-01-17,Local Purchase,230998,2323,2026-01-17,Anura Hardware,950,1,Receive,2026-07-12 10:48:42
1474,8357,2,2026-01-13,,230990,33,2026-01-14,Lal Iron Works,850,1,Receive,2026-07-12 10:48:42
2717,6016,1,2026-01-16,Direct Purchase,189530,2517,2026-01-16,Kumara Filters (pvt) Ltd,14000,1,Receive,2026-07-12 10:48:42
2718,6015,1,2026-01-16,Direct Purchase,189530,2517,2026-01-16,Kumara Filters (pvt) Ltd,7500,1,Receive,2026-07-12 10:48:42
2716,6014,1,2026-01-16,Direct Purchase,189529,2517,2026-01-16,Kumara Filters (pvt) Ltd,4200,1,Receive,2026-07-12 10:48:42
1616,8302,4,2025-12-27,Local Purchase,,,,,,0,Receive,2026-07-12 10:48:42
61,6017,1,2026-01-21,Head Office,189532,252,2026-01-21,Kumara Filters (pvt) Ltd,11000,1,Receive,2026-07-12 10:48:42
656,6995,1,2026-01-17,Local Purchase,230996,28415,2026-01-17,Anrita Motors,1500,1,Receive,2026-07-12 10:48:42
655,6994,2,2026-01-17,Local Purchase,230996,28415,2026-01-17,Anrita Motors,900,1,Receive,2026-07-12 10:48:42
654,6993,2,2026-01-17,Local Purchase,230996,28415,2026-01-17,Anrita Motors,3950,1,Receive,2026-07-12 10:48:42
653,6992,2,2026-01-17,Local Purchase,230996,28415,2026-01-17,Anrita Motors,8900,1,Receive,2026-07-12 10:48:42
643,6980,1,2026-01-16,Head Office,,,,,,0,Receive,2026-07-12 10:48:42
1492,8375,1,2026-01-16,Head Office,,,,,,0,Receive,2026-07-12 10:48:42
637,6972,1,2026-01-16,Head Office,189531,2517,2026-01-16,Kumara Filters (pvt) Ltd,8500,1,Receive,2026-07-12 10:48:42
642,6978,1,2026-01-15,Local Purchase,230970,,2026-01-15,Manjula,2500,1,Receive,2026-07-12 10:48:42
641,6977,1,2026-01-16,Local Purchase,,,,,,0,Receive,2026-07-12 10:48:42
640,6976,1,2026-01-16,Local Purchase,230999,28402,2026-01-16,Anrita Motors,2900,1,Receive,2026-07-12 10:48:42
639,6975,1,2026-01-17,Local Purchase,,,,,,0,Receive,2026-07-12 10:48:42
638,6973,1,2026-01-16,Local Purchase,189905,A-260116029,2026-01-16,Wijayamini Motors,14950,1,Receive,2026-07-12 10:48:42
2867,9516,1,2026-01-14,Local Store,189913,26,2026-01-14,Anushan Traders,2300,1,Receive,2026-07-12 10:48:42
1673,8439,1,2026-01-30,Head Office,189908,64496,2026-01-17,Dee & Dee Lanka (pvt) Ltd,1400,1,Receive,2026-07-12 10:48:42
1499,8382,1,2026-01-17,Local Purchase,189908,64496,2026-01-17,Dee & Dee Lanka (pvt) Ltd,5600,1,Receive,2026-07-12 10:48:42
1498,8381,1,2026-01-17,Local Purchase,189908,64496,2026-06-04,Dee & Dee Lanka (pvt) Ltd,6190,1,Receive,2026-07-12 10:48:42
1496,8379,1,2026-01-17,Local Purchase,230975,9118,2026-01-12,Anthupitha Motors,7229.65,1,Receive,2026-07-12 10:48:42
1495,8378,1,2026-01-17,Local Purchase,,,,,,0,Receive,2026-07-12 10:48:42
583,6955,1,2026-01-17,Local Purchase,230975,9118,2026-01-12,Anthupitha Motors,2448,1,Receive,2026-07-12 10:48:42
582,6954,1,2026-01-17,Local Purchase,230975,9118,2026-01-12,Anthupitha Motors,8442,1,Receive,2026-07-12 10:48:42
2932,6953,1,2026-01-12,Local Store,230975,9118,2026-01-12,Anthupitha Motors,1636.88,1,Receive,2026-07-12 10:48:42
1497,8380,1,2026-01-17,Local Purchase,,,,,,0,Receive,2026-07-12 10:48:42
632,6967,2,2026-01-17,Local Purchase,189908,64496,2026-01-17,Dee & Dee Lanka (pvt) Ltd,690,1,Receive,2026-07-12 10:48:42
631,6961,2,2026-01-17,Local Purchase,189309,,2026-01-29,Sena Motors Enterprises,5830,1,Receive,2026-07-12 10:48:42
630,6959,2,2026-01-17,Local Purchase,189309,,2026-01-29,Sena Motors Enterprises,4950,1,Receive,2026-07-12 10:48:42
636,6971,1,2026-01-17,Local Purchase,189906,9113,2026-01-16,Anthupitha Motors,935.91,1,Receive,2026-07-12 10:48:42
635,6970,1,2026-01-17,Local Purchase,189906,9113,2026-01-16,Anthupitha Motors,1399.49,1,Receive,2026-07-12 10:48:42
634,6969,2,2026-01-17,Local Purchase,189906,9113,2026-01-16,Anthupitha Motors,137.75,1,Receive,2026-07-12 10:48:42
633,6968,1,2026-01-17,Local Purchase,,,,,,0,Receive,2026-07-12 10:48:42
581,6952,2,2026-01-14,Local Purchase,231000,28334,2026-01-14,Anrita Motors,4800,1,Receive,2026-07-12 10:48:42
580,6951,1,2026-01-14,Local Purchase,,,,,,0,Receive,2026-07-12 10:48:42
579,6950,1,2026-01-14,Local Purchase,230967,28361,2026-01-14,Anrita Motors,15700,1,Receive,2026-07-12 10:48:42
578,6949,1,2026-01-22,Head Office,,,,,,0,Receive,2026-07-12 10:48:42
577,6948,1,2026-01-15,Local Purchase,230991,4945,2026-01-15,Jeeniya Motors,750,1,Receive,2026-07-12 10:48:42
576,6947,4,2026-01-16,Local Purchase,,,,,,0,Receive,2026-07-12 10:48:42
575,6946,1,2026-01-16,Local Purchase,230993,,2026-01-16,Radeeka Motor Traders,1600,1,Receive,2026-07-12 10:48:42
574,6945,1,2026-01-22,Local Purchase,189924,9134,2026-01-22,Anthupitha Motors,1565,1,Receive,2026-07-12 10:48:42
573,6943,1,2026-01-19,Head Office,,,,,,0,Receive,2026-07-12 10:48:42
572,6941,1,2026-01-19,Head Office,,,,,,0,Receive,2026-07-12 10:48:42
571,6940,1,2026-01-16,Head Office,,,,,,0,Receive,2026-07-12 10:48:42
296,6444,10,2026-01-17,Local Purchase,230997,2322,2026-01-17,Anura Hardware,55,1,Receive,2026-07-12 10:48:42
2937,6923,1,2026-01-13,Local Store,230987,,2026-01-13,Manjula,4800,1,Receive,2026-07-12 10:48:42
626,6922,1,2026-01-17,Local Purchase,230972,,2026-01-17,Manjula,2000,1,Receive,2026-07-12 10:48:42
1569,8254,1,2025-12-18,Local Purchase,,,,,,0,Receive,2026-07-12 10:48:42
567,6935,1,2026-01-16,Head Office,,,,,,0,Receive,2026-07-12 10:48:42
570,6939,1,2026-01-13,Local Purchase,230988,,2026-01-13,Manjula,21500,1,Receive,2026-07-12 10:48:42
2927,6938,4,2026-01-14,Local Store,230959,9101,2026-01-14,Anthupitha Motors,145,1,Receive,2026-07-12 10:48:42
569,6937,1,2026-01-13,Local Purchase,230959,9101,2026-01-14,Anthupitha Motors,2000,1,Receive,2026-07-12 10:48:42
568,6936,1,2026-01-13,Local Purchase,230959,9101,2026-01-14,Anthupitha Motors,1350,1,Receive,2026-07-12 10:48:42
566,6934,1,2026-01-13,Local Purchase,230984,9090,2026-01-13,Anthupitha Motors,6023,1,Receive,2026-07-12 10:48:42
565,6931,2,2026-01-14,Local Purchase,,,,,,0,Receive,2026-07-12 10:48:42
564,6930,2,2026-01-15,Local Purchase,,,,,,0,Receive,2026-07-12 10:48:42
563,6929,2,2026-01-15,Local Purchase,,,,,,0,Receive,2026-07-12 10:48:42
2930,6013,3,2026-01-13,Local Store,230966,28369,2026-01-13,Anrita Motors,900,1,Receive,2026-07-12 10:48:42
1539,8422,1,2026-01-23,Head Office,189934,62,2026-01-27,St. Anthony's Motor Repair,2500,1,Receive,2026-07-12 10:48:42
614,6907,1,2026-01-15,Head Office,,,,,,0,Receive,2026-07-12 10:48:42
1515,8398,2,2026-01-21,Local Purchase,,,,,,0,Receive,2026-07-12 10:48:42
1478,8361,1,2026-01-14,Head Office,,,,,,0,Receive,2026-07-12 10:48:42
1477,8360,1,2026-01-14,Head Office,,,,,,0,Receive,2026-07-12 10:48:42
619,6914,1,2026-01-24,Head Office,,,,,,0,Receive,2026-07-12 10:48:42
618,6913,4,2026-01-21,Local Purchase,,,,,,0,Receive,2026-07-12 10:48:42
617,6912,1,2026-01-19,Local Purchase,,,,,,0,Receive,2026-07-12 10:48:42
616,6911,1,2026-01-20,Head Office,,,,,,0,Receive,2026-07-12 10:48:42
615,6910,1,2026-01-20,Head Office,,,,,,0,Receive,2026-07-12 10:48:42
1471,8354,3,2026-01-13,Local Purchase,,,,,,0,Receive,2026-07-12 10:48:42
627,6924,1,2026-01-12,Local Purchase,,,,,,0,Receive,2026-07-12 10:48:42
1470,8353,4,2026-01-13,Local Purchase,230994,,2026-01-13,Radeeka Motor Traders,475,1,Receive,2026-07-12 10:48:42
2863,6921,1,2026-01-13,Local Store,189909,19,2026-01-13,Sanduni & Pawani Auto Electrical,1000,1,Receive,2026-07-12 10:48:42
625,6920,1,2026-01-13,Local Purchase,,,,,,0,Receive,2026-07-12 10:48:42
624,6919,2,2026-01-13,Local Purchase,230994,,2026-01-13,Radeeka Motor Traders,275,1,Receive,2026-07-12 10:48:42
623,6918,1,2026-01-13,Local Purchase,"230963, 230994","A260113031,",2026-01-13,"Wijayamini Motors, Radeeka Motor Traders",1820,1,Receive,2026-07-12 10:48:42
629,6926,1,2026-01-14,Head Office,,,,,,0,Receive,2026-07-12 10:48:42
628,6925,1,2026-01-14,Head Office,,,,,,0,Receive,2026-07-12 10:48:42
622,6917,1,2026-01-12,Local Purchase,230965,9086,2026-01-12,Anthupitha Motors,873,1,Receive,2026-07-12 10:48:42
621,6916,1,2026-01-12,Local Purchase,230992,,2026-01-12,Sena Motor Enterprises,1650,1,Receive,2026-07-12 10:48:42
620,6915,1,2026-01-12,Local Purchase,,,,,,0,Receive,2026-07-12 10:48:42
2929,6909,2,2026-01-12,Local Store,230962,23357,2026-01-12,Anura Hardware,5700,1,Receive,2026-07-12 10:48:42
2928,6441,2,2026-01-14,Local Store,230961,2320,2026-01-14,Anura Hardware,190,1,Receive,2026-07-12 10:48:42
295,6440,8,2026-01-14,Local Purchase,230961,2320,2026-01-14,Anura Hardware,215,1,Receive,2026-07-12 10:48:42
294,6439,8,2026-01-14,Local Purchase,230961,2320,2026-01-14,Anura Hardware,215,1,Receive,2026-07-12 10:48:42
293,6438,8,2026-01-14,Local Purchase,230961,2320,2026-01-14,Anura Hardware,215,1,Receive,2026-07-12 10:48:42
292,6437,8,2026-01-14,Local Purchase,230961,2320,2026-01-14,Anura Hardware,215,1,Receive,2026-07-12 10:48:42
2933,6434,10,2026-01-19,Local Store,230977,49,2026-01-19,Cut Piece Center,100,1,Receive,2026-07-12 10:48:42
291,6433,21,2026-01-14,Local Purchase,189902,19762,2026-01-15,St. Anthony Filling Station,190.48,1,Receive,2026-07-12 10:48:42
1674,8440,1,2026-01-30,Local Purchase,231218,73,2026-02-08,St Anthonys Auto Electrical,17500,1,Receive,2026-07-12 10:48:42
1541,8424,1,2026-01-27,Local Purchase,231096,,2026-02-10,St. Anthony's Auto Electrical,40000,1,Receive,2026-07-12 10:48:42
613,6906,2,2026-01-12,Local Purchase,230995,173,2026-01-13,Raja Motor Works,1250,1,Receive,2026-07-12 10:48:42
612,6905,1,2026-01-12,Local Purchase,230969,9087,2026-01-14,Anthupitha Motors,1472.5,1,Receive,2026-07-12 10:48:42
2931,6904,1,2026-01-12,Local Store,230969,9087,2026-01-12,Anthupitha Motors,50,1,Receive,2026-07-12 10:48:42
611,6901,1,2026-01-14,Local Purchase,189310,58,2026-01-20,St. Anthony's Auto Electrical,7300,1,Receive,2026-07-12 10:48:42
2841,6899,1,2026-01-18,Local Store,189311,54,2026-01-18,St. Anthony's Auto Electrical,9500,1,Receive,2026-07-12 10:48:42
610,6897,1,2026-01-13,Local Purchase,230974,10650,2026-01-13,Otek Motor House,3850,1,Receive,2026-07-12 10:48:42
609,6896,1,2026-01-13,Local Purchase,189903,231,2026-01-13,Dammika Motors,7000,1,Receive,2026-07-12 10:48:42
2871,9520,1,2026-01-10,Local Store,189917,51,2026-01-10,St. Anthony's Auto Electrical,14000,1,Receive,2026-07-12 10:48:42
1807,8573,1,2026-03-05,Head Office,,,,,,0,Receive,2026-07-12 10:48:42
1481,8364,1,2026-01-15,Local Purchase,,,,,,0,Receive,2026-07-12 10:48:42
1480,8363,1,2026-01-15,Local Purchase,,,,,,0,Receive,2026-07-12 10:48:42
60,6012,2,2026-01-14,Local Purchase,189534,2513,2026-01-16,Kumara Filters (pvt) Ltd,1000,1,Receive,2026-07-12 10:48:42
59,6011,1,2026-01-14,Local Purchase,189534,2513,2026-01-16,Kumara Filters (pvt) Ltd,2200,1,Receive,2026-07-12 10:48:42
58,6010,1,2026-01-14,Local Purchase,189534,2513,2026-01-16,Kumara Filters (pvt) Ltd,1900,1,Receive,2026-07-12 10:48:42
1514,8397,1,2026-01-21,Local Purchase,189326,76,2026-01-21,I S Marketing,265,1,Receive,2026-07-12 10:48:42
1472,8355,1,2026-01-13,Local Purchase,189326,76,2026-01-21,I S Marketing,360,1,Receive,2026-07-12 10:48:42
607,6893,1,2026-01-13,Local Purchase,,,,,,0,Receive,2026-07-12 10:48:42
606,6891,1,2026-02-05,Local Purchase,231072,10226,2026-02-05,Otek Motor House,2300,1,Receive,2026-07-12 10:48:42
1482,8365,1,2026-01-15,Local Purchase,,,,,,0,Receive,2026-07-12 10:48:42
55,6004,1,2026-01-16,Head Office,189531,2517,2026-01-16,Kumara Filters (pvt) Ltd,6000.01,1,Receive,2026-07-12 10:48:42
54,6003,1,2026-02-14,Head Office,230107,2671,2026-02-16,Kumara Filters (pvt) Ltd,13000,1,Receive,2026-07-12 10:48:42
53,6002,1,2026-01-16,Head Office,189535,2513,2026-01-16,Kumara Filters (pvt) Ltd,2000.01,1,Receive,2026-07-12 10:48:42
52,6001,1,2026-01-16,Head Office,189535,2513,2026-01-16,Kumara Filters (pvt) Ltd,3199.99,1,Receive,2026-07-12 10:48:42
1476,8359,1,2026-01-14,Local Purchase,230989,,2026-01-14,Manjula,6500,1,Receive,2026-07-12 10:48:42
605,6890,1,2026-01-10,Local Purchase,231045,,2026-01-10,Manjula,3000,1,Receive,2026-07-12 10:48:42
608,6895,1,2026-01-13,Local Purchase,,,,,,0,Receive,2026-07-12 10:48:42
2861,6889,2,2026-01-10,Local Store,231042,32177,2026-01-10,Ruhunu Enterprises,2437.5,1,Receive,2026-07-12 10:48:42
604,6887,2,2026-01-20,Local Purchase,189312,28450,2026-01-20,Anrita Motors,1750,1,Receive,2026-07-12 10:48:42
603,6886,2,2026-01-20,Local Purchase,189312,28450,2026-01-20,Anrita Motors,5500,1,Receive,2026-07-12 10:48:42
57,6009,1,2026-01-28,Head Office,,,,,,0,Receive,2026-07-12 10:48:42
2722,6007,1,2026-01-21,Direct Purchase,189534,2513,2026-01-16,Kumara Filters (pvt) Ltd,5500,1,Receive,2026-07-12 10:48:42
2723,6006,1,2026-01-16,Direct Purchase,189535,2513,2026-01-16,Kumara Filters (pvt) Ltd,2500,1,Receive,2026-07-12 10:48:42
56,6005,1,2026-01-14,Local Purchase,189534,2513,2026-01-16,Kumara Filters (pvt) Ltd,1500,1,Receive,2026-07-12 10:48:42
2887,9524,2,2026-01-09,Local Store,189932,28334,2026-01-09,Anrita Motors,2000,1,Receive,2026-07-12 10:48:42
2859,9513,1,2026-01-09,Local Store,231025,,2026-01-09,Dinesh Radiator House,16000,1,Receive,2026-07-12 10:48:42
1661,8347,1,2026-01-09,Local Purchase,189932,28334,2026-01-09,Anrita Motors,1500,1,Receive,2026-07-12 10:48:42
2862,6879,1,2026-01-18,Local Store,231044,55,2026-01-18,St. Anthony's Auto Electrical,3500,1,Receive,2026-07-12 10:48:42
596,6878,2,2026-01-10,Local Purchase,231041,117,2026-01-10,Cushion Center,700,1,Receive,2026-07-12 10:48:42
595,6877,2,2026-01-09,Local Purchase,189932,28334,2026-01-09,Anrita Motors,700,1,Receive,2026-07-12 10:48:42
602,6885,2,2026-01-10,Local Purchase,231040,10628,2026-01-10,Otek Motor House,2450,1,Receive,2026-07-12 10:48:42
601,6884,2,2026-01-10,Local Purchase,231043,2601-0296,2026-01-10,Subasinghe Heavy Machinery,2800,1,Receive,2026-07-12 10:48:42
600,6883,2,2026-01-09,Head Office,,,,,,0,Receive,2026-07-12 10:48:42
599,6882,2,2026-01-09,Local Purchase,230951,,2026-01-09,Manjula,3500,1,Receive,2026-07-12 10:48:42
598,6881,3,2026-01-09,Local Purchase,231050,,2026-01-09,Manjula,6066.67,1,Receive,2026-07-12 10:48:42
597,6880,1,2026-01-17,Local Purchase,189313,57,2026-01-19,St. Anthony's Auto Electrical,3500,1,Receive,2026-07-12 10:48:42
2869,9518,1,2026-01-08,Local Store,189915,52,2026-01-08,St. Anthony's Auto Electrical,5500,1,Receive,2026-07-12 10:48:42
1465,8228,1,2025-12-15,Head Office,,,,,,0,Receive,2026-07-12 10:48:42
591,6872,1,2026-01-09,Local Purchase,231048,28339,2026-01-09,Anrita  Motors,5000,1,Receive,2026-07-12 10:48:42
590,6871,2,2026-01-09,Local Purchase,231048,28339,2026-01-09,Anrita Motors,4950,1,Receive,2026-07-12 10:48:42
1416,8178,1,2025-12-12,Local Purchase,,,,,,0,Receive,2026-07-12 10:48:42
594,6875,0.5,2026-01-09,Local Purchase,231049,11657,2026-01-09,Gayas Ali Paint Gallery,2800,1,Receive,2026-07-12 10:48:42
593,6874,1,2026-01-09,Local Purchase,231047,2312,2026-01-09,Anura Hardware,750,1,Receive,2026-07-12 10:48:42
592,6873,1,2026-01-09,Local Purchase,231046,JJ-25-7722,2026-01-09,Jeewa Plastic (pvt) Ltd,5100,1,Receive,2026-07-12 10:48:42
589,6870,4,2026-01-08,Head Office,,,,,,0,Receive,2026-07-12 10:48:42
588,6869,8,2026-01-08,Head Office,,,,,,0,Receive,2026-07-12 10:48:42
587,6867,1,2026-01-14,Local Purchase,,,,,,0,Receive,2026-07-12 10:48:42
586,6866,10,2026-01-09,Head Office,,,,,,0,Receive,2026-07-12 10:48:42
585,6865,10,2026-01-09,Head Office,,,,,,0,Receive,2026-07-12 10:48:42
584,6864,10,2026-01-09,Head Office,,,,,,0,Receive,2026-07-12 10:48:42
562,6863,10,2026-01-09,Head Office,,,,,,0,Receive,2026-07-12 10:48:42
561,6862,5,2026-01-09,Head Office,,,,,,0,Receive,2026-07-12 10:48:42
560,6861,5,2026-01-09,Head Office,,,,,,0,Receive,2026-07-12 10:48:42
559,6859,2,2026-02-05,Local Purchase,231074,23792,2026-02-08,Anrita Motors,2600,1,Receive,2026-07-12 10:48:42
558,6858,1,2026-02-05,Local Purchase,231074,28792,2026-02-08,Anrita Motors,2200,1,Receive,2026-07-12 10:48:42
2843,9503,1,2026-01-07,Local Store,189332,10599,2026-01-07,Otek Motor House,150,1,Receive,2026-07-12 10:48:42
2844,9502,1,2026-06-07,Local Store,189332,10599,2026-01-07,Otek Motor House,2100,1,Receive,2026-07-12 10:48:42
2845,9501,1,2026-01-07,Local Store,189332,10599,2026-01-07,Otek Motor House,2800,1,Receive,2026-07-12 10:48:42
2846,9500,1,2026-01-07,Local Store,189332,10599,2026-01-07,Otek Motor House,2900,1,Receive,2026-07-12 10:48:42
1660,8346,2,2026-01-08,Local Purchase,2310239,,2026-01-08,Radeeka Motor Traders,275,1,Receive,2026-07-12 10:48:42
1640,8326,1,2026-01-07,Local Purchase,230954,9089,2026-01-13,Anthupitha Motors,8669,1,Receive,2026-07-12 10:48:42
551,6844,3,2026-01-07,Local Purchase,140542,9089,2026-01-22,Anthupitha Motors,440,1,Receive,2026-07-12 10:48:42
550,6843,2,2026-01-07,Head Office,231032,CB037889,2026-01-07,Senaka Motors,23000,1,Receive,2026-07-12 10:48:42
549,6842,1,2026-01-07,Local Purchase,230954,9089,2026-01-13,Anthupitha Motors,8569,1,Receive,2026-07-12 10:48:42
557,6857,6,2026-01-12,Local Purchase,,,,,,0,Receive,2026-07-12 10:48:42
556,6856,1,2026-01-12,Local Purchase,231036,0394,2026-01-06,Dushan New Diesel Center,47700,1,Receive,2026-07-12 10:48:42
555,6855,1,2026-01-09,Local Purchase,231038,28338,2026-01-09,Anrita Motors,1500,1,Receive,2026-07-12 10:48:42
554,6854,1,2026-01-09,Local Purchase,231037,10617,2026-01-09,Otek Motor House,1400,1,Receive,2026-07-12 10:48:42
553,6850,6,2026-01-09,Local Purchase,231038,28338,2026-01-09,Anrita Motors,185,1,Receive,2026-07-12 10:48:42
552,6849,1,2026-01-09,Local Purchase,231038,28338,2026-01-09,Anrita Motors,1100,1,Receive,2026-07-12 10:48:42
2936,6846,4,2026-01-13,Local Store,230982,9088,2026-01-13,Anthupitha Motors,135,1,Receive,2026-07-12 10:48:42
2935,6845,20,2026-01-13,Local Store,230982,9088,2026-01-13,Anthupitha Motors,380,1,Receive,2026-07-12 10:48:42
51,6000,1,2026-01-07,Head Office,189525,2485,2026-01-10,Kumara Filters (pvt) Ltd,4900,1,Receive,2026-07-12 10:48:42
2870,9519,1,2026-01-06,Local Store,189916,53,2026-01-06,St. Anthony's Auto Electrical,3500,1,Receive,2026-07-12 10:48:42
2868,9517,5,2026-01-06,Local Store,189914,,2026-01-06,Sha  Book Shop,60,1,Receive,2026-07-12 10:48:42
1529,8412,2,2026-01-22,Local Purchase,,,,,,0,Receive,2026-07-12 10:48:42
1643,8329,1,2026-01-07,Local Purchase,231035,205,2026-01-06,Suranga Cushion Works,7500,1,Receive,2026-07-12 10:48:42
1642,8328,1,2026-01-07,Local Purchase,231035,205,2026-01-06,Suranga Cushion Works,8500,1,Receive,2026-07-12 10:48:42
1641,8327,2,2026-01-07,Local Purchase,231034,204,2026-01-06,Suranga Cushion Works,6500,1,Receive,2026-07-12 10:48:42
1581,8267,1,2025-12-19,Head Office,,,,,,0,Receive,2026-07-12 10:48:42
537,6825,4,2026-01-06,Head Office,,,,,,0,Receive,2026-07-12 10:48:42
548,6841,1,2026-01-09,Local Purchase,231030,11658,2026-01-09,Gayas Ali Paint Gallery,500,1,Receive,2026-07-12 10:48:42
547,6840,1,2026-01-09,Local Purchase,231030,11658,2026-01-09,Gayas Ali Paint Gallery,300,1,Receive,2026-07-12 10:48:42
546,6839,5,2026-01-09,Local Purchase,231030,11658,2026-01-09,Gayas Ali Paint Gallery,500,1,Receive,2026-07-12 10:48:42
545,6838,2,2026-01-09,Local Purchase,231030,11658,2026-01-09,Gayas Ali Paint Gallery,1500,1,Receive,2026-07-12 10:48:42
544,6837,1,2026-01-12,Local Purchase,231031,54,2026-01-10,St. Anthony's Auto Electrical,3500,1,Receive,2026-07-12 10:48:43
2858,6836,1,2026-01-08,Local Store,231023,77,2026-01-08,Karunarathna ELectricals,2500,1,Receive,2026-07-12 10:48:43
543,6835,1,2026-01-07,Head Office,,,,,,0,Receive,2026-07-12 10:48:43
542,6834,1,2026-01-07,Local Purchase,231033,024,2026-01-06,S.M Motors,12500,1,Receive,2026-07-12 10:48:43
541,6832,4,2026-01-22,Head Office,,,,,,0,Receive,2026-07-12 10:48:43
540,6831,1,2026-01-28,Head Office,,,,,,0,Receive,2026-07-12 10:48:43
539,6828,1,2026-01-08,Head Office,,,,,,0,Receive,2026-07-12 10:48:43
538,6826,1,2026-01-09,Head Office,,,,,,0,Receive,2026-07-12 10:48:43
290,6429,25,2026-01-06,Local Purchase,231016,0395,2026-01-06,Dushan New Diesel Center,14,1,Receive,2026-07-12 10:48:43
289,6428,25,2026-01-06,Local Purchase,231016,0395,2026-01-06,Dushan New Diesel Center,35,1,Receive,2026-07-12 10:48:43
288,6427,25,2026-01-06,Local Purchase,231016,0395,2026-01-06,Dushan New Diesel Center,12,1,Receive,2026-07-12 10:48:43
2850,9507,1,2026-01-05,Local Store,189336,,2026-01-05,Pradeep Auto AC,14500,1,Receive,2026-07-12 10:48:43
1546,8429,1,2026-01-28,Head Office,,,,,,0,Receive,2026-07-12 10:48:43
277,6416,1,2026-01-08,Head Office,,,,,,0,Receive,2026-07-12 10:48:43
1516,8399,2,2026-01-21,Local Purchase,189316,,2026-01-21,Radeeka Motor Traders,1800,1,Receive,2026-07-12 10:48:43
532,6820,5,2026-01-09,Local Purchase,189303,9123,2026-01-20,Anthupitha Motors,423.73,1,Receive,2026-07-12 10:48:43
1633,8319,4,2026-01-06,Head Office,189515,HOINC0206866,2026-01-05,Semini Motors,2504.99,1,Receive,2026-07-12 10:48:43
536,6824,10,2026-01-06,Local Purchase,231039,98,2026-01-06,J.M.D Holdings (pvt) Ltd,250,1,Receive,2026-07-12 10:48:43
535,6823,10,2026-01-06,Local Purchase,231039,98,2026-01-06,J.M.D Holdings (pvt) Ltd,400,1,Receive,2026-07-12 10:48:43
534,6822,4,2026-01-16,Head Office,,,,,,0,Receive,2026-07-12 10:48:43
533,6821,1,2026-01-16,Head Office,,,,,,0,Receive,2026-07-12 10:48:43
531,6818,2,2026-01-22,Local Purchase,189925,730,2026-01-22,Master Mi Sit,400,1,Receive,2026-07-12 10:48:43
287,6426,8,2026-01-07,Local Purchase,231019,,2026-01-07,Radeeka Motor Traders,300,1,Receive,2026-07-12 10:48:43
286,6425,1,2026-01-07,Local Purchase,231019,,2026-01-07,Radeeka Motor Traders,2580,1,Receive,2026-07-12 10:48:43
285,6424,2,2026-01-12,Local Purchase,,,,,,0,Receive,2026-07-12 10:48:43
284,6423,20,2026-01-09,Local Purchase,231024,10168,2026-01-09,Otek Motor House,20,1,Receive,2026-07-12 10:48:43
283,6422,6,2026-01-09,Local Purchase,231037,10617,2026-01-09,Otek Motor House,1400,1,Receive,2026-07-12 10:48:43
282,6421,5,2026-01-10,Local Purchase,231027,10630,2026-01-10,Otek Motor House,1200,1,Receive,2026-07-12 10:48:43
281,6420,5,2026-01-09,Local Purchase,231024,10618,2026-01-09,Otek Motor House,1100,1,Receive,2026-07-12 10:48:43
280,6419,3.4,2026-01-15,Local Purchase,189904,7286,2026-01-14,Dasanayaka Fuel Filling Station,294.12,1,Receive,2026-07-12 10:48:43
279,6418,21,2026-01-08,Local Purchase,231022,,2026-01-08,Lanka Filing Station Madampella,190.48,1,Receive,2026-07-12 10:48:43
278,6417,10,2026-01-12,Local Purchase,230973,37,2026-01-12,Cut Piece Center,150,1,Receive,2026-07-12 10:48:43
2714,5999,1,2026-01-16,Direct Purchase,189529,2517,2026-01-16,Kumara Filters (pvt) Ltd,5000,1,Receive,2026-07-12 10:48:43
50,5997,1,2026-01-16,Local Purchase,230986,9111,2026-01-16,Anthupitha Motors,3006,1,Receive,2026-07-12 10:48:43
49,5996,1,2026-01-16,Local Purchase,230986,9111,2026-01-16,Anthupitha Motors,4716,1,Receive,2026-07-12 10:48:43
48,5995,1,2026-01-10,Head Office,189525,2485,2026-01-10,Kumara Filters (pvt) Ltd,3899.99,1,Receive,2026-07-12 10:48:43
47,5994,1,2026-01-10,Head Office,189525,2485,2026-01-10,Kumara Filters (pvt) Ltd,6100,1,Receive,2026-07-12 10:48:43
46,5993,1,2026-01-10,Head Office,189525,2485,2026-01-10,Kumara Filters (pvt) Ltd,4500,1,Receive,2026-07-12 10:48:43
1579,8265,1,2025-12-19,Head Office,,,,,,0,Receive,2026-07-12 10:48:43
1577,8263,1,2025-12-19,Head Office,,,,,,0,Receive,2026-07-12 10:48:43
1576,8262,1,2025-12-19,Head Office,,,,,,0,Receive,2026-07-12 10:48:43
530,6817,2,2026-01-04,Local Purchase,231006,,2025-01-04,Radeeka Motor Traders,160,1,Receive,2026-07-12 10:48:43
529,6816,1,2026-01-04,Local Purchase,231006,,2026-01-04,Radeeka Motor Traders,2580,1,Receive,2026-07-12 10:48:43
528,6815,8,2026-01-04,Local Purchase,231006,,2026-01-04,Radeeka Motor Traders,1700,1,Receive,2026-07-12 10:48:43
527,6814,1,2026-01-05,Head Office,,,,,,0,Receive,2026-07-12 10:48:43
526,6813,2,2026-01-05,Head Office,,,,,,0,Receive,2026-07-12 10:48:43
525,6812,10,2026-01-06,Head Office,,,,,,0,Receive,2026-07-12 10:48:43
42,5989,1,2026-01-28,Head Office,189538,2574,2026-01-29,Kumara Filters (pvt) Ltd,7500,1,Receive,2026-07-12 10:48:43
41,5988,3,2026-01-14,Local Purchase,189523,2517,2026-01-16,Kumara Filters (pvt) Ltd,8500,1,Receive,2026-07-12 10:48:43
1645,8331,1,2026-01-08,Local Purchase,231001,,2025-12-06,Radeeka Motor Traders,2900,1,Receive,2026-07-12 10:48:43
521,6807,1,2026-01-03,Local Purchase,"231015, 189935","5984,",2026-01-03,"Pro Cool Spare Parts Station, Pradeep Auto AC",13500,1,Receive,2026-07-12 10:48:43
1639,8325,1,2026-01-06,Head Office,,,,,,0,Receive,2026-07-12 10:48:43
1638,8324,1,2026-01-06,Head Office,,,,,,0,Receive,2026-07-12 10:48:43
1637,8323,1,2026-01-06,Head Office,,,,,,0,Receive,2026-07-12 10:48:43
523,6810,1,2026-01-06,Head Office,,,,,,0,Receive,2026-07-12 10:48:43
522,6809,1,2026-01-06,Head Office,,,,,,0,Receive,2026-07-12 10:48:43
524,6811,1,2026-01-06,Head Office,,,,,,0,Receive,2026-07-12 10:48:43
520,6806,1,2026-01-06,Head Office,,,,,,0,Receive,2026-07-12 10:48:43
45,5992,2,2026-01-21,Head Office,189533,2528,2026-01-21,Kumara Filters (pvt) Ltd,7500,1,Receive,2026-07-12 10:48:43
44,5991,2,2026-01-21,Head Office,189533,2528,2026-01-21,Kumara Filters (pvt) Ltd,8500,1,Receive,2026-07-12 10:48:43
43,5990,2,2026-01-21,Head Office,189533,2528,2026-01-21,Kumara Filters (pvt) Ltd,5999.99,1,Receive,2026-07-12 10:48:43
40,5987,1,2026-01-28,Head Office,,,,,,0,Receive,2026-07-12 10:48:43
39,5986,1,2026-01-28,Head Office,2517,2517,2026-01-16,Kumara Filters (pvt) Ltd,5500,1,Receive,2026-07-12 10:48:43
2715,5983,2,2026-01-16,Direct Purchase,189529,2517,2026-01-16,Kumara Filters (pvt) Ltd,9799.99,1,Receive,2026-07-12 10:48:43
1648,8334,1,2026-01-08,Local Purchase,231003,089,2025-12-20,Union Motors,80,1,Receive,2026-07-12 10:48:43
516,6802,1,2026-01-14,Local Purchase,230960,9102,2026-01-14,Anthupitha Motors,3465,1,Receive,2026-07-12 10:48:43
1632,8318,6,2026-01-02,Local Purchase,231010,9771,2026-01-02,J & J Pharmacy & Groceries,20,1,Receive,2026-07-12 10:48:43
1631,8317,1,2026-01-02,Local Purchase,231010,9771,2026-01-02,J & J Pharmacy & Groceries,190,1,Receive,2026-07-12 10:48:43
1630,8316,1,2026-01-02,Local Purchase,231011,9771,2026-01-02,J & J Pharmacy & Groceries,180,1,Receive,2026-07-12 10:48:43
276,6412,1,2026-01-02,Local Purchase,231010,9771,2026-01-02,J & J Pharmacy & Groceries,250,1,Receive,2026-07-12 10:48:43
275,6411,1,2026-01-02,Local Purchase,231011,9771,2026-01-02,J & J Pharmacy & Groceries,340,1,Receive,2026-07-12 10:48:43
274,6410,1,2026-01-02,Local Purchase,231011,9771,2026-01-02,J & J Pharmacy & Groceries,200,1,Receive,2026-07-12 10:48:43
273,6409,1,2026-01-02,Local Purchase,231010,9771,2026-01-02,J & J Pharmacy & Groceries,490,1,Receive,2026-07-12 10:48:43
272,6408,1,2026-01-02,Local Purchase,231010,9771,2026-01-02,J & J Pharmacy & Groceries,502.56,1,Receive,2026-07-12 10:48:43
271,6407,2,2026-01-02,Local Purchase,231011,9771,2026-01-02,J & J Pharmacy & Groceries,50,1,Receive,2026-07-12 10:48:43
270,6406,1,2026-01-02,Local Purchase,231011,9771,2026-01-02,J & J Pharmacy & Groceries,300,1,Receive,2026-07-12 10:48:43
269,6405,2,2026-01-02,Local Purchase,231012,9771,2026-01-02,J & J Pharmacy & Groceries,135,1,Receive,2026-07-12 10:48:43
2856,6404,1,2026-01-02,Local Store,231012,9771,2026-01-02,J & J Pharmacy & Groceries,200,1,Receive,2026-07-12 10:48:43
1618,8304,1,2025-12-29,Local Purchase,189370,13005,2025-12-29,Krishantha Motors,110000,1,Receive,2026-07-12 10:48:43
518,6804,1,2026-01-03,Local Purchase,,,,,,0,Receive,2026-07-12 10:48:43
517,6803,1,2026-01-02,Head Office,189306,9124,2026-01-20,Anthupitha Motors,693,1,Receive,2026-07-12 10:48:43
519,6805,1,2026-01-08,Head Office,,,,,,0,Receive,2026-07-12 10:48:43
515,6801,1,2026-01-06,Head Office,,,,,,0,Receive,2026-07-12 10:48:43
514,6800,8,2026-01-05,Head Office,,,,,,0,Receive,2026-07-12 10:48:43
513,6799,4,2026-01-05,Head Office,,,,,,0,Receive,2026-07-12 10:48:43
512,6798,2,2026-01-05,Head Office,,,,,,0,Receive,2026-07-12 10:48:43
1809,8575,2,2026-03-06,Local Purchase,189894,2603-0152,2026-03-06,Subasinghe Heavy Machinery,4600,1,Receive,2026-07-12 10:48:43
2946,9578,1,2025-12-31,Local Store,189372,73,2025-12-31,Karunarathna Electrical,4500,1,Receive,2026-07-12 10:48:43
1629,8315,1,2026-01-02,Local Purchase,,,,,,0,Receive,2026-07-12 10:48:43
1627,8313,1,2026-01-02,Local Purchase,,,,,,0,Receive,2026-07-12 10:48:43
2857,6791,1,2026-02-01,Local Store,231014,0377,2026-01-02,Dushan New Diesel Center,4500,1,Receive,2026-07-12 10:48:43
510,6790,12,2025-12-31,Local Purchase,189302,9127,2026-01-20,Anthupitha Motors,380,1,Receive,2026-07-12 10:48:43
1432,8194,1,2025-12-13,Local Purchase,,,,,,0,Receive,2026-07-12 10:48:43
511,6792,1,2026-01-08,Head Office,,,,,,0,Receive,2026-07-12 10:48:43
268,6403,20,2026-01-07,Local Purchase,"231009,231018","32099,32130",2026-01-07,Ruhunu Enterp[rises,250,1,Receive,2026-07-12 10:48:43
38,5978,1,2026-01-21,Head Office,189532,252,2026-01-21,Kumara Filters (pvt) Ltd,1500,1,Receive,2026-07-12 10:48:43
37,5977,1,2026-01-21,Head Office,189532,252,2026-01-21,Kumara Filters (pvt) Ltd,1500,1,Receive,2026-07-12 10:48:43
2956,9583,2,2025-12-30,Local Store,189382,4330,2025-12-30,Sri Lal Stores,425,1,Receive,2026-07-12 10:48:43
2947,9579,4.4,2025-12-24,Local Store,189374,L-1641,2025-12-24,Lanka IOC,319,1,Receive,2026-07-12 10:48:43
1625,8311,12,2026-01-02,Local Purchase,231005,2307,2026-01-02,Anura Hardware,100,1,Receive,2026-07-12 10:48:43
263,6390,6,2025-12-30,Head Office,,,,,,0,Receive,2026-07-12 10:48:43
2955,9582,6,2025-12-30,Local Store,189382,4330,2025-12-30,Sri Lal Stores,350,1,Receive,2026-07-12 10:48:43
1575,8261,1,2025-12-19,Head Office,,,,,,0,Receive,2026-07-12 10:48:43
499,6778,1,2026-01-05,Head Office,,,,,,0,Receive,2026-07-12 10:48:43
1413,8175,6,2025-12-12,Head Office,,,,,,0,Receive,2026-07-12 10:48:43
502,6781,1,2025-12-31,Local Purchase,189373,10553,2025-12-31,Otek Motor House,160,1,Receive,2026-07-12 10:48:43
501,6780,1,2025-12-31,Local Purchase,189307,9125,2026-01-20,Anthupitha Motors,5111,1,Receive,2026-07-12 10:48:43
509,6788,1,2025-12-31,Local Purchase,231007,PSIR-NEG-64033,2026-01-05,Dee & Dee Lanka (pvt) Ltd,5100,1,Receive,2026-07-12 10:48:43
508,6787,1,2025-12-31,Local Purchase,189305,9128,2026-01-20,Anthupitha Motors,7785,1,Receive,2026-07-12 10:48:43
507,6786,1,2025-12-31,Local Purchase,189305,9128,2026-01-20,Anthupitha Motors,2370,1,Receive,2026-07-12 10:48:43
506,6785,2,2025-12-31,Local Purchase,189305,9128,2026-01-20,Anthupitha Motors,590,1,Receive,2026-07-12 10:48:43
2951,6785,1,2025-12-31,Local Store,189378,,2025-12-31,Sena Motor Enterprises,860,1,Receive,2026-07-12 10:48:43
505,6784,1,2025-12-31,Local Purchase,189304,9126,2026-01-20,Anthupitha Motors,5846.08,1,Receive,2026-07-12 10:48:43
504,6783,1,2025-12-31,Local Purchase,189305,9128,2026-01-20,Anthupitha Motors,7794.77,1,Receive,2026-07-12 10:48:43
503,6782,1,2026-01-05,Local Purchase,189305,9128,2026-01-20,Anthupitha Motors,5066.6,1,Receive,2026-07-12 10:48:43
500,6779,1,2026-01-02,Head Office,,,,,,0,Receive,2026-07-12 10:48:43
498,6777,1,2025-12-30,Head Office,,,,,,0,Receive,2026-07-12 10:48:43
267,6401,1,2025-12-30,Head Office,189371,1572,2025-12-30,Macsha Electronic & LED,350,1,Receive,2026-07-12 10:48:43
266,6400,5,2026-01-06,Local Purchase,231017,2309,2026-01-06,Anura Hardware,850,1,Receive,2026-07-12 10:48:43
265,6399,1,2025-12-30,Head Office,189371,1572,2025-12-30,Macsha Electronic & LED,1100,1,Receive,2026-07-12 10:48:43
1537,8420,1,2026-01-23,Head Office,189927,2858,2026-01-23,Pradeepa Garage,4000,1,Receive,2026-07-12 10:48:43
1536,8419,1,2026-01-23,Head Office,,,,,,0,Receive,2026-07-12 10:48:43
36,5976,1,2026-01-10,Head Office,189526,2485,2026-01-10,Kumara Filters (pvt) Ltd,1500,1,Receive,2026-07-12 10:48:43
35,5975,1,2026-01-10,Head Office,189526,2485,2026-10-01,Kumara Filters (pvt) Ltd,3800,1,Receive,2026-07-12 10:48:43
34,5974,1,2026-01-10,Head Office,189525,2485,2026-01-10,Kumara Filters (pvt) Ltd,7500,1,Receive,2026-07-12 10:48:43
1635,8321,2,2026-01-06,Head Office,,,,,,0,Receive,2026-07-12 10:48:43
1619,8305,1,2025-12-30,Head Office,,,,,,0,Receive,2026-07-12 10:48:43
497,6776,2,2026-01-06,Head Office,,,,,,0,Receive,2026-07-12 10:48:43
33,5968,1,2026-01-21,Head Office,189533,2528,2026-01-21,Kumara Filters (pvt) Ltd,4500,1,Receive,2026-07-12 10:48:43
32,5967,1,2026-01-28,Head Office,189532,252,2026-01-21,Kumara Filters (pvt) Ltd,9500,1,Receive,2026-07-12 10:48:43
31,5966,1,2026-01-21,Head Office,189532,252,2026-01-21,Kumara Filters (pvt) Ltd,7500,1,Receive,2026-07-12 10:48:43
496,6774,2,2025-12-30,Head Office,189950,9130,2026-01-21,Anthupitha Motors,2196,1,Receive,2026-07-12 10:48:43
1600,8286,12,2025-12-23,Local Purchase,230940,,2025-12-22,Radeeka Motor Traders,130,1,Receive,2026-07-12 10:48:43
1596,8282,6,2025-12-22,Local Purchase,,,,,,0,Receive,2026-07-12 10:48:43
260,6386,1,2025-12-23,Local Purchase,230939,,2025-12-22,Radeeka Motor Traders,2580,1,Receive,2026-07-12 10:48:43
259,6385,12,2025-12-23,Local Purchase,230940,,2025-12-22,Radeeka Motor Traders,208.34,1,Receive,2026-07-12 10:48:43
258,6384,50,2025-12-23,Local Purchase,230940,,2025-12-22,Radeeka Motor Traders,12,1,Receive,2026-07-12 10:48:43
2576,6384,50,2025-12-22,Local Store,"230940, 230958",9097,2025-01-13,"Radeeka Motor Traders, Anthupitha Motors",20,1,Receive,2026-07-12 10:48:43
257,6383,12,2025-12-23,Local Purchase,230939,,2025-12-22,Radeeka Motor Traders,60,1,Receive,2026-07-12 10:48:43
256,6382,12,2025-12-23,Local Purchase,230939,,2025-12-22,Radeeka Motor Traders,60,1,Receive,2026-07-12 10:48:43
255,6381,20,2025-12-22,Local Purchase,,,,,,0,Receive,2026-07-12 10:48:43
254,6380,20,2025-12-22,Local Purchase,230956,9024,2026-01-13,Anthupitha Motors,327.75,1,Receive,2026-07-12 10:48:43
253,6379,7,2025-12-22,Local Purchase,,,,,,0,Receive,2026-07-12 10:48:43
252,6378,20,2025-12-22,Local Purchase,230931,10499,2025-12-22,Otek Motor House,100,1,Receive,2026-07-12 10:48:43
251,6377,6,2025-12-23,Local Purchase,230932,10499,2025-12-22,Otek Motor House,90,1,Receive,2026-07-12 10:48:43
2565,6377,14,2025-12-22,Local Store,230932,10499,2025-12-22,Otek Motor House,90,1,Receive,2026-07-12 10:48:43
250,6376,6,2025-12-23,Local Purchase,230931,10499,2025-12-22,Otek Motor House,90,1,Receive,2026-07-12 10:48:43
2564,6376,14,2025-12-22,Local Store,230931,10499,2025-12-22,Otek Motor HOuse,90,1,Receive,2026-07-12 10:48:43
495,6773,12,2025-12-29,Local Purchase,230933,10514,2025-12-27,Otek Motor House,550,1,Receive,2026-07-12 10:48:43
2934,6772,4,2026-01-13,Local Store,230981,9096,2026-01-13,,40,1,Receive,2026-07-12 10:48:43
2555,6771,1,2025-12-28,Local Store,230924,2304,2026-12-28,Anura Traders,100,1,Receive,2026-07-12 10:48:43
2554,6770,2,2025-12-28,Local Store,230924,2304,2026-12-28,Anura Hardware,660,1,Receive,2026-07-12 10:48:43
2556,6770,1,2025-12-27,Local Store,230925,2799,2026-12-27,Anura Traders,660,1,Receive,2026-07-12 10:48:43
494,6769,4,2026-01-13,Local Purchase,230985,9099,2026-01-13,Anthupitha Motoprs,978.3,1,Receive,2026-07-12 10:48:43
1654,8340,70,2026-01-08,Local Purchase,189395,,2025-12-23,Sena Hardware,41.43,1,Receive,2026-07-12 10:48:43
1646,8332,2,2026-01-08,Local Purchase,231002,10,2025-12-17,J.M.D Holdings (pvt) Ltd,2000,1,Receive,2026-07-12 10:48:43
29,5964,1,2025-12-26,Head Office,,,,,,0,Receive,2026-07-12 10:48:43
28,5963,1,2025-12-26,Head Office,,,,,,0,Receive,2026-07-12 10:48:43
27,5962,1,2025-12-26,Head Office,,,,,,0,Receive,2026-07-12 10:48:43
1611,8297,2,2025-12-26,Local Purchase,,,,,,0,Receive,2026-07-12 10:48:43
492,6764,2,2025-12-26,Local Purchase,,,,,,0,Receive,2026-07-12 10:48:43
1395,8157,1,2025-12-11,Head Office,,,,,,0,Receive,2026-07-12 10:48:43
493,6765,1,2025-12-26,Head Office,,,,,,0,Receive,2026-07-12 10:48:43
264,6398,25,2026-01-06,Head Office,,,,,,0,Receive,2026-07-12 10:48:43
30,5965,1,2025-12-27,Local Purchase,230968,9098,2026-01-13,Anthupitha Motors,2376,1,Receive,2026-07-12 10:48:43
1545,8428,12,2026-01-28,Head Office,,,,,,0,Receive,2026-07-12 10:48:43
487,6754,6,2025-12-30,Head Office,,,,,,0,Receive,2026-07-12 10:48:43
486,6752,2,2025-12-24,Head Office,,,,,,0,Receive,2026-07-12 10:48:43
485,6751,9,2025-12-30,Head Office,,,,,,0,Receive,2026-07-12 10:48:43
484,6750,1,2025-12-23,Head Office,,,,,,0,Receive,2026-07-12 10:48:43
2958,9584,1,2025-12-24,Local Store,189384,040,2025-12-24,A One Hardware,4800,1,Receive,2026-07-12 10:48:43
2954,9581,1,2025-12-24,Local Store,189380,A251224050,2025-12-24,Wijayamini Motors,3700,1,Receive,2026-07-12 10:48:43
2953,6762,1,2025-12-24,Local Store,189379,,2025-12-24,Radeeka Motor Traders,3500,1,Receive,2026-07-12 10:48:43
2965,6762,1,2025-12-26,Local Store,189392,461,2025-12-26,Araliya Motors,5600,1,Receive,2026-07-12 10:48:43
1679,8445,6,2026-01-19,Local Purchase,,,,,,0,Receive,2026-07-12 10:48:43
1634,8320,1,2026-01-06,Head Office,,,,,,0,Receive,2026-07-12 10:48:43
1610,8296,1,2025-12-26,Local Purchase,,,,,,0,Receive,2026-07-12 10:48:43
1609,8295,1,2025-12-24,Local Purchase,,,,,,0,Receive,2026-07-12 10:48:43
1586,8272,2,2025-12-19,Head Office,,,,,,0,Receive,2026-07-12 10:48:43
482,6746,1,2025-12-24,Head Office,,,,,,0,Receive,2026-07-12 10:48:43
1608,8294,10,2025-12-23,Head Office,,,,,,0,Receive,2026-07-12 10:48:43
1607,8293,6,2025-12-23,Local Purchase,230957,9095,2026-01-13,Anthupitha Motors,480,1,Receive,2026-07-12 10:48:43
1606,8292,4,2025-12-23,Local Purchase,230957,9095,2026-01-13,Anthupitha Motors,480,1,Receive,2026-07-12 10:48:43
1605,8291,20,2025-12-23,Local Purchase,,,,,,0,Receive,2026-07-12 10:48:43
1604,8290,20,2025-12-23,Local Purchase,,,,,,0,Receive,2026-07-12 10:48:43
1603,8289,20,2025-12-23,Local Purchase,,,,,,0,Receive,2026-07-12 10:48:43
262,6388,5,2025-12-23,Local Purchase,230957,9095,2026-01-13,Anthupitha Motors,560,1,Receive,2026-07-12 10:48:43
261,6387,5,2025-12-23,Local Purchase,230957,9095,2026-01-13,Anthupitha Motors,560,1,Receive,2026-07-12 10:48:43
1589,8275,2,2025-12-19,Head Office,,,,,,0,Receive,2026-07-12 10:48:43
491,6760,6,2025-12-30,Head Office,,,,,,0,Receive,2026-07-12 10:48:43
490,6759,1,2026-01-06,Head Office,,,,,,0,Receive,2026-07-12 10:48:43
489,6758,1,2025-12-24,Head Office,,,,,,0,Receive,2026-07-12 10:48:43
488,6757,1,2025-12-24,Head Office,,,,,,0,Receive,2026-07-12 10:48:43
483,6747,1,2025-12-22,Local Purchase,230941,1050,2025-12-22,Master Misit,800,1,Receive,2026-07-12 10:48:43
26,5961,2,2025-12-27,Head Office,,,,,,0,Receive,2026-07-12 10:48:43
25,5960,1,2025-12-27,Head Office,,,,,,0,Receive,2026-07-12 10:48:43
2940,9576,7,2025-12-22,Local Store,189359,28229,2026-12-22,Anrita Motors,600,1,Receive,2026-07-12 10:48:43
2939,9575,6,2025-12-22,Local Store,189359,25229,2025-12-22,Anrita Motors,550,1,Receive,2026-07-12 10:48:43
1686,8452,1,2026-01-19,Head Office,,,,,,0,Receive,2026-07-12 10:48:43
481,6745,1,2026-01-06,Local Purchase,231026,49,2026-01-09,St. Anthony's Auto Electrical,12000,1,Receive,2026-07-12 10:48:43
2957,6375,4,2025-12-23,Local Store,189383,31984,2025-12-23,Ruhunu Enterprises,1850,1,Receive,2026-07-12 10:48:43
2872,6374,100,2026-01-26,Local Store,189919,2325,2026-01-26,Anura Hardware,6.5,1,Receive,2026-07-12 10:48:43
2873,6373,100,2026-01-26,Local Store,189919,2325,2026-01-26,Anura Hardware,6.5,1,Receive,2026-07-12 10:48:43
2874,6372,100,2026-01-26,Local Store,189919,2325,2026-01-26,Anura Hardware,6.5,1,Receive,2026-07-12 10:48:43
249,6370,10,2026-01-21,Local Purchase,189328,10222,2026-01-21,Otek Motor House,700,1,Receive,2026-07-12 10:48:43
248,6369,10,2026-01-21,Local Purchase,,,,,,0,Receive,2026-07-12 10:48:43
24,5959,1,2025-12-24,Head Office,,,,,,0,Receive,2026-07-12 10:48:43
23,5958,1,2025-12-24,Head Office,,,,,,0,Receive,2026-07-12 10:48:43
22,5957,1,2025-12-24,Head Office,,,,,,0,Receive,2026-07-12 10:48:43
2963,9588,1,2025-12-21,Local Store,189390,38,2025-12-21,St. Anthony's Auto Electrical,15800,1,Receive,2026-07-12 10:48:43
2964,9588,1,2025-12-21,Local Store,189391,37,2025-12-21,St. Anthony's Auto Electrical,5500,1,Receive,2026-07-12 10:48:43
1412,8174,2,2025-12-12,Head Office,,,,,,0,Receive,2026-07-12 10:48:43
1411,8173,2,2025-12-12,Head Office,,,,,,0,Receive,2026-07-12 10:48:43
2961,9586,1,2025-12-21,Local Store,189388,40,2025-12-21,St. Anthony's Auto Electrical,2000,1,Receive,2026-07-12 10:48:43
1460,8223,1,2025-12-15,Head Office,,,,,,0,Receive,2026-07-12 10:48:43
2960,9585,1,2025-12-21,Local Store,189387,34,2025-12-21,St. Anthony's Auto Electrical,5800,1,Receive,2026-07-12 10:48:43
1427,8189,1,2025-12-13,Local Purchase,,,,,,0,Receive,2026-07-12 10:48:43
1617,8303,1,2025-12-29,Local Purchase,,,,,,0,Receive,2026-07-12 10:48:43
21,5954,4,2025-12-24,Local Purchase & Head Office,189362,H251221026,2025-12-21,Wijayamini Motors,385,1,Receive,2026-07-12 10:48:43
20,5953,2,2025-12-24,Local Purchase & Head Office,189362,H251221026,2025-12-21,Wijayamini Motors,490,1,Receive,2026-07-12 10:48:43
480,6742,3,2025-12-30,Head Office,,,,,,0,Receive,2026-07-12 10:48:43
479,6741,1,2025-12-27,Head Office,,,,,,0,Receive,2026-07-12 10:48:43
2962,9587,1,2025-12-19,Local Store,189389,36,2025-12-19,St. Anthony's Auto Electrical,11880,1,Receive,2026-07-12 10:48:43
1685,8451,1,2026-01-19,Head Office,,,,,,0,Receive,2026-07-12 10:48:43
1683,8449,1,2026-01-19,Local Purchase,,,,,,0,Receive,2026-07-12 10:48:43
1682,8448,3,2026-01-19,Local Purchase,,,,,,0,Receive,2026-07-12 10:48:43
1681,8447,1,2026-01-19,Local Purchase,,,,,,0,Receive,2026-07-12 10:48:43
1680,8446,2,2026-01-19,Local Purchase,,,,,,0,Receive,2026-07-12 10:48:43
1678,8444,10,2026-01-19,Local Purchase,,,,,,0,Receive,2026-07-12 10:48:43
1677,8443,4,2026-01-19,Local Purchase,,,,,,0,Receive,2026-07-12 10:48:43
1676,8442,2,2026-01-19,Local Purchase,,,,,,0,Receive,2026-07-12 10:48:43
1665,8431,1,2026-01-28,Head Office,,,,,,0,Receive,2026-07-12 10:48:43
473,6729,2,2026-01-28,Head Office,,,,,,0,Receive,2026-07-12 10:48:43
472,6728,6,2026-01-28,Head Office,,,,,,0,Receive,2026-07-12 10:48:43
471,6727,10,2026-01-28,Head Office,,,,,,0,Receive,2026-07-12 10:48:43
470,6726,4,2026-01-28,Head Office,,,,,,0,Receive,2026-07-12 10:48:43
469,6725,2,2026-01-28,Head Office,,,,,,0,Receive,2026-07-12 10:48:43
468,6724,1,2025-12-27,Head Office,,,,,,0,Receive,2026-07-12 10:48:43
1595,8281,6,2025-12-22,Local Purchase,,,,,,0,Receive,2026-07-12 10:48:43
2574,6368,60,2025-12-23,Local Store,230936,54,2025-12-23,J.M.D Holdings (pvt) Ltd,70,1,Receive,2026-07-12 10:48:43
247,6365,8,2026-02-10,Local Purchase,231221,A260210010,2026-02-10,Wijayamini Motors,200,1,Receive,2026-07-12 10:48:43
246,6364,12,2025-12-22,Local Purchase,230923,2790,2025-12-22,Anura Hardware,100,1,Receive,2026-07-12 10:48:43
245,6363,24,2025-12-22,Local Purchase,230923,2790,2025-12-22,Anura Hardware,180,1,Receive,2026-07-12 10:48:43
244,6362,4,2025-12-29,Local Purchase,189353,24766,2026-12-17,MPCS Ltd Hardware,750,1,Receive,2026-07-12 10:48:43
2944,6362,4,2025-12-29,Local Store,189367,L1188,2025-12-29,Lanka IOC,294,1,Receive,2026-07-12 10:48:43
243,6361,21,2025-12-29,Local Purchase,189354,112BF01306798,2026-12-17,Badalgama Co-op City,187,1,Receive,2026-07-12 10:48:43
2945,6361,21,2025-12-29,Local Store,189368,112BF01308703,2025-12-29,Badalgama Co-op City,187,1,Receive,2026-07-12 10:48:43
2560,6359,4,2025-12-22,Local Store,230930,10501,2025-12-22,Otek Motor House,2700,1,Receive,2026-07-12 10:48:43
478,6738,6,2025-12-21,Local Purchase,,,,,,0,Receive,2026-07-12 10:48:43
477,6736,1,2025-12-19,Local Purchase,189361,28211,2025-12-19,Anrita Motors,3500,1,Receive,2026-07-12 10:48:43
476,6735,1,2026-01-02,Local Purchase,231004,,2026-01-02,ANN Electronic,4250,1,Receive,2026-07-12 10:48:43
475,6734,1,2026-01-06,Local Purchase,230952,47,2026-01-10,St. Anthony's Auto Electrical,6000,1,Receive,2026-07-12 10:48:43
474,6733,1,2025-12-19,Local Purchase,189366,44,2025-12-19,St. Anthony's Auto Electrical,2000,1,Receive,2026-07-12 10:48:43
467,6723,2,2025-12-22,Local Purchase,189360,28223,2025-12-22,Anrita Motors,1800,1,Receive,2026-07-12 10:48:43
466,6722,2,2025-12-22,Local Purchase,189360,28223,2026-12-22,Anrita Motors,1850,1,Receive,2026-07-12 10:48:43
2849,9506,1,2025-12-18,Local Store,189335,,2025-12-18,Pradeep Auto A/C,21500,1,Receive,2026-07-12 10:48:43
2578,9355,1,2025-12-18,Local Store,230948,,2025-12-18,Manjula,1000,1,Receive,2026-07-12 10:48:43
1552,8237,1,2025-12-18,Local Purchase,,,,,,0,Receive,2026-07-12 10:48:43
1753,8519,4,2026-02-24,Local Purchase,,,,,,0,Receive,2026-07-12 10:48:43
1598,8284,4,2025-12-22,Local Purchase,,,,,,0,Receive,2026-07-12 10:48:43
1597,8283,1,2025-12-22,Local Purchase,,,,,,0,Receive,2026-07-12 10:48:43
1593,8279,5,2025-12-19,Head Office,,,,,,0,Receive,2026-07-12 10:48:43
1592,8278,5,2025-12-19,Head Office,,,,,,0,Receive,2026-07-12 10:48:43
236,6332,80,2025-12-22,Local Purchase,230932,10499,2025-12-22,Otek Motor House,20,1,Receive,2026-07-12 10:48:43
235,6330,6,2025-12-22,Local Purchase,,,,,,0,Receive,2026-07-12 10:48:43
234,6329,68,2025-12-22,Local Purchase,230956,9024,2026-01-13,Anthupitha Motors,17.65,1,Receive,2026-07-12 10:48:43
233,6327,5,2025-12-22,Local Purchase,230926,10500,2025-12-22,Otek Motor House,1150,1,Receive,2026-07-12 10:48:43
2575,9354,6,2025-12-22,Local Store,230937,,2025-12-22,Radeeka Motor Traders,950,1,Receive,2026-07-12 10:48:43
1650,8336,1,2026-01-08,Local Purchase,231003,089,2025-12-20,Union Motors,1350,1,Receive,2026-07-12 10:48:43
1649,8335,1,2026-01-08,Local Purchase,231003,089,2025-12-20,Union Motors,2000,1,Receive,2026-07-12 10:48:43
19,5952,1,2025-12-18,Local Purchase,230955,9093,2026-01-13,Anthupitha Motors,1624.5,1,Receive,2026-07-12 10:48:43
18,5951,1,2025-12-18,Local Purchase,231955,9093,2026-01-13,Anthupitha Motors,1800,1,Receive,2026-07-12 10:48:43
1585,8271,2,2025-12-19,Head Office,,,,,,0,Receive,2026-07-12 10:48:43
464,6720,2,2025-12-20,Local Purchase,,,,,,0,Receive,2026-07-12 10:48:43
1584,8270,2,2025-12-19,Head Office,,,,,,0,Receive,2026-07-12 10:48:43
1583,8269,2,2025-12-19,Head Office,,,,,,0,Receive,2026-07-12 10:48:43
1582,8268,2,2025-12-19,Head Office,,,,,,0,Receive,2026-07-12 10:48:43
2959,6713,2,2025-12-31,Local Store,189385,07,2025-12-31,Sanduni & Pawani,1250,1,Receive,2026-07-12 10:48:43
1393,8155,1,2025-12-11,Head Office,,,,,,0,Receive,2026-07-12 10:48:43
462,6718,1,2026-01-09,Head Office,,,,,,0,Receive,2026-07-12 10:48:43
465,6721,1,2025-12-19,Head Office,189365,43,2025-12-25,St. Anthony's Auto Electrical,5200,1,Receive,2026-07-12 10:48:43
463,6719,1,2026-01-02,Local Purchase,231013,232,2026-01-02,Dammika Motors,1000,1,Receive,2026-07-12 10:48:43
2943,6717,1,2025-12-18,Local Store,189364,39,2026-12-18,St. Anthony's Auto Electrical,3000,1,Receive,2026-07-12 10:48:43
461,6716,2,2025-12-19,Head Office,,,,,,0,Receive,2026-07-12 10:48:43
2559,6355,12,2025-12-18,Local Store,230929,10460,2025-12-18,Otek Motor House,290,1,Receive,2026-07-12 10:48:43
242,6354,36,2025-12-18,Local Purchase,230929,10460,2025-12-18,Otek Motor House,210,1,Receive,2026-07-12 10:48:43
2834,6353,1,2026-05-11,Local Store,201766,2605-306,2026-05-11,Subasinghe Heavy Machinery,2400,1,Receive,2026-07-12 10:48:43
2835,6353,1,2026-05-11,Local Store,201767,2605-0307,2026-05-11,Subasinghe Heavy Machinery,2400,1,Receive,2026-07-12 10:48:43
241,6351,20,2025-12-29,Local Purchase,189369,21,2025-12-29,Cut Piece Center,100,1,Receive,2026-07-12 10:48:43
240,6343,6,2026-01-02,Local Purchase,231008,181336,2026-01-10,Co-Op City Phala Madampella,108.9,1,Receive,2026-07-12 10:48:43
239,6337,20,2025-12-22,Local Purchase,230931,10499,2025-12-22,Otek Motor House,125,1,Receive,2026-07-12 10:48:43
238,6336,20,2025-12-22,Local Purchase,220931,10499,2025-12-22,Otek Motor House,100,1,Receive,2026-07-12 10:48:43
237,6335,20,2025-12-22,Local Purchase,230931,10499,2025-12-22,Otek Motor HOuse,100,1,Receive,2026-07-12 10:48:43
17,5950,2,2025-12-18,Local Purchase,189377,10461,2025-12-18,Otek Motor House,950,1,Receive,2026-07-12 10:48:43
2557,9345,19.5,2025-12-17,Local Store,230927,10453,2025-12-17,Otek Motor House,89.74,1,Receive,2026-07-12 10:48:43
2952,6326,3,2025-12-24,Local Store,189379,,2025-12-24,Radeeka Motor Traders,1000,1,Receive,2026-07-12 10:48:43
232,6325,1,2025-12-16,Local Purchase,,,,,,0,Receive,2026-07-12 10:48:43
231,6324,1,2025-12-16,Local Purchase,,,,,,0,Receive,2026-07-12 10:48:43
230,6320,5,2025-12-16,Local Purchase,,,,,,0,Receive,2026-07-12 10:48:43
1502,8385,2,2026-01-19,Local Purchase,230976,2736,2026-01-15,J.K  Motors,1250,1,Receive,2026-07-12 10:48:43
1653,8339,70,2026-01-08,Local Purchase,230947,202512-18,2025-12-18,Ana KAde,34.72,1,Receive,2026-07-12 10:48:43
1572,8257,1,2025-12-19,Local Purchase,,,,,,0,Receive,2026-07-12 10:48:43
1548,8232,12,2025-12-17,Local Purchase,,,,,,0,Receive,2026-07-12 10:48:43
457,6708,4,2025-12-18,Local Purchase,230935,,2025-12-18,Sena Motor Enterprises,12.5,1,Receive,2026-07-12 10:48:43
456,6707,2,2025-12-18,Head Office,,,,,,0,Receive,2026-07-12 10:48:43
455,6706,2,2025-12-18,Head Office,,,,,,0,Receive,2026-07-12 10:48:43
454,6705,2,2025-12-18,Local Purchase,,,,,,0,Receive,2026-07-12 10:48:43
1554,8239,1,2025-12-18,Local Purchase,230927,10453,2025-12-17,Otek Motor House,1200,1,Receive,2026-07-12 10:48:43
1553,8238,1,2025-12-18,Local Purchase,230927,10453,2025-12-17,Otek Motor House,3850,1,Receive,2026-07-12 10:48:43
459,6711,1,2025-12-18,Local Purchase,,,,,,0,Receive,2026-07-12 10:48:43
458,6710,1,2025-12-18,Local Purchase,,,,,,0,Receive,2026-07-12 10:48:43
1457,8220,2,2025-12-14,Head Office,,,,,,0,Receive,2026-07-12 10:48:43
16,5949,1,2026-05-09,Head Office,,,,,,0,Receive,2026-07-12 10:48:43
460,6712,4,2025-12-24,Head Office,,,,,,0,Receive,2026-07-12 10:48:43
2950,6702,1,2025-12-18,Local Store,189377,10461,2025-12-18,Otek Motor House,5000,1,Receive,2026-07-12 10:48:43
2942,9577,1,2025-12-16,Local Store,189363,41,2025-12-16,St. Anthony's Auto Electrical,6500,1,Receive,2026-07-12 10:48:43
1573,8258,1,2025-12-19,Local Purchase,230943,68,2025-12-19,Karunarathna Electrical,3500,1,Receive,2026-07-12 10:48:43
1570,8255,1,2025-12-18,Local Purchase,,,,,,0,Receive,2026-07-12 10:48:43
2713,9415,1,2025-12-16,Direct Purchase,189528,2372,2025-12-16,Kumara Filters (pvt) Ltd,6499.99,1,Receive,2026-07-12 10:48:43
1392,8154,1,2025-12-10,Head Office,,,,,,0,Receive,2026-07-12 10:48:43
1377,8139,1,2025-12-10,Head Office,,,,,,0,Receive,2026-07-12 10:48:43
2712,9414,1,2025-12-16,Direct Purchase,189528,2372,2025-12-16,Kumara Filters (pvt) Ltd,5500,1,Receive,2026-07-12 10:48:43
2710,9413,1,2025-12-16,Direct Purchase,189528,2372,2025-12-16,Kumara Filters (pvt) Ltd,14000,1,Receive,2026-07-12 10:48:43
2711,9412,1,2025-12-16,Direct Purchase,189528,2372,2025-12-16,Kumara Filters (pvt) Ltd,1900,1,Receive,2026-07-12 10:48:43
2708,9410,1,2025-12-16,Direct Purchase,189527,2372,2025-12-16,Kumara Filters (pvt) Ltd,1900,1,Receive,2026-07-12 10:48:43
2709,9411,1,2025-12-16,Direct Purchase,189527,2372,2025-12-16,Kumara Filters (pvt) Ltd,11000,1,Receive,2026-07-12 10:48:43
2706,9409,1,2025-12-16,Direct Purchase,189527,2372,2025-12-16,Kumara Filters (pvt) Ltd,1900,1,Receive,2026-07-12 10:48:43
2705,9408,1,2025-12-16,Direct Purchase,189527,2372,2025-12-12,Kumara Filters (pvt) Ltd,1900,1,Receive,2026-07-12 10:48:43
2707,9407,1,2025-12-16,Direct Purchase,189527,2372,2025-12-16,Kumara Filters (pvt) Ltd,2950,1,Receive,2026-07-12 10:48:43
1662,8348,8,2026-01-09,Head Office,,,,,,0,Receive,2026-07-12 10:48:43
443,6684,1,2026-01-09,Head Office,,,,,,0,Receive,2026-07-12 10:48:43
442,6683,1,2026-01-20,Local Purchase,,,,,,0,Receive,2026-07-12 10:48:43
441,6682,1,2026-01-20,Local Purchase,,,,,,0,Receive,2026-07-12 10:48:43
440,6681,1,2026-01-20,Local Purchase,,,,,,0,Receive,2026-07-12 10:48:43
439,6680,1,2026-01-20,Local Purchase,,,,,,0,Receive,2026-07-12 10:48:43
438,6679,1,2026-01-20,Local Purchase,,,,,,0,Receive,2026-07-12 10:48:43
437,6678,1,2026-01-20,Local Purchase,,,,,,0,Receive,2026-07-12 10:48:43
436,6677,1,2026-01-20,Local Purchase,,,,,,0,Receive,2026-07-12 10:48:43
453,6701,2,2025-12-16,Local Purchase,230964,9092,2026-01-13,Anthupitha Motors,1957.5,1,Receive,2026-07-12 10:48:43
452,6700,2,2025-12-16,Local Purchase,230964,9092,2026-01-13,Anthupitha Motors,2538,1,Receive,2026-07-12 10:48:43
451,6699,1,2025-12-16,Local Purchase,230964,9092,2026-01-13,Anthupitha Motors,675,1,Receive,2026-07-12 10:48:43
450,6698,1,2025-12-16,Local Purchase,230964,9092,2026-01-13,Anthupitha Motors,778,1,Receive,2026-07-12 10:48:43
449,6697,1,2025-12-16,Local Purchase,230964,9092,2026-01-13,Anthupitha Motors,868,1,Receive,2026-07-12 10:48:43
448,6696,1,2025-12-16,Local Purchase,230964,9092,2026-01-13,Anthupitha Motors,1071,1,Receive,2026-07-12 10:48:43
447,6695,4,2025-12-16,Local Purchase,189355,,2026-12-16,Manjula,1875,1,Receive,2026-07-12 10:48:43
446,6693,1,2025-12-27,Local Purchase,189358,,2026-12-27,Senaka Motors,2250,1,Receive,2026-07-12 10:48:43
445,6690,1,2025-12-20,Local Purchase,230942,10200,2025-12-20,Shenal Suspension Repair Centre,23300,1,Receive,2026-07-12 10:48:43
444,6686,1,2025-12-20,Local Purchase,,,,,,0,Receive,2026-07-12 10:48:43
435,6676,1,2026-01-09,Head Office,,,,,,0,Receive,2026-07-12 10:48:43
434,6675,1,2026-01-08,Local Purchase,231020,A260108035,2026-01-08,Wijayamini Motors,29800,1,Receive,2026-07-12 10:48:43
433,6674,1,2026-01-09,Head Office,,,,,,0,Receive,2026-07-12 10:48:43
432,6673,1,2026-01-09,Local Purchase,,,,,,0,Receive,2026-07-12 10:48:43
431,6672,1,2026-01-08,Local Purchase,231021,A260108036,2026-01-08,Wijayamini Motors,62500,1,Receive,2026-07-12 10:48:43
430,6671,1,2026-01-10,Local Purchase,231028,172,2026-01-10,Raja Motor Work,18000,1,Receive,2026-07-12 10:48:43
15,5948,1,2025-12-20,Head Office,,,,,,0,Receive,2026-07-12 10:48:43
14,5947,6,2025-12-20,Head Office,,,,,,0,Receive,2026-07-12 10:48:43
1655,8341,70,2026-01-08,Local Purchase,,,,,,0,Receive,2026-07-12 10:48:43
1647,8333,4,2026-01-08,Local Purchase,231002,10,2025-12-17,J.M.D Holdings (pvt) Ltd,375,1,Receive,2026-07-12 10:48:43
1551,8236,1,2025-12-18,Local Purchase,,,,,,0,Receive,2026-07-12 10:48:43
429,6670,48,2025-12-17,Local Purchase,189352,,2026-12-17,Sena Hardware,50,1,Receive,2026-07-12 10:48:43
428,6669,48,2025-12-17,Local Purchase,189351,2612-0451,2025-12-17,Subasinghe Heavy Machinery,280,1,Receive,2026-07-12 10:48:43
427,6668,1,2025-12-19,Local Purchase,,,,,,0,Receive,2026-07-12 10:48:43
426,6667,1,2025-12-19,Local Purchase,230950,262,2025-12-17,Excavator Parts,12000,1,Receive,2026-07-12 10:48:43
425,6666,3,2025-12-18,Local Purchase,230949,,2025-12-18,Radeeka Motor Traders,1600,1,Receive,2026-07-12 10:48:43
2949,6665,1,2025-12-12,Local Store,189377,10461,2025-12-18,Otek Motor House,2400,1,Receive,2026-07-12 10:48:43
424,6663,1,2025-12-19,Local Purchase,230946,JJ25-7119,2025-12-19,Jeewa Plastic (pvt) Ltd,3468.75,1,Receive,2026-07-12 10:48:43
1466,8229,4,2025-12-16,Local Purchase,,,,,,0,Receive,2026-07-12 10:48:43
1410,8172,1,2025-12-12,Head Office,,,,,,0,Receive,2026-07-12 10:48:43
13,5946,1,2025-12-16,Head Office,,,,,,0,Receive,2026-07-12 10:48:43
12,5945,1,2025-12-16,Head Office,,,,,,0,Receive,2026-07-12 10:48:43
1406,8168,2,2025-12-12,Local Purchase,,,,,,0,Receive,2026-07-12 10:48:43
421,6660,2,2025-12-15,Local Purchase,,,,,,0,Receive,2026-07-12 10:48:43
423,6662,1,2025-12-16,Head Office,,,,,,0,Receive,2026-07-12 10:48:43
422,6661,1,2025-12-16,Head Office,,,,,,0,Receive,2026-07-12 10:48:43
420,6659,2,2025-12-15,Local Purchase,,,,,,0,Receive,2026-07-12 10:48:43
11,5944,1,2025-12-16,Head Office,,,,,,0,Receive,2026-07-12 10:48:43
10,5943,1,2025-12-16,Head Office,,,,,,0,Receive,2026-07-12 10:48:43
9,5942,1,2025-12-16,Head Office,,,,,,0,Receive,2026-07-12 10:48:43
8,5941,1,2025-12-20,Head Office,,,,,,0,Receive,2026-07-12 10:48:43
7,5940,1,2025-12-16,Head Office,,,,,,0,Receive,2026-07-12 10:48:43
6,5939,1,2025-12-16,Head Office,,,,,,0,Receive,2026-07-12 10:48:43
5,5938,1,2025-12-16,Head Office,,,,,,0,Receive,2026-07-12 10:48:43
4,5937,1,2025-12-16,Head Office,,,,,,0,Receive,2026-07-12 10:48:43
3,5936,1,2025-12-16,Head Office,,,,,,0,Receive,2026-07-12 10:48:43
2,5935,1,2025-12-16,Head Office,,,,,,0,Receive,2026-07-12 10:48:43
2568,9350,12,2025-12-17,Local Store,230934,19,2025-12-17,H.M.A Enterprises,27000,1,Receive,2026-07-12 10:48:43
1571,8256,1,2025-12-19,Local Purchase,,,,,,0,Receive,2026-07-12 10:48:43
227,6308,3,2025-12-19,Local Purchase,,,,,,0,Receive,2026-07-12 10:48:43
2941,6307,5,2025-12-19,Local Store,189361,28211,2025-12-19,Anrita Motors,1500,1,Receive,2026-07-12 10:48:43
1396,8158,4,2025-12-11,Head Office,,,,,,0,Receive,2026-07-12 10:48:43
1378,8140,4,2025-12-11,Head Office,,,,,,0,Receive,2026-07-12 10:48:43
2550,6302,5,2026-06-12,Local Store,230923,2790,2025-12-22,Anura Hardware,265,1,Receive,2026-07-12 10:48:43
2551,6302,1,2025-12-22,Local Store,230923,2790,2025-12-22,Anura Hardware,265,1,Receive,2026-07-12 10:48:43
226,6301,6,2025-12-27,Local Purchase,230933,10514,2025-12-27,Otek Motor House,1490,1,Receive,2026-07-12 10:48:43
2577,6299,13.2,2025-12-19,Local Store,230945,09,2025-12-19,Cut Piece Centre,160.61,1,Receive,2026-07-12 10:48:43
225,6298,12,2026-01-21,Local Purchase,189301,9122,2026-02-01,Anthupitha Motors,1377.5,1,Receive,2026-07-12 10:48:43
2840,6298,12,2026-12-01,Local Store,,,,,,0,Receive,2026-07-12 10:48:43
2558,6295,4,2025-12-18,Local Store,230928,10459,2025-12-18,Otek Motor House,2650,1,Receive,2026-07-12 10:48:43
224,6294,3.4,2025-12-11,Local Purchase,189357,14333,2026-12-11,Lanka IOC,294.12,1,Receive,2026-07-12 10:48:43
223,6293,21,2025-12-11,Local Purchase,189356,112BF01305874,2026-12-11,Badalgama Co-op City,187,1,Receive,2026-07-12 10:48:43
1,5934,1,2025-12-11,Head Office,189528,2372,2025-12-16,Kumara Filters (pvt) Ltd,14999.99,1,Receive,2026-07-12 10:48:43
229,6312,8,2025-12-15,Local Purchase,,,,,,0,Receive,2026-07-12 10:48:43
228,6311,8,2025-12-16,Local Purchase,,,,,,0,Receive,2026-07-12 10:48:43
2694,9398,1,2025-11-04,Direct Purchase,189522,2206,2025-11-04,Kumara Filters (pvt) Ltd,5100,1,Receive,2026-07-12 10:48:43
2695,9397,1,2025-11-04,Direct Purchase,189522,2206,2025-11-04,Kumara Filters (pvt) Ltd,40000.01,1,Receive,2026-07-12 10:48:43
2696,9396,1,2025-11-04,Direct Purchase,189522,2206,2025-11-04,Kumara Filters (pvt) Ltd,35000,1,Receive,2026-07-12 10:48:43
2691,9395,1,2025-11-04,Direct Purchase,189521,2206,2025-11-04,Kumara Filters (pvt) Ltd,14000,1,Receive,2026-07-12 10:48:43
2692,9394,1,2025-11-04,Direct Purchase,189521,2206,2025-11-04,Kumara Filters (pvt) Ltd,3500,1,Receive,2026-07-12 10:48:43
2693,9393,1,2025-11-04,Direct Purchase,189521,2206,2025-11-04,Kumara Filters (pvt) Ltd,12900,1,Receive,2026-07-12 10:48:43
2690,9392,2,2025-11-04,Direct Purchase,189521,2206,2025-11-04,Kumara Filters (pvt) Ltd,2200,1,Receive,2026-07-12 10:48:43
2689,9390,1,2025-11-04,Direct Purchase,189521,2206,2025-11-04,Kumara Filters (pvt) Ltd,1500,1,Receive,2026-07-12 10:48:43
2688,9389,1,2025-11-04,Direct Purchase,189521,2206,2025-11-04,Kumara Filters (pvt) Ltd,1500,1,Receive,2026-07-12 10:48:43
2686,9388,1,2025-11-03,Direct Purchase,189520,2197,2025-11-03,Kumara Filters (pvt) Ltd,25000,1,Receive,2026-07-12 10:48:43
2685,9387,1,2025-11-03,Direct Purchase,189520,2197,2025-11-03,Kumara Filters (pvt) Ltd,10500.01,1,Receive,2026-07-12 10:48:43
2684,9386,1,2025-11-03,Direct Purchase,189520,2197,2025-11-03,Kumara Filters (pvt) Ltd,12000,1,Receive,2026-07-12 10:48:43
2683,9385,1,2025-11-03,Direct Purchase,189520,2197,2025-11-03,Kumara Filters (pvt) Ltd,8500,1,Receive,2026-07-12 10:48:43
2682,9384,2,2025-11-03,Direct Purchase,189520,2197,2025-11-03,Kumara Filters (pvt) Ltd,8507.08,1,Receive,2026-07-12 10:48:43
2854,9511,2,2025-10-29,Local Store,189340,,2025-10-29,Radeeka Motor Traders,1600,1,Receive,2026-07-12 10:48:43
2700,9404,1,2025-10-28,Direct Purchase,189524,5182,2025-10-28,Qulity Traders,3200,1,Receive,2026-07-12 10:48:43
2701,9403,17,2025-10-28,Direct Purchase,189524,5182,2025-10-28,Qulity Traders,6500,1,Receive,2026-07-12 10:48:43
2702,9402,13,2025-10-28,Direct Purchase,189524,5182,2025-10-28,Qulity Traders,2850,1,Receive,2026-07-12 10:48:43
2681,9383,1,2025-10-25,Direct Purchase,189519,2159,2025-10-27,Kumara Filters (pvt) Ltd,5500,1,Receive,2026-07-12 10:48:43
2680,9382,1,2025-10-27,Direct Purchase,189519,2159,2025-10-27,Kumara Filters (pvt) Ltd,20000,1,Receive,2026-07-12 10:48:43
2679,9381,1,2025-10-27,Direct Purchase,189519,2159,2025-10-27,Kumara Filters (pvt) Ltd,4450,1,Receive,2026-07-12 10:48:43
2678,9380,1,2025-10-27,Direct Purchase,189519,2159,2025-10-27,kUMARA fILTERS (pvt) Ltd,16500,1,Receive,2026-07-12 10:48:43
2677,9379,1,2025-10-27,Direct Purchase,189518,2150,2025-10-27,Kumara Filters (pvt) Ltd,2500,1,Receive,2026-07-12 10:48:43
2676,9378,1,2025-10-27,Direct Purchase,189518,2150,2025-10-27,Kumara Filters (pvt) Ltd,21000,1,Receive,2026-07-12 10:48:43
2675,9377,1,2025-10-27,Direct Purchase,189518,2150,2025-10-27,Kumara Filters (pvt) Ltd,4000,1,Receive,2026-07-12 10:48:43
2674,9376,1,2025-10-27,Direct Purchase,189518,2150,2025-10-27,Kumara Filters (pvt) Ltd,4000,1,Receive,2026-07-12 10:48:43
2673,9375,1,2025-10-27,Direct Purchase,189518,2150,2025-10-27,Kumara Filters (pvt) Ltd,6700,1,Receive,2026-07-12 10:48:43
2671,9374,2,2025-10-24,Direct Purchase,189517,2149,2026-10-24,Kumara Filters (pvt) Ltd,14999.99,1,Receive,2026-07-12 10:48:43
2670,9373,1,2025-10-24,Direct Purchase,189517,2149,2025-10-25,Kumara Filters (pvt) Ltd,13500,1,Receive,2026-07-12 10:48:43
2672,9372,1,2025-10-23,Direct Purchase,189516,2146,2025-10-23,Kumara Filters (pvt) Ltd,5500,1,Receive,2026-07-12 10:48:43
2663,9371,1,2025-10-23,Direct Purchase,189516,2146,2025-10-23,Kumara Filters (pvt) Ltd,37000,1,Receive,2026-07-12 10:48:43
2697,9401,2,2025-08-27,Direct Purchase,189523,1862,2025-08-27,Kumara Filters (pvt) Ltd,1900,1,Receive,2026-07-12 10:48:43
2698,9400,1,2025-08-27,Direct Purchase,189523,1862,2025-08-27,Kumara Filters (pvt) Ltd,13500,1,Receive,2026-07-12 10:48:43
2699,9399,1,2025-08-27,Direct Purchase,189523,1862,2025-08-27,Kumara Filters (pvt) Ltd,14000,1,Receive,2026-07-12 10:48:43
2280,9037,1,2026-06-01,Local Store,201252,836,2026-06-01,AS Engineering,5000,1,Receive,2026-07-12 10:48:43
2105,9032,1,2026-05-25,Local Purchase,,,,,,0,Receive,2026-07-12 10:48:43
2104,9031,2,2026-05-26,Local Purchase,,,,,,0,Receive,2026-07-12 10:48:43
2076,8998,10,2026-05-23,Head Office,,,,,,0,Receive,2026-07-12 10:48:43
2591,8978,1,2026-06-09,Local Store,201876,25223,2026-06-08,Pradeep Engineering work,4500,1,Receive,2026-07-12 10:48:43
2067,8977,1,2026-05-27,Local Purchase,201835,JJ26-1752,2026-05-27,Jeewa Plastic,4050,1,Receive,2026-07-12 10:48:43
2066,8975,5,2026-05-21,Local Purchase,,,,,,0,Receive,2026-07-12 10:48:43
1808,8574,5,2026-03-06,Local Purchase,,,,,,0,Receive,2026-07-12 10:48:43
2060,8952,1,2026-05-21,Local Purchase,201785,30561,2026-05-21,Anrita Motors,4150,1,Receive,2026-07-12 10:48:43
2215,8950,1,2026-05-22,Direct Purchase,,,,,,0,Receive,2026-07-12 10:48:43
2242,8949,1,2026-05-22,Direct Purchase,,,,,,0,Receive,2026-07-12 10:48:43
2241,8948,3,2026-05-22,Direct Purchase,,,,,,0,Receive,2026-07-12 10:48:43
2240,8947,1,2026-05-22,Direct Purchase,,,,,,0,Receive,2026-07-12 10:48:43
2239,8946,2,2026-05-22,Direct Purchase,,,,,,0,Receive,2026-07-12 10:48:43
2785,8942,1,2026-06-15,Direct Purchase,,,,,,0,Receive,2026-07-12 10:48:43
2473,8895,1,2026-05-19,Local Store,201847,,2026-05-19,Manjula,400,1,Receive,2026-07-12 10:48:43
2182,8892,48,2026-05-22,Head Office,,,,,,0,Receive,2026-07-12 10:48:43
2181,8891,5,2026-05-19,Head Office,,,,,,0,Receive,2026-07-12 10:48:43
2175,8883,10,2026-05-18,Head Office,,,,,,0,Receive,2026-07-12 10:48:43
2168,8873,20,2026-05-16,Head Office,,,,,,0,Receive,2026-07-12 10:48:43
1074,7627,2,2026-03-18,Head Office,230479,,2026-03-18,Raja Motor Works,1000,1,Receive,2026-07-12 10:48:43
2161,8862,8,2026-05-16,Local Purchase,201771,1246,2026-05-16,Anura Hardware,230,1,Receive,2026-07-12 10:48:43
2160,8861,8,2026-05-16,Local Purchase,201771,1246,2026-05-16,Anura Hardware,230,1,Receive,2026-07-12 10:48:43
2159,8860,8,2026-05-16,Local Purchase,201771,1246,2026-05-16,Anura Hardware,230,1,Receive,2026-07-12 10:48:43
2158,8859,8,2026-05-16,Local Purchase,201771,1246,2026-05-16,Anura Hardware,230,1,Receive,2026-07-12 10:48:43
2157,8858,8,2026-05-16,Local Purchase,201771,1246,2026-05-16,Anura Hardware,230,1,Receive,2026-07-12 10:48:43
2156,8857,8,2026-05-16,Local Purchase,201771,1246,2026-05-16,Anura Hardware,230,1,Receive,2026-07-12 10:48:43
2155,8856,8,2026-05-16,Local Purchase,201771,1246,2026-05-16,Anura Hardware,230,1,Receive,2026-07-12 10:48:43
2121,8822,15,2026-05-09,Local Purchase,201831,,2026-05-09,New Radeeka Motors,80,1,Receive,2026-07-12 10:48:43
2120,8821,10,2026-05-09,Local Purchase,201831,,2026-05-09,New Radeeka Motors,225,1,Receive,2026-07-12 10:48:43
2119,8820,10,2026-05-09,Local Purchase,201831,,2026-09-05,New  Radeeka Motors,140,1,Receive,2026-07-12 10:48:43
2115,8816,10,2026-05-09,Local Purchase,201830,200822,2026-05-09,Wijayamini Motors,450,1,Receive,2026-07-12 10:48:43
2153,8854,1,2026-05-15,Head Office,,,,,,0,Receive,2026-07-12 10:48:43
2140,8841,2,2026-05-13,Local Purchase,,,,,,0,Receive,2026-07-12 10:48:43
2139,8840,10,2026-05-13,Local Purchase,,,,,,0,Receive,2026-07-12 10:48:43
2117,8818,1,2026-05-09,Local Purchase,201827,9310,2026-05-09,Anthupitha Motors & Traders (pvt) Ltd,5106.25,1,Receive,2026-07-12 10:48:43
2116,8817,5,2026-05-09,Local Purchase,201827,9310,2026-05-09,Anthupitha Motors & Traders (pvt) Ltd,1102,1,Receive,2026-07-12 10:48:43
2039,8807,1,2026-05-07,Head Office,,,,,,0,Receive,2026-07-12 10:48:43
2008,8774,2,2026-05-01,Local Purchase,,,,,,0,Receive,2026-07-12 10:48:43
1968,8734,1,2026-04-03,Local Purchase,,,,,,0,Receive,2026-07-12 10:48:43
1963,8729,1,2026-03-30,Head Office,,,,,,0,Receive,2026-07-12 10:48:43
1943,8709,1,2026-03-26,Head Office,,,,,,0,Receive,2026-07-12 10:48:43
1942,8708,1,2026-03-26,Head Office,,,,,,0,Receive,2026-07-12 10:48:43
1941,8707,1,2026-03-26,Head Office,,,,,,0,Receive,2026-07-12 10:48:43
1940,8706,1,2026-03-26,Head Office,,,,,,0,Receive,2026-07-12 10:48:43
1939,8705,1,2026-03-26,Head Office,,,,,,0,Receive,2026-07-12 10:48:43
1938,8704,1,2026-03-26,Head Office,,,,,,0,Receive,2026-07-12 10:48:43
1937,8703,1,2026-03-26,Head Office,,,,,,0,Receive,2026-07-12 10:48:43
1936,8702,1,2026-03-26,Head Office,,,,,,0,Receive,2026-07-12 10:48:43
1935,8701,1,2026-03-26,Head Office,,,,,,0,Receive,2026-07-12 10:48:43
1934,8700,1,2026-03-26,Head Office,,,,,,0,Receive,2026-07-12 10:48:43
1904,8670,1,2026-03-14,Head Office,,,,,,0,Receive,2026-07-12 10:48:43
1867,8633,2,2026-03-10,Local Purchase,,,,,,0,Receive,2026-07-12 10:48:43
1708,8474,1,2026-02-11,Head Office,,,,,,0,Receive,2026-07-12 10:48:43
1664,8430,1,2026-01-28,Head Office,230106,2576,2026-01-29,Kumara Filters (pvt) Ltd,14999.99,1,Receive,2026-07-12 10:48:43
1527,8410,1,2026-01-22,Local Purchase,,,,,,0,Receive,2026-07-12 10:48:43
1511,8394,1,2026-01-20,Head Office,189317,28445,2026-01-20,Anrita Motors,3750,1,Receive,2026-07-12 10:48:43
1510,8393,2,2026-01-20,Local Purchase,189320,28446,2026-01-20,Anrita Motors,2000,1,Receive,2026-07-12 10:48:43
1507,8390,2,2026-01-20,Local Purchase,189327,28448,2026-01-20,Anrita Motors,1750,1,Receive,2026-07-12 10:48:43
1506,8389,2,2026-01-20,Local Purchase,189327,28448,2026-01-20,Anrita Motors,2000,1,Receive,2026-07-12 10:48:43
1505,8388,2,2026-01-20,Local Purchase,189325,28449,2026-01-20,Anrita Motors,2000,1,Receive,2026-07-12 10:48:43
1504,8387,15,2026-01-19,Local Purchase,,,,,,0,Receive,2026-07-12 10:48:43
1469,8352,1,2026-01-11,Local Purchase,,,,,,0,Receive,2026-07-12 10:48:43
1467,8350,1,2026-01-10,Local Purchase,,,,,,0,Receive,2026-07-12 10:48:43
1659,8345,1,2026-01-08,Local Purchase,189399,42,2025-12-21,St. Anthony's Auto Electrical,3000,1,Receive,2026-07-12 10:48:43
1658,8344,1,2026-01-08,Local Purchase,189398,37,2025-12-20,St. Anthony's Auto Electrical,8000,1,Receive,2026-07-12 10:48:43
1644,8330,6,2026-01-08,Local Purchase,189400,0341,2025-12-24,Dilanga Motors,180,1,Receive,2026-07-12 10:48:43
1636,8322,1,2026-01-06,Head Office,230953,50,2026-01-09,St. Anthony's Auto Electrical,12500,1,Receive,2026-07-12 10:48:43
1615,8301,3,2025-12-27,Local Purchase,189381,A251227060,2025-12-27,Wijayamini Motors,6280,1,Receive,2026-07-12 10:48:43
1602,8288,1,2025-12-23,Local Purchase,,,,,,0,Receive,2026-07-12 10:48:43
1601,8287,1,2025-12-23,Local Purchase,,,,,,0,Receive,2026-07-12 10:48:43
1591,8277,1,2025-12-19,Head Office,,,,,,0,Receive,2026-07-12 10:48:43
1590,8276,2,2025-12-19,Head Office,,,,,,0,Receive,2026-07-12 10:48:43
1588,8274,2,2025-12-19,Head Office,,,,,,0,Receive,2026-07-12 10:48:43
1574,8259,4,2025-12-19,Local Purchase,230944,2512-0623,2025-12-19,Subasinghe Heavy MAchinery,4600,1,Receive,2026-07-12 10:48:43
1568,8253,1,2025-12-18,Local Purchase,,,,,,0,Receive,2026-07-12 10:48:43
1567,8252,2,2025-12-18,Local Purchase,,,,,,0,Receive,2026-07-12 10:48:43
1566,8251,1,2025-12-18,Local Purchase,,,,,,0,Receive,2026-07-12 10:48:43
1565,8250,1,2025-12-18,Local Purchase,,,,,,0,Receive,2026-07-12 10:48:43
1564,8249,2,2025-12-18,Local Purchase,,,,,,0,Receive,2026-07-12 10:48:43
1563,8248,1,2025-12-18,Local Purchase,,,,,,0,Receive,2026-07-12 10:48:43
1562,8247,1,2025-12-18,Local Purchase,,,,,,0,Receive,2026-07-12 10:48:43
1561,8246,2,2025-12-18,Local Purchase,,,,,,0,Receive,2026-07-12 10:48:43
1560,8245,2,2025-12-18,Local Purchase,,,,,,0,Receive,2026-07-12 10:48:43
1559,8244,2,2025-12-18,Local Purchase,,,,,,0,Receive,2026-07-12 10:48:43
1558,8243,2,2025-12-18,Local Purchase,,,,,,0,Receive,2026-07-12 10:48:43
1557,8242,2,2025-12-18,Local Purchase,,,,,,0,Receive,2026-07-12 10:48:43
1547,8231,1,2025-12-17,Head Office,,,,,,0,Receive,2026-07-12 10:48:43
1464,8227,1,2025-12-15,Local Purchase,189950,9130,2026-01-21,Anthupitha Motors,2205,1,Receive,2026-07-12 10:48:43
1463,8226,1,2025-12-15,Local Purchase,189950,9130,2026-01-21,Anthupitha Motors,3627,1,Receive,2026-07-12 10:48:43
1461,8224,2,2025-12-15,Local Purchase,189950,9130,2026-01-21,Anthupitha Motors,585,1,Receive,2026-07-12 10:48:43
1459,8222,2,2025-12-14,,,,,,,0,Receive,2026-07-12 10:48:43
1458,8221,2,2025-12-14,,,,,,,0,Receive,2026-07-12 10:48:43
1446,8209,5,2025-12-14,Local Purchase,,,,,,0,Receive,2026-07-12 10:48:43
1445,8208,5,2025-12-14,Local Purchase,,,,,,0,Receive,2026-07-12 10:48:43
1443,8205,1,2025-12-13,Local Purchase & Head Office,,,,,,0,Receive,2026-07-12 10:48:43
1442,8204,1,2025-12-13,Head Office,,,,,,0,Receive,2026-07-12 10:48:43
1441,8203,1,2025-12-13,Head Office,,,,,,0,Receive,2026-07-12 10:48:43
1440,8202,1,2025-12-13,Head Office,,,,,,0,Receive,2026-07-12 10:48:43
1437,8199,1,2025-12-13,Local Purchase,,,,,,0,Receive,2026-07-12 10:48:43
1436,8198,1,2025-12-13,Local Purchase,,,,,,0,Receive,2026-07-12 10:48:43
1435,8197,1,2025-12-13,Local Purchase,,,,,,0,Receive,2026-07-12 10:48:43
1426,8188,2,2025-12-13,Local Purchase,,,,,,0,Receive,2026-07-12 10:48:43
1425,8187,2,2025-12-13,Head Office,,,,,,0,Receive,2026-07-12 10:48:43
1424,8186,2,2025-12-13,Head Office,,,,,,0,Receive,2026-07-12 10:48:43
1423,8185,2,2025-12-13,Head Office,,,,,,0,Receive,2026-07-12 10:48:43
1421,8183,16,2025-12-13,Head Office,,,,,,0,Receive,2026-07-12 10:48:43
1409,8171,2,2025-12-12,Head Office,,,,,,0,Receive,2026-07-12 10:48:43
1419,8181,1,2025-12-13,Head Office,,,,,,0,Receive,2026-07-12 10:48:43
1418,8180,1,2025-12-13,Head Office,,,,,,0,Receive,2026-07-12 10:48:43
1417,8179,1,2025-12-13,Head Office,,,,,,0,Receive,2026-07-12 10:48:43
1415,8177,1,2025-12-12,Local Purchase,,,,,,0,Receive,2026-07-12 10:48:43
1414,8176,1,2025-12-12,Local Purchase,,,,,,0,Receive,2026-07-12 10:48:43
1391,8153,1,2025-12-10,Head Office,,,,,,0,Receive,2026-07-12 10:48:43
1404,8166,1,2025-12-12,Local Purchase,,,,,,0,Receive,2026-07-12 10:48:43
1403,8165,1,2025-12-12,Local Purchase,,,,,,0,Receive,2026-07-12 10:48:43
1399,8161,1,2025-12-12,Local Purchase,,,,,,0,Receive,2026-07-12 10:48:43
