mrn_number,request_date,status,legacy_id,line_count,source_created_at,imported_at
167442,2026-07-10,PENDING,10029,1,2026-07-12T02:29:24.417Z,2026-07-12 10:48:41
167441,2026-07-10,FULFILLED,10028,1,2026-07-11T05:29:35.117Z,2026-07-12 10:48:41
167440,2026-07-10,FULFILLED,10027,1,2026-07-11T05:28:32.807Z,2026-07-12 10:48:41
167094,2026-07-09,PENDING,10025,1,2026-07-09T14:11:47.997Z,2026-07-12 10:48:41
140617,2026-07-09,FULFILLED,10005,1,2026-07-09T13:50:42.205Z,2026-07-12 10:48:41
165495,2026-07-09,PENDING,9999,1,2026-07-09T13:43:22.386Z,2026-07-12 10:48:41
165494,2026-07-09,PENDING,9998,1,2026-07-09T13:42:07.357Z,2026-07-12 10:48:41
165493,2026-07-09,PENDING,9996,2,2026-07-09T13:40:29.548Z,2026-07-12 10:48:41
165492,2026-07-09,PENDING,9994,2,2026-07-09T13:35:56.205Z,2026-07-12 10:48:41
165491,2026-07-09,PENDING,9993,1,2026-07-09T13:34:53.564Z,2026-07-12 10:48:41
165490,2026-07-09,FULFILLED,9992,1,2026-07-09T13:34:20.627Z,2026-07-12 10:48:41
167439,2026-07-08,FULFILLED,10026,1,2026-07-11T05:25:50.332Z,2026-07-12 10:48:41
167093,2026-07-08,PENDING,10024,1,2026-07-09T14:10:57.560Z,2026-07-12 10:48:41
167091,2026-07-08,PENDING,10022,2,2026-07-09T14:08:32.430Z,2026-07-12 10:48:41
167088,2026-07-08,PENDING,10015,3,2026-07-09T13:59:46.522Z,2026-07-12 10:48:41
167087,2026-07-08,PENDING,10012,3,2026-07-09T13:57:46.374Z,2026-07-12 10:48:41
167085,2026-07-08,PENDING,10011,1,2026-07-09T13:55:50.586Z,2026-07-12 10:48:41
167084,2026-07-08,PENDING,10009,2,2026-07-09T13:54:33.799Z,2026-07-12 10:48:41
166083,2026-07-08,PENDING,10008,1,2026-07-09T13:53:51.010Z,2026-07-12 10:48:41
167083,2026-07-08,PENDING,10006,2,2026-07-09T13:52:40.315Z,2026-07-12 10:48:41
166922,2026-07-08,PARTIAL,10003,2,2026-07-09T13:49:04.938Z,2026-07-12 10:48:41
166921,2026-07-08,PENDING,10000,3,2026-07-09T13:47:34.035Z,2026-07-12 10:48:41
165489,2026-07-08,PENDING,9991,1,2026-07-09T13:33:30.238Z,2026-07-12 10:48:41
165488,2026-07-08,PENDING,9990,1,2026-07-09T13:32:30.943Z,2026-07-12 10:48:41
165487,2026-07-08,PENDING,9988,2,2026-07-09T13:31:04.267Z,2026-07-12 10:48:41
165486,2026-07-08,PENDING,9985,3,2026-07-09T12:15:16.108Z,2026-07-12 10:48:41
165485,2026-07-08,PENDING,9984,1,2026-07-09T12:14:03.183Z,2026-07-12 10:48:41
165484,2026-07-08,PENDING,9981,3,2026-07-09T12:12:01.414Z,2026-07-12 10:48:41
167438,2026-07-07,FULFILLED,9974,1,2026-07-07T13:36:17.479Z,2026-07-12 10:48:41
167082,2026-07-07,FULFILLED,9971,3,2026-07-07T13:33:33.258Z,2026-07-12 10:48:41
165483,2026-07-07,FULFILLED,9965,6,2026-07-07T13:28:37.666Z,2026-07-12 10:48:41
165482,2026-07-07,PENDING,9962,3,2026-07-07T13:27:21.057Z,2026-07-12 10:48:41
165481,2026-07-07,FULFILLED,9960,2,2026-07-07T13:25:57.059Z,2026-07-12 10:48:41
165480,2026-07-07,FULFILLED,9959,1,2026-07-07T13:25:16.589Z,2026-07-12 10:48:41
165479,2026-07-07,PENDING,9956,3,2026-07-07T13:22:51.589Z,2026-07-12 10:48:41
165478,2026-07-07,FULFILLED,9955,1,2026-07-07T13:20:55.133Z,2026-07-12 10:48:41
165477,2026-07-07,PARTIAL,9947,8,2026-07-07T13:16:29.464Z,2026-07-12 10:48:41
165476,2026-07-07,FULFILLED,9946,1,2026-07-07T13:15:33.266Z,2026-07-12 10:48:41
165475,2026-07-07,PENDING,9943,3,2026-07-07T13:14:08.341Z,2026-07-12 10:48:41
165474,2026-07-07,PENDING,9940,3,2026-07-07T13:10:49.656Z,2026-07-12 10:48:41
165473,2026-07-07,FULFILLED,9937,3,2026-07-07T13:09:12.401Z,2026-07-12 10:48:41
140450,2026-07-07,PENDING,9936,1,2026-07-07T13:06:39.335Z,2026-07-12 10:48:41
140449,2026-07-07,PENDING,9935,1,2026-07-07T13:05:59.462Z,2026-07-12 10:48:41
167089,2026-07-06,PENDING,10019,3,2026-07-09T14:05:35.604Z,2026-07-12 10:48:41
165457,2026-07-06,FULFILLED,9875,6,2026-07-06T11:03:45.882Z,2026-07-12 10:48:41
165472,2026-07-06,PENDING,9918,4,2026-07-06T14:14:09.767Z,2026-07-12 10:48:41
165471,2026-07-06,PARTIAL,9915,3,2026-07-06T14:12:10.947Z,2026-07-12 10:48:41
165470,2026-07-06,PENDING,9913,2,2026-07-06T14:11:10.231Z,2026-07-12 10:48:41
165469,2026-07-06,PENDING,9912,1,2026-07-06T14:05:51.642Z,2026-07-12 10:48:41
165467,2026-07-05,FULFILLED,9909,3,2026-07-06T14:04:02.686Z,2026-07-12 10:48:41
165466,2026-07-05,PENDING,9908,1,2026-07-06T14:00:39.300Z,2026-07-12 10:48:41
167081,2026-07-05,PENDING,9834,1,2026-07-06T08:29:05.565Z,2026-07-12 10:48:41
165464,2026-07-04,FULFILLED,9905,3,2026-07-06T13:58:34.691Z,2026-07-12 10:48:41
167370,2026-07-04,PARTIAL,7929,6,2026-06-03T12:22:29.178Z,2026-07-12 10:48:41
165465,2026-07-04,PARTIAL,9907,1,2026-07-06T14:00:02.967Z,2026-07-12 10:48:41
165463,2026-07-04,PENDING,9904,1,2026-07-06T12:06:46.733Z,2026-07-12 10:48:41
165462,2026-07-04,FULFILLED,9902,2,2026-07-06T12:05:41.698Z,2026-07-12 10:48:41
165461,2026-07-04,FULFILLED,9895,7,2026-07-06T11:50:53.316Z,2026-07-12 10:48:41
165460,2026-07-04,FULFILLED,9883,12,2026-07-06T11:10:30.475Z,2026-07-12 10:48:41
165459,2026-07-04,FULFILLED,9881,2,2026-07-06T11:09:08.413Z,2026-07-12 10:48:41
165458,2026-07-04,PENDING,9879,2,2026-07-06T11:06:57.438Z,2026-07-12 10:48:41
167437,2026-07-04,PENDING,9838,1,2026-07-06T09:48:09.271Z,2026-07-12 10:48:41
165428,2026-07-03,FULFILLED,9721,7,2026-06-28T05:20:14.697Z,2026-07-12 10:48:41
166920,2026-07-03,FULFILLED,9928,1,2026-07-06T14:23:51.008Z,2026-07-12 10:48:41
166919,2026-07-03,PARTIAL,9922,6,2026-07-06T14:20:39.541Z,2026-07-12 10:48:41
165456,2026-07-03,PARTIAL,9869,6,2026-07-06T10:58:15.000Z,2026-07-12 10:48:41
165455,2026-07-03,FULFILLED,9867,2,2026-07-06T10:56:43.149Z,2026-07-12 10:48:41
165454,2026-07-03,PENDING,9863,4,2026-07-06T10:44:39.783Z,2026-07-12 10:48:41
165453,2026-07-03,PENDING,9862,1,2026-07-06T10:43:34.561Z,2026-07-12 10:48:41
165452,2026-07-03,FULFILLED,9860,2,2026-07-06T10:41:59.384Z,2026-07-12 10:48:41
165451,2026-07-03,PARTIAL,9858,2,2026-07-06T10:40:47.119Z,2026-07-12 10:48:41
165450,2026-07-03,PARTIAL,9855,3,2026-07-06T10:39:01.383Z,2026-07-12 10:48:41
167080,2026-07-03,PENDING,9831,3,2026-07-06T08:23:56.164Z,2026-07-12 10:48:41
167079,2026-07-03,PENDING,9830,1,2026-07-06T08:22:36.865Z,2026-07-12 10:48:41
165449,2026-07-02,FULFILLED,9853,2,2026-07-06T10:37:41.990Z,2026-07-12 10:48:41
165448,2026-07-02,FULFILLED,9850,3,2026-07-06T10:24:10.334Z,2026-07-12 10:48:41
165447,2026-07-02,PARTIAL,9840,10,2026-07-06T10:14:34.440Z,2026-07-12 10:48:41
167078,2026-07-02,FULFILLED,9829,1,2026-07-06T08:19:30.081Z,2026-07-12 10:48:41
166915,2026-07-02,PARTIAL,9693,9,2026-06-25T06:31:51.867Z,2026-07-12 10:48:41
140448,2026-07-01,PENDING,9934,1,2026-07-07T13:05:25.208Z,2026-07-12 10:48:41
140447,2026-07-01,PENDING,9933,1,2026-07-07T13:04:41.251Z,2026-07-12 10:48:41
165446,2026-07-01,FULFILLED,9839,1,2026-07-06T10:13:48.546Z,2026-07-12 10:48:41
167436,2026-07-01,PENDING,9837,1,2026-07-06T09:47:28.801Z,2026-07-12 10:48:41
140616,2026-07-01,PARTIAL,9835,1,2026-07-06T08:30:25.990Z,2026-07-12 10:48:41
167077,2026-07-01,PENDING,9828,1,2026-07-06T08:17:11.506Z,2026-07-12 10:48:41
167076,2026-07-01,FULFILLED,9826,2,2026-07-06T08:12:18.258Z,2026-07-12 10:48:41
167075,2026-07-01,FULFILLED,9825,1,2026-07-06T07:03:44.644Z,2026-07-12 10:48:41
165445,2026-07-01,FULFILLED,9808,3,2026-07-01T14:15:42.108Z,2026-07-12 10:48:41
16445,2026-07-01,PENDING,9809,1,2026-07-01T14:17:19.188Z,2026-07-12 10:48:41
165444,2026-07-01,FULFILLED,9806,2,2026-07-01T14:04:33.526Z,2026-07-12 10:48:41
167435,2026-06-30,FULFILLED,9836,1,2026-07-06T08:31:51.511Z,2026-07-12 10:48:41
167074,2026-06-30,FULFILLED,9818,7,2026-07-06T06:49:26.162Z,2026-07-12 10:48:41
140615,2026-06-30,FULFILLED,9814,1,2026-07-06T04:46:26.500Z,2026-07-12 10:48:41
165442,2026-06-30,PENDING,9800,6,2026-07-01T13:51:34.507Z,2026-07-12 10:48:41
165441,2026-06-30,PENDING,9790,10,2026-07-01T13:37:29.983Z,2026-07-12 10:48:41
165440,2026-06-30,PENDING,9789,1,2026-07-01T13:34:27.284Z,2026-07-12 10:48:41
165439,2026-06-30,PENDING,9786,3,2026-07-01T10:39:56.554Z,2026-07-12 10:48:41
165438,2026-06-30,PENDING,9785,1,2026-07-01T10:33:07.026Z,2026-07-12 10:48:41
165437,2026-06-30,FULFILLED,9778,7,2026-07-01T10:16:59.482Z,2026-07-12 10:48:41
165429,2026-06-29,PARTIAL,9727,6,2026-06-28T05:23:51.409Z,2026-07-12 10:48:41
165436,2026-06-28,PENDING,9737,1,2026-06-28T05:42:19.111Z,2026-07-12 10:48:41
165431,2026-06-28,FULFILLED,9716,2,2026-06-28T05:16:01.807Z,2026-07-12 10:48:41
166865,2026-06-27,FULFILLED,8076,2,2026-06-03T12:22:29.178Z,2026-07-12 10:48:41
166918,2026-06-27,PARTIAL,9770,8,2026-06-28T06:22:59.460Z,2026-07-12 10:48:41
140446,2026-06-27,PENDING,9756,1,2026-06-28T06:10:45.199Z,2026-07-12 10:48:41
167434,2026-06-27,FULFILLED,9738,1,2026-06-28T05:43:08.628Z,2026-07-12 10:48:41
165435,2026-06-27,FULFILLED,9736,1,2026-06-28T05:40:51.539Z,2026-07-12 10:48:41
166914,2026-06-26,PARTIAL,9684,10,2026-06-25T05:18:08.621Z,2026-07-12 10:48:41
140445,2026-06-26,PENDING,9755,1,2026-06-28T06:09:58.992Z,2026-07-12 10:48:41
140444,2026-06-26,PENDING,9754,1,2026-06-28T06:09:22.229Z,2026-07-12 10:48:41
140443,2026-06-26,PENDING,9753,1,2026-06-28T06:08:48.431Z,2026-07-12 10:48:41
141986,2026-06-26,PENDING,9740,2,2026-06-28T05:54:40.677Z,2026-07-12 10:48:41
165434,2026-06-26,FULFILLED,9734,2,2026-06-28T05:39:31.515Z,2026-07-12 10:48:41
165433,2026-06-26,PENDING,9733,1,2026-06-28T05:38:49.277Z,2026-07-12 10:48:41
165432,2026-06-26,FULFILLED,9732,1,2026-06-28T05:38:05.634Z,2026-07-12 10:48:41
165430,2026-06-26,FULFILLED,9730,1,2026-06-28T05:34:24.177Z,2026-07-12 10:48:41
165409,2026-06-26,PARTIAL,9618,8,2026-06-24T14:47:11.646Z,2026-07-12 10:48:41
166917,2026-06-25,PARTIAL,9763,7,2026-06-28T06:16:53.699Z,2026-07-12 10:48:41
167072,2026-06-25,FULFILLED,9759,3,2026-06-28T06:13:37.866Z,2026-07-12 10:48:41
140442,2026-06-25,PENDING,9752,1,2026-06-28T06:08:07.821Z,2026-07-12 10:48:41
140441,2026-06-25,PENDING,9751,1,2026-06-28T06:07:23.398Z,2026-07-12 10:48:41
140440,2026-06-25,PENDING,9750,1,2026-06-28T06:06:56.789Z,2026-07-12 10:48:41
140439,2026-06-25,PENDING,9749,1,2026-06-28T06:04:10.050Z,2026-07-12 10:48:41
140438,2026-06-25,PENDING,9747,1,2026-06-28T06:03:40.210Z,2026-07-12 10:48:41
140437,2026-06-25,PENDING,9746,1,2026-06-28T06:03:05.537Z,2026-07-12 10:48:41
140436,2026-06-25,PENDING,9745,1,2026-06-28T06:02:23.577Z,2026-07-12 10:48:41
140435,2026-06-25,PENDING,9744,1,2026-06-28T05:57:58.152Z,2026-07-12 10:48:41
140434,2026-06-25,PENDING,9743,1,2026-06-28T05:57:21.038Z,2026-07-12 10:48:41
140433,2026-06-25,PENDING,9742,1,2026-06-28T05:56:30.404Z,2026-07-12 10:48:41
165427,2026-06-25,PARTIAL,9709,3,2026-06-27T06:18:38.235Z,2026-07-12 10:48:41
165426,2026-06-25,FULFILLED,9717,2,2026-06-28T05:17:27.070Z,2026-07-12 10:48:41
166916,2026-06-24,FULFILLED,9762,1,2026-06-28T06:16:00.700Z,2026-07-12 10:48:41
167071,2026-06-24,FULFILLED,9757,2,2026-06-28T06:11:55.530Z,2026-07-12 10:48:41
165421,2026-06-24,FULFILLED,9636,3,2026-06-24T15:26:25.834Z,2026-07-12 10:48:41
167433,2026-06-24,PARTIAL,9677,3,2026-06-25T04:23:02.025Z,2026-07-12 10:48:41
167070,2026-06-24,FULFILLED,9672,1,2026-06-25T03:23:52.631Z,2026-07-12 10:48:41
167069,2026-06-24,PARTIAL,9670,2,2026-06-25T03:22:19.283Z,2026-07-12 10:48:41
165425,2026-06-24,PENDING,9640,2,2026-06-24T15:30:04.651Z,2026-07-12 10:48:41
165424,2026-06-24,PENDING,9639,1,2026-06-24T15:29:22.369Z,2026-07-12 10:48:41
165423,2026-06-24,FULFILLED,9638,1,2026-06-24T15:28:16.297Z,2026-07-12 10:48:41
166422,2026-06-24,FULFILLED,9637,1,2026-06-24T15:27:22.410Z,2026-07-12 10:48:41
141985,2026-06-23,PENDING,9739,1,2026-06-28T05:53:41.566Z,2026-07-12 10:48:41
165420,2026-06-23,FULFILLED,9635,1,2026-06-24T15:25:53.065Z,2026-07-12 10:48:41
165419,2026-06-23,FULFILLED,9634,1,2026-06-24T15:01:54.419Z,2026-07-12 10:48:41
166913,2026-06-22,PARTIAL,9681,3,2026-06-25T05:14:59.687Z,2026-07-12 10:48:41
166912,2026-06-22,FULFILLED,9680,1,2026-06-25T05:13:58.788Z,2026-07-12 10:48:41
167432,2026-06-22,FULFILLED,9676,1,2026-06-25T04:20:07.039Z,2026-07-12 10:48:41
167431,2026-06-22,FULFILLED,9673,2,2026-06-25T03:27:34.219Z,2026-07-12 10:48:41
167068,2026-06-22,FULFILLED,9668,2,2026-06-25T03:21:09.062Z,2026-07-12 10:48:41
165416,2026-06-22,FULFILLED,9631,3,2026-06-24T15:00:12.913Z,2026-07-12 10:48:41
165414,2026-06-22,FULFILLED,9628,2,2026-06-24T14:58:20.621Z,2026-07-12 10:48:41
165413,2026-06-22,PENDING,9627,1,2026-06-24T14:57:52.434Z,2026-07-12 10:48:41
165412,2026-06-22,FULFILLED,9626,1,2026-06-24T14:56:51.993Z,2026-07-12 10:48:41
167067,2026-06-21,PENDING,9667,1,2026-06-25T03:20:15.045Z,2026-07-12 10:48:41
167066,2026-06-21,FULFILLED,9660,7,2026-06-25T03:07:21.990Z,2026-07-12 10:48:41
167065,2026-06-21,PARTIAL,9650,10,2026-06-25T02:23:49.979Z,2026-07-12 10:48:41
165415,2026-06-21,PENDING,9630,1,2026-06-24T14:59:39.489Z,2026-07-12 10:48:41
167064,2026-06-20,PENDING,9649,1,2026-06-25T02:22:32.575Z,2026-07-12 10:48:41
167062,2026-06-20,FULFILLED,9647,2,2026-06-24T15:37:34.509Z,2026-07-12 10:48:41
167061,2026-06-20,FULFILLED,9642,5,2026-06-24T15:33:17.276Z,2026-07-12 10:48:41
165410,2026-06-20,FULFILLED,9625,1,2026-06-24T14:55:50.187Z,2026-07-12 10:48:41
165407,2026-06-20,FULFILLED,9617,1,2026-06-24T14:43:10.644Z,2026-07-12 10:48:41
165403,2026-06-20,FULFILLED,9527,5,2026-06-19T09:32:47.985Z,2026-07-12 10:48:41
165406,2026-06-20,FULFILLED,9615,1,2026-06-24T14:32:08.020Z,2026-07-12 10:48:41
165402,2026-06-19,PARTIAL,9526,3,2026-06-19T09:27:25.139Z,2026-07-12 10:48:41
166167,2026-06-19,FULFILLED,9332,5,2026-06-12T04:47:02.998Z,2026-07-12 10:48:41
165405,2026-06-19,FULFILLED,9570,1,2026-06-19T12:09:52.558Z,2026-07-12 10:48:41
167060,2026-06-19,PARTIAL,9562,3,2026-06-19T10:10:57.772Z,2026-07-12 10:48:41
167059,2026-06-19,FULFILLED,9560,2,2026-06-19T10:09:44.761Z,2026-07-12 10:48:41
166195,2026-06-19,PARTIAL,9535,4,2026-06-19T09:44:01.695Z,2026-07-12 10:48:41
165404,2026-06-19,PENDING,9530,1,2026-06-19T09:34:30.816Z,2026-07-12 10:48:41
165401,2026-06-19,FULFILLED,9525,1,2026-06-19T09:26:40.220Z,2026-07-12 10:48:41
140614,2026-06-19,FULFILLED,9522,1,2026-06-19T05:43:35.989Z,2026-07-12 10:48:41
166200,2026-06-18,PARTIAL,9551,7,2026-06-19T10:01:41.635Z,2026-07-12 10:48:41
166198,2026-06-18,FULFILLED,9550,1,2026-06-19T10:00:39.172Z,2026-07-12 10:48:41
166197,2026-06-18,PARTIAL,9545,5,2026-06-19T09:57:55.624Z,2026-07-12 10:48:41
166196,2026-06-17,PARTIAL,9538,7,2026-06-19T09:53:51.939Z,2026-07-12 10:48:41
166911,2026-06-17,PARTIAL,9566,2,2026-06-19T10:18:45.944Z,2026-07-12 10:48:41
140613,2026-06-17,FULFILLED,9565,1,2026-06-19T10:13:05.983Z,2026-07-12 10:48:41
166184,2026-06-17,FULFILLED,9452,3,2026-06-15T12:18:56.559Z,2026-07-12 10:48:41
166194,2026-06-16,FULFILLED,9534,3,2026-06-19T09:38:15.072Z,2026-07-12 10:48:41
141871,2026-06-16,FULFILLED,9569,1,2026-06-19T10:21:02.033Z,2026-07-12 10:48:41
141870,2026-06-16,FULFILLED,9568,1,2026-06-19T10:20:30.186Z,2026-07-12 10:48:41
167058,2026-06-16,FULFILLED,9559,1,2026-06-19T10:08:58.990Z,2026-07-12 10:48:41
166193,2026-06-16,PENDING,9533,1,2026-06-19T09:37:42.628Z,2026-07-12 10:48:41
166192,2026-06-16,FULFILLED,9532,1,2026-06-19T09:37:14.285Z,2026-07-12 10:48:41
167057,2026-06-15,PARTIAL,9557,2,2026-06-19T10:07:27.545Z,2026-07-12 10:48:41
166191 (Site MR 03293),2026-06-15,FULFILLED,9531,1,2026-06-19T09:36:31.757Z,2026-07-12 10:48:41
166187,2026-06-15,FULFILLED,9456,4,2026-06-15T12:24:39.749Z,2026-07-12 10:48:41
167430,2026-06-15,FULFILLED,9481,1,2026-06-16T06:16:14.520Z,2026-07-12 10:48:41
167429,2026-06-15,FULFILLED,9478,1,2026-06-15T13:42:42.090Z,2026-07-12 10:48:41
166190,2026-06-15,PENDING,9467,1,2026-06-15T13:16:45.769Z,2026-07-12 10:48:41
166189,2026-06-15,PARTIAL,9459,8,2026-06-15T12:45:57.157Z,2026-07-12 10:48:41
166188,2026-06-15,FULFILLED,9458,1,2026-06-15T12:32:38.829Z,2026-07-12 10:48:41
166186,2026-06-15,FULFILLED,9455,1,2026-06-15T12:23:57.414Z,2026-07-12 10:48:41
166185,2026-06-15,FULFILLED,9454,1,2026-06-15T12:22:56.528Z,2026-07-12 10:48:41
164185,2026-06-15,PENDING,9453,1,2026-06-15T12:21:37.621Z,2026-07-12 10:48:41
140430,2026-06-14,PENDING,9473,1,2026-06-15T13:25:17.977Z,2026-07-12 10:48:41
166183,2026-06-14,PENDING,9451,1,2026-06-15T12:17:05.346Z,2026-07-12 10:48:41
166182,2026-06-14,PARTIAL,9447,4,2026-06-15T12:09:00.743Z,2026-07-12 10:48:41
166179,2026-06-13,FULFILLED,9438,6,2026-06-15T11:24:03.833Z,2026-07-12 10:48:41
166910,2026-06-13,FULFILLED,9428,3,2026-06-15T05:06:48.273Z,2026-07-12 10:48:41
167428,2026-06-13,FULFILLED,9477,1,2026-06-15T13:41:27.493Z,2026-07-12 10:48:41
166181,2026-06-13,FULFILLED,9445,2,2026-06-15T11:44:48.740Z,2026-07-12 10:48:41
166180,2026-06-13,FULFILLED,9441,4,2026-06-15T11:28:13.549Z,2026-07-12 10:48:41
166178,2026-06-13,FULFILLED,9437,1,2026-06-15T11:19:49.117Z,2026-07-12 10:48:41
166987,2026-06-13,PARTIAL,9206,5,2026-06-06T10:07:31.385Z,2026-07-12 10:48:41
166177,2026-06-13,FULFILLED,9421,4,2026-06-15T04:14:35.614Z,2026-07-12 10:48:41
140612,2026-06-13,FULFILLED,9419,1,2026-06-15T03:45:56.316Z,2026-07-12 10:48:41
166175,2026-06-12,FULFILLED,9432,6,2026-06-15T11:12:50.122Z,2026-07-12 10:48:41
167427,2026-06-12,FULFILLED,9476,1,2026-06-15T13:40:15.567Z,2026-07-12 10:48:41
167424,2026-06-12,PARTIAL,9317,2,2026-06-12T03:44:02.819Z,2026-07-12 10:48:41
167426,2026-06-12,FULFILLED,9474,1,2026-06-15T13:27:48.335Z,2026-07-12 10:48:41
166174,2026-06-12,FULFILLED,9431,1,2026-06-15T11:11:34.326Z,2026-07-12 10:48:41
166173,2026-06-12,PARTIAL,9430,1,2026-06-15T11:10:40.207Z,2026-07-12 10:48:41
166176,2026-06-12,FULFILLED,9359,1,2026-06-13T02:38:54.926Z,2026-07-12 10:48:41
166172,2026-06-12,FULFILLED,9339,4,2026-06-12T04:57:57.780Z,2026-07-12 10:48:41
166171,2026-06-12,FULFILLED,9338,1,2026-06-12T04:56:20.577Z,2026-07-12 10:48:41
166909,2026-06-11,FULFILLED,9426,2,2026-06-15T05:05:13.913Z,2026-07-12 10:48:41
166170,2026-06-11,FULFILLED,9337,1,2026-06-12T04:55:32.092Z,2026-07-12 10:48:41
166169,2026-06-11,FULFILLED,9335,2,2026-06-12T04:51:05.769Z,2026-07-12 10:48:41
166166,2026-06-11,FULFILLED,9333,2,2026-06-12T04:49:07.528Z,2026-07-12 10:48:41
167425,2026-06-11,FULFILLED,9318,1,2026-06-12T03:46:28.785Z,2026-07-12 10:48:41
166165,2026-06-10,FULFILLED,9330,3,2026-06-12T04:45:43.103Z,2026-07-12 10:48:41
166164,2026-06-10,PARTIAL,9329,1,2026-06-12T04:44:54.281Z,2026-07-12 10:48:41
166163,2026-06-10,FULFILLED,9328,1,2026-06-12T04:32:44.760Z,2026-07-12 10:48:41
166162,2026-06-10,FULFILLED,9326,2,2026-06-12T04:28:08.729Z,2026-07-12 10:48:41
166161,2026-06-10,PARTIAL,9325,1,2026-06-12T04:26:37.791Z,2026-07-12 10:48:41
140429,2026-06-09,PENDING,9472,1,2026-06-15T13:24:02.268Z,2026-07-12 10:48:41
140428,2026-06-09,PENDING,9471,1,2026-06-15T13:23:28.746Z,2026-07-12 10:48:41
140427,2026-06-09,PENDING,9470,1,2026-06-15T13:22:53.384Z,2026-07-12 10:48:41
141864,2026-06-09,FULFILLED,9468,1,2026-06-15T13:18:50.314Z,2026-07-12 10:48:41
141868,2026-06-09,FULFILLED,9368,1,2026-06-13T04:08:33.845Z,2026-07-12 10:48:41
141869,2026-06-09,FULFILLED,9367,1,2026-06-13T04:08:03.610Z,2026-07-12 10:48:41
141867,2026-06-09,FULFILLED,9365,1,2026-06-13T04:05:24.923Z,2026-07-12 10:48:41
166160,2026-06-09,FULFILLED,9324,1,2026-06-12T04:25:40.323Z,2026-07-12 10:48:41
166159,2026-06-09,FULFILLED,9322,2,2026-06-12T03:57:48.010Z,2026-07-12 10:48:41
166158,2026-06-09,FULFILLED,9320,2,2026-06-12T03:54:32.320Z,2026-07-12 10:48:41
166157,2026-06-09,PENDING,9319,1,2026-06-12T03:53:14.924Z,2026-07-12 10:48:41
166908,2026-06-09,FULFILLED,9311,1,2026-06-09T09:17:28.574Z,2026-07-12 10:48:41
166907,2026-06-09,PARTIAL,9291,9,2026-06-09T08:12:29.184Z,2026-07-12 10:48:41
166156,2026-06-09,FULFILLED,9263,1,2026-06-09T06:14:09.491Z,2026-07-12 10:48:41
166155,2026-06-09,FULFILLED,9260,1,2026-06-09T05:49:45.133Z,2026-07-12 10:48:41
166154,2026-06-09,FULFILLED,9259,1,2026-06-09T05:49:04.207Z,2026-07-12 10:48:41
166153,2026-06-09,FULFILLED,9258,1,2026-06-09T05:48:32.254Z,2026-07-12 10:48:41
166152,2026-06-09,FULFILLED,9257,1,2026-06-09T05:47:57.770Z,2026-07-12 10:48:41
167056,2026-06-08,FULFILLED,9308,2,2026-06-09T08:29:16.216Z,2026-07-12 10:48:41
167055,2026-06-08,FULFILLED,9305,3,2026-06-09T08:27:17.974Z,2026-07-12 10:48:41
167054,2026-06-08,PENDING,9302,3,2026-06-09T08:24:33.127Z,2026-07-12 10:48:41
167423,2026-06-08,FULFILLED,9301,1,2026-06-09T08:22:36.285Z,2026-07-12 10:48:41
166996,2026-06-08,PENDING,9284,2,2026-06-09T07:00:49.763Z,2026-07-12 10:48:41
166995,2026-06-08,FULFILLED,9283,1,2026-06-09T07:00:10.110Z,2026-07-12 10:48:41
166994,2026-06-08,FULFILLED,9273,10,2026-06-09T06:27:29.560Z,2026-07-12 10:48:41
166993,2026-06-08,FULFILLED,9271,2,2026-06-09T06:25:07.740Z,2026-07-12 10:48:41
166992,2026-06-08,PARTIAL,9264,7,2026-06-09T06:16:22.650Z,2026-07-12 10:48:41
166897,2026-06-08,FULFILLED,8884,6,2026-06-03T12:22:29.178Z,2026-07-12 10:48:41
140611,2026-06-08,FULFILLED,9251,1,2026-06-08T09:18:09.921Z,2026-07-12 10:48:41
140426,2026-06-07,PENDING,9469,1,2026-06-15T13:22:06.979Z,2026-07-12 10:48:41
141866,2026-06-07,FULFILLED,9366,1,2026-06-13T04:06:43.540Z,2026-07-12 10:48:41
167422,2026-06-07,FULFILLED,9300,1,2026-06-09T08:21:43.272Z,2026-07-12 10:48:41
140610,2026-06-07,FULFILLED,9229,3,2026-06-08T02:36:31.221Z,2026-07-12 10:48:41
166983,2026-06-06,PARTIAL,9193,4,2026-06-06T06:45:09.998Z,2026-07-12 10:48:41
166986,2026-06-06,PARTIAL,9205,2,2026-06-06T10:01:19.451Z,2026-07-12 10:48:41
166991,2026-06-06,FULFILLED,9262,1,2026-06-09T05:53:48.103Z,2026-07-12 10:48:41
166990,2026-06-06,FULFILLED,9261,1,2026-06-09T05:53:12.959Z,2026-07-12 10:48:41
140609,2026-06-06,PARTIAL,9204,2,2026-06-06T09:58:15.434Z,2026-07-12 10:48:41
166989,2026-06-06,FULFILLED,9210,7,2026-06-06T10:20:30.428Z,2026-07-12 10:48:41
166898,2026-06-06,PENDING,8138,3,2026-06-03T12:22:29.178Z,2026-07-12 10:48:41
166988,2026-06-06,FULFILLED,9209,1,2026-06-06T10:18:21.282Z,2026-07-12 10:48:41
167053,2026-06-06,PARTIAL,9199,4,2026-06-06T09:37:05.562Z,2026-07-12 10:48:41
167052,2026-06-06,FULFILLED,9198,1,2026-06-06T09:36:21.940Z,2026-07-12 10:48:41
166906,2026-06-06,FULFILLED,9192,1,2026-06-06T06:43:28.594Z,2026-07-12 10:48:41
166975,2026-06-05,PARTIAL,9161,6,2026-06-05T05:58:35.276Z,2026-07-12 10:48:41
166985,2026-06-05,PENDING,9196,1,2026-06-06T08:14:21.313Z,2026-07-12 10:48:41
166984,2026-06-05,FULFILLED,9195,1,2026-06-06T06:46:54.436Z,2026-07-12 10:48:41
167051,2026-06-05,FULFILLED,9178,2,2026-06-05T08:16:33.660Z,2026-07-12 10:48:41
166982,2026-06-05,FULFILLED,9177,1,2026-06-05T08:14:44.996Z,2026-07-12 10:48:41
166981,2026-06-05,FULFILLED,9174,3,2026-06-05T08:13:03.553Z,2026-07-12 10:48:41
166980,2026-06-04,PARTIAL,9170,5,2026-06-05T06:53:32.804Z,2026-07-12 10:48:41
166979,2026-06-04,FULFILLED,9169,1,2026-06-05T06:48:17.016Z,2026-07-12 10:48:41
166978,2026-06-04,FULFILLED,9168,1,2026-06-05T06:47:42.154Z,2026-07-12 10:48:41
166977,2026-06-04,FULFILLED,9167,1,2026-06-05T06:47:04.975Z,2026-07-12 10:48:41
166976,2026-06-04,FULFILLED,9166,1,2026-06-05T06:46:21.319Z,2026-07-12 10:48:41
167421,2026-06-04,FULFILLED,9130,1,2026-06-05T03:57:58.825Z,2026-07-12 10:48:41
141650,2026-06-04,FULFILLED,9115,12,2026-06-05T02:53:18.253Z,2026-07-12 10:48:41
166974,2026-06-03,FULFILLED,9157,4,2026-06-05T05:54:10.207Z,2026-07-12 10:48:41
166973,2026-06-03,FULFILLED,9156,1,2026-06-05T05:53:32.963Z,2026-07-12 10:48:41
166972,2026-06-03,FULFILLED,9155,1,2026-06-05T05:52:51.540Z,2026-07-12 10:48:41
166971,2026-06-03,FULFILLED,9154,1,2026-06-05T05:52:14.183Z,2026-07-12 10:48:41
166970,2026-06-03,FULFILLED,9152,2,2026-06-05T05:50:05.885Z,2026-07-12 10:48:41
166963,2026-06-02,PARTIAL,9137,6,2026-06-05T05:24:15.329Z,2026-07-12 10:48:41
166968,2026-06-02,PARTIAL,9150,6,2026-06-05T05:47:09.896Z,2026-07-12 10:48:41
166998,2026-06-02,FULFILLED,9287,1,2026-06-09T08:08:11.340Z,2026-07-12 10:48:41
167193,2026-06-02,PARTIAL,9071,6,2026-06-03T12:22:29.178Z,2026-07-12 10:48:41
166962,2026-06-02,FULFILLED,9136,2,2026-06-05T04:25:23.020Z,2026-07-12 10:48:41
166969,2026-06-02,FULFILLED,9151,1,2026-06-05T05:47:56.016Z,2026-07-12 10:48:41
166967,2026-06-02,FULFILLED,9149,1,2026-06-05T05:46:27.458Z,2026-07-12 10:48:41
166966,2026-06-02,FULFILLED,9146,3,2026-06-05T05:38:49.454Z,2026-07-12 10:48:41
166965,2026-06-02,FULFILLED,9144,2,2026-06-05T05:31:19.253Z,2026-07-12 10:48:41
166964,2026-06-02,FULFILLED,9142,2,2026-06-05T05:29:05.843Z,2026-07-12 10:48:41
140607,2026-06-02,FULFILLED,9131,1,2026-06-05T04:03:01.776Z,2026-07-12 10:48:41
167420,2026-06-02,FULFILLED,9128,2,2026-06-05T03:43:14.488Z,2026-07-12 10:48:41
167419,2026-06-02,FULFILLED,9127,1,2026-06-05T03:42:20.668Z,2026-07-12 10:48:41
166961,2026-06-02,FULFILLED,9113,1,2026-06-05T02:44:52.133Z,2026-07-12 10:48:41
166997,2026-06-01,FULFILLED,9286,1,2026-06-09T07:01:37.793Z,2026-07-12 10:48:41
167195,2026-06-01,PARTIAL,9076,5,2026-06-03T12:22:29.178Z,2026-07-12 10:48:41
166960,2026-06-01,PENDING,9135,1,2026-06-05T04:23:05.642Z,2026-07-12 10:48:41
166959,2026-05-31,FULFILLED,9133,2,2026-06-05T04:13:08.587Z,2026-07-12 10:48:41
166958,2026-05-29,FULFILLED,9132,1,2026-06-05T04:12:07.535Z,2026-07-12 10:48:41
166956,2026-05-28,FULFILLED,9097,2,2026-06-03T12:22:29.178Z,2026-07-12 10:48:41
166955,2026-05-28,FULFILLED,9094,3,2026-06-03T12:22:29.178Z,2026-07-12 10:48:41
166954,2026-05-28,FULFILLED,9092,2,2026-06-03T12:22:29.178Z,2026-07-12 10:48:41
166951,2026-05-28,PARTIAL,9085,5,2026-06-03T12:22:29.178Z,2026-07-12 10:48:41
166953,2026-05-28,FULFILLED,9090,1,2026-06-03T12:22:29.178Z,2026-07-12 10:48:41
166952,2026-05-28,FULFILLED,9089,1,2026-06-03T12:22:29.178Z,2026-07-12 10:48:41
167200,2026-05-28,FULFILLED,9084,1,2026-06-03T12:22:29.178Z,2026-07-12 10:48:41
167198,2026-05-27,FULFILLED,9052,3,2026-06-03T12:22:29.178Z,2026-07-12 10:48:41
167199,2026-05-27,FULFILLED,9082,2,2026-06-03T12:22:29.178Z,2026-07-12 10:48:41
167197,2026-05-27,FULFILLED,9081,1,2026-06-03T12:22:29.178Z,2026-07-12 10:48:41
167196,2026-05-27,FULFILLED,9080,1,2026-06-03T12:22:29.178Z,2026-07-12 10:48:41
141865,2026-05-26,FULFILLED,9364,1,2026-06-13T04:04:40.129Z,2026-07-12 10:48:41
141649,2026-05-26,FULFILLED,9114,1,2026-06-05T02:51:41.883Z,2026-07-12 10:48:41
167194,2026-05-26,PENDING,9075,1,2026-06-03T12:22:29.178Z,2026-07-12 10:48:41
167190,2026-05-26,PARTIAL,9068,3,2026-06-03T12:22:29.178Z,2026-07-12 10:48:41
167189,2026-05-26,FULFILLED,9065,2,2026-06-03T12:22:29.178Z,2026-07-12 10:48:41
166895,2026-05-26,PARTIAL,8131,7,2026-06-03T12:22:29.178Z,2026-07-12 10:48:41
167192,2026-05-26,FULFILLED,9042,1,2026-06-03T12:22:29.178Z,2026-07-12 10:48:41
167191,2026-05-26,FULFILLED,9041,1,2026-06-03T12:22:29.178Z,2026-07-12 10:48:41
167187,2026-05-25,PARTIAL,9034,6,2026-06-03T12:22:29.178Z,2026-07-12 10:48:41
167186,2026-05-25,PARTIAL,9059,1,2026-06-03T12:22:29.178Z,2026-07-12 10:48:41
167185,2026-05-25,FULFILLED,9033,1,2026-06-03T12:22:29.178Z,2026-07-12 10:48:41
167181,2026-05-24,PARTIAL,9029,2,2026-06-03T12:22:29.178Z,2026-07-12 10:48:41
167182,2026-05-23,FULFILLED,9002,14,2026-06-03T12:22:29.178Z,2026-07-12 10:48:41
166905,2026-05-23,PARTIAL,8992,7,2026-06-03T12:22:29.178Z,2026-07-12 10:48:41
167183,2026-05-23,FULFILLED,9014,15,2026-06-03T12:22:29.178Z,2026-07-12 10:48:41
167180,2026-05-23,FULFILLED,8989,1,2026-06-03T12:22:29.178Z,2026-07-12 10:48:41
141512,2026-05-22,PARTIAL,7817,2,2026-06-03T12:22:29.178Z,2026-07-12 10:48:41
167158,2026-05-22,PARTIAL,8909,12,2026-06-03T12:22:29.178Z,2026-07-12 10:48:41
166901,2026-05-22,PARTIAL,8979,8,2026-06-03T12:22:29.178Z,2026-07-12 10:48:41
167170,2026-05-21,FULFILLED,9054,1,2026-06-03T12:22:29.178Z,2026-07-12 10:48:41
167173,2026-05-21,PARTIAL,8964,11,2026-06-03T12:22:29.178Z,2026-07-12 10:48:41
167172,2026-05-21,FULFILLED,8963,1,2026-06-03T12:22:29.178Z,2026-07-12 10:48:41
167171,2026-05-21,FULFILLED,8962,1,2026-06-03T12:22:29.178Z,2026-07-12 10:48:41
167179,2026-05-21,FULFILLED,8959,3,2026-06-03T12:22:29.178Z,2026-07-12 10:48:41
167160,2026-05-20,PARTIAL,8943,5,2026-06-03T12:22:29.178Z,2026-07-12 10:48:41
167169,2026-05-20,PARTIAL,8957,2,2026-06-03T12:22:29.178Z,2026-07-12 10:48:41
167168,2026-05-20,FULFILLED,8956,1,2026-06-03T12:22:29.178Z,2026-07-12 10:48:41
167167,2026-05-20,FULFILLED,8955,1,2026-06-03T12:22:29.178Z,2026-07-12 10:48:41
167163,2026-05-20,PARTIAL,8951,1,2026-06-03T12:22:29.178Z,2026-07-12 10:48:41
167152,2026-05-19,FULFILLED,8893,4,2026-06-03T12:22:29.178Z,2026-07-12 10:48:41
167159,2026-05-19,PARTIAL,8918,5,2026-06-03T12:22:29.178Z,2026-07-12 10:48:41
167000,2026-05-19,PARTIAL,9288,3,2026-06-09T08:09:08.189Z,2026-07-12 10:48:41
167177,2026-05-19,FULFILLED,8921,13,2026-06-03T12:22:29.178Z,2026-07-12 10:48:41
167155,2026-05-19,FULFILLED,8896,5,2026-06-03T12:22:29.178Z,2026-07-12 10:48:41
167178,2026-05-19,FULFILLED,8932,10,2026-06-03T12:22:29.178Z,2026-07-12 10:48:41
167157,2026-05-19,FULFILLED,8899,10,2026-06-03T12:22:29.178Z,2026-07-12 10:48:41
167153,2026-05-19,FULFILLED,8894,1,2026-06-03T12:22:29.178Z,2026-07-12 10:48:41
142348,2026-05-17,PARTIAL,8876,9,2026-06-03T12:22:29.178Z,2026-07-12 10:48:41
166870,2026-05-16,PARTIAL,8082,6,2026-06-03T12:22:29.178Z,2026-07-12 10:48:41
142347,2026-05-16,PARTIAL,8485,4,2026-06-03T12:22:29.178Z,2026-07-12 10:48:41
166896,2026-05-16,FULFILLED,8134,1,2026-06-03T12:22:29.178Z,2026-07-12 10:48:41
166894,2026-05-16,PARTIAL,8128,6,2026-06-03T12:22:29.178Z,2026-07-12 10:48:41
141645,2026-05-16,PARTIAL,6291,4,2026-06-03T12:22:29.178Z,2026-07-12 10:48:41
142345,2026-05-15,FULFILLED,9496,1,2026-06-17T05:40:52.993Z,2026-07-12 10:48:41
141644,2026-05-15,PARTIAL,6289,3,2026-06-03T12:22:29.178Z,2026-07-12 10:48:41
166893,2026-05-15,PARTIAL,8125,3,2026-06-03T12:22:29.178Z,2026-07-12 10:48:41
142343,2026-05-14,FULFILLED,8846,9,2026-06-03T12:22:29.178Z,2026-07-12 10:48:41
166891,2026-05-14,FULFILLED,8123,2,2026-06-03T12:22:29.178Z,2026-07-12 10:48:41
166892,2026-05-14,FULFILLED,8124,3,2026-06-03T12:22:29.178Z,2026-07-12 10:48:41
166890,2026-05-14,PARTIAL,8121,2,2026-06-03T12:22:29.178Z,2026-07-12 10:48:41
166889,2026-05-14,FULFILLED,8120,1,2026-06-03T12:22:29.178Z,2026-07-12 10:48:41
166888,2026-05-13,PARTIAL,8118,2,2026-06-03T12:22:29.178Z,2026-07-12 10:48:41
141643,2026-05-13,FULFILLED,6286,3,2026-06-03T12:22:29.178Z,2026-07-12 10:48:41
166884,2026-05-12,PARTIAL,8108,8,2026-06-03T12:22:29.178Z,2026-07-12 10:48:41
166887,2026-05-12,FULFILLED,8117,1,2026-06-03T12:22:29.178Z,2026-07-12 10:48:41
166886,2026-05-12,FULFILLED,8116,1,2026-06-03T12:22:29.178Z,2026-07-12 10:48:41
166885,2026-05-12,PENDING,8115,1,2026-06-03T12:22:29.178Z,2026-07-12 10:48:41
166883,2026-05-12,FULFILLED,8107,1,2026-06-03T12:22:29.178Z,2026-07-12 10:48:41
141642,2026-05-12,FULFILLED,6285,1,2026-06-03T12:22:29.178Z,2026-07-12 10:48:41
142338,2026-05-11,FULFILLED,8839,4,2026-06-03T12:22:29.178Z,2026-07-12 10:48:41
166882,2026-05-11,PENDING,8103,1,2026-06-03T12:22:29.178Z,2026-07-12 10:48:41
166881,2026-05-11,PENDING,8102,1,2026-06-03T12:22:29.178Z,2026-07-12 10:48:41
166880,2026-05-11,FULFILLED,8101,1,2026-06-03T12:22:29.178Z,2026-07-12 10:48:41
166879,2026-05-11,FULFILLED,8100,1,2026-06-03T12:22:29.178Z,2026-07-12 10:48:41
166878,2026-05-11,FULFILLED,8098,2,2026-06-03T12:22:29.178Z,2026-07-12 10:48:41
141641,2026-05-11,FULFILLED,6283,2,2026-06-03T12:22:29.178Z,2026-07-12 10:48:41
141640,2026-05-11,FULFILLED,6280,3,2026-06-03T12:22:29.178Z,2026-07-12 10:48:41
141639,2026-05-11,FULFILLED,6278,1,2026-06-03T12:22:29.178Z,2026-07-12 10:48:41
141638,2026-05-11,FULFILLED,6275,3,2026-06-03T12:22:29.178Z,2026-07-12 10:48:41
166877,2026-05-10,FULFILLED,8095,3,2026-06-03T12:22:29.178Z,2026-07-12 10:48:41
166876,2026-05-09,PARTIAL,8091,5,2026-06-03T12:22:29.178Z,2026-07-12 10:48:41
141637,2026-05-09,FULFILLED,6272,4,2026-06-03T12:22:29.178Z,2026-07-12 10:48:41
141636,2026-05-09,FULFILLED,6269,3,2026-06-03T12:22:29.178Z,2026-07-12 10:48:41
141635,2026-05-09,FULFILLED,6267,2,2026-06-03T12:22:29.178Z,2026-07-12 10:48:41
166875,2026-05-08,PARTIAL,8090,1,2026-06-03T12:22:29.178Z,2026-07-12 10:48:41
166874,2026-05-08,FULFILLED,8089,1,2026-06-03T12:22:29.178Z,2026-07-12 10:48:41
166873,2026-05-08,FULFILLED,8086,5,2026-06-03T12:22:29.178Z,2026-07-12 10:48:41
166872,2026-05-08,FULFILLED,8085,1,2026-06-03T12:22:29.178Z,2026-07-12 10:48:41
166866,2026-05-07,PARTIAL,8077,8,2026-06-03T12:22:29.178Z,2026-07-12 10:48:41
166869,2026-05-07,PARTIAL,8080,3,2026-06-03T12:22:29.178Z,2026-07-12 10:48:41
166871,2026-05-07,FULFILLED,8084,1,2026-06-03T12:22:29.178Z,2026-07-12 10:48:41
166868,2026-05-07,PENDING,8079,1,2026-06-03T12:22:29.178Z,2026-07-12 10:48:41
166867,2026-05-07,FULFILLED,8078,1,2026-06-03T12:22:29.178Z,2026-07-12 10:48:41
142337,2026-05-05,PARTIAL,8790,12,2026-06-03T12:22:29.178Z,2026-07-12 10:48:41
141337,2026-05-05,PENDING,9485,1,2026-06-16T10:47:07.124Z,2026-07-12 10:48:41
166861,2026-05-05,FULFILLED,8047,9,2026-06-03T12:22:29.178Z,2026-07-12 10:48:41
166862,2026-05-05,FULFILLED,8056,6,2026-06-03T12:22:29.178Z,2026-07-12 10:48:41
166864,2026-05-05,PARTIAL,8069,10,2026-06-03T12:22:29.178Z,2026-07-12 10:48:41
167856,2026-05-05,FULFILLED,8149,2,2026-06-03T12:22:29.178Z,2026-07-12 10:48:41
166863,2026-05-05,PENDING,8061,8,2026-06-03T12:22:29.178Z,2026-07-12 10:48:41
166860,2026-05-05,PARTIAL,8045,2,2026-06-03T12:22:29.178Z,2026-07-12 10:48:41
166859,2026-05-05,FULFILLED,8044,1,2026-06-03T12:22:29.178Z,2026-07-12 10:48:41
166858,2026-05-05,PENDING,8043,1,2026-06-03T12:22:29.178Z,2026-07-12 10:48:41
166857,2026-05-05,PENDING,8042,1,2026-06-03T12:22:29.178Z,2026-07-12 10:48:41
141634,2026-05-04,FULFILLED,6265,7,2026-06-03T12:22:29.178Z,2026-07-12 10:48:41
166856,2026-05-04,FULFILLED,8041,1,2026-06-03T12:22:29.178Z,2026-07-12 10:48:41
166855,2026-05-04,PARTIAL,8034,7,2026-06-03T12:22:29.178Z,2026-07-12 10:48:41
166854,2026-05-04,FULFILLED,8033,1,2026-06-03T12:22:29.178Z,2026-07-12 10:48:41
141633,2026-05-04,FULFILLED,6264,1,2026-06-03T12:22:29.178Z,2026-07-12 10:48:41
166851,2026-05-03,PARTIAL,8026,6,2026-06-03T12:22:29.178Z,2026-07-12 10:48:41
166853,2026-05-03,FULFILLED,8032,5,2026-06-03T12:22:29.178Z,2026-07-12 10:48:41
166852,2026-05-03,FULFILLED,8031,1,2026-06-03T12:22:29.178Z,2026-07-12 10:48:41
167399,2026-05-03,PARTIAL,8020,6,2026-06-03T12:22:29.178Z,2026-07-12 10:48:41
167398,2026-05-02,PARTIAL,8019,2,2026-06-03T12:22:29.178Z,2026-07-12 10:48:41
167397,2026-05-02,FULFILLED,8018,1,2026-06-03T12:22:29.178Z,2026-07-12 10:48:41
167396,2026-05-02,PENDING,8017,1,2026-06-03T12:22:29.178Z,2026-07-12 10:48:41
141632,2026-05-02,FULFILLED,6262,2,2026-06-03T12:22:29.178Z,2026-07-12 10:48:41
167395,2026-05-01,PARTIAL,8010,7,2026-06-03T12:22:29.178Z,2026-07-12 10:48:41
167394,2026-04-30,PARTIAL,8006,5,2026-06-03T12:22:29.178Z,2026-07-12 10:48:41
167393,2026-04-30,PARTIAL,8005,4,2026-06-03T12:22:29.178Z,2026-07-12 10:48:41
167390,2026-04-30,PARTIAL,7997,3,2026-06-03T12:22:29.178Z,2026-07-12 10:48:41
167392,2026-04-30,FULFILLED,8004,1,2026-06-03T12:22:29.178Z,2026-07-12 10:48:41
167391,2026-04-30,PENDING,7999,5,2026-06-03T12:22:29.178Z,2026-07-12 10:48:41
167389,2026-04-30,FULFILLED,7996,1,2026-06-03T12:22:29.178Z,2026-07-12 10:48:41
141631,2026-04-30,FULFILLED,6261,1,2026-06-03T12:22:29.178Z,2026-07-12 10:48:41
141859,2026-04-29,FULFILLED,9226,1,2026-06-07T09:24:58.167Z,2026-07-12 10:48:41
141861,2026-04-29,FULFILLED,9225,1,2026-06-07T09:21:12.937Z,2026-07-12 10:48:41
141860,2026-04-29,FULFILLED,9224,1,2026-06-07T09:18:08.253Z,2026-07-12 10:48:41
167383,2026-04-29,PARTIAL,7975,10,2026-06-03T12:22:29.178Z,2026-07-12 10:48:41
167382,2026-04-29,PARTIAL,7967,14,2026-06-03T12:22:29.178Z,2026-07-12 10:48:41
167388,2026-04-29,FULFILLED,7995,1,2026-06-03T12:22:29.178Z,2026-07-12 10:48:41
167387,2026-04-29,FULFILLED,7989,6,2026-06-03T12:22:29.178Z,2026-07-12 10:48:41
167386,2026-04-29,FULFILLED,7984,5,2026-06-03T12:22:29.178Z,2026-07-12 10:48:41
167385,2026-04-29,PARTIAL,7982,2,2026-06-03T12:22:29.178Z,2026-07-12 10:48:41
167384,2026-04-29,FULFILLED,7981,1,2026-06-03T12:22:29.178Z,2026-07-12 10:48:41
167381,2026-04-29,PARTIAL,7959,8,2026-06-03T12:22:29.178Z,2026-07-12 10:48:41
167378,2026-04-28,PARTIAL,7947,4,2026-06-03T12:22:29.178Z,2026-07-12 10:48:41
167380,2026-04-28,PARTIAL,7951,8,2026-06-03T12:22:29.178Z,2026-07-12 10:48:41
167379,2026-04-28,FULFILLED,7950,1,2026-06-03T12:22:29.178Z,2026-07-12 10:48:41
167377,2026-04-28,PENDING,7946,1,2026-06-03T12:22:29.178Z,2026-07-12 10:48:41
141625,2026-04-27,PARTIAL,6235,3,2026-06-03T12:22:29.178Z,2026-07-12 10:48:41
167365,2026-04-27,PARTIAL,7920,4,2026-06-03T12:22:29.178Z,2026-07-12 10:48:41
142336,2026-04-27,FULFILLED,6658,2,2026-06-03T12:22:29.178Z,2026-07-12 10:48:41
167371,2026-04-27,FULFILLED,7934,5,2026-06-03T12:22:29.178Z,2026-07-12 10:48:41
167374,2026-04-27,FULFILLED,7937,9,2026-06-03T12:22:29.178Z,2026-07-12 10:48:41
141621,2026-04-27,PARTIAL,6225,4,2026-06-03T12:22:29.178Z,2026-07-12 10:48:41
167372,2026-04-27,FULFILLED,7935,2,2026-06-03T12:22:29.178Z,2026-07-12 10:48:41
141858,2026-04-27,FULFILLED,8144,8,2026-06-03T12:22:29.178Z,2026-07-12 10:48:41
167376,2026-04-27,FULFILLED,7944,3,2026-06-03T12:22:29.178Z,2026-07-12 10:48:41
167375,2026-04-27,PENDING,7942,2,2026-06-03T12:22:29.178Z,2026-07-12 10:48:41
167373,2026-04-27,FULFILLED,7936,1,2026-06-03T12:22:29.178Z,2026-07-12 10:48:41
141630,2026-04-27,FULFILLED,6256,5,2026-06-03T12:22:29.178Z,2026-07-12 10:48:41
141629,2026-04-27,FULFILLED,6252,4,2026-06-03T12:22:29.178Z,2026-07-12 10:48:41
141628,2026-04-27,FULFILLED,6247,5,2026-06-03T12:22:29.178Z,2026-07-12 10:48:41
141627,2026-04-27,FULFILLED,6242,5,2026-06-03T12:22:29.178Z,2026-07-12 10:48:41
141626,2026-04-27,FULFILLED,6237,5,2026-06-03T12:22:29.178Z,2026-07-12 10:48:41
141624,2026-04-27,PARTIAL,6233,2,2026-06-03T12:22:29.178Z,2026-07-12 10:48:41
141623,2026-04-27,FULFILLED,6231,2,2026-06-03T12:22:29.178Z,2026-07-12 10:48:41
141622,2026-04-27,FULFILLED,6228,3,2026-06-03T12:22:29.178Z,2026-07-12 10:48:41
141620,2026-04-27,PARTIAL,6222,3,2026-06-03T12:22:29.178Z,2026-07-12 10:48:41
141619,2026-04-27,FULFILLED,6219,3,2026-06-03T12:22:29.178Z,2026-07-12 10:48:41
141618,2026-04-27,FULFILLED,6216,3,2026-06-03T12:22:29.178Z,2026-07-12 10:48:41
167368,2026-04-26,PARTIAL,7924,3,2026-06-03T12:22:29.178Z,2026-07-12 10:48:41
167369,2026-04-26,FULFILLED,7925,4,2026-06-03T12:22:29.178Z,2026-07-12 10:48:41
141862,2026-04-25,FULFILLED,9495,1,2026-06-17T05:35:07.471Z,2026-07-12 10:48:41
167367,2026-04-25,FULFILLED,7923,3,2026-06-03T12:22:29.178Z,2026-07-12 10:48:41
167366,2026-04-25,FULFILLED,7922,1,2026-06-03T12:22:29.178Z,2026-07-12 10:48:41
167364,2026-04-25,FULFILLED,7919,1,2026-06-03T12:22:29.178Z,2026-07-12 10:48:41
140425,2026-04-25,PENDING,5933,1,2026-06-03T12:22:29.178Z,2026-07-12 10:48:41
140424,2026-04-25,PENDING,5932,1,2026-06-03T12:22:29.178Z,2026-07-12 10:48:41
167363,2026-04-24,FULFILLED,7918,1,2026-06-03T12:22:29.178Z,2026-07-12 10:48:41
167362,2026-04-24,FULFILLED,7917,1,2026-06-03T12:22:29.178Z,2026-07-12 10:48:41
167361,2026-04-24,FULFILLED,7914,3,2026-06-03T12:22:29.178Z,2026-07-12 10:48:41
141613,2026-04-23,FULFILLED,6205,3,2026-06-03T12:22:29.178Z,2026-07-12 10:48:41
142335,2026-04-23,PARTIAL,6652,7,2026-06-03T12:22:29.178Z,2026-07-12 10:48:41
167360,2026-04-23,PARTIAL,7913,2,2026-06-03T12:22:29.178Z,2026-07-12 10:48:41
141617,2026-04-23,FULFILLED,6215,1,2026-06-03T12:22:29.178Z,2026-07-12 10:48:41
141616,2026-04-23,FULFILLED,6212,3,2026-06-03T12:22:29.178Z,2026-07-12 10:48:41
141615,2026-04-23,FULFILLED,6210,2,2026-06-03T12:22:29.178Z,2026-07-12 10:48:41
141614,2026-04-23,FULFILLED,6207,3,2026-06-03T12:22:29.178Z,2026-07-12 10:48:41
141612,2026-04-23,FULFILLED,6202,3,2026-06-03T12:22:29.178Z,2026-07-12 10:48:41
167359,2026-04-22,FULFILLED,7912,2,2026-06-03T12:22:29.178Z,2026-07-12 10:48:41
167355,2026-04-21,FULFILLED,7906,6,2026-06-03T12:22:29.178Z,2026-07-12 10:48:41
167358,2026-04-21,PENDING,7911,1,2026-06-03T12:22:29.178Z,2026-07-12 10:48:41
167357,2026-04-21,FULFILLED,7910,1,2026-06-03T12:22:29.178Z,2026-07-12 10:48:41
167356,2026-04-21,FULFILLED,7909,1,2026-06-03T12:22:29.178Z,2026-07-12 10:48:41
141611,2026-04-21,FULFILLED,6199,3,2026-06-03T12:22:29.178Z,2026-07-12 10:48:41
141610,2026-04-21,FULFILLED,6195,4,2026-06-03T12:22:29.178Z,2026-07-12 10:48:41
167354,2026-04-20,PARTIAL,7902,5,2026-06-03T12:22:29.178Z,2026-07-12 10:48:41
5458,2026-04-11,FULFILLED,9482,3,2026-06-16T08:28:27.799Z,2026-07-12 10:48:41
167353,2026-04-09,PENDING,7901,1,2026-06-03T12:22:29.178Z,2026-07-12 10:48:41
167352,2026-04-09,PENDING,7900,1,2026-06-03T12:22:29.178Z,2026-07-12 10:48:41
142334,2026-04-09,FULFILLED,6650,2,2026-06-03T12:22:29.178Z,2026-07-12 10:48:41
141550,2026-04-08,FULFILLED,9369,1,2026-06-13T06:19:44.841Z,2026-07-12 10:48:41
167351,2026-04-08,FULFILLED,7899,1,2026-06-03T12:22:29.178Z,2026-07-12 10:48:41
141549,2026-04-07,PARTIAL,7896,5,2026-06-03T12:22:29.178Z,2026-07-12 10:48:41
141548,2026-04-07,FULFILLED,7895,2,2026-06-03T12:22:29.178Z,2026-07-12 10:48:41
141662,2026-04-06,FULFILLED,7685,3,2026-06-03T12:22:29.178Z,2026-07-12 10:48:41
141547,2026-04-06,PARTIAL,7892,4,2026-06-03T12:22:29.178Z,2026-07-12 10:48:41
141545,2026-04-05,FULFILLED,7891,1,2026-06-03T12:22:29.178Z,2026-07-12 10:48:41
141544,2026-04-05,PARTIAL,7888,3,2026-06-03T12:22:29.178Z,2026-07-12 10:48:41
141543,2026-04-04,FULFILLED,7883,5,2026-06-03T12:22:29.178Z,2026-07-12 10:48:41
141542,2026-04-04,PENDING,7879,4,2026-06-03T12:22:29.178Z,2026-07-12 10:48:41
141857,2026-04-03,FULFILLED,9353,1,2026-06-12T11:36:08.062Z,2026-07-12 10:48:41
141540,2026-04-03,PENDING,7878,1,2026-06-03T12:22:29.178Z,2026-07-12 10:48:41
141852,2026-04-02,FULFILLED,9346,1,2026-06-12T10:38:55.690Z,2026-07-12 10:48:41
141536,2026-04-02,FULFILLED,7874,2,2026-06-03T12:22:29.178Z,2026-07-12 10:48:41
141539,2026-04-02,PARTIAL,7877,2,2026-06-03T12:22:29.178Z,2026-07-12 10:48:41
141538,2026-04-02,FULFILLED,7876,2,2026-06-03T12:22:29.178Z,2026-07-12 10:48:41
141537,2026-04-02,FULFILLED,7875,1,2026-06-03T12:22:29.178Z,2026-07-12 10:48:41
141609,2026-04-02,FULFILLED,6193,2,2026-06-03T12:22:29.178Z,2026-07-12 10:48:41
141608,2026-04-02,FULFILLED,6190,3,2026-06-03T12:22:29.178Z,2026-07-12 10:48:41
141853,2026-04-01,FULFILLED,9351,1,2026-06-12T11:26:39.122Z,2026-07-12 10:48:41
141535,2026-04-01,PARTIAL,7872,4,2026-06-03T12:22:29.178Z,2026-07-12 10:48:41
141532,2026-03-31,PARTIAL,7868,5,2026-06-03T12:22:29.178Z,2026-07-12 10:48:41
141531,2026-03-31,FULFILLED,7864,6,2026-06-03T12:22:29.178Z,2026-07-12 10:48:41
141533,2026-03-31,FULFILLED,7871,1,2026-06-03T12:22:29.178Z,2026-07-12 10:48:41
142333,2026-03-31,PARTIAL,6648,2,2026-06-03T12:22:29.178Z,2026-07-12 10:48:41
141518,2026-03-30,FULFILLED,7827,10,2026-06-03T12:22:29.178Z,2026-07-12 10:48:41
141530,2026-03-30,PARTIAL,7857,7,2026-06-03T12:22:29.178Z,2026-07-12 10:48:41
141529,2026-03-30,FULFILLED,7856,1,2026-06-03T12:22:29.178Z,2026-07-12 10:48:41
141528,2026-03-30,FULFILLED,7853,3,2026-06-03T12:22:29.178Z,2026-07-12 10:48:41
141527,2026-03-30,FULFILLED,7852,1,2026-06-03T12:22:29.178Z,2026-07-12 10:48:41
141526,2026-03-30,FULFILLED,7851,1,2026-06-03T12:22:29.178Z,2026-07-12 10:48:41
141525,2026-03-30,PARTIAL,7846,5,2026-06-03T12:22:29.178Z,2026-07-12 10:48:41
141524,2026-03-30,FULFILLED,7845,1,2026-06-03T12:22:29.178Z,2026-07-12 10:48:41
141523,2026-03-30,PENDING,7844,1,2026-06-03T12:22:29.178Z,2026-07-12 10:48:41
141522,2026-03-30,PENDING,7843,1,2026-06-03T12:22:29.178Z,2026-07-12 10:48:41
141607,2026-03-30,FULFILLED,6189,1,2026-06-03T12:22:29.178Z,2026-07-12 10:48:41
141521,2026-03-29,FULFILLED,7841,2,2026-06-03T12:22:29.178Z,2026-07-12 10:48:41
141520,2026-03-29,FULFILLED,7837,4,2026-06-03T12:22:29.178Z,2026-07-12 10:48:41
141519,2026-03-29,FULFILLED,7836,1,2026-06-03T12:22:29.178Z,2026-07-12 10:48:41
141504,2026-03-27,PARTIAL,7800,8,2026-06-03T12:22:29.178Z,2026-07-12 10:48:41
141856,2026-03-27,FULFILLED,9352,1,2026-06-12T11:31:22.905Z,2026-07-12 10:48:41
141511,2026-03-27,FULFILLED,7816,2,2026-06-03T12:22:29.178Z,2026-07-12 10:48:41
141514,2026-03-27,FULFILLED,7820,3,2026-06-03T12:22:29.178Z,2026-07-12 10:48:41
141517,2026-03-27,FULFILLED,7825,2,2026-06-03T12:22:29.178Z,2026-07-12 10:48:41
141516,2026-03-27,PENDING,7823,2,2026-06-03T12:22:29.178Z,2026-07-12 10:48:41
141515,2026-03-27,FULFILLED,7821,2,2026-06-03T12:22:29.178Z,2026-07-12 10:48:41
141513,2026-03-27,PENDING,7818,2,2026-06-03T12:22:29.178Z,2026-07-12 10:48:41
141510,2026-03-27,FULFILLED,7812,4,2026-06-03T12:22:29.178Z,2026-07-12 10:48:41
141509,2026-03-27,FULFILLED,7808,4,2026-06-03T12:22:29.178Z,2026-07-12 10:48:41
141508,2026-03-27,PARTIAL,7806,2,2026-06-03T12:22:29.178Z,2026-07-12 10:48:41
141507,2026-03-27,FULFILLED,7805,1,2026-06-03T12:22:29.178Z,2026-07-12 10:48:41
141506,2026-03-27,FULFILLED,7804,1,2026-06-03T12:22:29.178Z,2026-07-12 10:48:41
141505,2026-03-27,FULFILLED,7803,1,2026-06-03T12:22:29.178Z,2026-07-12 10:48:41
141605,2026-03-27,FULFILLED,6188,1,2026-06-03T12:22:29.178Z,2026-07-12 10:48:41
141604,2026-03-27,PENDING,6187,1,2026-06-03T12:22:29.178Z,2026-07-12 10:48:42
141603,2026-03-27,FULFILLED,6186,1,2026-06-03T12:22:29.178Z,2026-07-12 10:48:42
141602,2026-03-27,FULFILLED,6185,1,2026-06-03T12:22:29.178Z,2026-07-12 10:48:42
141601,2026-03-27,FULFILLED,6179,6,2026-06-03T12:22:29.178Z,2026-07-12 10:48:42
141502,2026-03-26,PARTIAL,7795,3,2026-06-03T12:22:29.178Z,2026-07-12 10:48:42
142332,2026-03-26,PARTIAL,6640,9,2026-06-03T12:22:29.178Z,2026-07-12 10:48:42
141503,2026-03-26,PARTIAL,7797,3,2026-06-03T12:22:29.178Z,2026-07-12 10:48:42
141501,2026-03-26,PENDING,7793,2,2026-06-03T12:22:29.178Z,2026-07-12 10:48:42
141700,2026-03-26,FULFILLED,7792,1,2026-06-03T12:22:29.178Z,2026-07-12 10:48:42
141749,2026-03-25,FULFILLED,7662,5,2026-06-03T12:22:29.178Z,2026-07-12 10:48:42
141697,2026-03-25,FULFILLED,7789,2,2026-06-03T12:22:29.178Z,2026-07-12 10:48:42
141695,2026-03-25,PARTIAL,7785,5,2026-06-03T12:22:29.178Z,2026-07-12 10:48:42
141699,2026-03-25,FULFILLED,7791,1,2026-06-03T12:22:29.178Z,2026-07-12 10:48:42
141698,2026-03-25,PARTIAL,7790,1,2026-06-03T12:22:29.178Z,2026-07-12 10:48:42
141696,2026-03-25,FULFILLED,7788,1,2026-06-03T12:22:29.178Z,2026-07-12 10:48:42
141694,2026-03-25,FULFILLED,7775,10,2026-06-03T12:22:29.178Z,2026-07-12 10:48:42
141693,2026-03-25,FULFILLED,7774,1,2026-06-03T12:22:29.178Z,2026-07-12 10:48:42
141692,2026-03-25,PARTIAL,7771,3,2026-06-03T12:22:29.178Z,2026-07-12 10:48:42
141691,2026-03-25,FULFILLED,7768,3,2026-06-03T12:22:29.178Z,2026-07-12 10:48:42
142331,2026-03-25,PENDING,6639,1,2026-06-03T12:22:29.178Z,2026-07-12 10:48:42
141950,2026-03-25,PENDING,6176,3,2026-06-03T12:22:29.178Z,2026-07-12 10:48:42
141949,2026-03-25,FULFILLED,6174,2,2026-06-03T12:22:29.178Z,2026-07-12 10:48:42
140598,2026-03-24,FULFILLED,9600,1,2026-06-23T02:39:53.004Z,2026-07-12 10:48:42
141690,2026-03-24,FULFILLED,7766,3,2026-06-03T12:22:29.178Z,2026-07-12 10:48:42
141686,2026-03-24,PARTIAL,7758,4,2026-06-03T12:22:29.178Z,2026-07-12 10:48:42
141689,2026-03-24,FULFILLED,7764,2,2026-06-03T12:22:29.178Z,2026-07-12 10:48:42
141688,2026-03-24,FULFILLED,7763,1,2026-06-03T12:22:29.178Z,2026-07-12 10:48:42
141687,2026-03-24,FULFILLED,7761,2,2026-06-03T12:22:29.178Z,2026-07-12 10:48:42
141681,2026-03-23,FULFILLED,7743,7,2026-06-03T12:22:29.178Z,2026-07-12 10:48:42
141685,2026-03-23,FULFILLED,7757,1,2026-06-03T12:22:29.178Z,2026-07-12 10:48:42
141684,2026-03-23,FULFILLED,7753,4,2026-06-03T12:22:29.178Z,2026-07-12 10:48:42
141683,2026-03-23,PARTIAL,7750,3,2026-06-03T12:22:29.178Z,2026-07-12 10:48:42
141682,2026-03-23,FULFILLED,7748,2,2026-06-03T12:22:29.178Z,2026-07-12 10:48:42
141680,2026-03-23,PENDING,7742,1,2026-06-03T12:22:29.178Z,2026-07-12 10:48:42
142330,2026-03-23,PARTIAL,6632,7,2026-06-03T12:22:29.178Z,2026-07-12 10:48:42
141679,2026-03-22,FULFILLED,7741,1,2026-06-03T12:22:29.178Z,2026-07-12 10:48:42
141678,2026-03-22,FULFILLED,7740,1,2026-06-03T12:22:29.178Z,2026-07-12 10:48:42
141677,2026-03-22,FULFILLED,7739,1,2026-06-03T12:22:29.178Z,2026-07-12 10:48:42
141676,2026-03-22,FULFILLED,7737,2,2026-06-03T12:22:29.178Z,2026-07-12 10:48:42
141675,2026-03-21,FULFILLED,7735,5,2026-06-03T12:22:29.178Z,2026-07-12 10:48:42
141672,2026-03-21,PARTIAL,7718,10,2026-06-03T12:22:29.178Z,2026-07-12 10:48:42
141674,2026-03-21,FULFILLED,7734,1,2026-06-03T12:22:29.178Z,2026-07-12 10:48:42
141673,2026-03-21,PARTIAL,7727,7,2026-06-03T12:22:29.178Z,2026-07-12 10:48:42
141670,2026-03-21,PARTIAL,7715,3,2026-06-03T12:22:29.178Z,2026-07-12 10:48:42
141661,2026-03-20,PARTIAL,7682,10,2026-06-03T12:22:29.178Z,2026-07-12 10:48:42
141663,2026-03-20,FULFILLED,7687,8,2026-06-03T12:22:29.178Z,2026-07-12 10:48:42
141669,2026-03-20,FULFILLED,7714,1,2026-06-03T12:22:29.178Z,2026-07-12 10:48:42
141668,2026-03-20,FULFILLED,7708,6,2026-06-03T12:22:29.178Z,2026-07-12 10:48:42
141667,2026-03-20,FULFILLED,7702,6,2026-06-03T12:22:29.178Z,2026-07-12 10:48:42
141666,2026-03-20,FULFILLED,7697,5,2026-06-03T12:22:29.178Z,2026-07-12 10:48:42
141665,2026-03-20,FULFILLED,7692,5,2026-06-03T12:22:29.178Z,2026-07-12 10:48:42
141660,2026-03-20,FULFILLED,7681,1,2026-06-03T12:22:29.178Z,2026-07-12 10:48:42
141659,2026-03-20,FULFILLED,7680,1,2026-06-03T12:22:29.178Z,2026-07-12 10:48:42
141947,2026-03-19,FULFILLED,6172,5,2026-06-03T12:22:29.178Z,2026-07-12 10:48:42
141658,2026-03-19,FULFILLED,7679,1,2026-06-03T12:22:29.178Z,2026-07-12 10:48:42
141657,2026-03-19,FULFILLED,7678,1,2026-06-03T12:22:29.178Z,2026-07-12 10:48:42
141656,2026-03-19,PARTIAL,7673,5,2026-06-03T12:22:29.178Z,2026-07-12 10:48:42
141948,2026-03-19,FULFILLED,6173,1,2026-06-03T12:22:29.178Z,2026-07-12 10:48:42
141748,2026-03-18,PARTIAL,7653,12,2026-06-03T12:22:29.178Z,2026-07-12 10:48:42
141655,2026-03-18,FULFILLED,7670,3,2026-06-03T12:22:29.178Z,2026-07-12 10:48:42
141750,2026-03-18,FULFILLED,7665,1,2026-06-03T12:22:29.178Z,2026-07-12 10:48:42
142329,2026-03-18,FULFILLED,6629,3,2026-06-03T12:22:29.178Z,2026-07-12 10:48:42
141946,2026-03-18,FULFILLED,6169,3,2026-06-03T12:22:29.178Z,2026-07-12 10:48:42
141945,2026-03-18,FULFILLED,6166,3,2026-06-03T12:22:29.178Z,2026-07-12 10:48:42
141747,2026-03-17,PARTIAL,7643,10,2026-06-03T12:22:29.178Z,2026-07-12 10:48:42
141746,2026-03-17,FULFILLED,7640,3,2026-06-03T12:22:29.178Z,2026-07-12 10:48:42
141745,2026-03-17,FULFILLED,7639,1,2026-06-03T12:22:29.178Z,2026-07-12 10:48:42
141744,2026-03-17,FULFILLED,7638,1,2026-06-03T12:22:29.178Z,2026-07-12 10:48:42
141743,2026-03-17,FULFILLED,7636,2,2026-06-03T12:22:29.178Z,2026-07-12 10:48:42
141738,2026-03-16,PARTIAL,7630,4,2026-06-03T12:22:29.178Z,2026-07-12 10:48:42
141742,2026-03-16,PENDING,7635,1,2026-06-03T12:22:29.178Z,2026-07-12 10:48:42
141741,2026-03-16,FULFILLED,7634,1,2026-06-03T12:22:29.178Z,2026-07-12 10:48:42
141740,2026-03-16,FULFILLED,7633,1,2026-06-03T12:22:29.178Z,2026-07-12 10:48:42
142328,2026-03-16,FULFILLED,6624,5,2026-06-03T12:22:29.178Z,2026-07-12 10:48:42
142327,2026-03-16,FULFILLED,6621,3,2026-06-03T12:22:29.178Z,2026-07-12 10:48:42
142326,2026-03-16,FULFILLED,6616,5,2026-06-03T12:22:29.178Z,2026-07-12 10:48:42
140423,2026-03-16,PENDING,5931,1,2026-06-03T12:22:29.178Z,2026-07-12 10:48:42
142325,2026-03-14,PARTIAL,6610,8,2026-06-03T12:22:29.178Z,2026-07-12 10:48:42
141737,2026-03-14,PENDING,7629,1,2026-06-03T12:22:29.178Z,2026-07-12 10:48:42
141736,2026-03-14,FULFILLED,7628,1,2026-06-03T12:22:29.178Z,2026-07-12 10:48:42
141734,2026-03-14,FULFILLED,7626,1,2026-06-03T12:22:29.178Z,2026-07-12 10:48:42
142324,2026-03-14,PENDING,6608,2,2026-06-03T12:22:29.178Z,2026-07-12 10:48:42
142323,2026-03-14,PARTIAL,6603,5,2026-06-03T12:22:29.178Z,2026-07-12 10:48:42
141944,2026-03-14,FULFILLED,6162,4,2026-06-03T12:22:29.178Z,2026-07-12 10:48:42
141943,2026-03-14,FULFILLED,6161,1,2026-06-03T12:22:29.178Z,2026-07-12 10:48:42
141709,2026-03-13,PARTIAL,7547,3,2026-06-03T12:22:29.178Z,2026-07-12 10:48:42
140596,2026-03-13,FULFILLED,9599,1,2026-06-23T02:36:46.020Z,2026-07-12 10:48:42
140695,2026-03-13,FULFILLED,9598,1,2026-06-23T02:34:19.985Z,2026-07-12 10:48:42
141719,2026-03-13,PARTIAL,7586,12,2026-06-03T12:22:29.178Z,2026-07-12 10:48:42
141732,2026-03-13,FULFILLED,7623,4,2026-06-03T12:22:29.178Z,2026-07-12 10:48:42
141733,2026-03-13,FULFILLED,7625,1,2026-06-03T12:22:29.178Z,2026-07-12 10:48:42
141731,2026-03-13,FULFILLED,7621,2,2026-06-03T12:22:29.178Z,2026-07-12 10:48:42
141730,2026-03-13,FULFILLED,7619,2,2026-06-03T12:22:29.178Z,2026-07-12 10:48:42
142322,2026-03-13,PENDING,6598,5,2026-06-03T12:22:29.178Z,2026-07-12 10:48:42
141729,2026-03-12,PARTIAL,7616,4,2026-06-03T12:22:29.178Z,2026-07-12 10:48:42
141942,2026-03-12,PARTIAL,6159,4,2026-06-03T12:22:29.178Z,2026-07-12 10:48:42
142321,2026-03-12,PARTIAL,6596,3,2026-06-03T12:22:29.178Z,2026-07-12 10:48:42
141725,2026-03-12,PARTIAL,7605,2,2026-06-03T12:22:29.178Z,2026-07-12 10:48:42
141728,2026-03-12,FULFILLED,7615,1,2026-06-03T12:22:29.178Z,2026-07-12 10:48:42
141727,2026-03-12,FULFILLED,7614,1,2026-06-03T12:22:29.178Z,2026-07-12 10:48:42
141726,2026-03-12,PARTIAL,7606,8,2026-06-03T12:22:29.178Z,2026-07-12 10:48:42
141724,2026-03-12,FULFILLED,7604,1,2026-06-03T12:22:29.178Z,2026-07-12 10:48:42
141722,2026-03-11,FULFILLED,7600,4,2026-06-03T12:22:29.178Z,2026-07-12 10:48:42
141723,2026-03-11,PENDING,7603,1,2026-06-03T12:22:29.178Z,2026-07-12 10:48:42
141721,2026-03-11,FULFILLED,7593,7,2026-06-03T12:22:29.178Z,2026-07-12 10:48:42
141720,2026-03-11,FULFILLED,7592,1,2026-06-03T12:22:29.178Z,2026-07-12 10:48:42
142320,2026-03-11,PENDING,6595,1,2026-06-03T12:22:29.178Z,2026-07-12 10:48:42
141941,2026-03-11,FULFILLED,6157,2,2026-06-03T12:22:29.178Z,2026-07-12 10:48:42
141940,2026-03-11,FULFILLED,6153,4,2026-06-03T12:22:29.178Z,2026-07-12 10:48:42
141939,2026-03-11,FULFILLED,6151,2,2026-06-03T12:22:29.178Z,2026-07-12 10:48:42
141938,2026-03-11,FULFILLED,6148,3,2026-06-03T12:22:29.178Z,2026-07-12 10:48:42
141937,2026-03-11,FULFILLED,6145,3,2026-06-03T12:22:29.178Z,2026-07-12 10:48:42
140594,2026-03-10,FULFILLED,9597,1,2026-06-23T02:27:30.808Z,2026-07-12 10:48:42
141718,2026-03-10,PARTIAL,7578,15,2026-06-03T12:22:29.178Z,2026-07-12 10:48:42
142318,2026-03-10,PARTIAL,6580,15,2026-06-03T12:22:29.178Z,2026-07-12 10:48:42
141717,2026-03-10,PARTIAL,7576,4,2026-06-03T12:22:29.178Z,2026-07-12 10:48:42
142319,2026-03-10,FULFILLED,6590,5,2026-06-03T12:22:29.178Z,2026-07-12 10:48:42
141936,2026-03-10,FULFILLED,6143,2,2026-06-03T12:22:29.178Z,2026-07-12 10:48:42
141714,2026-03-09,PARTIAL,7560,9,2026-06-03T12:22:29.178Z,2026-07-12 10:48:42
141712,2026-03-09,PARTIAL,7555,8,2026-06-03T12:22:29.178Z,2026-07-12 10:48:42
141715,2026-03-09,PARTIAL,7566,2,2026-06-03T12:22:29.178Z,2026-07-12 10:48:42
141713,2026-03-09,PARTIAL,7559,2,2026-06-03T12:22:29.178Z,2026-07-12 10:48:42
141934,2026-03-09,PARTIAL,6138,4,2026-06-03T12:22:29.178Z,2026-07-12 10:48:42
141716,2026-03-09,FULFILLED,7567,9,2026-06-03T12:22:29.178Z,2026-07-12 10:48:42
141935,2026-03-09,FULFILLED,6140,3,2026-06-03T12:22:29.178Z,2026-07-12 10:48:42
141933,2026-03-09,FULFILLED,6135,3,2026-06-03T12:22:29.178Z,2026-07-12 10:48:42
141711,2026-03-08,PARTIAL,7551,8,2026-06-03T12:22:29.178Z,2026-07-12 10:48:42
141710,2026-03-08,PARTIAL,7548,6,2026-06-03T12:22:29.178Z,2026-07-12 10:48:42
141932,2026-03-07,PARTIAL,6134,2,2026-06-03T12:22:29.178Z,2026-07-12 10:48:42
141706,2026-03-07,PARTIAL,7543,6,2026-06-03T12:22:29.178Z,2026-07-12 10:48:42
141708,2026-03-07,PARTIAL,7546,3,2026-06-03T12:22:29.178Z,2026-07-12 10:48:42
140597,2026-03-06,FULFILLED,9601,1,2026-06-23T02:42:31.836Z,2026-07-12 10:48:42
141705,2026-03-06,FULFILLED,7542,1,2026-06-03T12:22:29.178Z,2026-07-12 10:48:42
141703,2026-03-05,FULFILLED,7540,3,2026-06-03T12:22:29.178Z,2026-07-12 10:48:42
141704,2026-03-05,PARTIAL,7541,2,2026-06-03T12:22:29.178Z,2026-07-12 10:48:42
142100,2026-03-05,PARTIAL,7535,4,2026-06-03T12:22:29.178Z,2026-07-12 10:48:42
141653,2026-03-05,PARTIAL,7667,6,2026-06-03T12:22:29.178Z,2026-07-12 10:48:42
141652,2026-03-05,FULFILLED,7666,1,2026-06-03T12:22:29.178Z,2026-07-12 10:48:42
141702,2026-03-05,FULFILLED,7539,1,2026-06-03T12:22:29.178Z,2026-07-12 10:48:42
141701,2026-03-05,FULFILLED,7537,2,2026-06-03T12:22:29.178Z,2026-07-12 10:48:42
141931,2026-03-05,PARTIAL,6132,2,2026-06-03T12:22:29.178Z,2026-07-12 10:48:42
140422,2026-03-05,PENDING,5930,1,2026-06-03T12:22:29.178Z,2026-07-12 10:48:42
141930,2026-03-04,FULFILLED,6129,4,2026-06-03T12:22:29.178Z,2026-07-12 10:48:42
142099,2026-03-04,FULFILLED,7534,1,2026-06-03T12:22:29.178Z,2026-07-12 10:48:42
142098,2026-03-04,FULFILLED,7532,2,2026-06-03T12:22:29.178Z,2026-07-12 10:48:42
142315,2026-03-03,PARTIAL,6565,10,2026-06-03T12:22:29.178Z,2026-07-12 10:48:42
141929,2026-03-03,FULFILLED,6128,3,2026-06-03T12:22:29.178Z,2026-07-12 10:48:42
141928,2026-03-03,FULFILLED,6126,4,2026-06-03T12:22:29.178Z,2026-07-12 10:48:42
142096,2026-03-03,PARTIAL,7524,8,2026-06-03T12:22:29.178Z,2026-07-12 10:48:42
142097,2026-03-03,FULFILLED,7528,4,2026-06-03T12:22:29.178Z,2026-07-12 10:48:42
142095,2026-03-03,PARTIAL,7522,2,2026-06-03T12:22:29.178Z,2026-07-12 10:48:42
142094,2026-03-03,FULFILLED,7521,1,2026-06-03T12:22:29.178Z,2026-07-12 10:48:42
142093,2026-03-03,FULFILLED,7520,1,2026-06-03T12:22:29.178Z,2026-07-12 10:48:42
142317,2026-03-03,FULFILLED,6579,1,2026-06-03T12:22:29.178Z,2026-07-12 10:48:42
142316,2026-03-03,PARTIAL,6573,6,2026-06-03T12:22:29.178Z,2026-07-12 10:48:42
142092,2026-03-02,PARTIAL,7515,10,2026-06-03T12:22:29.178Z,2026-07-12 10:48:42
142091,2026-03-02,FULFILLED,7508,8,2026-06-03T12:22:29.178Z,2026-07-12 10:48:42
142090,2026-03-01,FULFILLED,7504,5,2026-06-03T12:22:29.178Z,2026-07-12 10:48:42
141925,2026-03-01,FULFILLED,6119,6,2026-06-03T12:22:29.178Z,2026-07-12 10:48:42
141924,2026-03-01,PARTIAL,6117,3,2026-06-03T12:22:29.178Z,2026-07-12 10:48:42
141926,2026-03-01,PARTIAL,6122,4,2026-06-03T12:22:29.178Z,2026-07-12 10:48:42
141927,2026-03-01,FULFILLED,6124,4,2026-06-03T12:22:29.178Z,2026-07-12 10:48:42
142089,2026-03-01,FULFILLED,7502,2,2026-06-03T12:22:29.178Z,2026-07-12 10:48:42
142087,2026-02-28,PARTIAL,7487,7,2026-06-03T12:22:29.178Z,2026-07-12 10:48:42
142088,2026-02-28,PARTIAL,7493,9,2026-06-03T12:22:29.178Z,2026-07-12 10:48:42
142086,2026-02-28,FULFILLED,7482,5,2026-06-03T12:22:29.178Z,2026-07-12 10:48:42
142085,2026-02-28,PARTIAL,7479,3,2026-06-03T12:22:29.178Z,2026-07-12 10:48:42
142084,2026-02-28,FULFILLED,7478,1,2026-06-03T12:22:29.178Z,2026-07-12 10:48:42
142312,2026-02-27,PARTIAL,6552,15,2026-06-03T12:22:29.178Z,2026-07-12 10:48:42
142083,2026-02-27,PARTIAL,7475,5,2026-06-03T12:22:29.178Z,2026-07-12 10:48:42
142082,2026-02-27,PARTIAL,7474,2,2026-06-03T12:22:29.178Z,2026-07-12 10:48:42
142081,2026-02-27,FULFILLED,7470,4,2026-06-03T12:22:29.178Z,2026-07-12 10:48:42
142080,2026-02-27,PENDING,7469,1,2026-06-03T12:22:29.178Z,2026-07-12 10:48:42
142079,2026-02-27,PENDING,7468,1,2026-06-03T12:22:29.178Z,2026-07-12 10:48:42
142314,2026-02-27,PENDING,6564,1,2026-06-03T12:22:29.178Z,2026-07-12 10:48:42
142313,2026-02-27,FULFILLED,6559,5,2026-06-03T12:22:29.178Z,2026-07-12 10:48:42
141923,2026-02-27,PENDING,6116,1,2026-06-03T12:22:29.178Z,2026-07-12 10:48:42
140421,2026-02-27,PENDING,5929,1,2026-06-03T12:22:29.178Z,2026-07-12 10:48:42
140420,2026-02-27,PENDING,5928,1,2026-06-03T12:22:29.178Z,2026-07-12 10:48:42
141922,2026-02-26,PARTIAL,6115,2,2026-06-03T12:22:29.178Z,2026-07-12 10:48:42
142078,2026-02-26,FULFILLED,7467,1,2026-06-03T12:22:29.178Z,2026-07-12 10:48:42
142077,2026-02-26,FULFILLED,7465,2,2026-06-03T12:22:29.178Z,2026-07-12 10:48:42
142076,2026-02-26,FULFILLED,7464,1,2026-06-03T12:22:29.178Z,2026-07-12 10:48:42
142075,2026-02-26,FULFILLED,7463,1,2026-06-03T12:22:29.178Z,2026-07-12 10:48:42
142311,2026-02-26,PENDING,6551,1,2026-06-03T12:22:29.178Z,2026-07-12 10:48:42
142064,2026-02-25,FULFILLED,7433,2,2026-06-03T12:22:29.178Z,2026-07-12 10:48:42
142067,2026-02-25,PARTIAL,7437,3,2026-06-03T12:22:29.178Z,2026-07-12 10:48:42
142063,2026-02-25,FULFILLED,7429,5,2026-06-03T12:22:29.178Z,2026-07-12 10:48:42
142068,2026-02-25,PARTIAL,7439,2,2026-06-03T12:22:29.178Z,2026-07-12 10:48:42
142065,2026-02-25,FULFILLED,7434,3,2026-06-03T12:22:29.178Z,2026-07-12 10:48:42
142069,2026-02-25,PARTIAL,7440,2,2026-06-03T12:22:29.178Z,2026-07-12 10:48:42
142066,2026-02-25,FULFILLED,7436,2,2026-06-03T12:22:29.178Z,2026-07-12 10:48:42
142073,2026-02-25,PARTIAL,7456,7,2026-06-03T12:22:29.178Z,2026-07-12 10:48:42
142072,2026-02-25,FULFILLED,7455,1,2026-06-03T12:22:29.178Z,2026-07-12 10:48:42
142071,2026-02-25,FULFILLED,7448,7,2026-06-03T12:22:29.178Z,2026-07-12 10:48:42
142070,2026-02-25,PARTIAL,7441,7,2026-06-03T12:22:29.178Z,2026-07-12 10:48:42
142057,2026-02-24,PARTIAL,7403,11,2026-06-03T12:22:29.178Z,2026-07-12 10:48:42
142309,2026-02-24,PARTIAL,6536,11,2026-06-03T12:22:29.178Z,2026-07-12 10:48:42
142060,2026-02-24,FULFILLED,7417,12,2026-06-03T12:22:29.178Z,2026-07-12 10:48:42
142062,2026-02-24,FULFILLED,7428,1,2026-06-03T12:22:29.178Z,2026-07-12 10:48:42
142061,2026-02-24,PENDING,7427,1,2026-06-03T12:22:29.178Z,2026-07-12 10:48:42
142059,2026-02-24,PARTIAL,7408,9,2026-06-03T12:22:29.178Z,2026-07-12 10:48:42
142058,2026-02-24,FULFILLED,7407,1,2026-06-03T12:22:29.178Z,2026-07-12 10:48:42
142056,2026-02-24,FULFILLED,7402,1,2026-06-03T12:22:29.178Z,2026-07-12 10:48:42
142055,2026-02-24,FULFILLED,7400,2,2026-06-03T12:22:29.178Z,2026-07-12 10:48:42
142310,2026-02-24,PARTIAL,6545,6,2026-06-03T12:22:29.178Z,2026-07-12 10:48:42
141920,2026-02-24,FULFILLED,6114,1,2026-06-03T12:22:29.178Z,2026-07-12 10:48:42
141919,2026-02-24,PENDING,6112,2,2026-06-03T12:22:29.178Z,2026-07-12 10:48:42
141918,2026-02-24,PENDING,6109,3,2026-06-03T12:22:29.178Z,2026-07-12 10:48:42
141917,2026-02-24,FULFILLED,6108,1,2026-06-03T12:22:29.178Z,2026-07-12 10:48:42
142053,2026-02-23,PARTIAL,7397,3,2026-06-03T12:22:29.178Z,2026-07-12 10:48:42
142052,2026-02-23,FULFILLED,7396,1,2026-06-03T12:22:29.178Z,2026-07-12 10:48:42
142051,2026-02-23,FULFILLED,7393,3,2026-06-03T12:22:29.178Z,2026-07-12 10:48:42
142400,2026-02-23,FULFILLED,7392,1,2026-06-03T12:22:29.178Z,2026-07-12 10:48:42
142308,2026-02-23,PENDING,6534,2,2026-06-03T12:22:29.178Z,2026-07-12 10:48:42
141916,2026-02-23,FULFILLED,6107,1,2026-06-03T12:22:29.178Z,2026-07-12 10:48:42
141915,2026-02-23,FULFILLED,6103,4,2026-06-03T12:22:29.178Z,2026-07-12 10:48:42
142399,2026-02-22,FULFILLED,7391,1,2026-06-03T12:22:29.178Z,2026-07-12 10:48:42
142398,2026-02-22,FULFILLED,7390,1,2026-06-03T12:22:29.178Z,2026-07-12 10:48:42
142397,2026-02-22,FULFILLED,7389,1,2026-06-03T12:22:29.178Z,2026-07-12 10:48:42
142307,2026-02-22,FULFILLED,6533,1,2026-06-03T12:22:29.178Z,2026-07-12 10:48:42
142395,2026-02-21,FULFILLED,7387,6,2026-06-03T12:22:29.178Z,2026-07-12 10:48:42
142390,2026-02-21,FULFILLED,7364,7,2026-06-03T12:22:29.178Z,2026-07-12 10:48:42
142393,2026-02-21,PARTIAL,7376,12,2026-06-03T12:22:29.178Z,2026-07-12 10:48:42
142392,2026-02-21,PARTIAL,7366,12,2026-06-03T12:22:29.178Z,2026-07-12 10:48:42
142396,2026-02-21,FULFILLED,7388,1,2026-06-03T12:22:29.178Z,2026-07-12 10:48:42
142394,2026-02-21,FULFILLED,7386,1,2026-06-03T12:22:29.178Z,2026-07-12 10:48:42
142391,2026-02-21,PENDING,7365,1,2026-06-03T12:22:29.178Z,2026-07-12 10:48:42
142389,2026-02-21,FULFILLED,7362,2,2026-06-03T12:22:29.178Z,2026-07-12 10:48:42
142388,2026-02-21,PARTIAL,7360,2,2026-06-03T12:22:29.178Z,2026-07-12 10:48:42
142387,2026-02-20,PARTIAL,7359,3,2026-06-03T12:22:29.178Z,2026-07-12 10:48:42
142385,2026-02-20,PARTIAL,7349,5,2026-06-03T12:22:29.178Z,2026-07-12 10:48:42
142382,2026-02-20,PARTIAL,7346,2,2026-06-03T12:22:29.178Z,2026-07-12 10:48:42
142383,2026-02-20,FULFILLED,7347,2,2026-06-03T12:22:29.178Z,2026-07-12 10:48:42
142386,2026-02-20,FULFILLED,7351,8,2026-06-03T12:22:29.178Z,2026-07-12 10:48:42
142384,2026-02-20,FULFILLED,7348,1,2026-06-03T12:22:29.178Z,2026-07-12 10:48:42
142306,2026-02-20,PARTIAL,6527,4,2026-06-03T12:22:29.178Z,2026-07-12 10:48:42
141914,2026-02-20,FULFILLED,6101,2,2026-06-03T12:22:29.178Z,2026-07-12 10:48:42
141913,2026-02-20,FULFILLED,6100,1,2026-06-03T12:22:29.178Z,2026-07-12 10:48:42
141911,2026-02-19,PARTIAL,6091,16,2026-06-03T12:22:29.178Z,2026-07-12 10:48:42
142376,2026-02-19,PARTIAL,7324,3,2026-06-03T12:22:29.178Z,2026-07-12 10:48:42
142379,2026-02-19,FULFILLED,7328,9,2026-06-03T12:22:29.178Z,2026-07-12 10:48:42
142381,2026-02-19,PARTIAL,7343,3,2026-06-03T12:22:29.178Z,2026-07-12 10:48:42
142380,2026-02-19,PENDING,7336,7,2026-06-03T12:22:29.178Z,2026-07-12 10:48:42
142378,2026-02-19,FULFILLED,7326,2,2026-06-03T12:22:29.178Z,2026-07-12 10:48:42
142377,2026-02-19,FULFILLED,7325,1,2026-06-03T12:22:29.178Z,2026-07-12 10:48:42
141912,2026-02-19,FULFILLED,6098,2,2026-06-03T12:22:29.178Z,2026-07-12 10:48:42
141910,2026-02-19,FULFILLED,6090,1,2026-06-03T12:22:29.178Z,2026-07-12 10:48:42
140419,2026-02-19,PENDING,5927,1,2026-06-03T12:22:29.178Z,2026-07-12 10:48:42
140418,2026-02-19,PENDING,5926,1,2026-06-03T12:22:29.178Z,2026-07-12 10:48:42
140417,2026-02-19,PENDING,5925,1,2026-06-03T12:22:29.178Z,2026-07-12 10:48:42
140416,2026-02-19,PENDING,5924,1,2026-06-03T12:22:29.178Z,2026-07-12 10:48:42
140415,2026-02-19,PENDING,5923,1,2026-06-03T12:22:29.178Z,2026-07-12 10:48:42
140414,2026-02-19,PENDING,5922,1,2026-06-03T12:22:29.178Z,2026-07-12 10:48:42
140413,2026-02-19,PENDING,5921,1,2026-06-03T12:22:29.178Z,2026-07-12 10:48:42
142373,2026-02-18,FULFILLED,7308,7,2026-06-03T12:22:29.178Z,2026-07-12 10:48:42
142370,2026-02-18,PARTIAL,7305,3,2026-06-03T12:22:29.178Z,2026-07-12 10:48:42
142372,2026-02-18,PARTIAL,7306,8,2026-06-03T12:22:29.178Z,2026-07-12 10:48:42
142366,2026-02-18,PARTIAL,7298,7,2026-06-03T12:22:29.178Z,2026-07-12 10:48:42
142375,2026-02-18,PARTIAL,7320,4,2026-06-03T12:22:29.178Z,2026-07-12 10:48:42
142374,2026-02-18,PARTIAL,7312,8,2026-06-03T12:22:29.178Z,2026-07-12 10:48:42
142369,2026-02-18,PENDING,7304,1,2026-06-03T12:22:29.178Z,2026-07-12 10:48:42
142368,2026-02-18,FULFILLED,7303,1,2026-06-03T12:22:29.178Z,2026-07-12 10:48:42
142367,2026-02-18,FULFILLED,7302,1,2026-06-03T12:22:29.178Z,2026-07-12 10:48:42
142365,2026-02-18,FULFILLED,7297,1,2026-06-03T12:22:29.178Z,2026-07-12 10:48:42
141909,2026-02-18,FULFILLED,6083,7,2026-06-03T12:22:29.178Z,2026-07-12 10:48:42
140412,2026-02-18,PENDING,5920,1,2026-06-03T12:22:29.178Z,2026-07-12 10:48:42
142364,2026-02-17,PARTIAL,7296,2,2026-06-03T12:22:29.178Z,2026-07-12 10:48:42
142363,2026-02-17,PENDING,7294,2,2026-06-03T12:22:29.178Z,2026-07-12 10:48:42
142358,2026-02-16,PARTIAL,7273,20,2026-06-03T12:22:29.178Z,2026-07-12 10:48:42
142361,2026-02-16,PARTIAL,7290,4,2026-06-03T12:22:29.178Z,2026-07-12 10:48:42
142359,2026-02-16,FULFILLED,7285,8,2026-06-03T12:22:29.178Z,2026-07-12 10:48:42
142305,2026-02-16,PARTIAL,6519,9,2026-06-03T12:22:29.178Z,2026-07-12 10:48:42
142360,2026-02-16,PARTIAL,7289,3,2026-06-03T12:22:29.178Z,2026-07-12 10:48:42
142362,2026-02-16,FULFILLED,7293,1,2026-06-03T12:22:29.178Z,2026-07-12 10:48:42
142357,2026-02-16,FULFILLED,7272,1,2026-06-03T12:22:29.178Z,2026-07-12 10:48:42
142356,2026-02-16,FULFILLED,7269,3,2026-06-03T12:22:29.178Z,2026-07-12 10:48:42
142303,2026-02-16,FULFILLED,6518,1,2026-06-03T12:22:29.178Z,2026-07-12 10:48:42
141908,2026-02-16,FULFILLED,6078,5,2026-06-03T12:22:29.178Z,2026-07-12 10:48:42
141907,2026-02-16,FULFILLED,6070,8,2026-06-03T12:22:29.178Z,2026-07-12 10:48:42
140593,2026-02-15,FULFILLED,8306,1,2026-06-03T12:22:29.178Z,2026-07-12 10:48:42
142355,2026-02-15,PENDING,7266,3,2026-06-03T12:22:29.178Z,2026-07-12 10:48:42
142354,2026-02-14,PARTIAL,7265,1,2026-06-03T12:22:29.178Z,2026-07-12 10:48:42
142353,2026-02-14,PENDING,7264,1,2026-06-03T12:22:29.178Z,2026-07-12 10:48:42
142352,2026-02-14,PARTIAL,7263,1,2026-06-03T12:22:29.178Z,2026-07-12 10:48:42
141905,2026-02-14,FULFILLED,6067,3,2026-06-03T12:22:29.178Z,2026-07-12 10:48:42
141904,2026-02-14,PENDING,6063,4,2026-06-03T12:22:29.178Z,2026-07-12 10:48:42
142300,2026-02-13,PARTIAL,7257,10,2026-06-03T12:22:29.178Z,2026-07-12 10:48:42
142301,2026-02-13,PARTIAL,6504,9,2026-06-03T12:22:29.178Z,2026-07-12 10:48:42
142351,2026-02-13,FULFILLED,7262,1,2026-06-03T12:22:29.178Z,2026-07-12 10:48:42
142299,2026-02-13,PARTIAL,7253,4,2026-06-03T12:22:29.178Z,2026-07-12 10:48:42
142298,2026-02-13,FULFILLED,7250,3,2026-06-03T12:22:29.178Z,2026-07-12 10:48:42
142297,2026-02-13,FULFILLED,7249,1,2026-06-03T12:22:29.178Z,2026-07-12 10:48:42
142302,2026-02-13,PARTIAL,6512,6,2026-06-03T12:22:29.178Z,2026-07-12 10:48:42
141903,2026-02-12,FULFILLED,6062,3,2026-06-03T12:22:29.178Z,2026-07-12 10:48:42
142296,2026-02-12,PENDING,7245,4,2026-06-03T12:22:29.178Z,2026-07-12 10:48:42
142295,2026-02-12,PARTIAL,7237,9,2026-06-03T12:22:29.178Z,2026-07-12 10:48:42
142294,2026-02-11,FULFILLED,7236,2,2026-06-03T12:22:29.178Z,2026-07-12 10:48:42
142293,2026-02-11,FULFILLED,7235,1,2026-06-03T12:22:29.178Z,2026-07-12 10:48:42
142292,2026-02-11,FULFILLED,7234,1,2026-06-03T12:22:29.178Z,2026-07-12 10:48:42
142291,2026-02-11,FULFILLED,7229,5,2026-06-03T12:22:29.178Z,2026-07-12 10:48:42
142290,2026-02-11,PARTIAL,7223,6,2026-06-03T12:22:29.178Z,2026-07-12 10:48:42
142289,2026-02-11,PARTIAL,7218,5,2026-06-03T12:22:29.178Z,2026-07-12 10:48:42
141350,2026-02-11,PARTIAL,6500,4,2026-06-03T12:22:29.178Z,2026-07-12 10:48:42
140590,2026-02-10,FULFILLED,9312,1,2026-06-09T12:06:57.924Z,2026-07-12 10:48:42
142288,2026-02-10,FULFILLED,7216,2,2026-06-03T12:22:29.178Z,2026-07-12 10:48:42
142287,2026-02-10,FULFILLED,7215,1,2026-06-03T12:22:29.178Z,2026-07-12 10:48:42
141902,2026-02-10,PARTIAL,6057,5,2026-06-03T12:22:29.178Z,2026-07-12 10:48:42
142285,2026-02-09,PARTIAL,7209,7,2026-06-03T12:22:29.178Z,2026-07-12 10:48:42
142284,2026-02-09,FULFILLED,7206,3,2026-06-03T12:22:29.178Z,2026-07-12 10:48:42
142283,2026-02-09,FULFILLED,7205,1,2026-06-03T12:22:29.178Z,2026-07-12 10:48:42
142282,2026-02-08,PARTIAL,7200,5,2026-06-03T12:22:29.178Z,2026-07-12 10:48:42
142281,2026-02-08,PARTIAL,7195,5,2026-06-03T12:22:29.178Z,2026-07-12 10:48:42
141901,2026-02-07,FULFILLED,6047,11,2026-06-03T12:22:29.178Z,2026-07-12 10:48:42
142280,2026-02-07,FULFILLED,7193,2,2026-06-03T12:22:29.178Z,2026-07-12 10:48:42
142279,2026-02-07,FULFILLED,7192,1,2026-06-03T12:22:29.178Z,2026-07-12 10:48:42
142278,2026-02-07,FULFILLED,7189,3,2026-06-03T12:22:29.178Z,2026-07-12 10:48:42
142277,2026-02-07,PARTIAL,7184,5,2026-06-03T12:22:29.178Z,2026-07-12 10:48:42
142276,2026-02-06,PARTIAL,7183,2,2026-06-03T12:22:29.178Z,2026-07-12 10:48:42
142272,2026-02-06,PARTIAL,7175,6,2026-06-03T12:22:29.178Z,2026-07-12 10:48:42
142274,2026-02-06,PARTIAL,7179,4,2026-06-03T12:22:29.178Z,2026-07-12 10:48:42
142273,2026-02-06,PENDING,7177,2,2026-06-03T12:22:29.178Z,2026-07-12 10:48:42
142271,2026-02-06,FULFILLED,7173,2,2026-06-03T12:22:29.178Z,2026-07-12 10:48:42
142270,2026-02-06,FULFILLED,7172,1,2026-06-03T12:22:29.178Z,2026-07-12 10:48:42
142269,2026-02-06,FULFILLED,7171,1,2026-06-03T12:22:29.178Z,2026-07-12 10:48:42
142268,2026-02-06,PENDING,7170,1,2026-06-03T12:22:29.178Z,2026-07-12 10:48:42
141349,2026-02-06,FULFILLED,6499,1,2026-06-03T12:22:29.178Z,2026-07-12 10:48:42
141348,2026-02-06,PENDING,6498,1,2026-06-03T12:22:29.178Z,2026-07-12 10:48:42
142266,2026-02-05,FULFILLED,7165,4,2026-06-03T12:22:29.178Z,2026-07-12 10:48:42
142267,2026-02-05,FULFILLED,7167,3,2026-06-03T12:22:29.178Z,2026-07-12 10:48:42
142265,2026-02-05,FULFILLED,7163,2,2026-06-03T12:22:29.178Z,2026-07-12 10:48:42
142264,2026-02-05,PENDING,7162,1,2026-06-03T12:22:29.178Z,2026-07-12 10:48:42
142263,2026-02-05,PARTIAL,7160,2,2026-06-03T12:22:29.178Z,2026-07-12 10:48:42
142262,2026-02-05,PENDING,7159,1,2026-06-03T12:22:29.178Z,2026-07-12 10:48:42
142261,2026-02-04,PENDING,7157,2,2026-06-03T12:22:29.178Z,2026-07-12 10:48:42
142260,2026-02-04,FULFILLED,7150,7,2026-06-03T12:22:29.178Z,2026-07-12 10:48:42
142259,2026-02-04,FULFILLED,7143,7,2026-06-03T12:22:29.178Z,2026-07-12 10:48:42
141347,2026-02-03,PARTIAL,6490,9,2026-06-03T12:22:29.178Z,2026-07-12 10:48:42
140897,2026-02-03,FULFILLED,7114,2,2026-06-03T12:22:29.178Z,2026-07-12 10:48:42
142253,2026-02-03,PARTIAL,7124,3,2026-06-03T12:22:29.178Z,2026-07-12 10:48:42
142255,2026-02-03,FULFILLED,7129,2,2026-06-03T12:22:29.178Z,2026-07-12 10:48:42
142258,2026-02-03,FULFILLED,7141,2,2026-06-03T12:22:29.178Z,2026-07-12 10:48:42
142257,2026-02-03,PARTIAL,7131,10,2026-06-03T12:22:29.178Z,2026-07-12 10:48:42
142256,2026-02-03,FULFILLED,7130,1,2026-06-03T12:22:29.178Z,2026-07-12 10:48:42
142254,2026-02-03,PENDING,7126,3,2026-06-03T12:22:29.178Z,2026-07-12 10:48:42
142252,2026-02-03,FULFILLED,7120,4,2026-06-03T12:22:29.178Z,2026-07-12 10:48:42
142251,2026-02-03,FULFILLED,7119,1,2026-06-03T12:22:29.178Z,2026-07-12 10:48:42
140899,2026-02-03,PENDING,7117,2,2026-06-03T12:22:29.178Z,2026-07-12 10:48:42
140898,2026-02-03,FULFILLED,7115,2,2026-06-03T12:22:29.178Z,2026-07-12 10:48:42
140895,2026-02-02,FULFILLED,7112,2,2026-06-03T12:22:29.178Z,2026-07-12 10:48:42
140888,2026-02-02,PARTIAL,7099,8,2026-06-03T12:22:29.178Z,2026-07-12 10:48:42
140894,2026-02-02,PARTIAL,7111,2,2026-06-03T12:22:29.178Z,2026-07-12 10:48:42
140892,2026-02-02,FULFILLED,7108,3,2026-06-03T12:22:29.178Z,2026-07-12 10:48:42
140896,2026-02-02,FULFILLED,7113,2,2026-06-03T12:22:29.178Z,2026-07-12 10:48:42
140893,2026-02-02,FULFILLED,7110,1,2026-06-03T12:22:29.178Z,2026-07-12 10:48:42
140891,2026-02-02,FULFILLED,7105,3,2026-06-03T12:22:29.178Z,2026-07-12 10:48:42
140890,2026-02-02,FULFILLED,7104,1,2026-06-03T12:22:29.178Z,2026-07-12 10:48:42
140889,2026-02-02,FULFILLED,7103,1,2026-06-03T12:22:29.178Z,2026-07-12 10:48:42
140887,2026-02-02,PENDING,7098,1,2026-06-03T12:22:29.178Z,2026-07-12 10:48:42
141346,2026-02-02,PARTIAL,6487,3,2026-06-03T12:22:29.178Z,2026-07-12 10:48:42
140591,2026-02-01,FULFILLED,9313,1,2026-06-09T12:10:45.441Z,2026-07-12 10:48:42
140886,2026-02-01,FULFILLED,7095,3,2026-06-03T12:22:29.178Z,2026-07-12 10:48:42
140885,2026-02-01,FULFILLED,7094,1,2026-06-03T12:22:29.178Z,2026-07-12 10:48:42
141345,2026-02-01,FULFILLED,6486,1,2026-06-03T12:22:29.178Z,2026-07-12 10:48:42
141344,2026-02-01,PARTIAL,6476,10,2026-06-03T12:22:29.178Z,2026-07-12 10:48:42
140884,2026-01-31,FULFILLED,7093,4,2026-06-03T12:22:29.178Z,2026-07-12 10:48:42
140500,2026-01-31,PARTIAL,6041,14,2026-06-03T12:22:29.178Z,2026-07-12 10:48:42
140881,2026-01-31,PARTIAL,7089,4,2026-06-03T12:22:29.178Z,2026-07-12 10:48:42
140883,2026-01-31,FULFILLED,7092,1,2026-06-03T12:22:29.178Z,2026-07-12 10:48:42
140882,2026-01-31,FULFILLED,7091,1,2026-06-03T12:22:29.178Z,2026-07-12 10:48:42
140880,2026-01-30,PENDING,7088,1,2026-06-03T12:22:29.178Z,2026-07-12 10:48:42
140879,2026-01-30,FULFILLED,7087,1,2026-06-03T12:22:29.178Z,2026-07-12 10:48:42
140878,2026-01-30,PENDING,7086,1,2026-06-03T12:22:29.178Z,2026-07-12 10:48:42
141343,2026-01-30,FULFILLED,6468,8,2026-06-03T12:22:29.178Z,2026-07-12 10:48:42
140411,2026-01-30,PENDING,5919,1,2026-06-03T12:22:29.178Z,2026-07-12 10:48:42
140877,2026-01-29,FULFILLED,7085,3,2026-06-03T12:22:29.178Z,2026-07-12 10:48:42
140875,2026-01-29,FULFILLED,7083,3,2026-06-03T12:22:29.178Z,2026-07-12 10:48:42
140874,2026-01-29,PARTIAL,7079,7,2026-06-03T12:22:29.178Z,2026-07-12 10:48:42
140872,2026-01-29,FULFILLED,7077,2,2026-06-03T12:22:29.178Z,2026-07-12 10:48:42
140876,2026-01-29,PARTIAL,7084,2,2026-06-03T12:22:29.178Z,2026-07-12 10:48:42
140873,2026-01-29,FULFILLED,7078,1,2026-06-03T12:22:29.178Z,2026-07-12 10:48:42
141342,2026-01-29,PARTIAL,6466,2,2026-06-03T12:22:29.178Z,2026-07-12 10:48:42
140869,2026-01-28,PARTIAL,7070,5,2026-06-03T12:22:29.178Z,2026-07-12 10:48:42
140871,2026-01-28,FULFILLED,7076,1,2026-06-03T12:22:29.178Z,2026-07-12 10:48:42
140870,2026-01-28,FULFILLED,7074,2,2026-06-03T12:22:29.178Z,2026-07-12 10:48:42
140868,2026-01-28,FULFILLED,7069,1,2026-06-03T12:22:29.178Z,2026-07-12 10:48:42
140867,2026-01-28,FULFILLED,7068,1,2026-06-03T12:22:29.178Z,2026-07-12 10:48:42
140866,2026-01-28,FULFILLED,7067,1,2026-06-03T12:22:29.178Z,2026-07-12 10:48:42
140865,2026-01-28,FULFILLED,7066,1,2026-06-03T12:22:29.178Z,2026-07-12 10:48:42
141341,2026-01-28,FULFILLED,6465,1,2026-06-03T12:22:29.178Z,2026-07-12 10:48:42
140863,2026-01-27,FULFILLED,7063,6,2026-06-03T12:22:29.178Z,2026-07-12 10:48:42
140862,2026-01-27,PARTIAL,7062,2,2026-06-03T12:22:29.178Z,2026-07-12 10:48:42
141340,2026-01-27,PARTIAL,6461,4,2026-06-03T12:22:29.178Z,2026-07-12 10:48:42
140499,2026-01-27,FULFILLED,6038,3,2026-06-03T12:22:29.178Z,2026-07-12 10:48:42
140582,2026-01-26,FULFILLED,9505,1,2026-06-18T05:29:54.754Z,2026-07-12 10:48:42
140861,2026-01-26,PARTIAL,7061,2,2026-06-03T12:22:29.178Z,2026-07-12 10:48:42
140860,2026-01-26,PARTIAL,7058,3,2026-06-03T12:22:29.178Z,2026-07-12 10:48:42
140859,2026-01-26,FULFILLED,7057,1,2026-06-03T12:22:29.178Z,2026-07-12 10:48:42
140858,2026-01-26,PENDING,7056,1,2026-06-03T12:22:29.178Z,2026-07-12 10:48:42
140409,2026-01-25,PENDING,5917,1,2026-06-03T12:22:29.178Z,2026-07-12 10:48:42
140856,2026-01-24,PARTIAL,7049,4,2026-06-03T12:22:29.178Z,2026-07-12 10:48:42
140857,2026-01-24,FULFILLED,7052,4,2026-06-03T12:22:29.178Z,2026-07-12 10:48:42
140855,2026-01-24,FULFILLED,7048,1,2026-06-03T12:22:29.178Z,2026-07-12 10:48:42
140854,2026-01-23,FULFILLED,7047,1,2026-06-03T12:22:29.178Z,2026-07-12 10:48:42
140853,2026-01-23,FULFILLED,7046,1,2026-06-03T12:22:29.178Z,2026-07-12 10:48:42
140852,2026-01-22,FULFILLED,7045,1,2026-06-03T12:22:29.178Z,2026-07-12 10:48:42
140851,2026-01-22,FULFILLED,7044,1,2026-06-03T12:22:29.178Z,2026-07-12 10:48:42
140999,2026-01-22,FULFILLED,7042,2,2026-06-03T12:22:29.178Z,2026-07-12 10:48:42
141338,2026-01-22,FULFILLED,6460,1,2026-06-03T12:22:29.178Z,2026-07-12 10:48:42
140586,2026-01-21,FULFILLED,9509,1,2026-06-18T06:03:41.396Z,2026-07-12 10:48:42
140585,2026-01-21,FULFILLED,9508,1,2026-06-18T06:01:16.949Z,2026-07-12 10:48:42
140989,2026-01-21,FULFILLED,9504,1,2026-06-18T05:20:25.425Z,2026-07-12 10:48:42
140495,2026-01-21,FULFILLED,6030,5,2026-06-03T12:22:29.178Z,2026-07-12 10:48:42
140408,2026-01-21,PARTIAL,5916,2,2026-06-03T12:22:29.178Z,2026-07-12 10:48:42
140988,2026-01-21,FULFILLED,7040,2,2026-06-03T12:22:29.178Z,2026-07-12 10:48:42
140982,2026-01-21,PARTIAL,7035,5,2026-06-03T12:22:29.178Z,2026-07-12 10:48:42
141336,2026-01-21,PARTIAL,6459,1,2026-06-03T12:22:29.178Z,2026-07-12 10:48:42
140498,2026-01-21,FULFILLED,6037,1,2026-06-03T12:22:29.178Z,2026-07-12 10:48:42
140497,2026-01-21,FULFILLED,6035,2,2026-06-03T12:22:29.178Z,2026-07-12 10:48:42
140496,2026-01-21,FULFILLED,6034,1,2026-06-03T12:22:29.178Z,2026-07-12 10:48:42
140979,2026-01-20,FULFILLED,7032,3,2026-06-03T12:22:29.178Z,2026-07-12 10:48:42
140410,2026-01-20,PENDING,5918,1,2026-06-03T12:22:29.178Z,2026-07-12 10:48:42
140971,2026-01-19,PARTIAL,7013,3,2026-06-03T12:22:29.178Z,2026-07-12 10:48:42
140968,2026-01-19,PARTIAL,7009,11,2026-06-03T12:22:29.178Z,2026-07-12 10:48:42
140975,2026-01-19,PARTIAL,7025,7,2026-06-03T12:22:29.178Z,2026-07-12 10:48:42
140974,2026-01-19,FULFILLED,7015,10,2026-06-03T12:22:29.178Z,2026-07-12 10:48:42
140967,2026-01-19,FULFILLED,7007,2,2026-06-03T12:22:29.178Z,2026-07-12 10:48:42
141335,2026-01-19,PARTIAL,6452,7,2026-06-03T12:22:29.178Z,2026-07-12 10:48:42
140407,2026-01-19,PENDING,5915,1,2026-06-03T12:22:29.178Z,2026-07-12 10:48:42
140966,2026-01-18,PARTIAL,7006,2,2026-06-03T12:22:29.178Z,2026-07-12 10:48:42
140494,2026-01-17,FULFILLED,6028,3,2026-06-03T12:22:29.178Z,2026-07-12 10:48:42
140958,2026-01-17,PARTIAL,6996,6,2026-06-03T12:22:29.178Z,2026-07-12 10:48:42
140490,2026-01-17,FULFILLED,6018,4,2026-06-03T12:22:29.178Z,2026-07-12 10:48:42
140963,2026-01-17,PARTIAL,7003,6,2026-06-03T12:22:29.178Z,2026-07-12 10:48:42
140962,2026-01-17,FULFILLED,7001,3,2026-06-03T12:22:29.178Z,2026-07-12 10:48:42
140959,2026-01-17,PARTIAL,6998,3,2026-06-03T12:22:29.178Z,2026-07-12 10:48:42
140493,2026-01-17,FULFILLED,6026,2,2026-06-03T12:22:29.178Z,2026-07-12 10:48:42
140492,2026-01-17,FULFILLED,6024,2,2026-06-03T12:22:29.178Z,2026-07-12 10:48:42
140491,2026-01-17,FULFILLED,6021,3,2026-06-03T12:22:29.178Z,2026-07-12 10:48:42
140577,2026-01-16,FULFILLED,9515,1,2026-06-18T13:51:04.718Z,2026-07-12 10:48:42
140578,2026-01-16,FULFILLED,9514,1,2026-06-18T13:47:44.664Z,2026-07-12 10:48:42
6892,2026-01-16,FULFILLED,9416,3,2026-06-14T06:18:14.253Z,2026-07-12 10:48:42
141334,2026-01-16,PARTIAL,6450,4,2026-06-03T12:22:29.178Z,2026-07-12 10:48:42
140954,2026-01-16,PARTIAL,6984,12,2026-06-03T12:22:29.178Z,2026-07-12 10:48:42
140951,2026-01-16,PARTIAL,6981,2,2026-06-03T12:22:29.178Z,2026-07-12 10:48:42
140952,2026-01-16,PARTIAL,6982,2,2026-06-03T12:22:29.178Z,2026-07-12 10:48:42
140953,2026-01-16,FULFILLED,6983,2,2026-06-03T12:22:29.178Z,2026-07-12 10:48:42
141333,2026-01-16,PARTIAL,6445,6,2026-06-03T12:22:29.178Z,2026-07-12 10:48:42
140488,2026-01-16,FULFILLED,6014,4,2026-06-03T12:22:29.178Z,2026-07-12 10:48:42
140489,2026-01-16,FULFILLED,6017,2,2026-06-03T12:22:29.178Z,2026-07-12 10:48:42
140955,2026-01-16,PARTIAL,6992,5,2026-06-03T12:22:29.178Z,2026-07-12 10:48:42
142450,2026-01-16,PARTIAL,6979,2,2026-06-03T12:22:29.178Z,2026-07-12 10:48:42
142446,2026-01-15,FULFILLED,6972,2,2026-06-03T12:22:29.178Z,2026-07-12 10:48:42
142449,2026-01-15,FULFILLED,6978,1,2026-06-03T12:22:29.178Z,2026-07-12 10:48:42
142448,2026-01-15,PARTIAL,6974,4,2026-06-03T12:22:29.178Z,2026-07-12 10:48:42
142447,2026-01-15,FULFILLED,6973,1,2026-06-03T12:22:29.178Z,2026-07-12 10:48:42
140579,2026-01-14,FULFILLED,9516,1,2026-06-18T13:57:09.106Z,2026-07-12 10:48:42
142443,2026-01-14,PARTIAL,6953,11,2026-06-03T12:22:29.178Z,2026-07-12 10:48:42
142444,2026-01-14,PARTIAL,6959,10,2026-06-03T12:22:29.178Z,2026-07-12 10:48:42
142445,2026-01-14,FULFILLED,6968,4,2026-06-03T12:22:29.178Z,2026-07-12 10:48:42
142442,2026-01-14,PARTIAL,6951,2,2026-06-03T12:22:29.178Z,2026-07-12 10:48:42
142441,2026-01-14,FULFILLED,6950,1,2026-06-03T12:22:29.178Z,2026-07-12 10:48:42
142439,2026-01-14,FULFILLED,6948,2,2026-06-03T12:22:29.178Z,2026-07-12 10:48:42
142438,2026-01-14,FULFILLED,6946,2,2026-06-03T12:22:29.178Z,2026-07-12 10:48:42
142437,2026-01-14,FULFILLED,6945,1,2026-06-03T12:22:29.178Z,2026-07-12 10:48:42
142436,2026-01-14,PARTIAL,6941,4,2026-06-03T12:22:29.178Z,2026-07-12 10:48:42
142435,2026-01-14,FULFILLED,6940,1,2026-06-03T12:22:29.178Z,2026-07-12 10:48:42
141332,2026-01-14,FULFILLED,6444,1,2026-06-03T12:22:29.178Z,2026-07-12 10:48:42
142424,2026-01-13,PARTIAL,6922,4,2026-06-03T12:22:29.178Z,2026-07-12 10:48:42
142432,2026-01-13,FULFILLED,6935,2,2026-06-03T12:22:29.178Z,2026-07-12 10:48:42
142434,2026-01-13,FULFILLED,6939,1,2026-06-03T12:22:29.178Z,2026-07-12 10:48:42
142433,2026-01-13,FULFILLED,6936,3,2026-06-03T12:22:29.178Z,2026-07-12 10:48:42
142431,2026-01-13,FULFILLED,6934,1,2026-06-03T12:22:29.178Z,2026-07-12 10:48:42
142430,2026-01-13,PENDING,6933,1,2026-06-03T12:22:29.178Z,2026-07-12 10:48:42
142429,2026-01-13,PENDING,6932,1,2026-06-03T12:22:29.178Z,2026-07-12 10:48:42
142428,2026-01-13,FULFILLED,6929,3,2026-06-03T12:22:29.178Z,2026-07-12 10:48:42
142427,2026-01-13,PENDING,6927,2,2026-06-03T12:22:29.178Z,2026-07-12 10:48:42
141331,2026-01-13,PENDING,6443,1,2026-06-03T12:22:29.178Z,2026-07-12 10:48:42
140487,2026-01-13,FULFILLED,6013,1,2026-06-03T12:22:29.178Z,2026-07-12 10:48:42
140406,2026-01-13,PENDING,5914,1,2026-06-03T12:22:29.178Z,2026-07-12 10:48:42
140405,2026-01-13,PENDING,5913,1,2026-06-03T12:22:29.178Z,2026-07-12 10:48:42
142418,2026-01-12,FULFILLED,6907,2,2026-06-03T12:22:29.178Z,2026-07-12 10:48:42
142421,2026-01-12,FULFILLED,6910,8,2026-06-03T12:22:29.178Z,2026-07-12 10:48:42
142425,2026-01-12,FULFILLED,6924,2,2026-06-03T12:22:29.178Z,2026-07-12 10:48:42
142423,2026-01-12,PARTIAL,6918,5,2026-06-03T12:22:29.178Z,2026-07-12 10:48:42
142426,2026-01-12,FULFILLED,6925,2,2026-06-03T12:22:29.178Z,2026-07-12 10:48:42
142422,2026-01-12,PARTIAL,6915,3,2026-06-03T12:22:29.178Z,2026-07-12 10:48:42
142420,2026-01-12,FULFILLED,6909,1,2026-06-03T12:22:29.178Z,2026-07-12 10:48:42
142419,2026-01-12,PENDING,6908,1,2026-06-03T12:22:29.178Z,2026-07-12 10:48:42
141330,2026-01-12,PARTIAL,6433,10,2026-06-03T12:22:29.178Z,2026-07-12 10:48:42
140997,2026-01-11,PARTIAL,8424,2,2026-06-03T12:22:29.178Z,2026-07-12 10:48:42
142417,2026-01-11,FULFILLED,6904,3,2026-06-03T12:22:29.178Z,2026-07-12 10:48:42
142416,2026-01-11,PENDING,6903,1,2026-06-03T12:22:29.178Z,2026-07-12 10:48:42
142415,2026-01-11,PARTIAL,6898,5,2026-06-03T12:22:29.178Z,2026-07-12 10:48:42
142414,2026-01-11,FULFILLED,6897,1,2026-06-03T12:22:29.178Z,2026-07-12 10:48:42
142413,2026-01-11,PARTIAL,6896,1,2026-06-03T12:22:29.178Z,2026-07-12 10:48:42
140574,2026-01-10,FULFILLED,9520,1,2026-06-19T03:05:04.317Z,2026-07-12 10:48:42
140486,2026-01-10,PARTIAL,6010,6,2026-06-03T12:22:29.178Z,2026-07-12 10:48:42
142411,2026-01-10,PARTIAL,6891,6,2026-06-03T12:22:29.178Z,2026-07-12 10:48:42
140483,2026-01-10,PARTIAL,6001,5,2026-06-03T12:22:29.178Z,2026-07-12 10:48:42
142410,2026-01-10,FULFILLED,6890,2,2026-06-03T12:22:29.178Z,2026-07-12 10:48:42
142412,2026-01-10,PARTIAL,6895,1,2026-06-03T12:22:29.178Z,2026-07-12 10:48:42
142409,2026-01-10,PARTIAL,6888,2,2026-06-03T12:22:29.178Z,2026-07-12 10:48:42
142408,2026-01-10,FULFILLED,6886,2,2026-06-03T12:22:29.178Z,2026-07-12 10:48:42
140485,2026-01-10,PARTIAL,6007,3,2026-06-03T12:22:29.178Z,2026-07-12 10:48:42
140484,2026-01-10,FULFILLED,6005,2,2026-06-03T12:22:29.178Z,2026-07-12 10:48:42
140588,2026-01-09,FULFILLED,9524,1,2026-06-19T06:35:00.582Z,2026-07-12 10:48:42
5846,2026-01-09,FULFILLED,9513,1,2026-06-18T09:10:36.221Z,2026-07-12 10:48:42
142403,2026-01-09,PARTIAL,6876,5,2026-06-03T12:22:29.178Z,2026-07-12 10:48:42
142407,2026-01-09,FULFILLED,6885,1,2026-06-03T12:22:29.178Z,2026-07-12 10:48:42
142406,2026-01-09,FULFILLED,6883,2,2026-06-03T12:22:29.178Z,2026-07-12 10:48:42
142405,2026-01-09,FULFILLED,6881,2,2026-06-03T12:22:29.178Z,2026-07-12 10:48:42
142404,2026-01-09,FULFILLED,6880,1,2026-06-03T12:22:29.178Z,2026-07-12 10:48:42
140576,2026-01-08,FULFILLED,9518,1,2026-06-18T14:03:17.156Z,2026-07-12 10:48:42
142401,2026-01-08,PARTIAL,6871,3,2026-06-03T12:22:29.178Z,2026-07-12 10:48:42
140547,2026-01-08,PARTIAL,6860,2,2026-06-03T12:22:29.178Z,2026-07-12 10:48:42
142402,2026-01-08,PARTIAL,6873,3,2026-06-03T12:22:29.178Z,2026-07-12 10:48:42
140550,2026-01-08,PARTIAL,6869,2,2026-06-03T12:22:29.178Z,2026-07-12 10:48:42
140549,2026-01-08,PARTIAL,6867,2,2026-06-03T12:22:29.178Z,2026-07-12 10:48:42
140548,2026-01-08,FULFILLED,6861,6,2026-06-03T12:22:29.178Z,2026-07-12 10:48:42
140546,2026-01-08,FULFILLED,6858,2,2026-06-03T12:22:29.178Z,2026-07-12 10:48:42
140587,2026-01-07,FULFILLED,9500,4,2026-06-18T04:41:52.380Z,2026-07-12 10:48:42
140544,2026-01-07,PARTIAL,6847,3,2026-06-03T12:22:29.178Z,2026-07-12 10:48:42
140542,2026-01-07,PARTIAL,6842,4,2026-06-03T12:22:29.178Z,2026-07-12 10:48:42
140545,2026-01-07,PARTIAL,6849,9,2026-06-03T12:22:29.178Z,2026-07-12 10:48:42
140543,2026-01-07,FULFILLED,6845,2,2026-06-03T12:22:29.178Z,2026-07-12 10:48:42
140482,2026-01-07,FULFILLED,6000,1,2026-06-03T12:22:29.178Z,2026-07-12 10:48:42
140575,2026-01-06,FULFILLED,9519,1,2026-06-19T03:01:59.891Z,2026-07-12 10:48:42
140581,2026-01-06,PARTIAL,8412,2,2026-06-03T12:22:29.178Z,2026-07-12 10:48:42
140537,2026-01-06,PARTIAL,6833,4,2026-06-03T12:22:29.178Z,2026-07-12 10:48:42
140535,2026-01-06,PARTIAL,6825,2,2026-06-03T12:22:29.178Z,2026-07-12 10:48:42
140541,2026-01-06,FULFILLED,6838,4,2026-06-03T12:22:29.178Z,2026-07-12 10:48:42
140540,2026-01-06,PARTIAL,6837,1,2026-06-03T12:22:29.178Z,2026-07-12 10:48:43
140539,2026-01-06,FULFILLED,6835,2,2026-06-03T12:22:29.178Z,2026-07-12 10:48:43
140538,2026-01-06,FULFILLED,6834,1,2026-06-03T12:22:29.178Z,2026-07-12 10:48:43
140536,2026-01-06,PARTIAL,6826,7,2026-06-03T12:22:29.178Z,2026-07-12 10:48:43
141329,2026-01-06,PENDING,6431,2,2026-06-03T12:22:29.178Z,2026-07-12 10:48:43
141328,2026-01-06,PARTIAL,6427,4,2026-06-03T12:22:29.178Z,2026-07-12 10:48:43
140584,2026-01-05,FULFILLED,9507,1,2026-06-18T05:39:31.858Z,2026-07-12 10:48:43
141325,2026-01-05,FULFILLED,6416,2,2026-06-03T12:22:29.178Z,2026-07-12 10:48:43
140532,2026-01-05,PARTIAL,6819,3,2026-06-03T12:22:29.178Z,2026-07-12 10:48:43
5470,2026-01-05,FULFILLED,8319,1,2026-06-03T12:22:29.178Z,2026-07-12 10:48:43
140534,2026-01-05,FULFILLED,6823,2,2026-06-03T12:22:29.178Z,2026-07-12 10:48:43
140533,2026-01-05,PARTIAL,6821,2,2026-06-03T12:22:29.178Z,2026-07-12 10:48:43
140531,2026-01-05,FULFILLED,6818,1,2026-06-03T12:22:29.178Z,2026-07-12 10:48:43
141327,2026-01-05,PARTIAL,6417,10,2026-06-03T12:22:29.178Z,2026-07-12 10:48:43
140481,2026-01-05,PARTIAL,5998,2,2026-06-03T12:22:29.178Z,2026-07-12 10:48:43
140480,2026-01-05,FULFILLED,5996,2,2026-06-03T12:22:29.178Z,2026-07-12 10:48:43
140479,2026-01-05,FULFILLED,5993,3,2026-06-03T12:22:29.178Z,2026-07-12 10:48:43
140530,2026-01-04,PARTIAL,6815,6,2026-06-03T12:22:29.178Z,2026-07-12 10:48:43
140529,2026-01-04,FULFILLED,6813,2,2026-06-03T12:22:29.178Z,2026-07-12 10:48:43
140528,2026-01-04,FULFILLED,6812,1,2026-06-03T12:22:29.178Z,2026-07-12 10:48:43
140477,2026-01-04,FULFILLED,5988,2,2026-06-03T12:22:29.178Z,2026-07-12 10:48:43
140524,2026-01-03,FULFILLED,6807,2,2026-06-03T12:22:29.178Z,2026-07-12 10:48:43
140526,2026-01-03,FULFILLED,6809,5,2026-06-03T12:22:29.178Z,2026-07-12 10:48:43
140527,2026-01-03,FULFILLED,6811,1,2026-06-03T12:22:29.178Z,2026-07-12 10:48:43
140525,2026-01-03,PENDING,6808,1,2026-06-03T12:22:29.178Z,2026-07-12 10:48:43
140523,2026-01-03,FULFILLED,6806,1,2026-06-03T12:22:29.178Z,2026-07-12 10:48:43
140478,2026-01-03,FULFILLED,5990,3,2026-06-03T12:22:29.178Z,2026-07-12 10:48:43
140476,2026-01-03,FULFILLED,5986,2,2026-06-03T12:22:29.178Z,2026-07-12 10:48:43
140475,2026-01-03,PARTIAL,5982,4,2026-06-03T12:22:29.178Z,2026-07-12 10:48:43
140474,2026-01-03,PENDING,5979,3,2026-06-03T12:22:29.178Z,2026-07-12 10:48:43
140520,2026-01-02,PARTIAL,6802,2,2026-06-03T12:22:29.178Z,2026-07-12 10:48:43
141323,2026-01-02,PARTIAL,6404,12,2026-06-03T12:22:29.178Z,2026-07-12 10:48:43
140521,2026-01-02,FULFILLED,6803,3,2026-06-03T12:22:29.178Z,2026-07-12 10:48:43
140522,2026-01-02,FULFILLED,6805,1,2026-06-03T12:22:29.178Z,2026-07-12 10:48:43
140519,2026-01-02,FULFILLED,6801,1,2026-06-03T12:22:29.178Z,2026-07-12 10:48:43
140518,2026-01-02,FULFILLED,6798,3,2026-06-03T12:22:29.178Z,2026-07-12 10:48:43
140517,2026-01-02,PENDING,6797,1,2026-06-03T12:22:29.178Z,2026-07-12 10:48:43
140516,2026-01-02,PENDING,6793,4,2026-06-03T12:22:29.178Z,2026-07-12 10:48:43
141324,2026-01-02,PENDING,6413,3,2026-06-03T12:22:29.178Z,2026-07-12 10:48:43
5827,2026-01-01,FULFILLED,8575,1,2026-06-03T12:22:29.178Z,2026-07-12 10:48:43
6180,2025-12-31,FULFILLED,9578,1,2026-06-21T05:14:34.093Z,2026-07-12 10:48:43
140513,2025-12-31,PARTIAL,6790,4,2026-06-03T12:22:29.178Z,2026-07-12 10:48:43
140404,2025-12-31,PARTIAL,5912,2,2026-06-03T12:22:29.178Z,2026-07-12 10:48:43
140514,2025-12-31,FULFILLED,6792,1,2026-06-03T12:22:29.178Z,2026-07-12 10:48:43
141322,2025-12-31,FULFILLED,6403,1,2026-06-03T12:22:29.178Z,2026-07-12 10:48:43
140473,2025-12-31,FULFILLED,5977,2,2026-06-03T12:22:29.178Z,2026-07-12 10:48:43
141318,2025-12-30,PARTIAL,6389,12,2026-06-03T12:22:29.178Z,2026-07-12 10:48:43
140508,2025-12-30,FULFILLED,6778,2,2026-06-03T12:22:29.178Z,2026-07-12 10:48:43
140510,2025-12-30,PARTIAL,6780,3,2026-06-03T12:22:29.178Z,2026-07-12 10:48:43
140512,2025-12-30,PENDING,6789,1,2026-06-03T12:22:29.178Z,2026-07-12 10:48:43
140511,2025-12-30,FULFILLED,6782,7,2026-06-03T12:22:29.178Z,2026-07-12 10:48:43
140509,2025-12-30,FULFILLED,6779,1,2026-06-03T12:22:29.178Z,2026-07-12 10:48:43
140507,2025-12-30,FULFILLED,6777,1,2026-06-03T12:22:29.178Z,2026-07-12 10:48:43
141321,2025-12-30,PENDING,6402,1,2026-06-03T12:22:29.178Z,2026-07-12 10:48:43
141320,2025-12-30,FULFILLED,6399,3,2026-06-03T12:22:29.178Z,2026-07-12 10:48:43
140403,2025-12-30,PENDING,5911,1,2026-06-03T12:22:29.178Z,2026-07-12 10:48:43
140472,2025-12-29,FULFILLED,5974,5,2026-06-03T12:22:29.178Z,2026-07-12 10:48:43
140505,2025-12-29,PARTIAL,6776,3,2026-06-03T12:22:29.178Z,2026-07-12 10:48:43
140471,2025-12-29,PENDING,5972,2,2026-06-03T12:22:29.178Z,2026-07-12 10:48:43
140470,2025-12-29,PENDING,5969,3,2026-06-03T12:22:29.178Z,2026-07-12 10:48:43
140469,2025-12-29,FULFILLED,5966,3,2026-06-03T12:22:29.178Z,2026-07-12 10:48:43
140504,2025-12-28,PENDING,6775,1,2026-06-03T12:22:29.178Z,2026-07-12 10:48:43
140503,2025-12-28,FULFILLED,6774,1,2026-06-03T12:22:29.178Z,2026-07-12 10:48:43
141316,2025-12-27,PARTIAL,6376,13,2026-06-03T12:22:29.178Z,2026-07-12 10:48:43
140502,2025-12-27,FULFILLED,6772,2,2026-06-03T12:22:29.178Z,2026-07-12 10:48:43
140501,2025-12-27,FULFILLED,6770,2,2026-06-03T12:22:29.178Z,2026-07-12 10:48:43
141450,2025-12-27,FULFILLED,6769,1,2026-06-03T12:22:29.178Z,2026-07-12 10:48:43
140402,2025-12-27,PENDING,5910,1,2026-06-03T12:22:29.178Z,2026-07-12 10:48:43
140467,2025-12-26,FULFILLED,5962,5,2026-06-03T12:22:29.178Z,2026-07-12 10:48:43
141447,2025-12-26,FULFILLED,6764,2,2026-06-03T12:22:29.178Z,2026-07-12 10:48:43
141449,2025-12-26,PARTIAL,6768,2,2026-06-03T12:22:29.178Z,2026-07-12 10:48:43
141448,2025-12-26,PARTIAL,6765,3,2026-06-03T12:22:29.178Z,2026-07-12 10:48:43
141319,2025-12-26,PARTIAL,6397,2,2026-06-03T12:22:29.178Z,2026-07-12 10:48:43
140468,2025-12-26,FULFILLED,5965,1,2026-06-03T12:22:29.178Z,2026-07-12 10:48:43
141441,2025-12-25,PARTIAL,6749,8,2026-06-03T12:22:29.178Z,2026-07-12 10:48:43
141440,2025-12-25,PENDING,6748,1,2026-06-03T12:22:29.178Z,2026-07-12 10:48:43
112615 (Wadakada MR),2025-12-24,FULFILLED,9584,1,2026-06-21T06:16:07.411Z,2026-07-12 10:48:43
141445,2025-12-24,FULFILLED,6762,2,2026-06-03T12:22:29.178Z,2026-07-12 10:48:43
141444,2025-12-24,PARTIAL,6761,2,2026-06-03T12:22:29.178Z,2026-07-12 10:48:43
141446,2025-12-24,PARTIAL,6763,2,2026-06-03T12:22:29.178Z,2026-07-12 10:48:43
141438,2025-12-23,FULFILLED,6746,4,2026-06-03T12:22:29.178Z,2026-07-12 10:48:43
141317,2025-12-23,PARTIAL,6387,8,2026-06-03T12:22:29.178Z,2026-07-12 10:48:43
141443,2025-12-23,PARTIAL,6760,2,2026-06-03T12:22:29.178Z,2026-07-12 10:48:43
141442,2025-12-23,PARTIAL,6756,4,2026-06-03T12:22:29.178Z,2026-07-12 10:48:43
141439,2025-12-23,FULFILLED,6747,1,2026-06-03T12:22:29.178Z,2026-07-12 10:48:43
140466,2025-12-23,FULFILLED,5961,1,2026-06-03T12:22:29.178Z,2026-07-12 10:48:43
140465,2025-12-23,FULFILLED,5960,1,2026-06-03T12:22:29.178Z,2026-07-12 10:48:43
5737,2025-12-22,FULFILLED,9575,2,2026-06-21T04:33:45.826Z,2026-07-12 10:48:43
141437,2025-12-22,FULFILLED,6745,2,2026-06-03T12:22:29.178Z,2026-07-12 10:48:43
141436,2025-12-22,PENDING,6744,1,2026-06-03T12:22:29.178Z,2026-07-12 10:48:43
141315,2025-12-22,PARTIAL,6369,7,2026-06-03T12:22:29.178Z,2026-07-12 10:48:43
140464,2025-12-22,FULFILLED,5957,3,2026-06-03T12:22:29.178Z,2026-07-12 10:48:43
6181,2025-12-21,PARTIAL,8173,3,2026-06-03T12:22:29.178Z,2026-07-12 10:48:43
6199,2025-12-21,PARTIAL,8223,2,2026-06-03T12:22:29.178Z,2026-07-12 10:48:43
6193,2025-12-21,PARTIAL,8189,2,2026-06-03T12:22:29.178Z,2026-07-12 10:48:43
141435,2025-12-21,PARTIAL,6743,2,2026-06-03T12:22:29.178Z,2026-07-12 10:48:43
140463,2025-12-21,PENDING,5956,1,2026-06-03T12:22:29.178Z,2026-07-12 10:48:43
140462,2025-12-21,PARTIAL,5953,3,2026-06-03T12:22:29.178Z,2026-07-12 10:48:43
141434,2025-12-20,FULFILLED,6741,2,2026-06-03T12:22:29.178Z,2026-07-12 10:48:43
141433,2025-12-20,PENDING,6739,2,2026-06-03T12:22:29.178Z,2026-07-12 10:48:43
6178,2025-12-19,FULFILLED,9587,1,2026-06-21T06:27:43.333Z,2026-07-12 10:48:43
141427,2025-12-19,PARTIAL,6724,18,2026-06-03T12:22:29.178Z,2026-07-12 10:48:43
141314,2025-12-19,PARTIAL,6359,11,2026-06-03T12:22:29.178Z,2026-07-12 10:48:43
141432,2025-12-19,FULFILLED,6738,1,2026-06-03T12:22:29.178Z,2026-07-12 10:48:43
141431,2025-12-19,PENDING,6737,1,2026-06-03T12:22:29.178Z,2026-07-12 10:48:43
141430,2025-12-19,FULFILLED,6736,1,2026-06-03T12:22:29.178Z,2026-07-12 10:48:43
141429,2025-12-19,FULFILLED,6734,2,2026-06-03T12:22:29.178Z,2026-07-12 10:48:43
141428,2025-12-19,FULFILLED,6733,1,2026-06-03T12:22:29.178Z,2026-07-12 10:48:43
141426,2025-12-19,FULFILLED,6722,2,2026-06-03T12:22:29.178Z,2026-07-12 10:48:43
140583,2025-12-18,FULFILLED,9506,1,2026-06-18T05:32:34.888Z,2026-07-12 10:48:43
6200,2025-12-18,PARTIAL,8237,2,2026-06-03T12:22:29.178Z,2026-07-12 10:48:43
141310,2025-12-18,PARTIAL,6327,14,2026-06-03T12:22:29.178Z,2026-07-12 10:48:43
140461,2025-12-18,FULFILLED,5951,4,2026-06-03T12:22:29.178Z,2026-07-12 10:48:43
141424,2025-12-18,FULFILLED,6720,2,2026-06-03T12:22:29.178Z,2026-07-12 10:48:43
141417,2025-12-18,PARTIAL,6713,6,2026-06-03T12:22:29.178Z,2026-07-12 10:48:43
141422,2025-12-18,FULFILLED,6718,2,2026-06-03T12:22:29.178Z,2026-07-12 10:48:43
141425,2025-12-18,FULFILLED,6721,1,2026-06-03T12:22:29.178Z,2026-07-12 10:48:43
141423,2025-12-18,PARTIAL,6719,1,2026-06-03T12:22:29.178Z,2026-07-12 10:48:43
141420,2025-12-18,FULFILLED,6716,2,2026-06-03T12:22:29.178Z,2026-07-12 10:48:43
141313,2025-12-18,PARTIAL,6351,8,2026-06-03T12:22:29.178Z,2026-07-12 10:48:43
141312,2025-12-18,PARTIAL,6343,8,2026-06-03T12:22:29.178Z,2026-07-12 10:48:43
141311,2025-12-18,PARTIAL,6335,8,2026-06-03T12:22:29.178Z,2026-07-12 10:48:43
140460,2025-12-18,FULFILLED,5950,1,2026-06-03T12:22:29.178Z,2026-07-12 10:48:43
141309,2025-12-17,PARTIAL,6320,9,2026-06-03T12:22:29.178Z,2026-07-12 10:48:43
141414,2025-12-17,PARTIAL,6709,2,2026-06-03T12:22:29.178Z,2026-07-12 10:48:43
141413,2025-12-17,PARTIAL,6705,7,2026-06-03T12:22:29.178Z,2026-07-12 10:48:43
141415,2025-12-17,FULFILLED,6710,4,2026-06-03T12:22:29.178Z,2026-07-12 10:48:43
140459,2025-12-17,PARTIAL,5949,2,2026-06-03T12:22:29.178Z,2026-07-12 10:48:43
141416,2025-12-17,FULFILLED,6712,1,2026-06-03T12:22:29.178Z,2026-07-12 10:48:43
141412,2025-12-17,PENDING,6704,1,2026-06-03T12:22:29.178Z,2026-07-12 10:48:43
141411,2025-12-17,PARTIAL,6702,2,2026-06-03T12:22:29.178Z,2026-07-12 10:48:43
6179,2025-12-16,PARTIAL,8255,3,2026-06-03T12:22:29.178Z,2026-07-12 10:48:43
6175,2025-12-16,FULFILLED,8139,3,2026-06-03T12:22:29.178Z,2026-07-12 10:48:43
6176,2025-12-16,FULFILLED,9414,1,2026-06-14T05:35:54.912Z,2026-07-12 10:48:43
5776,2025-12-16,FULFILLED,9412,2,2026-06-14T05:30:46.351Z,2026-07-12 10:48:43
5477,2025-12-16,FULFILLED,9410,2,2026-06-14T05:20:01.450Z,2026-07-12 10:48:43
5466,2025-12-16,FULFILLED,9407,3,2026-06-14T05:00:00.761Z,2026-07-12 10:48:43
141406,2025-12-16,PARTIAL,6677,10,2026-06-03T12:22:29.178Z,2026-07-12 10:48:43
141410,2025-12-16,FULFILLED,6696,6,2026-06-03T12:22:29.178Z,2026-07-12 10:48:43
141409,2025-12-16,FULFILLED,6695,1,2026-06-03T12:22:29.178Z,2026-07-12 10:48:43
141408,2025-12-16,PENDING,6694,1,2026-06-03T12:22:29.178Z,2026-07-12 10:48:43
141407,2025-12-16,PARTIAL,6686,8,2026-06-03T12:22:29.178Z,2026-07-12 10:48:43
141405,2025-12-16,FULFILLED,6671,6,2026-06-03T12:22:29.178Z,2026-07-12 10:48:43
140458,2025-12-16,FULFILLED,5947,2,2026-06-03T12:22:29.178Z,2026-07-12 10:48:43
141404,2025-12-15,PARTIAL,6663,11,2026-06-03T12:22:29.178Z,2026-07-12 10:48:43
141308,2025-12-15,PARTIAL,6319,2,2026-06-03T12:22:29.178Z,2026-07-12 10:48:43
140457,2025-12-15,FULFILLED,5945,3,2026-06-03T12:22:29.178Z,2026-07-12 10:48:43
141402,2025-12-15,FULFILLED,6660,2,2026-06-03T12:22:29.178Z,2026-07-12 10:48:43
141403,2025-12-15,FULFILLED,6661,2,2026-06-03T12:22:29.178Z,2026-07-12 10:48:43
141401,2025-12-15,FULFILLED,6659,1,2026-06-03T12:22:29.178Z,2026-07-12 10:48:43
140456,2025-12-15,FULFILLED,5942,3,2026-06-03T12:22:29.178Z,2026-07-12 10:48:43
140455,2025-12-15,FULFILLED,5938,4,2026-06-03T12:22:29.178Z,2026-07-12 10:48:43
140454,2025-12-15,FULFILLED,5937,1,2026-06-03T12:22:29.178Z,2026-07-12 10:48:43
140453,2025-12-15,FULFILLED,5936,1,2026-06-03T12:22:29.178Z,2026-07-12 10:48:43
140452,2025-12-13,FULFILLED,5935,1,2026-06-03T12:22:29.178Z,2026-07-12 10:48:43
6189,2025-12-12,FULFILLED,9350,1,2026-06-12T11:11:07.609Z,2026-07-12 10:48:43
141302,2025-12-11,PARTIAL,6303,9,2026-06-03T12:22:29.178Z,2026-07-12 10:48:43
172639,2025-12-11,FULFILLED,8140,2,2026-06-03T12:22:29.178Z,2026-07-12 10:48:43
141301,2025-12-11,PARTIAL,6293,10,2026-06-03T12:22:29.178Z,2026-07-12 10:48:43
140451,2025-12-11,FULFILLED,5934,1,2026-06-03T12:22:29.178Z,2026-07-12 10:48:43
141303,2025-12-07,FULFILLED,6311,2,2026-06-03T12:22:29.178Z,2026-07-12 10:48:43
141304,2025-12-06,PENDING,6313,1,2026-06-03T12:22:29.178Z,2026-07-12 10:48:43
141305,2025-12-04,PENDING,6314,1,2026-06-03T12:22:29.178Z,2026-07-12 10:48:43
141306,2025-12-03,PENDING,6315,3,2026-06-03T12:22:29.178Z,2026-07-12 10:48:43
141307,2025-12-02,PENDING,6318,1,2026-06-03T12:22:29.178Z,2026-07-12 10:48:43
5455,2025-11-04,FULFILLED,9396,3,2026-06-14T03:14:45.626Z,2026-07-12 10:48:43
5456,2025-11-04,FULFILLED,9393,3,2026-06-14T02:53:47.612Z,2026-07-12 10:48:43
5457,2025-11-04,FULFILLED,9389,3,2026-06-14T02:47:54.540Z,2026-07-12 10:48:43
189521,2025-11-04,PENDING,9391,1,2026-06-14T02:49:45.700Z,2026-07-12 10:48:43
5452,2025-11-03,FULFILLED,9384,5,2026-06-14T02:20:26.101Z,2026-07-12 10:48:43
6070,2025-10-29,FULFILLED,9511,1,2026-06-18T06:22:40.220Z,2026-07-12 10:48:43
5618,2025-10-28,FULFILLED,9402,3,2026-06-14T03:49:06.556Z,2026-07-12 10:48:43
6900,2025-10-27,FULFILLED,9380,4,2026-06-13T13:22:44.792Z,2026-07-12 10:48:43
6898,2025-10-27,FULFILLED,9379,1,2026-06-13T13:10:00.421Z,2026-07-12 10:48:43
6899,2025-10-27,FULFILLED,9375,4,2026-06-13T13:01:53.643Z,2026-07-12 10:48:43
6897,2025-10-24,FULFILLED,9374,1,2026-06-13T12:33:04.958Z,2026-07-12 10:48:43
6896,2025-10-24,FULFILLED,9371,3,2026-06-13T11:23:52.578Z,2026-07-12 10:48:43
140401,2025-10-11,PENDING,5909,1,2026-06-03T12:22:29.178Z,2026-07-12 10:48:43
6862,2025-08-27,FULFILLED,9399,3,2026-06-14T03:40:14.179Z,2026-07-12 10:48:43
167188,2001-05-25,FULFILLED,9037,1,2026-06-03T12:22:29.178Z,2026-07-12 10:48:43
141648,2001-05-25,FULFILLED,9032,1,2026-06-03T12:22:29.178Z,2026-07-12 10:48:43
141647,2001-05-25,FULFILLED,9031,1,2026-06-03T12:22:29.178Z,2026-07-12 10:48:43
141984,2001-05-23,PENDING,8999,3,2026-06-03T12:22:29.178Z,2026-07-12 10:48:43
167418,2001-05-23,FULFILLED,8998,1,2026-06-03T12:22:29.178Z,2026-07-12 10:48:43
166903,2001-05-23,PENDING,8991,1,2026-06-03T12:22:29.178Z,2026-07-12 10:48:43
167176,2001-05-23,PENDING,8990,1,2026-06-03T12:22:29.178Z,2026-07-12 10:48:43
166902,2001-05-22,PENDING,8988,1,2026-06-03T12:22:29.178Z,2026-07-12 10:48:43
167175,2001-05-22,FULFILLED,8978,1,2026-06-03T12:22:29.178Z,2026-07-12 10:48:43
167174,2001-05-22,FULFILLED,8977,1,2026-06-03T12:22:29.178Z,2026-07-12 10:48:43
142350,2001-05-21,PENDING,8976,1,2026-06-03T12:22:29.178Z,2026-07-12 10:48:43
142349,2001-05-21,PARTIAL,8574,2,2026-06-03T12:22:29.178Z,2026-07-12 10:48:43
167166,2001-05-20,PENDING,8954,1,2026-06-03T12:22:29.178Z,2026-07-12 10:48:43
167165,2001-05-20,PENDING,8953,1,2026-06-03T12:22:29.178Z,2026-07-12 10:48:43
167164,2001-05-20,FULFILLED,8952,1,2026-06-03T12:22:29.178Z,2026-07-12 10:48:43
167162,2001-05-20,FULFILLED,8950,1,2026-06-03T12:22:29.178Z,2026-07-12 10:48:43
167161,2001-05-20,FULFILLED,8946,4,2026-06-03T12:22:29.178Z,2026-07-12 10:48:43
141646,2001-05-20,FULFILLED,8942,1,2026-06-03T12:22:29.178Z,2026-07-12 10:48:43
167154,2001-05-19,FULFILLED,8895,1,2026-06-03T12:22:29.178Z,2026-07-12 10:48:43
167151,2001-05-19,PARTIAL,8892,1,2026-06-03T12:22:29.178Z,2026-07-12 10:48:43
167417,2001-05-19,FULFILLED,8891,1,2026-06-03T12:22:29.178Z,2026-07-12 10:48:43
166899,2001-05-18,PENDING,8890,1,2026-06-03T12:22:29.178Z,2026-07-12 10:48:43
167416,2001-05-17,FULFILLED,8883,1,2026-06-03T12:22:29.178Z,2026-07-12 10:48:43
167415,2001-05-16,FULFILLED,8873,1,2026-06-03T12:22:29.178Z,2026-07-12 10:48:43
141735,1996-03-14,FULFILLED,7627,1,2026-06-03T12:22:29.178Z,2026-07-12 10:48:43
142339,,PARTIAL,8816,11,2026-06-03T12:22:29.178Z,2026-07-12 10:48:43
142341,,PARTIAL,8854,1,2026-06-03T12:22:29.178Z,2026-07-12 10:48:43
166814,,FULFILLED,8840,2,2026-06-03T12:22:29.178Z,2026-07-12 10:48:43
142340,,PARTIAL,8817,2,2026-06-03T12:22:29.178Z,2026-07-12 10:48:43
172644,,PARTIAL,8807,1,2026-06-03T12:22:29.178Z,2026-07-12 10:48:43
9480 MR-1,,PARTIAL,8774,1,2026-06-03T12:22:29.178Z,2026-07-12 10:48:43
141584,,PARTIAL,8734,1,2026-06-03T12:22:29.178Z,2026-07-12 10:48:43
142644,,PARTIAL,8729,1,2026-06-03T12:22:29.178Z,2026-07-12 10:48:43
141466,,PARTIAL,8705,5,2026-06-03T12:22:29.178Z,2026-07-12 10:48:43
141465,,PARTIAL,8700,5,2026-06-03T12:22:29.178Z,2026-07-12 10:48:43
172614,,PARTIAL,8670,1,2026-06-03T12:22:29.178Z,2026-07-12 10:48:43
141,,PARTIAL,8633,1,2026-06-03T12:22:29.178Z,2026-07-12 10:48:43
140994,,PARTIAL,8474,1,2026-06-03T12:22:29.178Z,2026-07-12 10:48:43
5469,,PARTIAL,8430,1,2026-06-03T12:22:29.178Z,2026-07-12 10:48:43
140983,,PARTIAL,8410,1,2026-06-03T12:22:29.178Z,2026-07-12 10:48:43
140980,,PARTIAL,8394,1,2026-06-03T12:22:29.178Z,2026-07-12 10:48:43
140965,,PARTIAL,8393,1,2026-06-03T12:22:29.178Z,2026-07-12 10:48:43
5761,,PARTIAL,8389,2,2026-06-03T12:22:29.178Z,2026-07-12 10:48:43
5792,,PARTIAL,8388,1,2026-06-03T12:22:29.178Z,2026-07-12 10:48:43
140970,,PARTIAL,8387,1,2026-06-03T12:22:29.178Z,2026-07-12 10:48:43
5789,,PARTIAL,8352,1,2026-06-03T12:22:29.178Z,2026-07-12 10:48:43
140561,,PARTIAL,8350,1,2026-06-03T12:22:29.178Z,2026-07-12 10:48:43
140573,,PARTIAL,8345,1,2026-06-03T12:22:29.178Z,2026-07-12 10:48:43
140572,,PARTIAL,8344,1,2026-06-03T12:22:29.178Z,2026-07-12 10:48:43
140562,,PARTIAL,8330,1,2026-06-03T12:22:29.178Z,2026-07-12 10:48:43
172621,,PARTIAL,8322,1,2026-06-03T12:22:29.178Z,2026-07-12 10:48:43
143226,,PARTIAL,8301,1,2026-06-03T12:22:29.178Z,2026-07-12 10:48:43
140602,,PARTIAL,8287,2,2026-06-03T12:22:29.178Z,2026-07-12 10:48:43
172607,,PARTIAL,8277,1,2026-06-03T12:22:29.178Z,2026-07-12 10:48:43
6196,,PARTIAL,8276,1,2026-06-03T12:22:29.178Z,2026-07-12 10:48:43
6198,,PARTIAL,8274,1,2026-06-03T12:22:29.178Z,2026-07-12 10:48:43
5713,,PARTIAL,8259,1,2026-06-03T12:22:29.178Z,2026-07-12 10:48:43
6165,,PARTIAL,8249,5,2026-06-03T12:22:29.178Z,2026-07-12 10:48:43
6164,,PARTIAL,8242,7,2026-06-03T12:22:29.178Z,2026-07-12 10:48:43
14061,,PARTIAL,8231,1,2026-06-03T12:22:29.178Z,2026-07-12 10:48:43
6195,,PARTIAL,8226,2,2026-06-03T12:22:29.178Z,2026-07-12 10:48:43
6194,,PARTIAL,8224,1,2026-06-03T12:22:29.178Z,2026-07-12 10:48:43
6169,,PARTIAL,8208,4,2026-06-03T12:22:29.178Z,2026-07-12 10:48:43
6166,,PENDING,8207,1,2026-06-03T12:22:29.178Z,2026-07-12 10:48:43
6190,,PARTIAL,8205,1,2026-06-03T12:22:29.178Z,2026-07-12 10:48:43
172641,,PARTIAL,8202,3,2026-06-03T12:22:29.178Z,2026-07-12 10:48:43
6182,,PARTIAL,8198,2,2026-06-03T12:22:29.178Z,2026-07-12 10:48:43
6191,,PARTIAL,8188,2,2026-06-03T12:22:29.178Z,2026-07-12 10:48:43
6186,,PARTIAL,8171,5,2026-06-03T12:22:29.178Z,2026-07-12 10:48:43
6187,,PARTIAL,8179,3,2026-06-03T12:22:29.178Z,2026-07-12 10:48:43
6172,,PARTIAL,8153,3,2026-06-03T12:22:29.178Z,2026-07-12 10:48:43
6174,,PARTIAL,8165,2,2026-06-03T12:22:29.178Z,2026-07-12 10:48:43
6188,,PARTIAL,8161,1,2026-06-03T12:22:29.178Z,2026-07-12 10:48:43
