job_card_no,asset_code,site_name,status,date_opened,date_closed,odometer_at_job,odometer_unit,hours,cost,ref_no,source_sheet,work_desc,remarks
2023/3/R/62,SL-03,Badalgama,PENDING,,,,,,,,Requested job,Bucket pin bush repair,Not done
2023/4/R/101,SL-04,Galenbidunuwewa,PENDING,,,,,,,,Requested job,"Travelling sys. Repair, machine slow of operation",Not done
2023/5/R/152,SL-08,Galenbidunuwewa,PENDING,,,,,,,,Requested job,"Travelling motor oil leak, silensor repair",Not done
2023/5/R/181,SL-06,Chilaw,PENDING,,,,,,,,Requested job,Check & repair,
2023/5/R/183,ZA-7291,TR-01,PENDING,,,,,,,,Requested job,Check & repair,
2023/6/R/207,LK-2276,Katana,CANCELLED,,,,,,,,Requested job,"R/door repair, side door repair, F/LH foot board repair, silensor, number plate bulb",Cancel
2023/6/R/216,PH-6744,Puttlam,CANCELLED,,,,,,,,Requested job,"E/oil leak from crank seal, brake repair, fuel sys. Repair, Engine repair",Cancel
2023/6/R/222,LN-8277,Badalgama,PENDING,,,,,,,,Requested job,A/C repair,No date of completion
2023/6/R/227,PD-4739,Badalgama,PENDING,,,,,,,,Requested job,A/C repair,
2023/6/R/243,HU-5097,Badalgama,CANCELLED,,,,,,,,Requested job,"accelerator, clutch brake pedal boot",Cancel
2023/7/R/303,LP-1569,Badalgama,PENDING,,,,,,,,Requested job,"chk head light, water temp. meter",Not done
2024/11/R/848,PH-3945,H/O,CANCELLED,,,,,,,,Requested job,"replace door beeding, rim cap, gear lever bbot",Cancel
2024/2/R/140,PH-0765,,PENDING,,,301607,Km,,,24-140,C-job,"replaced steering U-joint, checked suspension system, electric horn,gear lever bushes, replaced propellar shaft u-joint",
2024/5/R/308,57-3062,h/o,CANCELLED,,,,,,,,Requested job,"A/C , buffer paint, light , F/RH door lock repir, fuel meter repair",Cancel
2024/9/R/633,VR-40,,PENDING,,,,,,,,Requested job,,
2024/9/R/634,VR-08,,PENDING,,,,,,,,Requested job,,
2024/9/R/635,GE-152,,PENDING,,,,,,,,Requested job,,
2024/9/R/636,TR-124,,PENDING,,,,,,,,Requested job,,
2024/9/R/637,WP-89,,PENDING,,,,,,,,Requested job,,
2024/9/R/638,KA-05,,PENDING,,,,,,,,Requested job,,
2024/9/R/639,TR-63,,PENDING,,,,,,,,Requested job,,
2024/9/R/640,TR-153,,PENDING,,,,,,,,Requested job,,
2024/9/R/641,GE-95,,PENDING,,,,,,,,Requested job,,
2024/9/R/642,GE-20,,PENDING,,,,,,,,Requested job,,
2024/9/R/643,TR-115,,PENDING,,,,,,,,Requested job,,
2024/9/R/648,EQP-concrete mixture,,PENDING,,,,,,,,Requested job,,
2025/1/R/063,SL-07,Badalgama,PENDING,,,,,,,,Requested job,chk & repair-came from c-com,
2025/10/R/767,EQP-Elec. Air compressor,Muthur Plant,PENDING,,,,,,,,Requested job,Low air pressure,MJ
2025/10/R/768,EQP-Elec. Air compressor,Muthur Plant,PENDING,,,,,,,,Requested job,Low air pressure,MJ
2025/10/R/770,PTR-10,Asphalt Team,PENDING,,,,,,,,Requested job,"Brake repair, light repair",MJ
2025/10/R/781,LX-1679,Badalgama,PENDING,,,,,,,,Requested job,Brake repair,
2025/10/R/783,LK-5586,cep-03,PENDING,,,,,,,,Requested job,Low pulling power,MJ
2025/10/R/816,EQP-one bag mixture,Mathale,PENDING,,,,,,,,Requested job,check & repair,MJ
2025/10/R/833,LI-3402,Muthur Plant,PENDING,,,,,,,,Requested job,Repring blade replacement,SSO
2025/11/R/842,LO-5984,Badalgama,PENDING,,,,,,,,Requested job,abnormal noise of engine,
2025/11/R/855,AC-41,cep-03,PENDING,,,,,,,,Requested job,Engine overheating,MJ
2025/11/R/857,HEX-29,Mathale,PENDING,,,,,,,,Requested job,"Disel tank guard, idle wheel repair, bucket repair, hy. Hose, fan belt, air filter, AC repair",MJ
2025/11/R/881,GL-0019,Badalgama,PENDING,,,,,,,,Requested job,"comprssor hose, head light, cabin jack seal",
2025/11/R/892,CR-02,cep-03,PENDING,,,,,,,,Requested job,"boom jack seal, Elec. Deffect-display overload without load, limit switch repair",MJ
2025/11/R/903,LA-4229,Muthur Plant,PENDING,,,,,,,,Requested job,"cabin tinkering, deck repair",MJ
2025/11/R/905,41-7225,Solution,PENDING,,,,,,,,Requested job,Brake repair,MJ
2025/11/R/912,LK-4058,cep-03,PENDING,,,,,,,,Requested job,"silensor repair, gear box repair",MJ
2025/11/R/917,,,PENDING,,,,,,,,Requested job,,
2025/11/R/918,,,PENDING,,,,,,,,Requested job,,
2025/2/R/148,LP-1582,Badalgama,CANCELLED,,,,,,,,Requested job,"Black smoke, insufficient pulling force",cancel
2025/2/R/156,49-5294,,PENDING,,,,,,,,Requested job,Duplicate -2025/2/R/152,
2025/3/R/228,57-3062,Badalgama,CANCELLED,,,,,,,,Requested job,"Pinion oil leak,AC repair- 25.03.2025",cancel
2025/4/R/311,LP-1571,,PENDING,,,,,,,,Requested job,Duplicate -2025/3/R/251,
2025/8/R/628,AC-32,Ruwanwella,PENDING,,,,,,,,Requested job,,
2025/9/R/672,SL-08,Kalalgamuwa,PENDING,,,,,,,,Requested job,"Bucket jack lowering, chk battery charging-ok",
2025/9/R/673,LK-4061,cep-03,PENDING,,,,,,,,Requested job,"clutch repair, low pulling force, unable to engage gears properly",
2026/1/R/024,LP-1712,Badalgama,CANCELLED,,,,,,,,Requested job,"RH door lock repair, brake light NW",Cancel
2026/1/R/037,LN-8279,Badalgama,PENDING,,,,,,,,Requested job,Speedo meter repair,MR
2026/1/R/038,LY-1614,Badalgama,PENDING,,,,,,,,Requested job,Speedo meter repair,MR
2026/1/R/039,GL-0019,Badalgama,CANCELLED,,,,,,,,Requested job,Speedo meter repair,Cancel
2026/1/R/040,LL-1782,Badalgama,CANCELLED,,,,,,,,Requested job,Speedo meter repair,Cancel
2026/1/R/045,LK-5041,Badalgama,CANCELLED,,,,,,,,Requested job,Replace head lights,Cancel
2026/2/R/075,AC-37,Muthur Plant,CANCELLED,,,,,,,,Requested job,Check & repair,Cancel
2026/3/R/145,MG-04,Marawila,PENDING,,,,,,,,Requested job,"Brake repair, jack seal(blade shift, blade lift),tandem oil leak, check service",MJ
2026/3/R/147,325-5120,Badalgama,CANCELLED,,,,,,,,Requested job,R/RH hub oil leak,Cancel
2026/3/R/150,LM-7949,Badalgama,PENDING,,,,,,,,Requested job,Elec. Repair(lights),MR
2026/3/R/193,LO-8348,Badalgama,PENDING,,,,,,,,Requested job,"MNW, center joint mount, wire harness repair",MR
2026/4/R/206,HEX-21,CEP-03,PENDING,,,,,,,,Requested job,"Engine overheating, bucket repair, service, Hy. Leak repair",MJ
2026/4/R/211,EQP-1T Roller,Musali,PENDING,,,,,,,,Requested job,Check & repair,MR
2026/4/R/216,LO-4824,Badalgama,PENDING,,,,,,,,Requested job,Tipping sys. Repair,MR
2026/4/R/236,LM-5720,CEP-03,CANCELLED,,,,,,,,Requested job,"Supply spares-(heat meter, HR meter, S/M cable, clutch hose, p/s pump seal",Cancel
2026/5/R/258,HEX-26,Muthur Plant,CLOSED,,2026-05-28,,,,,,Requested job,"undercarriage major repair, bucket repair, starter motor relay, swing motor free play, boom jack seal, side mirror fix",MJ
2026/5/R/266,CR-02,CEP-03,CLOSED,,2026-05-29,,,,,,Requested job,"Replaced engine mounts, FD oil leak(4WD), boom jack seal",MJ
2026/6/R/319,LD-08,Badalgama,PENDING,,,,,,,,Requested job,"Steering jack pin repair, center Pin free play.",
2026/6/R/321,LX-1045,Badalgama,PENDING,,,,,,,,Requested job,"Final drive system repair, Check & replace Hub bolt & nut, Check & replace rims.",
2026/6/R/342,LI-7618,CEP-03,PENDING,,,,,,,,Requested job,"Oil change wiper repair,F/cab mount repir, F/ brake pin repair, Silancer repair, F/LH door lock, door winder repair, pinion repair,Light repair, F/ Foot rack repair,speedo meter check and repair,",
2026/6/R/345,51-7158,,CANCELLED,,,,,,,,Requested job,Fix Seat belt,Cancell
2026/6/R/350,EQP-Engine driven water pump,Panama Site,PENDING,,,,,,,,Requested job,Prepair a machine,
2026/6/R/357,HEX-29,Badalgama,PENDING,,,,,,,,Requested job,"Engine mount repair,Undercarriage check and repair, AC repair,Electrical system check and repair",
2026/6/R/364,ZA-2964,Batticaloa,PENDING,,,,,,,,Requested job,"Jack seal,Valve box oil leak, starter motor repair,4WD propeller shaft repair,filter head, radiator cleaning,fan belt adust noice",
2026/7/R/383,LY-1614,Badalgama,PENDING,,,,,,,,Requested job,"Service,Cabin light rear fog light 2 nos fixing",
2023/3/R/32,EQP-police power generator,Badalgama,CLOSED,2023-02-02,2023-03-20,,,,,,Requested job,,
2023/3/R/39,LN-1867,Badalgama,CLOSED,2023-02-13,2023-06-23,,,,,,Requested job,Engine minor repair,
2023/3/R/36,LK-5041,Badalgama,CLOSED,2023-03-11,2023-03-17,,,,,,Requested job,Radiator core water leak,
2023/3/R/37,49-2288,Badalgama,CLOSED,2023-03-12,2023-03-23,,,,,,Requested job,"service , steering seal leak",
2023/3/R/27,LO-5981,Badalgama,CLOSED,2023-03-13,2023-03-13,135198,Km,,,,Requested job,Replaced fuel filters 135198Km,
2023/3/R/52,LY-4524,Badalgama,CLOSED,2023-03-13,2023-03-20,,,,,,Requested job,low bed tailor brake repair,
2023/3/R/28,AC-38,Muthur Plant,CLOSED,2023-03-14,2023-03-20,,,,,,Requested job,change filters,
2023/3/R/29,GE-82,Muthur Plant,CLOSED,2023-03-14,2023-03-20,,,,,,Requested job,change filters,
2023/3/R/30,LA-9208,Muthur Plant,CLOSED,2023-03-14,2023-09-10,,,,,,Requested job,Gear box repair,
2023/3/R/31,LJ-5559,Muthur Plant,CLOSED,2023-03-14,2023-03-31,,,,,,Requested job,Starter motor repair-katana,
2023/3/R/33,HU-5097,Badalgama,CLOSED,2023-03-14,2023-03-14,,,,,,Requested job,adjusted hand brakes,
2023/3/R/34,ZA-2963,Katana,CLOSED,2023-03-14,2023-03-16,,,,,,Requested job,"hy. leak, alternator leak",
2023/3/R/35,TM-20,Badalgama,CLOSED,2023-03-14,2023-03-23,,,,,,Requested job,Hy.sys. Defect,
2023/3/R/38,PD-6917,Badalgama,CLOSED,2023-03-14,2023-03-14,,,,,,Requested job,"starting defect, hand brake repair",
2023/3/R/40,ZA-2963,Katana,CLOSED,2023-03-15,2023-03-15,,,,,,Requested job,U-joint bolt replacing,
2023/3/R/41,ZA-6069,Galenbidunuwewa,CLOSED,2023-03-15,2023-03-20,,,,,,Requested job,"replaced outriger & loader lift jack seal, multi bucket repair",
2023/3/R/42,PA-6398,Chilaw,CLOSED,2023-03-15,2023-03-16,,,,,,Requested job,"starter key cuttng,wheel alignment",
2023/3/R/43,RA-3051,Mundalama Estate,CLOSED,2023-03-15,2023-05-25,,,,,,Requested job,"servie, tyre ,battery, elec. Repair",
2023/3/R/45,AC-32,Badalgama,CLOSED,2023-03-17,2023-03-20,,,,,,Requested job,"Replaced water jacket, inspection machine condition",
2023/3/R/46,ZA-2964,Katana,CLOSED,2023-03-17,2023-03-24,,,,,,Requested job,"Alternator repair, backhoe clamp housing oil leak",
2023/3/R/44,SL-11,Badalgama,CLOSED,2023-03-18,2023-03-28,,,,,,Requested job,Travelling motor repair,
2023/3/R/48,48-4849,Badalgama,CLOSED,2023-03-18,2023-03-24,,,,,,Requested job,clutch repair,
2023/3/R/72,HU-5097,Badalgama,CLOSED,2023-03-18,2023-03-18,,,,,,Requested job,Elec repair,
2023/3/R/47,ASC-13,Katana,CLOSED,2023-03-20,2023-03-31,,,,,,Requested job,Starting defect,
2023/3/R/55,PTR-06,Badalgama,CLOSED,2023-03-21,2023-03-24,,,,,,Requested job,steering seal,
2023/3/R/56,SR-04,Badalgama,CLOSED,2023-03-21,2023-03-23,,,,,,Requested job,"service, fan belt",
2023/3/R/59,ZA-8373,Badalgama,CLOSED,2023-03-21,2023-04-25,,,,,,Requested job,replaced jack seal,
2023/3/R/50,LB-4824,Solution,CLOSED,2023-03-22,2023-05-08,,,,,,Requested job,brake repair,
2023/3/R/51,DAH-2491,Katana,CLOSED,2023-03-22,2023-03-23,,,,,,Requested job,"check brake pads, spring blade bushing",
2023/3/R/53,HEX-22,Kottukachchi,CLOSED,2023-03-22,2023-04-23,,,,,,Requested job,"silensor repair, fix main switch, battery post rpair, jack seal replace, check track adjustment, elec. Repair",
2023/3/R/54,LO-7855,Solution,CLOSED,2023-03-22,2023-03-22,,,,,,Requested job,"cltch slave pump oil leak, boom accelerator check , wheel alignment",
2023/3/R/57,LK-5586,Badalgama,CLOSED,2023-03-22,2023-05-12,,,,,,Requested job,"spring blade repair,runing repair",
2023/3/R/58,EQP-Bar bender,Maggona,OPEN,2023-03-22,,,,,,,Requested job,electric motor re-winding,
2023/3/R/60,LK-5047,Badalgama,CLOSED,2023-03-23,2023-03-28,,,,,,Requested job,"service , running repair, spring blade repair",
2023/3/R/61,ZA-6255,Badalgama,PENDING,2023-03-23,,,,,,,Requested job,"service , running repair",Not done
2023/3/R/64,PH-6747,Badalgama,CLOSED,2023-03-23,2023-04-27,,,,,,Requested job,"seat cushion,fuel sys. Reapir",
2023/3/R/66,RS-0483,Katana,CLOSED,2023-03-23,2023-03-24,,,,,,Requested job,Backhoe clamp seal,
2023/3/R/68,EQP-3 phase motor,Badalgama,OPEN,2023-03-23,,,,,,,Requested job,winding,A/plant
2023/3/R/67,LD-05,Badalgama,CLOSED,2023-03-24,2023-03-25,,,,,,Requested job,External repair,
2023/3/R/69,PA-4193,H/O,CLOSED,2023-03-25,2023-03-31,,,,,,Requested job,"3rd gear cant engage, LHS door glass cant operate by switch, fix reverse lamp",
2023/3/R/71,ZA-2963,Katana,CLOSED,2023-03-25,2023-03-31,,,,,,Requested job,Rear RHS wheel not rotate,
2023/3/R/73,ASC-23,Katana,CLOSED,2023-03-25,2023-03-31,,,,,,Requested job,starting defect,
2023/3/R/63,HEX-24,Badalgama,CLOSED,2023-03-27,2023-04-28,,,,,,Requested job,"dozer jack oil leak, check starter motor",
2023/3/R/75,AP-08,Mihinthale,CLOSED,2023-03-27,2023-03-27,,,,,,Requested job,hy.jack repair,
2023/5/R/132,HEX-39,Chilaw,CLOSED,2023-03-27,2023-04-22,,,,,,Requested job,condensor fan repair,
2023/3/R/74,LK-4061,Badalgama,CLOSED,2023-03-28,2023-03-28,,,,,,Requested job,"Elec .repair,service",
2023/3/R/76,LC-0434,Badalgama,CLOSED,2023-03-29,2023-09-24,,,,,,Requested job,"fuel sys. Repair,boom stabilizer repair",
2023/3/R/77,LI-2427,Badalgama,CLOSED,2023-03-30,2023-04-04,,,,,,Requested job,"Air sys. Repair,battery not charging, MNW",
2023/3/R/78,LN-8277,Badalgama,CLOSED,2023-03-30,2023-04-10,,,,,,Requested job,"hy. & E/oil leak, Comp. air leak, dash board indicators not work",
2023/3/R/79,LN-8278,Badalgama,CLOSED,2023-03-30,2023-03-31,,,,,,Requested job,"F/LH side mirror doesnot turn,adjusted clutch, dash board meter repair",
2023/3/R/80,LK-5041,Badalgama,CLOSED,2023-03-31,2023-03-31,,,,,,Requested job,"compressed air leak,RHS side lamp",
2023/3/R/81,LN-8279,Badalgama,CLOSED,2023-03-31,2023-04-01,,,,,,Requested job,"Service,F/bumper repair",
2023/3/R/82,HEX-22,Badalgama,CLOSED,2023-03-31,2023-04-23,,,,,,Requested job,"silensor repair, jack seal, battery post filling, tappet cover oil leak, arm end bushing & pin filling",
2023/3/R/83,LH-5586,Badalgama,CLOSED,2023-03-31,2023-04-07,,,,,,Requested job,"kin pin repair, silensor repair, s/motor repair",
2023/3/R/84,RS-0483,Katana,CLOSED,2023-03-31,2023-04-07,,,,,,Requested job,hy. cooler & trans. Oil cooler repair,
2023/3/R/65,PA-6398,Badalgama,CLOSED,2023-04-01,2023-04-05,,,,,,Requested job,"brake repair, check hub bearing, service",
2023/4/R/85,HD-9005,Badalgama,CLOSED,2023-04-01,2023-04-05,,,,,,Requested job,"air brake line joining, elec. Wire line joining, hy. jack repair(stabilizer)",
2023/4/R/87,PR-1469,Katana,CLOSED,2023-04-03,2023-04-03,,,,,,Requested job,Gear lever sys.repair,
2023/4/R/90,59-5421,Badalgama,CLOSED,2023-04-04,2023-04-06,,,,,,Requested job,"Abnormal sound from rear wheels, brake repair, door winder repair, fix rear buffer",
2023/4/R/91,BFR-4276,Katana,CLOSED,2023-04-04,2023-04-20,,,,,,Requested job,"service, change brake pad, rear tyre change, check & replace chain sprocket",
2023/4/R/94,LD-03,Mihinthale,CLOSED,2023-04-04,2023-04-05,,,,,,Requested job,"Loader bucket repair, replaced loader bucket jack seal, check & repair starter motor, battery not charging",
2023/5/R/141,BDI-8556,Puttlam,CLOSED,2023-04-04,2023-04-04,,,,,,Requested job,"service, running repair",
2023/4/R/89,LD-8875,Puttlam,CLOSED,2023-04-05,2023-06-19,,,,,,Requested job,"service & parking brake repair, check lights,horn, signal ,wiper, service",
2023/4/R/92,PH-6747,Badalgama,CLOSED,2023-04-05,2023-04-08,,,,,,Requested job,Check & replace u-joint,
2023/4/R/93,DAH-2228,Chilaw,CLOSED,2023-04-05,2023-04-28,,,,,,Requested job,"Replace R-spring bushes, check F/spring blade & forming, tyre change, check alignment, check tie rod, side glass can't lift",
2023/4/R/96,SR-04,Mihinthale,CLOSED,2023-04-05,2023-04-08,,,,,,Requested job,Starter motor repair,
2023/4/R/100,DAH-2231,Galenbidunuwewa,CLOSED,2023-04-06,2023-04-22,,,,,,Requested job,"check diesel pump, service",
2023/4/R/103,LY-4524,Badalgama,CLOSED,2023-04-06,2023-04-06,,,,,,Requested job,"Fix cabin baloon, check & repair ramp motor, alternator repair-sumith",
2023/4/R/104,LA-1359,Badalgama,CLOSED,2023-04-06,2023-04-08,,,,,,Requested job,"check & repair brake & park light, service brake, parking brake",
2023/4/R/105,LB-02,Katana,CLOSED,2023-04-06,2023-04-07,,,,,,Requested job,Replace backhoe arm jack seal,
2023/4/R/107,SR-08,Badalgama,CLOSED,2023-04-06,2023-08-10,,,,,,Requested job,Hy. pump repair,
2023/4/R/86,DAH-2231,Galenbidunuwewa,CLOSED,2023-04-06,2023-04-22,,,,,,Requested job,fuel sys. Repair,
2023/4/R/97,LO-7181,Badalgama,CLOSED,2023-04-06,2023-04-07,,,,,,Requested job,"Replaced F/air brake hose, lubricated accelerator cable,",
2023/4/R/98,LP-1578,Badalgama,PENDING,2023-04-06,,,,,,,Requested job,"check service, Fix f/mud cover, replaced R/RHS tail light lence, F/RHS signal light repair, check head light",Not done
2023/4/R/99,LP-1582,Badalgama,PENDING,2023-04-06,,,,,,,Requested job,"R/LH tail light lence, spring blade braket both side, check R/brake drum, service & grease, diesel leak from tank, F/RH park light",Not done
2023/4/R/106,LY-4524,Badalgama,CLOSED,2023-04-07,2023-04-21,,,,,,Requested job,Armature repair,
2023/4/R/108,PD-4739,Badalgama,CLOSED,2023-04-08,2023-04-08,,,,,,Requested job,Replaced brake master pump,
2023/4/R/109,PR-1469,Katana,CLOSED,2023-04-19,2023-05-09,,,,,,Requested job,"E/oil leak ,service, deck repair",
2023/4/R/110,PD-4739,Badalgama,CLOSED,2023-04-19,2023-04-19,,,,,,Requested job,Replaced F/hub bearings,
2023/4/R/122,LN-8277,Badalgama,CLOSED,2023-04-19,2023-07-15,,,,,,Requested job,Accident repair(boom),
2023/4/R/111,RS-0483,Katana,CANCELLED,2023-04-20,,,,,,,Requested job,Alternator repair(Sadasarana Motor),Cancel
2023/4/R/112,LL-1782,Badalgama,CLOSED,2023-04-20,2023-04-21,,,,,,Requested job,"Adjusted clutch, repaired h/brake cable, compressed air leak, steering cover, AC repair, Elec. Repair-lights, replaced ramp jack seal",
2023/4/R/95,PA-4879,Muthur Plant,CLOSED,2023-04-20,2023-07-13,,,,,,Requested job,"check & repair starter motor, battery not charging",
2023/5/R/138,AC-38,Muthur Plant,CLOSED,2023-04-20,2023-05-04,,,,,,Requested job,"Injector pressure testing ,service",
2023/5/R/139,LJ-5559,Muthur Plant,CLOSED,2023-04-20,2023-05-04,,,,,,Requested job,Injector pump repair,
2023/4/R/113,RS-0748,Mundalama Estate,CLOSED,2023-04-22,2023-04-22,,,,,,Requested job,Fix fan blade with flange,
2023/4/R/125,LM-6653,Badalgama,CLOSED,2023-04-22,2023-04-22,,,,,,Requested job,Ramp jack shaft replace,
2023/4/R/114,59-5421,Badalgama,CLOSED,2023-04-24,2023-04-30,,,,,,Requested job,Replaced crank oil seal,4JB1
2023/4/R/115,SR-04,Badalgama,CLOSED,2023-04-24,2023-04-26,,,,,,Requested job,starter motor repair(sadasarana),
2023/4/R/117,LN-8278,Badalgama,CLOSED,2023-04-25,2023-05-11,,,,,,Requested job,RHS door winder assy. Repair,
2023/4/R/118,49-2288,Mundalama Estate,CLOSED,2023-04-25,2023-05-08,,,,,,Requested job,Replaced low link pin,
2023/4/R/121,HEX-24,Badalgama,CLOSED,2023-04-26,2023-04-24,,,,,,Requested job,starter motor repair(sadasarana),Komatsu PC-40
2023/4/R/123,PH-6747,,CLOSED,2023-04-27,2023-04-27,263537,Km,,,,Requested job,Injector pump check & repair(awishka-Kandawala),263537Km
2023/4/R/124,PD-6917,Badalgama,CLOSED,2023-04-29,2023-04-29,,,,,,Requested job,"Check & repair alternator, signal lamp-sumith-Katana",
2023/4/R/126,ZA-7965,Katana,CLOSED,2023-04-29,2023-05-12,,,,,,Requested job,"Replace tie rods, f/axel oil seal, bucket jack seal, radiator cap, service, backhoe bucket repair, outtriger pads, adjust brakes, elec. Repair-sumith",
2023/4/R/127,HEX-07,Chilaw,CANCELLED,2023-04-29,,,,,,,Requested job,"Brake repair, service",Cancel
2023/5/R/130,HEX-23,Badalgama,CLOSED,2023-05-01,2023-05-03,,,,,,Requested job,"hy. leak, arm end bushing, pin repair",SK-200 long arm
2023/5/R/128,PH-0765,Katana,CLOSED,2023-05-02,2023-05-04,,,,,,Requested job,"wiper not work, service, replace balance bar bush, D-bush, bracket, abnormal noise from F/LH wheel",Bolero camper gold
2023/5/R/129,HU-5097,Badalgama,CLOSED,2023-05-02,2023-05-02,,,,,,Requested job,"Starter key cutting , tyre checking",
2023/5/R/131,ZA-8511,Badalgama,CLOSED,2023-05-02,2023-05-18,,,,,,Requested job,"check wiper, vehicle moving left when apply brakes,",
2023/5/R/133,PR-1469,Katana,CLOSED,2023-05-07,2023-05-08,,,,,,Requested job,Elec. Repair-Sumith-Katana,
2023/5/R/134,VR-52,Maggona,CLOSED,2023-05-07,2023-05-07,,,,,,Requested job,"servcie,check hy.",CAT
2023/5/R/135,PJ-6376,Badalgama,CLOSED,2023-05-08,2023-05-08,,,,,,Requested job,Head light repair,
2023/5/R/136,PH-6747,Badalgama,CLOSED,2023-05-08,2023-05-14,,,,,,Requested job,"Brake , king pin, tie rod end, check alignment",
2023/5/R/140,59-5421,Badalgama,CLOSED,2023-05-08,2023-05-10,,,,,,Requested job,"Abnormal noise of u-joints & rear wheel, fix rear buffer, oil leak(engine), F/RH door winder,rear door repair, R/LH side glass can't operate",
2023/5/R/142,TM-17,Wellawaya,CLOSED,2023-05-09,2023-05-09,,,,,,Requested job,Repaired by C-Com,
2023/5/R/143,HEX-33,W/S C-com,CLOSED,2023-05-09,2023-06-05,,,,,,Requested job,,
2023/5/R/137,40-2955,Chilaw,CLOSED,2023-05-10,2023-06-15,,,,,,Requested job,"diesel tank cap, chassis repair, hard starting, abnormal wear of tyre",
2023/5/R/144,HEX-24,Katana,CLOSED,2023-05-11,2023-05-22,,,,,,Requested job,Replace armature,
2023/5/R/145,51-7158,Badalgama,CLOSED,2023-05-12,2023-05-16,,,,,,Requested job,"service, tail lamp, F/RH door glass & winder",
2023/5/R/146,LK-2276,Nawagattegama,CLOSED,2023-05-13,2023-05-13,,,,,,Requested job,"E/oil leak from oil filter, MNW, compressed air leak, heat meter NW, Engine stop repair",TATA 909
2023/5/R/147,HEX-19,Gammirisgaswewa,CLOSED,2023-05-13,2023-05-16,,,,,,Requested job,Engine overheating,PC-120
2023/5/R/153,ZA-2964,Katana,CLOSED,2023-05-13,2023-05-15,,,,,,Requested job,"Alternator repair-Sumith, water leak from R/hose, R/cap",
2023/4/R/116,ZA-7968,Mihinthale,CLOSED,2023-05-14,2023-05-14,,,,,,Requested job,Replace jack seal,
2023/5/R/154,RS-0483,Katana,CLOSED,2023-05-15,2023-05-18,,,,,,Requested job,Replaced backhoe clamp seal,
2023/5/R/155,LO-7183,Katana,CLOSED,2023-05-16,2023-05-18,,,,,,Requested job,Replaced clutch pump - up,
2023/5/R/156,PA-6399,Mihinthale,CLOSED,2023-05-16,2023-06-01,,,,,,Requested job,"Brake pedal lowering, B/oil leak low pump, check u-joint & propellar shaft, Elec. Repair(tail light, signal), F/body accident repair, gearbox repair",
2023/5/R/157,GE-145,Badalgama,CLOSED,2023-05-17,2023-05-26,,,,,,Requested job,Starter motor repair-sumith,
2023/5/R/158,PD-6917,Badalgama,CLOSED,2023-05-18,2023-05-18,,,,,,Requested job,"Alternator repair(E/oil leak)-sumith, Replaced",
2023/5/R/159,48-4849,Badalgama,CLOSED,2023-05-18,2023-05-18,,,,,,Requested job,"hub oil seal, air leak from hose, air leak from hose, MNW, light repair",
2023/5/R/160,LL-0920,Badalgama,CLOSED,2023-05-18,2023-07-09,,,,,,Requested job,"No Tipping, accelerator pedal repair, replaced air filter, cabin R galss repair, brake repair",
2023/5/R/161,LD-02,Chilaw,CLOSED,2023-05-20,2023-07-01,,,,,,Requested job,"HY. leak, E/oil burning, repace jack seal, R/tyre repair, loader bucket rtepair, hy. leak fron hoses",
2023/5/R/163,RF-0748,Mundalama Estate,CLOSED,2023-05-23,2023-05-30,,,,,,Requested job,Chec k& repair tractor & slasher,
2023/5/R/164,LL-0936,Badalgama,CLOSED,2023-05-23,2023-06-11,,,,,,Requested job,"Steering freepl ay, check brakes, elec. Repair-lights, F/RH door glass can't operate",
2023/5/R/165,EQP-Slasher,Mundalama Estate,CLOSED,2023-05-23,2023-05-30,,,,,,Requested job,"Check & repair bush, blade, service-External work Negombo",
2023/5/R/166,ZA-7968,Mihinthale,CLOSED,2023-05-23,2023-05-24,,,,,,Requested job,Replace jack seal,
2023/5/R/167,LD-06,,CLOSED,2023-05-23,2023-06-20,,,,,,Requested job,"Center pin repair, replaced steering seal",
2023/4/R/102,LI-3851,Galenbidunuwewa,CLOSED,2023-05-24,2023-05-27,,,,,,Requested job,"Gear box oil leak, starting defect, replace tail lamp",
2023/4/R/88,ZA-7092,Puttlam,CLOSED,2023-05-24,2023-05-27,,,,,,Requested job,"service, tyre change & light repair, hy. leak from breaker line, backhoe arm can't operate",
2023/5/R/168,HEX-40,Muthur Plant,CLOSED,2023-05-26,2023-05-30,,,,,,Requested job,Radiator cleaning & leak checking,
2023/5/R/169,LI-3395,Muthur Plant,CLOSED,2023-05-26,2023-05-30,,,,,,Requested job,Gear lever rod end replacement,
2023/5/R/170,ZA-7810,Badalgama,CLOSED,2023-05-26,2023-09-20,,,,,,Requested job,"E/stop cable, light repair, driving seat cushion, upholstery, side mirror",
2023/5/R/171,ZA-8445,Badalgama,CLOSED,2023-05-26,2023-06-20,,,,,,Requested job,"Elec. Repair(fog light, f/LH signal, tail lamp",
2023/5/R/172,ZA-6068,Chilaw,CLOSED,2023-05-29,2023-06-01,,,,,,Requested job,starter motot repair-sumith,
2023/5/R/173,PR-1469,Katana,CLOSED,2023-05-29,2023-05-31,,,,,,Requested job,"Gear box oil leak, fuel pump repair-Kawishka",
2023/5/R/174,RA-3052,Puttlam,OPEN,2023-05-29,,,,,,,Requested job,"check & repair, RHS axel oil leak, hy. level side oil leak",TAFE
2023/5/R/175,ZA-7034,Puttlam,CLOSED,2023-05-30,2023-06-15,,,,,,Requested job,"Replaced loader bucket teeth, check & replaced F/hub bearings, F/ael seal, wiper motor, elec. Repair-lights, swing jack seal, backhoe bucket pin, boom end pin, bush repair, extradig pads, fuel filter ,fuel tank cap",
2023/5/R/176,LM-6653,Badalgama,CLOSED,2023-05-30,2023-05-30,,,,,,Requested job,"service,MNW, light repair",
2023/5/R/177,SR-11,Badalgama,CLOSED,2023-05-30,2023-06-10,,,,,,Requested job,"Fixed sheep foot, check all oil levels",
2023/5/R/179,PD-6917,Badalgama,CLOSED,2023-05-30,2023-05-31,,,,,,Requested job,steering repair,
2023/5/R/180,LN-8279,Badalgama,CLOSED,2023-05-30,2023-05-30,,,,,,Requested job,"compressed air leak, gear engage defect, MNW",
2023/5/R/178,SL-11,Badalgama,CLOSED,2023-05-31,2023-06-01,,,,,,Requested job,Check & repair,
2023/4/R/119,MG-07,Galenbidunuwewa,CLOSED,2023-06-01,2023-06-03,,,,,,Requested job,Replaced guide rail,
2023/5/R/149,SL-10,Badalgama,CLOSED,2023-06-01,2023-06-16,,,,,,Requested job,"check & repair, replaced travelling motor seal kit",
2023/5/R/184,51-7158,Badalgama,CLOSED,2023-06-01,2023-06-15,,,,,,Requested job,"Rear brake oil leak, high fuel consumption",
2023/6/R/185,HEX-01,Mihinthale,CLOSED,2023-06-01,2023-06-12,,,,,,Requested job,Fuel sys. Repair,
2023/6/R/186,HEX-22,Gammirisgaswewa,CLOSED,2023-06-01,2023-06-15,,,,,,Requested job,"Elec. Repair, accelerator cable repair",314C
2023/6/R/187,48-4849,Badalgama,CLOSED,2023-06-01,2023-06-01,,,,,,Requested job,Starter motor repair-sumith,401
2023/6/R/188,PR-1504,Puttlam,CLOSED,2023-06-01,2023-06-09,,,,,,Requested job,"check & repair clutch, E/oil reducing, wiper blade replacement, silensor mount, tinkering & painting, chk & repair LH head light",Dimo Batta
2023/6/R/189,PH-0765,Katana,CLOSED,2023-06-05,2023-06-11,,,,,,Requested job,"chk tire rod ends, u-joints, horn, wiper, R/RHS signal, parking brake cable repair",
2023/6/R/190,ZA-8511,Puttlam,CLOSED,2023-06-05,2023-08-10,,,,,,Requested job,chk lights,
2023/6/R/191,LK-6740,Kadawatha,OPEN,2023-06-06,,,,,,,Requested job,"Starter motor run with engine, 1st & reverse gear can't engage, clutch is very tight, bumper repair",407
2023/6/R/192,ZA-0447,Badalgama,OPEN,2023-06-06,,,,,,,Requested job,"Replace multi jack seal LH, accelerator cable not return, 4WD can't engage, trans. Oil leak, cabin glass repair",
2023/6/R/194,ZA-2963,Katana,CLOSED,2023-06-06,2023-06-09,,,,,,Requested job,Replace alternator with 1 year warranty Upali Motor -colombo,09.06.2023
2023/6/R/195,XW-9222,Chilaw,OPEN,2023-06-06,,,,,,,Requested job,"running repair, service",
2023/6/R/199,ZB-1979,Badalgama,CLOSED,2023-06-06,2023-06-07,,,,,,Requested job,"Chk differential & hub oil levels, bucket pin bush repair",
2023/5/R/151,SL-16,Badalgama,CLOSED,2023-06-07,2023-06-16,,,,,,Requested job,Check & repair,
2023/6/R/197,HEX-40,Badalgama,CLOSED,2023-06-07,2023-07-07,,,,,,Requested job,"E/overheating, chk & repair accelerator, bucket repair, arm end bushing, service, change fuel & air filter",SHANTUI
2023/6/R/198,SL-16,Badalgama,CLOSED,2023-06-07,2023-06-16,,,,,,Requested job,"Bucket lock repair, MNW, starter motor repair, chk power supply for meter board",S-450
2023/6/R/200,XW-9222,Puttlam,CLOSED,2023-06-07,2023-06-07,,,,,,Requested job,Running repair,Platina
2023/6/R/193,PV-6889,,CLOSED,2023-06-08,2023-07-08,290478,Km,,,,Requested job,"Gear box repair, door winder handle, tail lamp, RH signal lamp repair",290478Km
2023/6/R/201,SL-09,Nawagattegama,CLOSED,2023-06-08,2023-06-09,,,,,,Requested job,"Battery not charging, wash & grease",
2023/6/R/202,MG-05,Chilaw,CLOSED,2023-06-08,2023-09-03,,,,,,Requested job,"steering jack seal, valve box oil leak, b/oil leak, replace side cutter,guide rail covering plate making, service, chk & replaced tie rods",
2023/6/R/203,ZA-6068,Chilaw,CLOSED,2023-06-08,2023-06-30,,,,,,Requested job,"Extradig pads, jack seal replace, loader bucket repair, rear hub seal, backhoe bucket repair, outtrigeer pads",
2023/6/R/204,PD-4739,Badalgama,CLOSED,2023-06-08,2023-06-08,,,,,,Requested job,clutch repair,
2023/6/R/205,BET-3772,Badalgama,CLOSED,2023-06-08,2023-06-08,,,,,,Requested job,Replace clutch cable,Platina
2023/6/R/206,HEX-18,Mundalama Estate,CLOSED,2023-06-08,2023-06-08,,,,,,Requested job,replace grease jack seal,
2023/6/R/209,LK-4058,Muthur Plant,CLOSED,2023-06-09,2023-11-05,,,,,,Requested job,"Tipper bucket painting, bucket repair, silensor, door lock,",Leyland
2023/6/R/211,PH-3945,H/O,CLOSED,2023-06-11,2023-06-29,,,,,,Requested job,"Shockabsorber repair, chk & repair ball joint & tie rods, abnormal noise when reversing the vehicle turning LH & RH",Mahindra Impirio
2023/6/R/215,BID-8756,TR-03,CLOSED,2023-06-11,2023-06-11,,,,,,Requested job,"Elec. Repair, sheet repair",
2023/6/R/208,HEX-36,Kadawatha,CLOSED,2023-06-13,2023-07-05,,,,,,Requested job,"center pin repair, tie rod repair",E55W
2023/6/R/218,ZA-8395,Badalgama,CLOSED,2023-06-13,2023-06-15,,,,,,Requested job,Hy. hose repair,
2023/6/R/219,RD-6318,Katana,CLOSED,2023-06-13,2023-06-15,,,,,,Requested job,"Brake repair, hitch repair",
2023/6/R/220,LK-5041,Badalgama,CLOSED,2023-06-13,2023-06-14,,,,,,Requested job,starter motot repair,
2023/3/R/49,RD-3536,Badalgama,CLOSED,2023-06-15,2023-07-04,,,,,,Requested job,"Elec. Repair, fan pulley",
2023/5/R/148,SL-03,Badalgama,CLOSED,2023-06-15,2023-08-15,,,,,,Requested job,Check & repair,
2023/6/R/223,BGG-6941,Kottukachchi,CLOSED,2023-06-15,2023-06-17,,,,,,Requested job,"Accelerator cable, spark plug, plug top",Discover 125
2023/6/R/224,BGY-6445,Badalgama,CLOSED,2023-06-15,2023-06-16,,,,,,Requested job,"starter switch, main stand, running repair",
2023/6/R/225,LO-8349,Chilaw,CLOSED,2023-06-16,2023-06-17,,,,,,Requested job,"Horn repair, wiper blade",1615TC
2023/6/R/226,HEX-33,Badalgama,CLOSED,2023-06-16,2023-06-21,,,,,,Requested job,Bucket jack,
2023/6/R/228,ZA-2963,Katana,CLOSED,2023-06-16,2023-06-16,,,,,,Requested job,Bucket repair,
2023/6/R/229,LP-1574,Chilaw,CLOSED,2023-06-17,2023-06-18,,,,,,Requested job,"Adblue tank cap, number plate lamp, wash & grease",
2023/6/R/230,LP-1712,Nawagattegama,CLOSED,2023-06-17,2023-06-18,,,,,,Requested job,"LHS side mirror, RHS door winder handle",
2023/6/R/231,PR-1504,Katana,CLOSED,2023-06-17,2023-06-17,,,,,,Requested job,"diesel leak from injector pump, cabin door lock repair, fuel meter NW, silensor  bracket repair",
2023/6/R/233,LO-4824,Badalgama,CLOSED,2023-06-17,2023-07-10,,,,,,Requested job,"wiper blades, LH/RH door winder repair, tail lamp lence, RHS door lock",
2023/6/R/234,LK-4056,Badalgama,CLOSED,2023-06-19,2023-06-19,,,,,,Requested job,"Wash & grease, chk & repair",
2023/6/R/235,LO-5986,Badalgama,CLOSED,2023-06-19,2023-06-19,,,,,,Requested job,"Wash & grease, service",
2023/6/R/210,PH-6747,Mihinthale,CLOSED,2023-06-20,2023-07-28,,,,,,Requested job,Engine repair,JMC
2023/6/R/236,LI-3395,Muthur Plant,CLOSED,2023-06-20,2023-06-30,,,,,,Requested job,"clutch repair, brake repair",
2023/6/R/237,HEX-01,Mihinthale,CLOSED,2023-06-20,2023-06-27,,,,,,Requested job,"Feed pump & crank sensor replace-Dax eng., replaced fuel pressure pump by Wsteam badalgama",
2023/6/R/238,PH-0765,Katana,CLOSED,2023-06-20,2023-06-21,,,,,,Requested job,"Brake repair, replaced R/brake washer, hand brake cable",
2023/6/R/217,325-3448,Puttlam,CLOSED,2023-06-21,2023-08-24,,,,,,Requested job,"chk & replaced tie rod, T-belt, F & R seat repair, brake repair, pinion oil leak, upholstery, door lock, tinkering & painting, fuel meter NW, elec. Repair, P\S oil leak, seat cushion,",
2023/6/R/239,HEX-04,Badalgama,CLOSED,2023-06-21,2023-06-28,,,,,,Requested job,Replaced sucker seal,PC-100
2023/6/R/240,253-2574,Mihinthale,CLOSED,2023-06-22,2023-06-22,,,,,,Requested job,Elec. Repair-light,
2023/6/R/241,LN-8278,Badalgama,CLOSED,2023-06-23,2023-08-01,,,,,,Requested job,Blower motor repair,
2023/6/R/242,59-5421,Badalgama,CLOSED,2023-06-23,2023-06-28,,,,,,Requested job,"wiper sys.repair, chk brakes(vehicle move right side when apply brakes)",
2023/4/R/120,LK-2366,Badalgama,CLOSED,2023-06-25,2023-06-28,,,,,,Requested job,Replace power steering box,
2023/6/R/245,LD-8875,Puttlam,CLOSED,2023-06-25,2023-06-25,,,,,,Requested job,"chk signal light F/RHS, chk wiper",
2023/7/R/256,HEX-23,Maggona,CLOSED,2023-06-25,2023-06-28,,,,,,Requested job,"injector repair-4nos, service",
2023/5/R/162,SR-06,Galenbidunuwewa,CLOSED,2023-06-26,2023-08-08,,,,,,Requested job,"check drum mount, hy. hose repair, Fuel feed pump oil leak, steering wheel & silensor repair",
2023/6/R/244,LM-5720,Puttlam,CLOSED,2023-06-26,2023-07-01,152778,Km,,,,Requested job,"Radiator tank leak, brake light cup repair",152778Km
2023/6/R/246,47-5112,Badalgama,CLOSED,2023-06-27,2023-06-27,,,,,,Requested job,"tappet cover oil leak, fuel sys. Repair, chk lights",
2023/6/R/247,LX-1679,Badalgama,CLOSED,2023-06-27,2023-06-28,,,,,,Requested job,Tailer ramp can't lift,
2023/6/R/248,EQP-Heat Machine,Katana,CLOSED,2023-06-27,2023-07-23,,,,,,Requested job,Heater not working,
2023/6/R/250,LN-1867,Badalgama,CLOSED,2023-06-30,2023-07-06,,,,,,Requested job,"chk clutch washer, head light, battery wire",
2023/6/R/251,PD-6917,Badalgama,OPEN,2023-06-30,,,,,,,Requested job,"Abnornal noise from gear box, gear oil leak, chk light, hub bearing, propellar shaft u-joints",
2023/6/R/252,HEX-27,Wadakada,CLOSED,2023-06-30,2023-07-05,,,,,,Requested job,"Replace E/oil hose, steel hy. hose repair, filter change",
2023/6/R/253,LK-5041,Badalgama,CLOSED,2023-06-30,2023-07-01,,,,,,Requested job,"compressed air leak, chk F/lh wheel, adjust brakes, chk gear lever assy, chk lights, RH door winder repair",LPT2516
2023/6/R/254,HEX-41,Wadakada,CLOSED,2023-06-30,2023-07-05,,,,,,Requested job,Steel hy. hose repair,
2023/3/R/70,325-5120,Badalgama,CLOSED,2023-07-01,2023-07-10,,,,,,Requested job,"alternator repair, starter motor repair, check lights",
2023/6/R/212,BET-3726,Badalgama,CLOSED,2023-07-01,2023-07-12,,,,,,Requested job,RHS side mirror repair,
2023/7/R/255,RA-3051,Alawwa,CLOSED,2023-07-01,2023-08-26,5118,Hrs,,,,Requested job,"E/oil leak,- chandana Tractor garage",5118Hrs
2023/6/R/232,48-4849,Badalgama,CLOSED,2023-07-03,2023-07-05,,,,,,Requested job,abnormal wear of tyre F/LHS,
2023/7/R/257,LI-7618,Mihinthale,CLOSED,2023-07-04,2023-07-11,,,,,,Requested job,"Radiator repair, replace fan blade, engine mount replace",
2023/7/R/258,47-5112,Badalgama,CLOSED,2023-07-04,2023-07-05,,,,,,Requested job,Fuel sys. Repair,
2023/6/R/196,LD-05,Badalgama,CLOSED,2023-07-05,2023-07-05,,,,,,Requested job,"Replace bucket jack seal, service",
2023/7/R/259,BGG-6942,Katana,CLOSED,2023-07-05,2023-07-05,,,,,,Requested job,Fuel sys. Repair,
2023/7/R/260,PTR-10,Mihinthale,CLOSED,2023-07-05,2023-07-06,,,,,,Requested job,brake repair,
2023/7/R/261,DAH-2229,Mihinthale,CLOSED,2023-07-05,2023-07-05,,,,,,Requested job,service,
2023/7/R/262,AC-24,Alawwa,CLOSED,2023-07-08,2023-07-13,,,,,,Requested job,compressor tank filter change,
2023/7/R/263,LM-5722,Mundalama Estate,CLOSED,2023-07-08,2023-07-08,,,,,,Requested job,"Spring blade repair, F/RHS main blade",
2023/7/R/264,HEX-41,Wadakada,CLOSED,2023-07-08,2023-07-14,,,,,,Requested job,"Elec. Repair, stop solenoid, solenoid coil & nut, starter switch",
2023/7/R/265,LN-8279,Badalgama,CLOSED,2023-07-08,2023-07-08,,,,,,Requested job,steel hose repair,
2023/6/R/213,BHT-3482,Badalgama,CLOSED,2023-07-10,2023-07-12,,,,,,Requested job,Replace battery,
2023/6/R/249,ZA-6069,Galenbidunuwewa,CLOSED,2023-07-10,2023-07-12,,,,,,Requested job,Replace arm & swing jack seal,
2023/7/R/266,PJ-6376,Badalgama,CLOSED,2023-07-10,2023-07-10,,,,,,Requested job,Elec. Horn,
2023/7/R/267,HEX-40,Muthur Plant,CLOSED,2023-07-10,2023-07-10,,,,,,Requested job,Hy. hose repair,
2023/7/R/268,LJ-5559,Muthur Plant,CLOSED,2023-07-10,2023-07-13,,,,,,Requested job,replace tipping jack seal,
2023/7/R/269,HEX-27,Wadakada,CLOSED,2023-07-10,2023-07-13,,,,,,Requested job,"Track repair, sprocket wheel",
2023/7/R/270,RD-6318,Katana,CLOSED,2023-07-10,2023-07-10,,,,,,Requested job,Fuel filter set,
2023/7/R/271,ZA-8373,Maggona,CLOSED,2023-07-10,2023-07-10,,,,,,Requested job,Hy. sys. Repair,
2023/7/R/272,MG-04,Badalgama,CLOSED,2023-07-10,2023-07-17,,,,,,Requested job,Brake repair,
2023/7/R/273,BDJ-2375,Badalgama,CLOSED,2023-07-10,2023-07-10,,,,,,Requested job,"service, S/meter cable, R/hub bearing, fork oil seal",
2023/7/R/274,PR-1504,Katana,CLOSED,2023-07-10,2023-08-01,,,,,,Requested job,"Door lock, upholstery repair, battery bracket, driving seat repair, tail light repair, abnormal noise, chk silensor",
2023/7/R/275,LM-7948,Galenbidunuwewa,CLOSED,2023-07-10,2023-08-19,,,,,,Requested job,"chk battery charging, starting, lights, pinion oil leak",
2023/7/R/276,LO-7184,Galenbidunuwewa,CLOSED,2023-07-10,2023-08-18,,,,,,Requested job,"Gear engage defect, service, MNW",
2023/7/R/278,LK-5041,Badalgama,CLOSED,2023-07-10,2023-07-14,,,,,,Requested job,clutch repair,
2023/7/R/282,LL-0920,Badalgama,CLOSED,2023-07-10,2023-07-17,,,,,,Requested job,wiper repair,
2023/6/R/214,XG-6801,Chilaw,CLOSED,2023-07-12,2023-07-12,,,,,,Requested job,chk & repair,
2023/7/R/284,48-4849,Badalgama,CLOSED,2023-07-12,2023-07-18,,,,,,Requested job,starter motor repair,
2023/7/R/285,LN-8278,Badalgama,CLOSED,2023-07-14,2023-07-14,,,,,,Requested job,head light & number plate light chk & repair,
2023/7/R/286,BIE-8724,Badalgama,CLOSED,2023-07-14,2023-08-02,,,,,,Requested job,Speedo meter repair,
2023/7/R/287,LM-6653,Badalgama,CLOSED,2023-07-14,2023-07-17,,,,,,Requested job,chk & repair lights(body & parking),
2023/7/R/288,EQP-service bay,Badalgama,CLOSED,2023-07-14,2023-07-14,,,,,,Requested job,water pressure pum prepair,
2023/7/R/281,PH-6744,Puttlam,CLOSED,2023-07-15,2023-07-25,,,,,,Requested job,"F/crank seal oil leak, brake repair",
2023/7/R/289,VR-03,Maggona,CLOSED,2023-07-15,2023-07-17,,,,,,Requested job,starter motor repair,
2023/7/R/290,LM-5721,Wadakada,CLOSED,2023-07-15,2023-07-19,,,,,,Requested job,starter motor repair,
2023/7/R/291,LB-01,Alawwa,CLOSED,2023-07-15,2023-07-19,,,,,,Requested job,"alternator repair, fan belt, belt adjuster",
2023/7/R/292,LM-2298,Galenbidunuwewa,CLOSED,2023-07-15,2023-07-18,,,,,,Requested job,clutch repair,
2023/7/R/294,CR-02,Maggona,CLOSED,2023-07-15,2023-07-19,,,,,,Requested job,engine mount repair,
2023/7/R/296,LN-8278,Badalgama,CLOSED,2023-07-17,2023-07-17,,,,,,Requested job,"wheel alignment, chk brakes",
2023/7/R/297,PD-4739,Badalgama,CLOSED,2023-07-17,2023-07-17,,,,,,Requested job,water pipe repair,
2023/7/R/302,LD-05,Badalgama,CLOSED,2023-07-17,2023-07-17,,,,,,Requested job,Hy. hose repair,
2023/7/R/304,BGG-6941,Katana,CLOSED,2023-07-17,2023-07-17,,,,,,Requested job,Elec .defect,
2023/7/R/283,PY-2408,Badalgama,CLOSED,2023-07-18,2023-07-29,,,,,,Requested job,chk lights,
2023/7/R/299,HEX-40,Badalgama,CLOSED,2023-07-18,2023-07-19,,,,,,Requested job,Track master pin repair,
2023/7/R/301,LP-1712,Badalgama,CLOSED,2023-07-18,2023-07-18,,,,,,Requested job,winder handle,
2023/7/R/305,SL-07,Maggona,CLOSED,2023-07-18,2023-07-18,,,,,,Requested job,Alternator repair,
2023/7/R/306,HEX-36,Kadawatha,CLOSED,2023-07-18,2023-07-21,,,,,,Requested job,"service, hy. hose, hour meter, light repair",
2023/7/R/307,BFR-4276,Katana,CLOSED,2023-07-18,2023-07-27,,,,,,Requested job,"service, sprocket wheel & timing chain chk & replace. ,starter key",
2023/7/R/310,LO-5981,Mihinthale,CLOSED,2023-07-18,2023-07-18,,,,,,Requested job,"wash & grease, RHS signal light, replace hub bolts",
2023/7/R/311,LP-1580,Mihinthale,CLOSED,2023-07-18,2023-07-18,,,,,,Requested job,wash & grease,
2023/7/R/312,GL-0019,Badalgama,CLOSED,2023-07-18,2023-07-18,,,,,,Requested job,air hose repair,
2023/7/R/313,LP-1709,Badalgama,CLOSED,2023-07-18,2023-07-18,,,,,,Requested job,"Replaced head light bulb,wash & grease",
2023/7/R/314,VR-20,Badalgama,CLOSED,2023-07-18,2023-07-20,,,,,,Requested job,chk & repair,
2023/7/R/277,DAH-2231,Muthur,CLOSED,2023-07-20,2023-10-31,,,,,23-277,C-job,"Replaced gasket, valve oil seal, air filter, clutch master pump, fuel filter, bumper mount, brake caliper R/kit 2, brake pad set, belt 2, balance bar bush 4, link end bar with bush",autobacs
2023/7/R/293,PH-6742,Trinco,CLOSED,2023-07-20,2023-10-22,,,,,,Requested job,starting deffect-autobacs,engine repair
2023/7/R/295,51-8083,Mihinthale,CLOSED,2023-07-20,2023-08-04,,,,,,Requested job,"replace axel, chk allignment, brake repair, light repair",
2023/7/R/298,LO-7182,Mihinthale,CLOSED,2023-07-20,2023-07-30,,,,,,Requested job,"hy. oil leak, starting defect, RHS side glass repair(Accident)",
2023/7/R/315,LK-5041,Badalgama,CLOSED,2023-07-20,2023-07-29,,,,,,Requested job,"pinion repair(R/middle), chk park light",
2023/7/R/316,BET-3772,Badalgama,CLOSED,2023-07-21,2023-07-21,,,,,,Requested job,"F/brake repair, adjust drive chain, lubricate cable",
2023/7/R/319,LM-7701,Wadakada,CLOSED,2023-07-22,2023-07-26,,,,,,Requested job,clutch repair,
2023/7/R/320,LK-2276,Katana,CLOSED,2023-07-22,2023-07-23,,,,,,Requested job,starter motor repair,
2023/7/R/321,BDJ-2375,Katana,CLOSED,2023-07-23,2023-07-23,,,,,,Requested job,"side stand, brake repair, drive chain & carb adjust, chk E/oil & RHS fork oil seal",
2023/7/R/300,LL-1782,Badalgama,CLOSED,2023-07-24,2023-07-28,,,,,,Requested job,"replace jack seal, clutch repair",
2023/7/R/323,LD-8875,Galnewa,CLOSED,2023-07-24,2023-08-01,,,,,,Requested job,air tank repair,
2023/7/R/324,SR-04,Galenbidunuwewa,CLOSED,2023-07-24,2023-08-05,,,,,,Requested job,starter motor repair,
2023/7/R/325,LM-6653,Badalgama,CLOSED,2023-07-24,2023-07-24,,,,,,Requested job,Battery overcharging,
2023/7/R/326,LL-1782,Badalgama,CLOSED,2023-07-24,2023-07-28,,,,,,Requested job,Clutch repair,
2023/7/R/328,PD-6917,Wadakada,CLOSED,2023-07-24,2023-07-24,,,,,,Requested job,"chk & repair fuel sys., starter motor",
2023/7/R/329,BGY-6440,Badalgama,CLOSED,2023-07-24,2023-07-24,,,,,,Requested job,"petrol leak, repair starter switch fix",
2023/7/R/330,SL-07,Maggona,CLOSED,2023-07-24,2023-11-03,,,,,,Requested job,"Elecc. Repair, tyre punched",
2023/7/R/331,TR-158,Maggona,CLOSED,2023-07-24,2023-07-29,,,,,,Requested job,replace wacker boot,
2023/7/R/332,HEX-17,Buttala,CLOSED,2023-07-24,2023-07-27,,,,,,Requested job,"Bucket repair, chk & repair governor  & track adjuster, AC repair",
2023/7/R/309,57-3062,H/O,CLOSED,2023-07-25,2023-07-26,,,,,,Requested job,servcie,
2023/7/R/317,HD-9005,Badalgama,CLOSED,2023-07-25,2023-07-29,,,,,,Requested job,brake repair,
2023/7/R/322,40-2955,Badalgama,CLOSED,2023-07-25,2023-07-25,,,,,,Requested job,starting defect,
2023/7/R/333,ZA-8033,Badalgama,CLOSED,2023-07-25,2023-07-29,,,,,,Requested job,"chk light & horn, greasing",
2023/7/R/334,SR-13,Buttala,CLOSED,2023-07-25,2023-08-10,,,,,,Requested job,starter key cutting,
2023/7/R/335,LI-3405,cep-03,CLOSED,2023-07-25,2023-12-25,,,340,,23-335,C-job,"Accident(damaged to geabox completely), Clutch repair(replaced clutch plate, pressure plate, flywheel), replaced recondiotion geae box , silensor repair, deck doo & gear cable repair(change gear linkage to cables from steel shafts) , wash & grease, Engine overhaul, deck repair(welding angle iron to trans. bolders)",
2023/7/R/337,DAH-2491,Katana,CLOSED,2023-07-25,2023-07-25,,,,,,Requested job,replaced alternator adjuster bearing,Yodha
2023/7/R/339,47-5112,Badalgama,CLOSED,2023-07-25,2023-07-25,,,,,,Requested job,chk fuel sys.,
2023/7/R/336,LL-0920,Wadakada,CLOSED,2023-07-26,2023-08-03,,,,,,Requested job,"No tipping, 2nd & 3rd gear engage problem, chk differential, brakes, battery charging",
2023/7/R/342,PV-6889,Badalgama,CLOSED,2023-07-26,2023-08-01,,,,,,Requested job,"door winder, F/RH signal, chk wiper, driving seat",
2023/7/R/343,ZB-0050,Muthur Plant,CLOSED,2023-07-26,2023-08-15,,,,,,Requested job,"buffer repair, fixed tail lamp, replace wiper blades, light repair, water pipe line repair, replace u-joints",
2023/7/R/340,CR-02,Maggona,CLOSED,2023-07-28,2023-08-05,,,,,,Requested job,"A/C, brake repair, accelerator repair, wash & grease, Chk reverse camera, error codes, can't identify loads, pin turning out",
2023/7/R/344,LK-6738,Katana,CLOSED,2023-07-28,2023-07-30,,,,,,Requested job,starter motor repair,
2023/7/R/345,DAH-2229,Mihinthale,CLOSED,2023-07-28,2023-07-29,,,,,,Requested job,Clutch repair,
2023/7/R/346,LN-8279,Badalgama,CLOSED,2023-07-28,2023-07-28,,,,,,Requested job,Rim repair,
2023/7/R/347,LD-05,Badalgama,CLOSED,2023-07-28,2023-07-30,,,,,,Requested job,starter relay,
2023/7/R/348,EQP-Fabrication WG,Badalgama,CLOSED,2023-07-28,2023-07-30,,,,,,Requested job,starting defect,
2023/7/R/308,LM-5719,Muthur Plant,CLOSED,2023-08-01,2023-08-10,,,,,,Requested job,"wiper repair, chk service",
2023/8/R/349,LI-7701,Wadakada,CLOSED,2023-08-01,2023-08-02,,,,,,Requested job,starter motor repair,
2023/8/R/351,GL-0019,Badalgama,CLOSED,2023-08-01,2023-08-02,,,,,,Requested job,"diesel leak from injector, wire harness repair",
2023/8/R/352,LP-1571,Buttala,PENDING,2023-08-01,,,,,,,Requested job,"Fuel meter NW, A/C repair, Adjust head light",Not done
2023/8/R/353,LK-5041,Badalgama,CLOSED,2023-08-01,2023-08-01,,,,,,Requested job,LHS signal light repair,
2023/8/R/350,LO-4816,Siyabalanduwa,CLOSED,2023-08-02,2023-08-02,,,,,,Requested job,"Door glass can't lift, chk lights, replace gear boot",
2023/8/R/355,LP-1720,Badalgama,CLOSED,2023-08-02,2023-08-08,,,,,,Requested job,replace tail lamp,
2023/8/R/356,LO-7183,Badalgama,CLOSED,2023-08-02,2023-08-02,,,,,,Requested job,E/oil leak,
2023/8/R/357,LY-4524,Badalgama,CLOSED,2023-08-02,2023-08-07,,,,,,Requested job,"Indicate ""check engine lamp""",
2023/8/R/358,LX-1679,Badalgama,CLOSED,2023-08-02,2023-08-08,,,,,,Requested job,"Replace torque arm bushes, chk lights",
2023/8/R/359,LK-2276,Katana,CLOSED,2023-08-02,2023-08-05,,,,,,Requested job,"starter motor repair, fuel sys. Repair. Change air filter, hy. oil leak, silensor repair",
2023/8/R/360,LM-6653,Badalgama,CLOSED,2023-08-03,2023-08-10,,,,,,Requested job,"alternator repair, chk lights, elec. Repair, chk engine starting",
2023/8/R/361,BAB-8828,Badalgama,CLOSED,2023-08-03,2023-08-16,,,,,,Requested job,chk & repair,
2023/8/R/362,BAB-8839,Badalgama,CLOSED,2023-08-03,2023-08-06,,,,,,Requested job,chk & repair,
2023/8/R/363,HEX-37,Maggona,CLOSED,2023-08-03,2023-08-05,,,,,,Requested job,"Remove long arm & fixed short arm, top up hy. oil, wash & grease, make bucket pin 2, fix hy. braker",
2023/8/R/364,LI-2427,Badalgama,CLOSED,2023-08-03,2023-08-10,,,,,,Requested job,"Electrical repair, chk & service, replace side mirror,",
2023/7/R/341,325-5120,Badalgama,CLOSED,2023-08-05,2023-08-08,,,,,,Requested job,"engine stop repair, brake repair, Fix fog lamps for deck, fan",
2023/8/R/365,LP-1574,Badalgama,CLOSED,2023-08-05,2023-08-05,,,,,,Requested job,"Replace wiper blades, adjust brakes, replace tail light cups",
2023/7/R/279,HEX-21,Badalgama,CLOSED,2023-08-06,2023-08-08,,,,,,Requested job,"chk safety lever, boom jack seal, chk starting, hy. leak,",
2023/8/R/366,RD-6318,Katana,CLOSED,2023-08-06,2023-08-07,,,,,,Requested job,fuel sys. Repair,
2023/8/R/368,SL-10,Badalgama,CLOSED,2023-08-06,2023-08-06,,,,,,Requested job,"hy. oil leak, tyre change, elec. Repair-lights",
2023/8/R/369,ZA-2963,Katana,CLOSED,2023-08-06,2023-08-12,,,,,,Requested job,starter motor repair,
2023/8/R/367,48-4849,Badalgama,CLOSED,2023-08-07,2023-08-08,,,,,,Requested job,"air leak , oil leak from axel, fuel leak from feed pump",
2023/8/R/370,LN-8279,Badalgama,CLOSED,2023-08-07,2023-08-08,,,,,,Requested job,"replace steering wheel cover, rim bolt hole repair",
2023/8/R/371,ZA-7965,Katana,CLOSED,2023-08-07,2023-08-17,,,,,,Requested job,Battery overcharging,
2023/8/R/372,RS-0483,Katana,CLOSED,2023-08-07,2023-08-16,,,,,,Requested job,Starter motor repair,
2023/8/R/374,LO-9810,Badalgama,CLOSED,2023-08-07,2023-08-10,,,,,,Requested job,center lock repair,
2023/8/R/375,DAH-2491,Badalgama,CLOSED,2023-08-11,2023-08-11,,,,,,Requested job,Remove gear box & damaged starter motor clutch bearing parts & re asemble gear box & starter motor,
2023/8/R/376,LL-1782,Badalgama,CLOSED,2023-08-11,2023-08-11,,,,,,Requested job,starting defect,
2023/8/R/378,LM-5721,Wadakada,CLOSED,2023-08-11,2023-08-11,,,,,,Requested job,"Replace R/RH hub seal, adjust brakes",
2023/8/R/379,HEX-37,Wadakada,CLOSED,2023-08-12,2023-08-12,,,,,,Requested job,"Hy. leak repair, hy. breaker bolt replace",
2023/8/R/380,HEX-27,Wadakada,CLOSED,2023-08-12,2023-08-15,,,,,,Requested job,"Track line repair(replace link bush), replace air filter",
2023/8/R/381,PR-1469,Katana,CLOSED,2023-08-12,2023-08-23,,,,,,Requested job,wire harness repair,
2023/8/R/382,LK-4061,Wadakada,CLOSED,2023-08-12,2023-08-21,,,,,,Requested job,replace tipping jack seal,2516
2023/7/R/280,LL-0936,Badalgama,CLOSED,2023-08-13,2023-08-15,,,,,,Requested job,brake repair,
2023/8/R/383,LN-8279,Badalgama,CLOSED,2023-08-13,2023-08-19,,,,,,Requested job,Air leak repair,
2023/8/R/384,FL-03,Badalgama,CLOSED,2023-08-13,2023-08-14,,,,,,Requested job,"replace R/hub bearing,",
2023/8/R/385,LP-1571,Wadakada,CLOSED,2023-08-14,2023-08-14,,,,,,Requested job,AC repair,
2023/8/R/386,ZA-7965,Katana,CLOSED,2023-08-14,2023-08-17,,,,,,Requested job,"alternator repair,gear lever bush replace",
2023/8/R/387,48-4849,Badalgama,CLOSED,2023-08-14,2023-08-16,,,,,,Requested job,starter motor repair,
2023/8/R/388,40-2955,Badalgama,CLOSED,2023-08-14,2023-08-14,,,,,,Requested job,starting defect,
2023/5/R/150,SL-12,Badalgama,CLOSED,2023-08-15,2023-08-25,,,,,23-150,C-job,"service(change E/oil, oil filter, fuel, air & hy filters",
2023/8/R/354,LN-8278,Badalgama,CLOSED,2023-08-15,2023-08-16,,,,,,Requested job,"R/coolant leak, replace wheel nut",
2023/8/R/389,LP-1571,Wadakada,CLOSED,2023-08-16,2023-10-18,,,,,,Requested job,"Indicate ""check engine lamp"", replaced air filter, chk fuel meter",
2023/8/R/390,PV-6889,Badalgama,CLOSED,2023-08-17,2023-08-18,,,,,,Requested job,Replaced gear box,
2023/8/R/391,ZA-8033,Badalgama,CLOSED,2023-08-21,2023-08-22,,,,,,Requested job,"replaced hub oil seal, repair light brackets, replace tail lamp lences",
2023/8/R/395,PT-1569,Galenbidunuwewa,CLOSED,2023-08-22,2023-09-09,,,,,,Requested job,Gear box repair,
2023/8/R/396,ZB-1047,Galenbidunuwewa,CLOSED,2023-08-22,2023-09-02,,,,,,Requested job,"Replaced hub bearing, planetary bearing",
2023/8/R/397,ZA-6068,cep-03,CLOSED,2023-08-22,2023-08-23,,,,,,Requested job,starter motor repair,
2023/8/R/398,SR-08,cep-03,CLOSED,2023-08-22,2023-08-23,,,,,,Requested job,starter motor repair,
2023/8/R/399,ZA-8033,Badalgama,CLOSED,2023-08-22,2023-08-23,,,,,,Requested job,"Replace tail lamp lences, adjust brakes, reverse plug",
2023/8/R/400,PH-6747,cep-03,CLOSED,2023-08-22,2023-08-25,,,,,,Requested job,"service, chk elec. Sys., chk engine overheating",
2023/8/R/401,DAH-2228,Nochchiyagama,CLOSED,2023-08-22,2023-09-16,,,,,,Requested job,starting defect - Auto Bacs,
2023/8/R/392,51-7158,Katana,CLOSED,2023-08-23,2023-08-25,,,,,,Requested job,"heat meter not work, suspension repair, chk alignment",
2023/8/R/393,LP-1567,Kadawatha,CLOSED,2023-08-23,2023-08-24,,,,,,Requested job,AC repair,
2023/8/R/402,59-5421,Badalgama,CLOSED,2023-08-23,2023-08-23,,,,,,Requested job,Brake repair,
2023/8/R/403,LP-1576,Galnewa,CLOSED,2023-08-23,2023-11-01,,,,,,Requested job,Blower motor not working,
2023/8/R/404,PTR-08,Badalgama,CLOSED,2023-08-23,2023-08-24,,,,,,Requested job,"starter motor repair, steering jack seal, replaced tyre with rim, wash & grease",
2023/8/R/405,48-4849,Badalgama,CLOSED,2023-08-23,2023-08-30,,,,,,Requested job,"air brake sys. Repair, replaced ring gear",
2023/8/R/407,HEX-21,Badalgama,CLOSED,2023-08-23,2023-09-13,,,,,,Requested job,Electrical repair,
2023/8/R/408,LK-6738,Badalgama,CLOSED,2023-08-23,2023-09-08,,,,,,Requested job,"Electrical repair, replace steering u-joint, tie rod end, drag link end, gear box repair",
2023/8/R/406,PTR-01,Mihinthale,CLOSED,2023-08-24,2023-08-25,,,,,,Requested job,Brake booster repair,
2023/8/R/409,51-8083,Mihinthale,CLOSED,2023-08-24,2023-08-25,,,,,,Requested job,"starter motor repair, replace oil cooler",
2023/8/R/410,325-5120,Badalgama,CLOSED,2023-08-24,2023-08-24,,,,,,Requested job,starter motor repair,
2023/8/R/411,BET-3772,Badalgama,CLOSED,2023-08-24,2023-08-25,,,,,,Requested job,service,
2023/8/R/412,LM-5723,Badalgama,CLOSED,2023-08-24,2023-08-31,,,,,,Requested job,"Elec .repair(tail lamp, signal, wiper ,head light), side guard repair",
2023/7/R/338,LN-8277,Badalgama,CLOSED,2023-08-25,2023-08-25,,,,,,Requested job,"chk dash board light, body light",
2023/8/R/394,ZA-7965,Katana,CLOSED,2023-08-25,2023-08-30,,,,,,Requested job,"Battery not charging, replace gear lever boot",
2023/8/R/413,LN-8277,Badalgama,CLOSED,2023-08-25,2023-08-25,,,,,,Requested job,"hy. oil leak from filter, air leak, dash board lamp not work",
2023/8/R/414,BET-3772,Badalgama,CLOSED,2023-08-25,2023-08-25,,,,,,Requested job,"servcie, change S/Meter",
2023/8/R/415,47-5112,Badalgama,CLOSED,2023-08-25,2023-08-27,,,,,,Requested job,"Abnormal noise from R/RHS wheel, check brake, chk F/RHS door glass",
2023/8/R/416,RD-3537,Badalgama,CLOSED,2023-08-25,2023-08-27,,,,,,Requested job,"replace air pre cleaner, abnormal noise when reverse gear engaging",
2023/8/R/373,ZA-2609,Alawwa,CLOSED,2023-08-26,2023-08-26,,,,,,Requested job,"Replace swing jack seal, service",
2023/8/R/417,RS-0483,Katana,CLOSED,2023-08-26,2023-08-26,,,,,,Requested job,starter motor repair,
2023/8/R/418,LN-8279,Badalgama,CLOSED,2023-08-28,2023-09-03,,,,,,Requested job,"replaced clutch booster, Dryer R/kit",
2023/8/R/419,AP-11,Galnewa,CLOSED,2023-08-28,2023-09-03,,,,,,Requested job,Replace main switch,
2023/8/R/420,SR-04,Mihinthale,CLOSED,2023-08-28,2023-09-02,,,,,,Requested job,starter motor repair,
2023/8/R/421,LI-2427,Badalgama,CLOSED,2023-08-28,2023-08-31,,,,,,Requested job,PTO repair,
2023/8/R/424,AP-09,Anuradhapura,CLOSED,2023-08-28,2023-08-30,,,,,,Requested job,tyre punched,
2023/8/R/425,GE-66,Badalgama,CLOSED,2023-08-28,2023-08-28,,,,,,Requested job,Chk & repair,
2023/8/R/426,WQ-9941,Badalgama,OPEN,2023-08-28,,,,,,,Requested job,Engine repair,
2023/8/R/423,PTR-10,Galenbidunuwewa,CLOSED,2023-08-29,2023-08-30,,,,,,Requested job,"R/LH dial plate bolt broken, replace brake hose, alternator repair, remove tyre with rim from PTR-09",
2023/8/R/428,LL-0936,Kadawatha,CLOSED,2023-08-29,2023-08-29,,,,,,Requested job,"Fuel sys. Repair,",
2023/8/R/429,ASC-24,Kadawatha,CLOSED,2023-08-29,2023-09-01,,,,,,Requested job,Engine repair,
2023/8/R/430,LL-1782,Badalgama,CLOSED,2023-08-29,2023-09-01,,,,,,Requested job,replace wood on deck,
2023/8/R/422,PJ-6376,Badalgama,CLOSED,2023-08-30,2023-08-30,,,,,,Requested job,"Replaced F/shockabsorber, chk brakes, accelerator cable lubricating, steering wheel noise",
2023/8/R/427,LK-5586,Badalgama,CLOSED,2023-08-30,2023-08-31,,,,,,Requested job,"service, chk lights, air leak, tipper lever repair,",
2023/8/R/431,GL-0019,Badalgama,CLOSED,2023-08-30,2023-08-30,,,,,,Requested job,driving seat repair,
2023/8/R/432,40-2955,Badalgama,CLOSED,2023-08-30,2023-09-01,,,,,,Requested job,"replace fuel feed pump, elec. Repair(head light switch, wiper, tail light), service",
2023/8/R/433,LJ-5203,Badalgama,CLOSED,2023-08-31,2023-09-09,,,,,,Requested job,"chk clutch & brakes, RHS side mirror gear lever boot, horn, service, chk wiper , lights",
2023/8/R/434,AP-08,Badalgama,CLOSED,2023-08-31,2023-09-06,,,,,,Requested job,screed cover making,
2023/8/R/435,PTR-08,Mihinthale,CLOSED,2023-08-31,2023-09-05,,,,,,Requested job,"Replaced drive chains, F two tyre repair, clutch booster repair",
2023/8/R/436,PTR-09,Mihinthale,CLOSED,2023-08-31,2023-09-09,,,,,,Requested job,"Replaced LHS drive chain, both drive axel seals, adjuster wheel sprocket bearings, chk clutch bearing",
2023/9/R/437,LK-4056,Badalgama,CLOSED,2023-09-03,2023-09-07,,,,,,Requested job,"starter motor repair, place water tank on the tipper bucket, chk lights, service",
2023/9/R/438,LP-1578,Mihinthale,CLOSED,2023-09-03,2023-09-06,,,,,,Requested job,"servcie, chk lights, tyre change",
2023/9/R/439,LP-1582,Mihinthale,CLOSED,2023-09-03,2023-09-07,,,,,,Requested job,"chk light, wash & grease",
2023/8/R/377,ZA-8337,Abanpola,CLOSED,2023-09-04,2023-09-09,,,,,,Requested job,"Replace swing jack seal, backhoe bucket jack seal",
2023/9/R/440,LP-1566,Mihinthale,CLOSED,2023-09-05,2023-09-07,,,,,,Requested job,"service, wash & grease",
2023/9/R/484,LO-9810,Badalgama,CLOSED,2023-09-05,2023-09-20,,,,,,Requested job,replace wiper blades,
2023/9/R/441,LD-02,Badalgama,CLOSED,2023-09-06,2023-09-07,,,,,,Requested job,"fix loader bucket, tyre change, fix LI-7701 battery",
2023/9/R/442,HEX-07,Badalgama,OPEN,2023-09-06,,,,,,,Requested job,"Add hy. oil, fix used batteries, chk brakes,",
2023/9/R/443,MG-10,Badalgama,CLOSED,2023-09-06,2023-09-06,,,,,,Requested job,"replaced oil pressure sensor from solution motor grader instruction given by c-com,(informed by Mr. Nisan)fixed used batteries,wash & grease",
2023/9/R/444,"EQP-2"" water pump",Badalgama,CLOSED,2023-09-06,2023-09-06,,,,,,Requested job,"carb cleaning, change E/oil, fuel tank cleaning",
2023/9/R/445,51-7158,Katana,CLOSED,2023-09-06,2023-09-12,,,,,,Requested job,"Abnormal heating of tyre(reduce brakes)replaced F/LHS hub bearing, propellar shaft repair",
2023/9/R/446,BIE-8543,Muthur Plant,CLOSED,2023-09-06,2023-09-06,,,,,,Requested job,service,
2023/9/R/447,LK-2366,Badalgama,CLOSED,2023-09-06,2023-09-08,,,,,,Requested job,Starter key cutting,
2023/9/R/450,ZA-2964,Kadawatha,CLOSED,2023-09-06,2023-10-20,,,,,,Requested job,"E/oil leak from tappet cover & turbo, replace radiator hose, abnormal noise from fan belt, loader bucket jack seal, swing jack seal, backhoe bucket pin bush repair, chk elec. System",
2023/9/R/451,43-3416,Nochchiyagama,CLOSED,2023-09-06,2023-10-03,,,,,,Requested job,"R/engine head repair, replaced valve rubber, gasket, packing set, wire harness repair, fan belt 4 nos, service",
2023/9/R/453,LP-1580,Kilinochchi,CLOSED,2023-09-07,2023-09-07,,,,,,Requested job,make adblue tank cap,
2023/9/R/448,PTR-06,Badalgama,CLOSED,2023-09-08,2023-09-15,,,,,23-448,C-job,"Clutch Repair(re-lining clutch plate, replaced clutch bearing),replaced F/tyre 3 nos",
2023/7/R/318,59-5421,Badalgama,CLOSED,2023-09-10,2023-09-15,,,,,,Requested job,"R/spring blade repair, brake repair, chk T-belt, silensor",
2023/9/R/449,LP-1713,Mihinthale,CLOSED,2023-09-10,2023-09-10,,,,,,Requested job,replace wiper blades,
2023/9/R/454,LO-4824,Badalgama,CLOSED,2023-09-11,2023-09-11,,,,,,Requested job,"servcie, repair wiper motor, wiper blade, tail light, cushion work",
2023/9/R/455,LM-5722,Mihinthale,CLOSED,2023-09-11,2023-09-14,,,,,,Requested job,"chk engine starting, elec. Repair(lights), tipper bucket repair, wash & grease, door lock, side mirror, service",
2023/9/R/456,LM-5720,Mihinthale,CLOSED,2023-09-11,2023-09-12,,,,,,Requested job,"chk tail lights, door windscreen, need to chk E/oil & service",
2023/9/R/458,HEX-21,Badalgama,CLOSED,2023-09-11,2023-09-13,,,,,,Requested job,"governor repair, chk lights, fix main switch, door glass stick",
2023/9/R/452,LN-8279,Badalgama,CLOSED,2023-09-12,2023-09-12,,,,,,Requested job,"chk battery charging, F/wheel checking(abnormal noise)",
2023/9/R/457,LO-5981,Badalgama,CLOSED,2023-09-12,2023-09-12,,,,,,Requested job,"servcie, replace R/RHS wheel nut, MNW, wash & grease",
2023/9/R/459,PH-6742,Badalgama,CLOSED,2023-09-12,2023-09-13,,,,,,Requested job,brake repair,
2023/9/R/460,LO-8348,Mihinthale,CLOSED,2023-09-12,2023-09-14,,,,,,Requested job,"Elec. Repair(lights), chk servcie, s/m cable, door winders",
2023/9/R/461,LO-7182,Badalgama,CLOSED,2023-09-12,2023-09-12,,,,,,Requested job,"change wiper blades, wash & grease, chk service & battery, head light bulbs",
2023/9/R/462,PTR-04,Badalgama,CLOSED,2023-09-12,2023-09-12,,,,,23-462,C-job,"steering pump repair, change front wheel",
2023/9/R/463,LA-4229,Badalgama,CLOSED,2023-09-12,2023-09-17,,,,,,Requested job,"Replace starter switch, injector repair, injector pump oil leak repair, service, chk brake & clutch, replaced 95A battery",
2023/9/R/464,RD-6318,Katana,CLOSED,2023-09-13,2023-09-13,,,,,,Requested job,starter motor solenoid repair,
2023/9/R/465,47-5112,Badalgama,CLOSED,2023-09-15,2023-09-16,,,,,,Requested job,"driving seat cushion, Replace F/brake pads, tail light repair, chk P/S belt",
2023/9/R/466,LK-2276,Katana,CLOSED,2023-09-15,2023-09-16,,,,,,Requested job,"alternator repair, fuel system repair, silensor repair",
2023/9/R/468,PTR-08,Chilaw,CLOSED,2023-09-15,2023-09-16,,,,,,Requested job,"replaced clutch booster, clutch master pump R/kit",
2023/9/R/469,PTR-10,Chilaw,CLOSED,2023-09-15,2023-09-15,,,,,,Requested job,Replace brake booster R/kit,
2023/9/R/470,EQP-tafe tractor,Mundalama Estate,CLOSED,2023-09-15,2023-09-16,,,,,,Requested job,alternator repair,
2023/9/R/471,LM-5720,Badalgama,CLOSED,2023-09-16,2023-09-17,,,,,,Requested job,"Tail light lence, adjusted clutch",
2023/9/R/472,BDJ-2375,Badalgama,CLOSED,2023-09-16,2023-09-30,,,,,,Requested job,"F/hub bearing, chk handle cup set, starter motor, brake, fork oil seal, side stand repair",
2023/9/R/476,EQP-Plate compactor,A/team,CLOSED,2023-09-16,2023-11-02,,,,,23-476,C-job,"replaced rubber mount, plate repair",
2023/9/R/481,LO-5985,Mihinthale,CLOSED,2023-09-16,2023-09-16,,,,,,Requested job,E/oil leak from filter,
2023/9/R/482,TR-89/134,Kadawatha,CLOSED,2023-09-16,2023-09-16,,,,,,Requested job,chk & repair,
2023/9/R/473,PH-0765,Katana,CLOSED,2023-09-17,2023-09-17,,,,,,Requested job,"Replace s/m cable, D-bush and braket repair, hand brake, u-joint, service",
2023/9/R/483,HEX-42,Wadakada,CLOSED,2023-09-17,2023-09-22,,,,,,Requested job,alternator repair(replace regulator),
2023/9/R/474,LM-7951,Wadakada,CLOSED,2023-09-18,2023-10-20,,,,,,Requested job,"clutch repair, service, chk lights",
2023/9/R/477,LB-4824,Badalgama,CLOSED,2023-09-18,2023-10-10,,,,,,Requested job,"replace caliper piston with R/kit, suspension repair",
2023/9/R/478,LK-6740,Badalgama,CLOSED,2023-09-18,2023-10-20,,,,,,Requested job,alternator repair,
2023/9/R/475,LK-5041,Badalgama,CLOSED,2023-09-19,2023-09-21,,,,,,Requested job,"Replace center mount, air leak, chk deck & park light, clutch free play",
2023/9/R/467,LL-0936,Kadawatha,CLOSED,2023-09-20,2023-09-22,,,,,,Requested job,"clutch oil leak, chk brakes, vehicle stop when running, chk signal,",
2023/9/R/479,LY-4524,Badalgama,CLOSED,2023-09-20,2023-09-20,,,,,,Requested job,service,
2023/9/R/480,LI-7701,cep-03,OPEN,2023-09-20,,,,,,,Requested job,"replac crank seal, clutch repair, door lock, door winder, starter motor, chk lights, brakes, rear bucket door repair",
2023/9/R/485,"EQP-sub. 2"" water pump",ja-ela bridge,PENDING,2023-09-21,,,,,,,Requested job,"Elec. Repair, unable to repair due to short cct field coil",Not done
2023/9/R/486,TR-61,Katana,CLOSED,2023-09-21,2023-09-25,,,,,,Requested job,starting deffect,
2023/9/R/492,DAH-2229,Asphalt Team,CLOSED,2023-09-21,2023-11-02,,,,,,Requested job,Engine doesn't start-autobacs,
2023/9/R/487,LC-0434,Badalgama,CLOSED,2023-09-22,2023-09-24,,,,,,Requested job,"head light, signal, deck light, tail light repair, diesel leak repair",
2023/9/R/489,TR-110,Katana,CLOSED,2023-09-22,2023-09-26,,,,,,Requested job,starting defect,
2023/9/R/493,DAH-2230,Galnewa,CLOSED,2023-09-22,2023-10-01,,,,,,Requested job,"indicate Check engine bulb, engine stop suddenly while running-Autobacs",
2023/7/R/327,LN-8278,Badalgama,CLOSED,2023-09-23,2023-09-23,,,,,,Requested job,Replace wheel nut & bolt,
2023/9/R/488,PX-2180,Badalgama,CLOSED,2023-09-23,2023-09-18,,,,,,Requested job,"Injector pum pchk & repair, wiper, engine starting defect, winder, alternator repair",
2023/9/R/491,GL-0019,Badalgama,OPEN,2023-09-23,,,,,,,Requested job,Gear box oil leak,
2023/9/R/495,LO-7182,Badalgama,CLOSED,2023-09-23,2023-09-24,,,,,,Requested job,"vehicle move side when apply brakes, adjust brakes, top up hy. , E/oil , , pinion oil",
2023/9/R/490,LI-7620,Wadakada,OPEN,2023-09-25,,,,,,,Requested job,"Floor board tinkering & painting, -Autobacs, chk engine starting, wash & grease",
2023/9/R/496,LK-2276,Katana,CLOSED,2023-09-26,2023-09-26,,,,,,Requested job,"Replace battery terminal, wash & grease",
2023/9/R/497,RF-0748,Mundalama Estate,CLOSED,2023-09-26,2023-09-27,,,,,,Requested job,"re-fix starter motor solenoid wire, chk E/oil, light repair, adjust brakes",
2023/9/R/494,ZA-8337,Abanpola,CLOSED,2023-09-27,2024-02-22,10938,Hrs,186,,23-494,C-job,"Replaced F/valve box, multi jack seal 2, extradig pads set, engine stop solenoid,gear lever bush set, grease gun hose , tie rod end 2, wash & grease, Elec. Repair(light, battery charging, wiper ,water temp. meter, etc)",10938Hr
2023/9/R/499,PJ-6376,Badalgama,CLOSED,2023-09-28,2023-09-28,,,,,,Requested job,clutch fork repair,
2023/9/R/500,48-4849,Badalgama,CLOSED,2023-09-29,2023-10-05,,,,,,Requested job,"chk king pin, replace steering u-joint, replace F/brake liners, tie rod repair",
2023/10/R/510,59-5421,Badalgama,CLOSED,2023-09-30,2023-10-05,,,,,,Requested job,Replace clutch washer L/up,
2023/9/R/501,GE-117/118,Badalgama,CLOSED,2023-09-30,2023-10-06,,,,,,Requested job,chk the machine,
2023/9/R/502,LA-9208,Badalgama,CLOSED,2023-09-30,2023-10-04,,,24,,23-502,C-job,"Diesel pump housing bushing, check fuel delivery",
2023/5/R/182,SL-05,Pulmude,CLOSED,2023-10-01,2023-10-25,,,,,,Requested job,Check & repair,
2023/10/R/503,DAH-2491,Katana,CLOSED,2023-10-03,2023-10-03,,,,,,Requested job,head light repair,
2023/10/R/504,WG-07,Badalgama,CLOSED,2023-10-03,2023-10-10,,,,,,Requested job,replace battery & Engine mount,
2023/10/R/505,LT-09/21,Badalgama,CLOSED,2023-10-05,2023-10-06,,,,,,Requested job,"chk E/starting, chk lights, machine cleaning, fixe batteries",
2023/10/R/506,AC-27,Badalgama,CLOSED,2023-10-06,2023-10-06,,,,,,Requested job,"fix starter motor, chk E/starting, comp. oil level, air filters, replace air delivery valves 3/4""",
2023/10/R/507,ZA-7291,Badalgama,CLOSED,2023-10-06,2023-10-23,,,,,,Requested job,"replace wiper blades, F & R starter motor repair, adjust clutch, fix hy. cooling fan, service R/Engine",
2023/10/R/508,LN-8279,Badalgama,CLOSED,2023-10-06,2023-10-15,,,,,,Requested job,air leak from cabin baloon valve,
2023/10/R/509,HEX-43,Wadakada,CLOSED,2023-10-07,2023-10-14,,,,,,Requested job,Hy. breaker oil leak,JSB 1900
2023/10/R/511,325-5120,Badalgama,CLOSED,2023-10-07,2023-10-16,,,,,,Requested job,"replace head lamp set, horn, driving seat repair, unloader valver R/kit, servcie, radiator leak repair",
2023/10/R/511-1,ZB-1548,Nochchiyagama,CLOSED,2023-10-10,2023-10-11,,,,,,Requested job,"replace accelerator cable, backhoe bucket repair",
2023/10/R/512,MG-15,Galnewa,CLOSED,2023-10-10,2024-03-25,,,,,,Requested job,orbital motor repair,
2023/10/R/516,HU-5097,Badalgama,CLOSED,2023-10-10,2023-10-11,,,,,,Requested job,"replaced R/all brake shoes,RH brake wheel cylinder, brake washer, dust boot",
2023/10/R/523,LO-4822,Badalgama,CLOSED,2023-10-10,2023-10-18,,,,,,Requested job,"Adjust wiper arm, number plate bulb, adjust clutch, brakes, chk RPM meter",
2023/10/R/513,ZA-8373,Wadakada,CLOSED,2023-10-11,2023-10-16,,,,,,Requested job,"replace torque arm bush, F/RH outtriger jack seal, chk head light, oil leak from sump, elec .repair(PTO  solenoid fuse short cct)",
2023/10/R/514,LY-1614,Badalgama,CLOSED,2023-10-12,2023-10-25,,,,,,Requested job,"LHS door winder repair, fuel tank bracket assemble, driving seat , silensor repair, chk steering for abnormal noise, chk head lights, cab mounts, LHS side mirror, door lock ,door upholstery repair",
2023/10/R/515,PR-1469,Katana,CLOSED,2023-10-12,2023-10-18,,,,,,Requested job,"chk heat meter, engine overheating",
2023/10/R/517,51-7158,Katana,CLOSED,2023-10-12,2023-10-15,,,,,,Requested job,"service, elec. Repair(signal), brake repair(brake shoe lock), silensor repair",
2023/10/R/519,LD-05,Badalgama,CLOSED,2023-10-16,2023-10-17,,,,,,Requested job,"starter motor repair(solenoid, contact, plunger, oil seal)",
2023/10/R/520,CR-02,Wadakada,CLOSED,2023-10-16,2023-10-18,,,,,,Requested job,"silensor repair, seat cushion",
2023/10/R/521,43-1191,Badalgama,OPEN,2023-10-16,,,,,,,Requested job,"tinkering & painting cab, bowser repair, running repair",
2023/9/R/498,LD-02,cep-03,CLOSED,2023-10-17,2023-11-20,616,Hrs,138,,23-498,C-job,"Engine repair(repaired water leak from engine head, head bolt, con rod nut), radiator cleaning, injector service",616Hr
2023/10/R/518,PH-3945,H/O,CLOSED,2023-10-18,2023-10-18,,,,,,Requested job,"chk tail light, service, chk & repair brakes",
2023/10/R/522,LO-7182,Badalgama,CLOSED,2023-10-18,2023-10-20,,,,,,Requested job,"Replaced air pressure sensor, fuel floater sealed, horn, RHS side glass repair",
2023/10/R/524,LP-1566,Mihinthale,CLOSED,2023-10-18,2023-10-18,,,,,,Requested job,Wash & grease,
2023/10/R/525,LP-1581,Mihinthale,CLOSED,2023-10-18,2023-10-20,,,,,,Requested job,"wash & grease, top up battery water,chk & repair head lights",
2023/10/R/526,RD-6318,Katana,CLOSED,2023-10-18,2023-10-19,,,,,,Requested job,"wash & grease, service, adjust brakes",
2023/6/R/221,SL-13,Nochchiyagama,CLOSED,2023-10-18,2023-10-28,,,,,,Requested job,E/oil & hy. oil leak repair,
2023/10/R/527,LP-1718,Mihinthale,CLOSED,2023-10-19,2023-10-20,,,,,,Requested job,wash & grease,
2023/10/R/528,LO-7181,Mihinthale,CLOSED,2023-10-19,2023-10-21,,,,,,Requested job,wash & grease,
2023/10/R/529,LO-4824,Badalgama,CLOSED,2023-10-19,2023-10-21,,,,,,Requested job,"wiper motor repair, fixed horn",
2023/10/R/530,XG-6801,Nochchiyagama,CLOSED,2023-10-20,2023-11-16,,,,,,Requested job,"replace petrol cut-off valve, E/oil leak from tappet cover, carb. Tune up, check & replace shockabsorber, chk brake lights, battery bracket repair",
2023/10/R/531,59-5421,Badalgama,CLOSED,2023-10-21,2023-10-26,,,,,,Requested job,R/brake repair(replaced brake shoe adjuster & lock set),
2023/10/R/532,LK-2366,Kilinochchi,CLOSED,2023-10-21,2023-12-14,,,,,,Requested job,"E/oil burning, LHS parking brake doesn't release, chk head lights",
2023/10/R/533,RS-0483,Katana,CLOSED,2023-10-22,2023-10-23,,,,,,Requested job,starter motor repair,
2023/10/R/534,MG-14,Nochchiyagama,CLOSED,2023-10-24,2023-10-24,,,,,,Requested job,"servcie, wash & grease",
2023/10/R/535,LD-01,Muthur Plant,OPEN,2023-10-24,,,,,,,Requested job,"E/oil burning, hy. valve box oil leak, chk brakes, lights",
2023/10/R/536,LK-4058,Badalgama,CLOSED,2023-10-25,2023-11-03,,,,,,Requested job,"air leak from brake booster(replace diaphram), chk lights, greasing, silensor, starter motor repair",
2023/10/R/537,PA-6399,Mihinthale,CLOSED,2023-10-25,2023-11-03,,,,,,Requested job,"Engine minor repair, starter motor repair",
2023/10/R/538,PR-1504,Katana,CLOSED,2023-10-25,2023-10-27,,,,,,Requested job,"Replace drag link ball joint,",
2023/10/R/539,HEX-18,Wadakada,CLOSED,2023-10-28,2023-10-28,,,,,,Requested job,"top up hy. oil, wash & grease, chk working condition",
2023/10/R/540,BDI-8546,Nochchiyagama,OPEN,2023-10-28,,,,,,,Requested job,Engine repair-not completed sent to cep-03,
2023/10/R/541,HEX-41,Wadakada,CLOSED,2023-10-28,2023-10-30,,,,,,Requested job,"travelling motor thread cutting, replace sprocket bolts, Dia. 18*70mm 2.5mm pitch, strenth 12.9(33 nos), drill sprocket holes dia. 18mm enlarge holes",
2023/10/R/542,HEX-42,Wadakada,CLOSED,2023-10-28,2023-10-30,,,,,,Requested job,"Boom jack bush replacing 80*95*90mm-2nos, 80*95*5mm grease seal 4nos, boom jack pin filling & lathe work",
2023/10/R/543,SR-08,Wadakada,CLOSED,2023-10-28,2023-10-31,,,,,,Requested job,replace steering jack seal,
2023/10/R/545,PTR-10,Chilaw,CLOSED,2023-10-28,2023-10-28,,,,,,Requested job,Brake booster repair-change valve,
2023/10/R/547,LI-3401,Badalgama,CLOSED,2023-10-28,2023-12-01,,,8,,23-547,C-job,"wash & grease, starter motor repair, door lock repair-auto Bacs",
2023/10/R/548,HO-9850,Muthur Plant,CLOSED,2023-10-28,2024-02-13,,,,,,Requested job,"tipping jack bracket repair, assemble PTO, brake repair, service",
2023/10/R/544,LT-08,Badalgama,CLOSED,2023-10-30,2023-11-02,,,,,,Requested job,"service, tyre punch, chk & replace lights",
2023/10/R/546,PH-3945,H/O,CLOSED,2023-10-30,2023-10-30,,,,,,Requested job,"adjust hand brakes, replace brake pads, brake liners, wash & grease, starter key cutting",
2023/10/R/549,LJ-5203,Wadakada,CLOSED,2023-10-30,2023-11-01,,,,,,Requested job,"foot board repair-LHS, chk fuel consumption, starter motor, injector set service & pressure test, governor repair",
2023/10/R/550,LD-05,Badalgama,CLOSED,2023-10-30,2023-10-31,,,,,,Requested job,Elec. Repair(chk lights),
2023/10/R/551,HEX-24,Katana,PENDING,2023-10-30,,,,,,,Requested job,"change E/oil, chk starting",Not done
2023/10/R/552,DAH-2231,Muthur Plant,CLOSED,2023-10-31,2023-11-04,,,,,,Requested job,"Replaced clutch washer -UP, indicate check engine bulb, replace brake light cup, chk & repair winders",
2023/10/R/553,ZA-7810,Wadakada,PENDING,2023-10-31,,,,,,,Requested job,"water leak repair, Fixed water level tube,",Not done
2023/10/R/554,ZA-7291,Doramadalawa,CLOSED,2023-10-31,2023-10-31,,,4,,23-554,C-job,"check diesel leak, replaced Radiator cap, fixed ZA-8337 battery",
2023/11/R/555,LX-1045,Badalgama,CLOSED,2023-11-02,2023-11-02,,,,,,Requested job,R/RH brake repair(Rotate Brake cam),
2023/11/R/556,EQP-plate compactor,Katana,CLOSED,2023-11-03,2023-11-03,,,,,,Requested job,chk engine starting,
2023/11/R/557,HU-5097,Badalgama,CLOSED,2023-11-03,2023-11-09,,,,,,Requested job,"Brake repair, alternator repair, vaccume pump shaft butt & rotor replacment",
2023/11/R/558,HEX-45,Wadakada,CLOSED,2023-11-03,2023-11-05,,,,,,Requested job,"Boom jack bush replace, jack pin filling, & lathening, replace grease seal",
2023/11/R/559,LI-3396,Wadakada,CLOSED,2023-11-03,2023-11-03,,,,,,Requested job,"Accelerator pedal repair, door lock repair-tipper bucket, elec. Repair -chk lights, wash & grease, chk diff. & gear box oil",
2023/11/R/560,GE-83,Wadakada,PENDING,2023-11-03,,,,,,,Requested job,"chk working condition, replace air filter, no o/p current",Not done
2023/11/R/561,325-5120,Badalgama,CLOSED,2023-11-04,2023-11-10,,,,,,Requested job,"horn repair, water leak from r/hose, chk & repair starter motor, replace fuel cutt-off switch",
2023/11/R/562,PR-1469,Katana,CLOSED,2023-11-04,2024-02-22,,,,,,Requested job,"E/oil leak repair, chk E/mounts, E/starting, heat meter NW, Engine repair, service",
2023/11/R/563,GE-143,Wadakada,CLOSED,2023-11-05,2023-11-05,,,,,,Requested job,"clean the m/c(body, radiator, genarator ciol, engine ,panel board,etc), remove air in fuel sys., supply 130ltr of fuel, engine starting & chk RPM, voltage, HZ, etc, fixed 95A new battery",
2023/11/R/564,BHT-3482,Badalgama,CLOSED,2023-11-05,2023-11-07,,,,,,Requested job,"Replace air filter, clean carb. , chk & adjust drive chain, chk starting",
2023/11/R/565,BID-8738,Badalgama,CLOSED,2023-11-05,2023-11-08,,,,,,Requested job,chk running condition,
2023/11/R/566,HEX-37,Maggona,CLOSED,2023-11-06,2023-11-06,,,,,,Requested job,"pile hammer jaw plate repair, replace allenkey bolt dia.20*150*2.5mm",
2023/11/R/567,EQP-Power tools,Badalgama,PENDING,2023-11-06,,,,,,,Requested job,chk & repair,Not done
2023/11/R/568,LK-2366,Katana,CLOSED,2023-11-06,2023-11-08,,,,,,Requested job,"abnormal wear of F/RHS tyre, chk lights, heat meter NW, air leaks, chk brakes",
2023/11/R/569,LM-2298,Galnewa,CLOSED,2023-11-08,2023-12-15,,,,,,Requested job,"Pinion repair, chk brakes, cola pump repair",
2023/11/R/570,HEX-01,Nochchiyagama,CLOSED,2023-11-08,2023-11-25,,,,,,Requested job,Fuel sys. Repair,
2023/11/R/571,RS-0401,Badalgama,CANCELLED,2023-11-08,,,,,,,Requested job,"hy. pump repair, multi jack seal, loader bucket repair",Cancel
2023/11/R/572,EQP-concrete mixture,Galnewa,CLOSED,2023-11-09,2023-11-10,,,,,,Requested job,"change E/oil, greasing, replace injector pump of RV50 tractor engine, chk starting & running condition",
2023/11/R/573,LB-4824,Badalgama,CLOSED,2023-11-10,2023-11-17,,,,,,Requested job,"chk hand brakes, chk side mirror, accelerator pedal,lights, gear lever bushing",
2023/11/R/574,HEX-05,Badalgama,CLOSED,2023-11-10,2024-02-02,,,,,,Requested job,"Boom jack seal replace, wash & grease, replace cabin glass-auto bacs, accelerator cable repair",
2023/11/R/578,LM-6653,Badalgama,CLOSED,2023-11-10,2023-11-15,,,,,,Requested job,"replace foot brake valve air pressure switch, chk lights-deck, tail",
2023/11/R/574-1,PA-6399,Thisawewa,CLOSED,2023-11-11,2023-11-22,,,,,,Requested job,"Brake repair, steering play, chk RHS hub bearing",
2023/11/R/575,LY-1614,Badalgama,CLOSED,2023-11-12,2023-11-22,,,,,,Requested job,"starter motor repair, door lock repair, chk tail light, brakes",
2023/11/R/576,ZA-6069,Galnewa,CLOSED,2023-11-12,2023-11-27,,,,,,Requested job,"silensor repair, fuel sys. Repair, chk service, door lock repair,chk extra dig repair, chk hour meter",
2023/11/R/579,LI-2427,Wadakada,CLOSED,2023-11-13,2023-11-18,,,,,,Requested job,Radiator repair,
2023/11/R/580,49-2288,Mundalama Estate,CLOSED,2023-11-13,2023-11-19,,,,,,Requested job,starter motor repair,
2023/11/R/581,EQP-tractor,Mundalama Estate,CLOSED,2023-11-13,2023-11-19,,,,,,Requested job,chk & repair alternator & starter motor,
2023/11/R/582,LK-5586,Wadakada,CLOSED,2023-11-13,2023-11-17,,,,,,Requested job,clutch repair,
2023/11/R/583,DAH-2229,Badalgama,CLOSED,2023-11-13,2023-11-13,,,,,,Requested job,"Replace alternator belt A-41, chk battery charging, adjusted alternator belt",
2023/11/R/584,LK-6738,Galenbidunuwewa,CLOSED,2023-11-13,2023-11-17,,,,,,Requested job,"P/S oil tank, brake cylinder",
2023/11/R/585,HEX-28,Badalgama,CLOSED,2023-11-13,2023-11-23,,,,,,Requested job,"track repair, fixed 90A 2batteries",
2023/11/R/586,BET-3772,Badalgama,CLOSED,2023-11-13,2023-12-05,,,,,,Requested job,"replace fork oil seal, chk s/m cable, E/oil change",
2023/11/R/577,EQP-water pressure pump,Katana,CLOSED,2023-11-14,2023-11-14,,,,,,Requested job,"fuel sys. Repair, engine starting defect",
2023/11/R/587,325-5120,Badalgama,CLOSED,2023-11-14,2023-11-16,,,,,,Requested job,starter motor repair-replaced field coil,
2023/11/R/588,EQP-concrete mixture,Trinco,CLOSED,2023-11-14,2023-11-15,,,,,,Requested job,"replace E/head valve spring, change E/oil, greasing, Belt B70,injector nozzel change, mixer pot change, frame repair, travelling wheel, diesel tank cleaning, inlet manifold & air filter replacing",
2023/11/R/589,HEX-21,Wadakada,CLOSED,2023-11-16,2023-11-20,,,,,,Requested job,"replace fan belt, top roller, service, replace bucket pin, Dia. 65mm, chk & replace hr meter",
2023/11/R/590,LN-1867,Kilinochchi,CLOSED,2023-11-17,2023-12-12,,,,,,Requested job,"Engine repair, white smoke, oil burning, starting defect, chk wiring",
2023/11/R/591,MG-11,Wadakada,CLOSED,2023-11-17,2024-01-02,,,5,,23-591,C-job,Roof tent repair,
2023/11/R/592,DAH-2491,Katana,CLOSED,2023-11-18,2023-11-18,,,,,,Requested job,"replace air filter, repaired tie rods, drag link ball joint, replace D bush",
2023/11/R/593,LN-8277,Katana,CLOSED,2023-11-18,2023-11-18,,,,,,Requested job,"Replace Up clutch washer, chk battery charging, fixed wire harness fault",
2023/11/R/594,LN-8278,Badalgama,CLOSED,2023-11-18,2023-11-24,,,,,,Requested job,"LHS door winder repair, indicate brake lamp, drum cleaning",
2023/11/R/595,LL-0936,Biyagama,CLOSED,2023-11-19,2023-11-30,,,,,,Requested job,"Fuel leak from injector pump, silensor repair, replace u-joint, propellar shaft groove",
2023/11/R/596,PR-1504,Katana,CLOSED,2023-11-22,2023-11-22,,,,,,Requested job,Replace tie rod & drag link ball joint,
2023/11/R/597,LP-1581,Kallanchiya,CLOSED,2023-11-23,2023-11-25,,,,,,Requested job,"chk head & dimmer light, chk battery water",
2023/11/R/598,LP-1566,Kadawatha,CLOSED,2023-11-23,2023-11-23,,,,,,Requested job,E/oil leak from oil filter,
2023/11/R/599,LP-1582,Kallanchiya,CLOSED,2023-11-23,2024-01-11,41155,Km,15,,23-599,C-job,"Water mixed with diesel, abnormal sound in engine, replaced fuel filters, 6 injectors by Dimo, tail light assy. LH & RH, side mirror LH & RH, LH square mirror, fog lamp 24V",41155Km
2023/11/R/600,LP-1720,Chilaw,CLOSED,2023-11-23,2023-11-26,,,,,,Requested job,chk brakes,
2023/11/R/601,LO-7182,Badalgama,CLOSED,2023-11-23,2023-11-24,,,,,,Requested job,wash & grease,
2023/11/R/602,LX-1045,Badalgama,CLOSED,2023-11-23,2023-11-23,,,,,,Requested job,adjusted brakes,
2023/11/R/603,LO-5985,Badalgama,CLOSED,2023-11-24,2023-11-25,,,,,,Requested job,"replace oil filter, wash & grease, tail light repair",
2023/11/R/604,AC-41,Badalgama,CLOSED,2023-11-24,2023-11-30,,,,,,Requested job,chk & repair,
2023/11/R/605,HU-5097,Badalgama,CLOSED,2023-11-24,2023-11-25,,,,,,Requested job,"Alternator repair- kamal, adjusted brakes, top up E/oil",
2023/11/R/606,EQP-wacker 2nos,Badalgama,CLOSED,2023-11-24,2023-11-25,,,,,,Requested job,chk & repair,
2023/11/R/607,LO-9810,Badalgama,CLOSED,2023-11-24,2023-12-05,,,,,,Requested job,"AC repair, fixed sheet cover",
2023/11/R/608,48-4849,Badalgama,CLOSED,2023-11-24,2023-11-29,,,,,,Requested job,"R/RH hub seal, feed pump diesel leak, hy. leak from boom, exhaut gas leak from manifold, chk propellar shaft",
2023/11/R/609,LN-9046,Chilaw,CLOSED,2023-11-25,2023-12-11,,,,,,Requested job,"chk fuel system, send awishka disel-Kadawala",
2023/11/R/610,PA-6399,Thisawewa,CLOSED,2023-11-26,2023-11-27,,,,,,Requested job,"Brake repair-adjust brakes,remove air in brake lines",
2023/11/R/611,LN-8279,Badalgama,CLOSED,2023-11-27,2023-11-27,,,,,,Requested job,"Head light repair, chk speedo meter",
2023/11/R/612,LB-4824,Katana,CLOSED,2023-11-27,2023-12-02,,,3,,23-612,C-job,"Clutch repair,signal light repair",MNW
2023/11/R/613,LK-2276,Katana,CLOSED,2023-11-27,2023-11-27,,,,,,Requested job,"Air leak repair, tail light NW",
2023/11/R/614,LP-1713,Badalgama,CLOSED,2023-11-27,2023-11-27,,,,,,Requested job,Fixed reverse horn,"LO-4824, 5985,7182, 7181, LP-1566"
2023/11/R/615,LK-4058,Wadakada,CLOSED,2023-11-27,2023-12-02,,,,,,Requested job,Gearbox repair,
2023/11/R/616,ZA-6068,Wadakada,CLOSED,2023-11-27,2023-11-30,,,,,,Requested job,Final drive repair,
2023/11/R/617,LK-4057,Badalgama,CLOSED,2023-11-28,2023-11-30,,,,,,Requested job,"fix wiper motor, wash & grease, lubricate E/stop cable",
2023/11/R/619,PR-1504,Katana,CLOSED,2023-11-29,2023-11-30,,,,,,Requested job,Gear lever system repair,
2023/11/R/620,LX-1679,Badalgama,CLOSED,2023-11-29,2023-11-30,,,5,,23-620,C-job,Replaced ramp jack union,
2023/11/R/622,LN-8278,Badalgama,CLOSED,2023-11-30,2023-12-03,,,35,,23-622,C-job,Replaced rear all brake liner & hub seal,
2023/11/R/623,VR-49,Kadawatha,CLOSED,2023-11-30,2023-11-30,,,,,,Requested job,replaced crank seal,
2023/11/R/624,253-2574,Trinco,CLOSED,2023-11-30,2023-12-02,,,,,,Requested job,"service, alternator repair, chk 7 repair tail light,signal",
2023/12/R/625,PA-6399,Tisawewa,CLOSED,2023-12-01,2023-12-03,,,,,,Requested job,"Engine overheating, replace water hose",
2023/12/R/626,HEX-41,Wadakada,CLOSED,2023-12-01,2023-12-04,,,,,,Requested job,"Replace boom jack seal 2, bucket jack seal",
2023/12/R/627,LK-4061,Wadakada,CLOSED,2023-12-01,2023-12-04,,,,,,Requested job,silensor repair,
2023/12/R/628,GE-05,Mihinthale,CLOSED,2023-12-01,2023-12-06,,,,,,Requested job,Battery not charging-Alternator repair,
2023/12/R/629,KS-7684,H/O,CLOSED,2023-12-01,2024-01-09,,,,,,Requested job,Gear box repair-Gear oil leak- Ex repair Katana,
2023/12/R/630,51-7158,Kadawatha,CLOSED,2023-12-01,2023-12-08,,,,,,Requested job,"R/door lock repair, side door can't move smoothly, it contact body and stuck",
2023/12/R/631,LP-1581,Badalgama,CLOSED,2023-12-02,2023-12-05,,,,,,Requested job,"Fuel sys. Repair, water in fuel, changed fuel filters & removed fuel in tank 40L",
2023/12/R/632,ZB-1979,Kadawatha,CLOSED,2023-12-02,2023-12-05,,,,,23-632,C-job,"Adjusted outtriger pads, replaced F/pinion seal, extradig pads, wash & grease, signal light repair, changed hy. filter",
2023/12/R/633,"EQP-6"" water pump",Mihinthale Quarry,CLOSED,2023-12-03,2023-12-04,,,,,,Requested job,"service, greasing pump bearing, adjust drive belt, exhaust manifolt repair",
2023/12/R/634,LP-1566,Badalgama,CLOSED,2023-12-04,2023-12-04,,,,,,Requested job,E/oil leak from filter,
2023/12/R/635,ZA-6255,Katana,CLOSED,2023-12-04,2023-12-05,,,3,,23-635,C-job,Fuel system repair( change filter head),
2023/12/R/636,57-3062,Badalgama,CLOSED,2023-12-05,2023-12-10,,,,,,Requested job,P/S oil leak from steering box,
2023/12/R/637,AC-23,Mihinthale Quarry,CLOSED,2023-12-05,2023-12-08,,,,,,Requested job,"air sys. Repair, service",
2023/12/R/638,LM-7942,Mihinthale,CLOSED,2023-12-05,2023-12-11,178436,Km,33,,23-638,C-job,"Radiator cleaning, replaced water pump, water temp. plug, adjusted brakes",178436Km
2023/12/R/639,PR-1504,Katana,CLOSED,2023-12-05,2023-12-06,,,,,,Requested job,"Gear lever repair, S/meter repair",
2023/12/R/640,DAH-2231,Badalgama,CLOSED,2023-12-06,2023-12-08,,,,,,Requested job,"F/LH brake piston disc, F/brake pads",
2023/12/R/641,LO-5986,Badalgama,CLOSED,2023-12-06,2023-12-20,156299,Km,8,,23-641,C-job,"Replaced accelerator cable, side mirror, reverse horn, Elec .repair(light, wiper, alternator, s/motor)",156299Km
2023/11/R/621,41-1130,cep-03,CLOSED,2023-12-07,2024-01-04,,,116,,23-621,C-job,"Replaced gear box -Recondition, repaired door winder, door hinger repair, wash & grease, fixed hr meter, replaced tail light lences, center bearing winder motor 2, service",0Hr
2023/12/R/642,LI-2427,cep-03,CLOSED,2023-12-07,2024-01-02,,,100,,23-642,C-job,"Service, replaced tipping jack seal, reverse gear wheel & bearing, tie rod end, windscreen, turbo hose, tipping bucket door pin, elec repair(check lights), silensor repair, LH door lock  repaired, changed gear oil",MNW
2023/12/R/643,"EQP-6"" water pump",Kallanchiya,CLOSED,2023-12-08,2023-12-09,,,27,,23-643,C-job,"service, clean pump impeler, repaired air filter housing & silensor, cleaned fuel tank, made starting handle, change fan belt adjuster",
2023/12/R/644,ZA-6255,Katana,CLOSED,2023-12-08,2024-01-05,,,,,,Requested job,"water pump repair, fix horn, spring blade forme work, chk hand brake, RHS door upholstery, fuel sys. Repair",
2023/12/R/645,PH-0765,Katana,CLOSED,2023-12-08,2023-12-16,300595,Km,21,,23-645,C-job,"Hand brake cable repair, replaced speed meter cable,propellarshaft u-joint 2, gear box seal, check service,",300595Km
2023/12/R/646,HEX-37,cep-03,CLOSED,2023-12-08,2023-12-09,,,,,,Requested job,"Remove short arm boom,fixed long arm boom,fix pile hammer",
2023/12/R/647,PD-4739,Badalgama,CLOSED,2023-12-08,2023-12-09,,,,,,Requested job,A/C repair,
2023/12/R/648,LN-8277,Kadawatha,CLOSED,2023-12-08,2023-12-09,,,,,,Requested job,Replaced clutch servo pump,
2023/12/R/649,ZB-2586,Alawwa,CLOSED,2023-12-09,2023-12-10,,,,,,Requested job,"Add hy. oil, wash & grease",
2023/12/R/650,TR-61,Katana,CANCELLED,2023-12-09,,,,,,,Requested job,Engine repair,Cancel
2023/12/R/651,RA-3052,Kadawatha,CLOSED,2023-12-11,2023-12-27,,,16,,23-651,C-job,"Fuel mixed with E/oil(injector pump repair)(ex), check brakes(replaced LH brake pads), replaced tail lights, repaired oil pressure indicator",
2023/12/R/652,LN-8278,Badalgama,CLOSED,2023-12-11,2023-12-20,845078,Km,,,23-652,C-job,spring blade form work,845078Km
2023/12/R/653,LP-1720,Badalgama,CLOSED,2023-12-11,2024-01-13,,,,,,Requested job,"A/C repair, chk door winder, replace fan belt 8PK-2120",
2023/12/R/654,RS-0483,Katana,CLOSED,2023-12-11,2024-01-29,,,,,,Requested job,"Loader bucket repair, silensor repair, Extradig pads, R/cab glass, U-joint, hy. leak valve box, transmission oil mixed with water, S/motor repair",
2023/12/R/655,LY-1614,Badalgama,CLOSED,2023-12-11,2023-12-11,,,,,,Requested job,"S/meter repair, tail light repair",
2023/12/R/656,HEX-19,cep-03,CLOSED,2023-12-11,2023-12-12,,,,,,Requested job,Replaced starter motor solenoid,
2023/12/R/657,ZA-2963,Katana,CLOSED,2023-12-12,2024-02-22,3627,Hrs,34,,23-657,C-job,"check traveling, RHS door glass, extradig pads, stabilizer pads, oil leak repair from valvebox, replaced F/LH hub oil seal, gear lever bush set, injector pump service & repair",3627Hr
2023/12/R/658,40-8060,Galenbidunuwewa,CLOSED,2023-12-12,2024-05-15,,,377,442794.65,23-658,C-job,"Tinkering & painting, Engine repair(replaced E/head, water pump with fan blade, heater plug, radiator hose, fan belt 6450, 6440,radiator cleaning, injector pump service), repaired gear cable, Starter motor repair(motor clutch),suspension repair(drag link assy.tie rod end repair) ,wiper spindle, floor board carpet,tail light lence 2, seat cushion,",MNW
2023/12/R/659,LP-1578,Badalgama,CLOSED,2023-12-12,2023-12-14,,,,,,Requested job,"RH side mirror, reverse horn, Tail light",
2023/12/R/660,LP-1720,Badalgama,CLOSED,2023-12-12,2023-12-12,44625,Km,,,23-660,C-job,Replaced RH side mirror,44625Km
2023/12/R/661,LK-5041,Badalgama,CLOSED,2023-12-12,2024-01-15,,,,,,Requested job,"servcie, MNW",
2023/12/R/662,325-5120,Badalgama,CLOSED,2023-12-14,2023-12-18,,,,,23-662,C-job,Starter motor repair-Ex kamal katana,
2023/12/R/663,LK-2366,Kadawatha,CLOSED,2023-12-15,2023-12-16,,,,,23-663,C-job,Brake(Air leak repair),
2023/12/R/664,CR-01,Badalgama,CLOSED,2023-12-15,2023-12-28,,,,,23-664,C-job,"Brake repair, Emergency light repair",
2023/12/R/665,ZA-6069,Weliweriya,CLOSED,2023-12-15,2023-12-15,,,10,,23-665,C-job,"Replaced fan belt 8PK-1835, belt adjuster (320-08651)",
2023/12/R/666,LB-4824,Katana,CLOSED,2023-12-15,2023-12-23,,,,,,Requested job,"chk service, MNW, Brake repair(replace R/brake washer, F/brake pads,S/m cable)",
2023/12/R/669,SL-08,Badalgama,CANCELLED,2023-12-16,,,,,,,Requested job,"pin bush repair, chk battery charging,MNW, bucket lever NW, loader lift jack seal",Cancel
2023/12/R/670,LP-1580,Mihinthale,CLOSED,2023-12-16,2023-12-22,50529,Km,,,23-670,C-job,"check battery charging, RH door winder, tail ight, F/LH signal light",50529Km
2023/12/R/667,LO-4824,Badalgama,CLOSED,2023-12-17,2023-12-20,,,,,,Requested job,"chk kin pin, brake",
2023/12/R/668,LO-8348,Badalgama,CLOSED,2023-12-17,2023-12-20,55556,Km,2,,23-668,C-job,Brake repair(adjusted brakes),55556Km
2023/12/R/671,HEX-37,Maggona Bridge,CLOSED,2023-12-18,2023-12-19,,,,,23-671,C-job,"Removed pile hammer, dissemble long arm and fixed short arm boom ,bucket",
2023/12/R/672,HEX-41,cep-03,CLOSED,2023-12-18,2023-12-19,,,2,,23-672,C-job,replaced fuel cut off solenoid,
2023/12/R/674,ZA-2964,cep-03,CLOSED,2023-12-18,2023-12-20,,,,,23-674,C-job,"Replaced king pin bearing, gease seal, pinion seal, extradig seal kit",
2023/12/R/675,LD-06,Muthur Plant,CLOSED,2023-12-18,2023-12-20,,,,,,Requested job,replace poropellar shaft u-joint & center bearing F-209,
2023/12/R/676,253-2574,Trinco,CLOSED,2023-12-19,2024-01-03,,,,,,Requested job,"chk suspension, R/spring blade repair, chk allignment, signal , tail light fix, chk propellar shaft assy., chk meter, horn",
2023/12/R/677,LBS-01,Solution,CLOSED,2023-12-19,2024-01-16,2698,Hrs,12,,23-677,C-job,"Service, wash & grease, change Trans. Oil,  check hy. level",2698Hr
2023/12/R/678,49-2289,Badalgama,CLOSED,2023-12-19,2024-02-09,,,,,,Requested job,"Hitch can't lift, MNW, alternator repair",
2023/12/R/686,LN-8277,Katana,CLOSED,2023-12-19,2023-12-20,734557,Km,,,23-686,C-job,Boom hy. leak repair,734557Km
2023/12/R/679,LO-4816,Erawur,CLOSED,2023-12-20,2023-12-29,173931,Km,,,23-679,C-job,"Replaced battery, reverse plug, R/RH tail light , speed meter sensor, wash & grease, repaired park light",173931Km
2023/12/R/680,LM-6653,Erawur,CLOSED,2023-12-20,2024-01-11,,,22,,23-680,C-job,"Service, Replaced Speed meter sensor, spring bushes, Rear middle RH hub seal, elec. Repair(replaced deck light, tail light), ramp pin making",
2023/12/R/681,PA-4879,Muthur Plant,CLOSED,2023-12-20,2023-12-21,,,,,,Requested job,alternator repair,
2023/12/R/682,DAH-2491,Katana,CLOSED,2023-12-22,2023-12-26,,,,,,Requested job,Starter motor repair,
2023/12/R/683,LP-1715,Erawur,CLOSED,2023-12-22,2023-12-28,,,,,,Requested job,"R/LH hub seal, reverse light, horn, chk & service, chk battery charging",
2023/12/R/684,LP-1581,Badalgama,CLOSED,2023-12-23,2023-12-23,,,,,,Requested job,fuel sys. Repair(change fuel filters),
2023/12/R/685,HEX-36,Kadawatha,CLOSED,2023-12-23,2024-03-11,,,,,,Requested job,"service, accelerator repair, hy. leak repair, chk e/overheating",
2023/12/R/688,RA-3052,Buttala,CLOSED,2023-12-24,2023-12-27,,,8,,23-688,C-job,Replaced LH brake pads,0Hr
2023/12/R/689,LK-6740,Kadawatha,CLOSED,2023-12-27,2023-12-29,,,14,,23-689,C-job,"Replaced P/S belt,wiper arm repair, signal lever repair, wash & grease, accelerator pedal repair",
2023/12/R/690,LI-3401,Wadakada,CLOSED,2023-12-27,2023-12-29,,,,,,Requested job,"chk light & horn, meter, chassis repair, change fuel filter element",
2023/12/R/691,59-5421,Wadakada,CLOSED,2023-12-27,2024-01-05,,,10,,23-691,C-job,"Radiator clean & repair, replaced fan blade, door winder, reverse plug, check lights",
2023/12/R/692,LP-1718,Badalgama,CLOSED,2023-12-27,2023-12-28,,,,,,Requested job,"fix fog light LH & RH, riverse horn",
2023/12/R/693,57-3062,Badalgama,CLOSED,2023-12-29,2024-01-07,,,,,23-693,C-job,AC repair-AC baba,
2023/12/R/694,PH-3945,H/O,CLOSED,2023-12-29,2023-12-29,,,5,,23-694,C-job,"Replaced mud cover, tail lamp lences, b/light bulb,repaired fog lamps",
2023/12/R/695,LM-7942,cep-03,CLOSED,2023-12-29,2023-12-30,,,9,,23-695,C-job,"Wash & grease, service, check battery, check lights, M230090498",
2023/12/R/696,LP-1579,Access Hire,CLOSED,2023-12-29,2023-12-30,,,,,,Requested job,"wash & grease, wiper blades, fix switch for cabin lamp, side guard repair M230806062/M230826188",
2023/12/R/697,ZA-7965,Minuwangoda,CLOSED,2023-12-30,2023-12-30,,,16,,23-697,C-job,"replaced stabilizer seal kit-RH ,top up hy. oil",
2023/12/R/698,CR-02,Wadakada,CLOSED,2023-12-30,2023-12-30,,,18,,23-698,C-job,Machine can't swing(valve box internal leak repair),
2023/12/R/699,LB-4824,Katana,CLOSED,2023-12-30,2024-01-05,181722,Km,10,,23-699,C-job,"Replaced gear box coupling, U-joint with bolt, cap, service",181722Km
2023/12/R/700,LN-1867,Badalgama,CLOSED,2023-12-30,2024-01-03,,,4,,23-700,C-job,"Alternator repair(replaced bearing 2 , brush set, oil seal)",
2024/1/R/001,PR-1504,Katana,CLOSED,2024-01-01,2024-01-04,,,13,,24-1,C-job,"Replaced R/RH hub bearing,seal, change diff. oil, check light, wash & grease, serviced s/motor",MNW
2024/1/R/004,EQP-CM,Badalgama,CLOSED,2024-01-02,2024-01-11,,,28,,24-4,C-job,"Fixed used engine-removed from 1T roller, injector & pump repair, replaced B70 fan belt, belt pulley, air filter housing repair, greasing, change E/oil",
2024/1/R/005,BGY-6440,Badalgama,CLOSED,2024-01-02,2024-01-03,,,,,,Requested job,"oil leak repair, service",
2024/1/R/006,LP-1571,Badalgama,CLOSED,2024-01-02,2024-01-22,,,4,,24-6,C-job,"Reverse horn, fog light",
2024/1/R/5,BGY-6440,Badalgama,CLOSED,2024-01-02,2024-01-03,,,4,,24-5,C-job,"service, oil leak repair",
2024/1/R/002,HEX-23,cep-03,CLOSED,2024-01-03,2024-01-09,,,65,,24-2,C-job,"Bucket pin bush repair, H- support repair, bucket end holes re-boring & bushing, bucket pin filling & turningout, replaced arm end bushes, H-bushes",Long arm
2024/1/R/003,LI-3396,Wadakada,CLOSED,2024-01-03,2024-01-07,,,,,,Requested job,"clutch repair, pressure plate flywheel facing, replace p/plate springs, finger kit, clutch liners",
2024/1/R/3,LI-3396,Wadakada,CLOSED,2024-01-03,2024-01-07,,,10,,24-3,C-job,"Clutch repair(replaced clutch liner set, pressure plate spring with fingers, pressure plate & flywheel facing)",
2024/1/R/007,VR-68,Gampaha Bridge,CLOSED,2024-01-04,2024-01-04,976,Hrs,6,,24-7,C-job,"Replaced air filter, wash & grease, hy.hose",976Hr
2024/1/R/008,325-5120,Badalgama,CLOSED,2024-01-04,2024-01-04,,,,,,Requested job,Replace clutch R/kit-Low,
2024/1/R/009,LO-8350,Buttala,CLOSED,2024-01-04,2024-01-10,55409,Km,3,,24-9,C-job,"Replaced LH wiper,ball mirror, checked RH wiper blade, brake light, number plate light, E/oil reverse horn, repaired wiper motor",55409Km/2362Hr
2024/1/R/010,LX-1679,Badalgama,CLOSED,2024-01-04,2024-01-22,,,8,,24-10,C-job,Replaced ramp motor brush & springs,
2024/1/R/011,SL-09,Thalawa,CLOSED,2024-01-04,2024-01-11,5107,Hrs,54,,24-11,C-job,"Removed water in fuel tank, wash & grease, service, replaced bucket bushes 40*45*45mm pin filling, turning out, replaced 2 hy hoses, LH bucket  jack seal kit 723-6275",5107Hr
2024/1/R/8,325-5120,Badalgama,CLOSED,2024-01-04,2024-01-04,,,3,,24-8,C-job,Replaced clutch R/kit Low,
2024/1/R/012,SL-02,Thalawa,CLOSED,2024-01-06,2024-02-05,,,,,,Requested job,"pin bush repair, bucket jack oil leak, E/oil leak, replace cutting edge, operating seat repair, rear glass repair",
2024/1/R/013,LH-5475,Badalgama,CLOSED,2024-01-06,2024-01-14,,,10,,24-13,C-job,"checked battery charging, replaced air filter, starter motr repair, fixed tail light assy. LH RH",
2024/1/R/014,LI-2427,cep-03,CLOSED,2024-01-06,2024-01-11,,,18,,24-14,C-job,"Replaced tipping jack seal kit, adjusted door pins",MNW
2024/1/R/015,LN-1867,Kilinochchi,CLOSED,2024-01-07,2024-01-07,,,,,,Requested job,"gear lever assy, chk free play",
2024/1/R/016,LD-05,A/Plant,CLOSED,2024-01-07,2024-02-06,,,6,,24-016,C-job,"check elec. System, replaced A/C filters",
2024/1/R/017,PH-6747,cep-03,CLOSED,2024-01-08,2024-01-08,,,2,,24-17,C-job,starter motor repair(replaced solenoid),
2024/1/R/018,LJ-5203,cep-03,CLOSED,2024-01-08,2024-01-14,7042,Km,5,,24-18,C-job,"Collect emission test, checked fuel consumption -ok, replaced tail light lences.",7042Km
2024/1/R/019,LI-3405,Wadakada,CLOSED,2024-01-08,2024-02-05,,,,,,Requested job,"chk battery charging, elec .repair-chk lights, wiper, air leak",
2024/1/R/020,LL-0936,Kadawatha,CLOSED,2024-01-08,2024-01-11,,,,,24-20,C-job,Replaced LH side mirror,MNW
2024/1/R/021,MG-11,Wadakada,CLOSED,2024-01-11,2024-01-16,,,,,,Requested job,"service, wash & grease, elec. Repair-horn light, charging, operating seat repair, side mirror",
2024/1/R/022,CR-01,Maggona,OPEN,2024-01-11,,,,,,,Requested job,"air leak, gear engage defect, chk hr meter, elec .repair",C-Com
2024/1/R/023,LO-7855,Solution,CLOSED,2024-01-11,2024-01-11,,,,,,Requested job,light repair,
2024/1/R/21,MG-11,cep-03,CLOSED,2024-01-11,2024-01-16,7839,Hrs,16,,24-21,C-job,"servcie , wash & grease, Elec. Repair(horn, light, charging,etc), operating seat repair, side mirror, change rear 4 tyres",7839Hr
2024/1/R/23,LO-7855,Solution,CLOSED,2024-01-11,2024-01-11,266404,Km,4,,24-23,C-job,Electrical repair(fog light),266404km
2024/1/R/025,MG-06,Badalgama,CLOSED,2024-01-12,2025-01-17,,,,,,Requested job,"Brake repair, guide rail, lights",
2024/1/R/026,LO-7182,Thebuwana,CLOSED,2024-01-12,2024-01-13,,,,,,Requested job,"Replace hub bolts, clutch pump -up",
2024/1/R/027,LO-4822,Thebuwana,CLOSED,2024-01-12,2024-01-13,,,8,,24-27,C-job,Replaced brake rachets Rear 2nos,
2024/1/R/028,LO-5986,Thebuwana,CLOSED,2024-01-12,2024-01-20,,,,,,Requested job,Clutch repair,
2024/1/R/029,LP-1715,Thebuwana,CLOSED,2024-01-12,2024-01-12,,,2,,24-29,C-job,Brake hose,
2024/1/R/030,LL-1782,Badalgama,CLOSED,2024-01-13,2024-01-13,,,,,,Requested job,"Replace brake hose, hub greased R/middle left",
2024/1/R/031,VR-063,Wadakada,CLOSED,2024-01-13,2024-01-16,,,4,,24-31,C-job,"Starter key cutting, operating seal repair, replaced battery, replaced hy. drain plug",
2024/1/R/032,VR-60,Wadakada,CLOSED,2024-01-13,2024-01-13,,,,,,Requested job,"wash & grease, top up hy. oil",
2024/1/R/033,EQP-Water pump,Kadawatha,CLOSED,2024-01-13,2024-01-13,,,,,,Requested job,Engine starting defect,
2024/1/R/036,HEX-41,Wadakada,CLOSED,2024-01-14,2024-01-31,,,,,,Requested job,Undercarriage repair,
2024/1/R/037,SR-08,Wadakada,CLOSED,2024-01-14,2024-01-20,,,15,,24-37,C-job,Exhaust manifold repair,
2024/1/R/038,PC-02,Moragahakanda,CLOSED,2024-01-14,2024-01-17,,,,,,Requested job,"Brake repair, spring blade repair, adblu supply elec. Repair",
2024/1/R/039,LK-5041,Badalgama,CLOSED,2024-01-14,2024-01-17,,,4,,24-39,C-job,S/motor repair(replaced another motor temperily),
2024/1/R/040,LN-8278,Badalgama,CLOSED,2024-01-14,2024-01-27,,,,,,Requested job,"water leak, meter board repair",
2024/1/R/041,41-1130,Wadakada,CLOSED,2024-01-14,2024-01-15,525194,Km,1,,24-41,C-job,Checked E/oil & no need to change immediately,525194Km
2024/1/R/38,ZB-1496,Moragahakanda,CLOSED,2024-01-14,2024-01-17,3370,Hrs,43,,24-38,C-job,"replaced all brake rachets, replaced spring plate between axel & blade set, wash & grease, service, AC repair, (gas charging, check leaks), adblue tank elec. Supply repair",3370Hr
2024/1/R/034,LD-02,Muthur Plant,CLOSED,2024-01-15,2024-01-20,,,,,,Requested job,"Elec .repair, S/motor repair",
2024/1/R/035,LD-06,Muthur,CLOSED,2024-01-15,2024-01-16,,,6,,24-35,C-job,S/motor repair,
2024/1/R/042,LC-0434,Badalgama,CLOSED,2024-01-15,2024-01-30,,,,,,Requested job,"air leak, wiper motor, fog light, tail light lence, MNW",
2024/1/R/34,LD-02,Muthur,CLOSED,2024-01-15,2024-01-20,,,12,,24-34,C-job,"wire harness repair, starter motor repair(clutch)",
2024/1/R/024,LN-1867,Kilinochchi,CLOSED,2024-01-17,2024-01-18,,,,,,Requested job,"chk S/motor, head light, R/hose, battery terminal, chk horn",
2024/1/R/24,LN-1867,Kilinochchi,CLOSED,2024-01-17,2024-01-18,281412,Km,22,,24-24,C-job,"starter motor wire harness repair, fixed radiator hose, replaced battery terminals, gear lever lubricated, replaced h/light bulb,",281412km
2024/1/R/043,LN-1867,Kilinochchi,CLOSED,2024-01-20,2024-01-25,,,,,,Requested job,Brake repair,
2024/1/R/044,LM-7942,Wadakada,CLOSED,2024-01-20,2024-01-25,,,,,,Requested job,S/motor repair,
2024/1/R/045,PA-4879,Muthur Plant,CLOSED,2024-01-20,2024-01-22,,,,,,Requested job,Alternator & S/motor repair,
2024/1/R/046,LI-3395,Muthur Plant,CLOSED,2024-01-20,2024-01-20,,,,,,Requested job,S/motor repair,
2024/1/R/047,BFR-4276,Katana,CLOSED,2024-01-21,2024-01-21,,,,,,Requested job,chk timing chain,
2024/1/R/048,LB-4824,Katana,CLOSED,2024-01-22,2024-01-22,,,,,,Requested job,Starting defect,
2024/1/R/049,SL-04,Wadakada,CLOSED,2024-01-22,2024-01-22,,,,,,Requested job,"chk battery charging, axel seal, hy. oil seal, hy .leak repair, chk lights",
2024/1/R/050,LD-05,Badalgama,CLOSED,2024-01-22,2024-01-22,,,,,,Requested job,"Bucket pin bush, center pin, service, MNW",
2024/1/R/051,MG-14,Trinco,CLOSED,2024-01-22,2024-01-22,,,,,,Requested job,Blade jack shaft repair & replace seals,
2024/1/R/052,LB-24,Trinco,CLOSED,2024-01-22,2024-01-22,,,4,,24-52,C-job,Repaired accelearator cable,
2024/1/R/053,PD-4739,Badalgama,CLOSED,2024-01-22,2024-01-22,,,,,,Requested job,"Brake ,clutch, service, head light",
2024/1/R/054,PH-0765,Katana,CLOSED,2024-01-22,2024-01-22,,,4,,24-54,C-job,F/RH lower arm ball joint replaced.(spare supplied from site,
2024/1/R/055,LM-6653,Badalgama,CANCELLED,2024-01-22,,266282,Km,,,,Requested job,ramp wood replace- 266282Km,Cancel
2024/1/R/51,MG-14,Trinco,CLOSED,2024-01-22,2024-01-22,,,18,,24-51,C-job,"blade jack shaft repair, replaced seal kit",
2024/1/R/53,PD-4739,Badalgama,CLOSED,2024-01-22,2024-02-09,,,4,,24-53,C-job,"Service, cut & polish head light glass",
2023/11/R/618,DAH-2231,cep-03,CLOSED,2024-01-23,2024-01-23,,,,,,Requested job,"Indicate check engine, chk tail lights ,service",
2024/1/R/056,57-3062,Badalgama,CLOSED,2024-01-23,2024-01-23,,,,,,Requested job,Replace brake pads,
2024/1/R/057,VR-65,Wadakada,CLOSED,2024-01-23,2024-01-23,1281,Hrs,,,,Requested job,"wash & grease, top up hy. oil, replace air filter",1281Hr
2024/1/R/058,PT-1569,Galenbidunuwewa,CLOSED,2024-01-23,2024-02-07,,,,,,Requested job,Running repair,
2024/1/R/059,SL-13,Galenbidunuwewa,CLOSED,2024-01-23,2024-02-06,,,,,,Requested job,Starter motor repair(another motor sent to site),
2024/1/R/060,LN-8277,Kadawatha,CLOSED,2024-01-23,2024-01-24,,,,,,Requested job,"Door hinger repair, running repair",
2024/1/R/061,LO-5981,Muthur Plant,CLOSED,2024-01-24,2024-01-26,,,,,,Requested job,"clutch pump, clutch booster",
2024/1/R/062,325-5120,Badalgama,CLOSED,2024-01-25,2024-01-26,,,,,,Requested job,chk starter motor,
2024/1/R/064,SR-09,Wadakada,CLOSED,2024-01-27,2024-01-30,,,,,,Requested job,silensor repair,
2024/8/R/S-01,LY-4524,Badalgama,CLOSED,2024-01-27,2024-02-10,,,,136950,24-579,C-job,Replaced air baloon-ex,
2024/1/R/065,HEX-01,Galnewa,CLOSED,2024-01-29,2024-01-31,,,,,,Requested job,idler coil spring repair,
2024/1/R/066,47-5112,Badalgama,CLOSED,2024-01-30,2024-01-30,,,,,,Requested job,S/motor repair,
2024/1/R/067,PC-01,Wadakada,CLOSED,2024-01-30,2024-01-31,,,,,,Requested job,S-valve cylinder repair,
2024/1/R/068,LJ-8055,Badalgama,CLOSED,2024-01-30,2024-02-08,,,26,,24-068,C-job,"F/RH hub greased, replaced all brake washers, replaced clutch booster pump, clutch master cylinder R/kit, service",
2024/1/R/069,PTR-01,Maggona,CLOSED,2024-01-31,2024-03-09,,,,,,Requested job,Running repair,
2024/1/R/070,PTR-10,Maggona,CLOSED,2024-01-31,2024-03-16,,,,,,Requested job,Running repair,
2024/1/R/071,AC-37,Wadakada,CLOSED,2024-01-31,2024-02-03,780,Hrs,,,,Requested job,replace crank seal,780Hr
2024/1/R/072,ZA-2609,Alawwa,CLOSED,2024-01-31,2024-02-01,,,,,,Requested job,Backhoe clamp seal,
2024/1/R/073,ZA-7965,Katana,CLOSED,2024-01-31,2024-02-02,,,16,,24-73,C-job,"replaced outtriger jack seal, AC pump",
2024/1/R/69,PTR-01,cep-03,CLOSED,2024-01-31,2024-03-09,,,44,,24-69,C-job,"Replaced brake master pump R/kit, 120A batteries2 , wash & grease, check all oil levels",
2024/2/R/074,LI-2427,Wadakada,CLOSED,2024-02-03,2024-02-07,,,,,,Requested job,"chassis repair, chk E/mounts",
2024/2/R/075,MG-09,Wadakada,CLOSED,2024-02-04,2024-02-05,,,,,,Requested job,silensor repair,
2024/2/R/076,LP-1571,Wadakada,CLOSED,2024-02-05,2024-02-05,,,,,,Requested job,"air bleeding in clutch sys., adjust brakes",
2024/2/R/077,GL-0019,Badalgama,CLOSED,2024-02-05,2024-02-12,,,,,,Requested job,"U-joint replacing, S/M repair",
2024/2/R/078,LO-4824,Thebuwana,CLOSED,2024-02-05,2024-02-23,,,,,,Requested job,"fuel system repair, injector service",
2024/2/R/079,LJ-5559,Muthur Plant,CLOSED,2024-02-05,2024-02-24,,,,,,Requested job,"Engine minor repair, brake repair",
2024/2/R/080,CR-02,cep-03,CLOSED,2024-02-05,2024-02-08,,,,,,Requested job,Hy. leak repair,
2024/2/R/081,DAH-2230,Galenbidunuwewa,CLOSED,2024-02-05,2024-02-09,,,,,,Requested job,Alternator repair,
2024/2/R/082,PD-6917,cep-03,CLOSED,2024-02-05,2024-02-07,,,,,,Requested job,P/S pump,
2024/2/R/77,GL-0019,Badalgama,CLOSED,2024-02-05,2024-02-12,,,42,,24-77,C-job,"Replaced U-joint, joint bolt, top up Gear oil  80W90, grease, sealed fuel return line",
2024/2/R/78,LO-4824,Thebuwana,CLOSED,2024-02-05,2024-02-23,,,115,,24-78,C-job,"Fuel sys .repair(injector service & repair  by AGM), injector pump repair, radiatoe fan clutch locked-ex, replaced fuel filters2, feed pump R/kit, clutch R/kit, feed pump",
2024/2/R/084,SL-03,cep-03,CLOSED,2024-02-06,2024-02-08,,,,,,Requested job,silensor repair,
2024/2/R/085,SR-06,cep-03,CLOSED,2024-02-06,2024-02-10,,,,,,Requested job,E/mounts,
2024/2/R/086,LL-0920,cep-03,CLOSED,2024-02-06,2024-02-07,,,,,,Requested job,"signal lever assy,",
2024/2/R/087,LB-4824,Katana,CLOSED,2024-02-06,2024-02-07,,,,,,Requested job,"S/motor repair, brake repair",
2024/2/R/083,51-7158,Kadawatha,CLOSED,2024-02-07,2024-02-14,,,,,,Requested job,"Running repair, suspension repair, wheel alignment checked by site, delayed 1week",
2024/2/R/088,PH-6742,Thisawewa,CLOSED,2024-02-08,2024-03-23,,,,,,Requested job,Chk engine(engine repair),
2024/2/R/089,LN-8278,Badalgama,CLOSED,2024-02-08,2024-02-13,,,,,,Requested job,"Replaced F/brake liners, fixed temp. meter",
2024/2/R/090,LL-1782,Badalgama,CLOSED,2024-02-08,2024-02-10,,,,,,Requested job,"Ramp. Jack repair, diff. oil  chk",
2024/2/R/091,PH-0765,Katana,CLOSED,2024-02-08,2024-02-08,,,,,,Requested job,Fuel tank cleaning,
2024/2/R/092,47-5112,Badalgama,CLOSED,2024-02-09,2024-02-19,,,,,,Requested job,steering sys. Repair,
2024/2/R/093,LI-7618,Gammirisgaswewa,CLOSED,2024-02-10,2024-02-13,,,,,,Requested job,"Fan belt, diesel tank leak, light repair",
2024/2/R/094,LO-7180,Thisawewa,CLOSED,2024-02-10,2024-02-14,,,,,,Requested job,"wash & grease, replace tail light assy., chk lights, side guard repair",
2024/2/R/095,RD-3536,Alawwa,CLOSED,2024-02-10,2024-04-20,,,,,,Requested job,Accident repair,
2024/2/R/096,HEX-18,Mundalama Estate,CLOSED,2024-02-10,2024-03-16,,,,,,Requested job,"swing wheel bearing repair, swing motor seal, swival seal",
2024/2/R/097,BIE-8564,cep-03,CLOSED,2024-02-10,2024-02-10,,,,,,Requested job,Running repair,
2024/2/R/098,BIE-8582,cep-03,CLOSED,2024-02-10,2024-02-10,,,,,,Requested job,Running repair,
2024/2/R/099,ZB-1547,Alawwa,CLOSED,2024-02-10,2024-02-12,,,,,,Requested job,Replace E/mounts,
2024/2/R/100,PC-01,cep-03,CLOSED,2024-02-10,2024-02-14,,,,,,Requested job,pipe joining socket making,
2024/2/R/101,PT-1569,Badalgama,CLOSED,2024-02-10,2024-02-13,,,12,,24-101,C-job,"Steering sys. Repair(ball joint,idle arm, bushing)",
2024/2/R/102,LH-5475,Badalgama,CLOSED,2024-02-10,2024-02-12,,,,,,Requested job,Alternator repair,
2024/2/R/103,LD-05,Badalgama,CLOSED,2024-02-12,2024-02-21,,,,,,Requested job,"Fan belt, adjuster, radiator repair",
2024/2/R/104,57-3062,Badalgama,CANCELLED,2024-02-13,,,,,,,Requested job,"water level decrease in R/tank, chk temp. meter",Cancel
2024/2/R/105,EQP-Concrete mixer,Kilinochchi,CLOSED,2024-02-15,2024-02-16,,,6,,24-105,C-job,Running repair,
2024/2/R/106,EQP-Concrete mixer,Kilinochchi,CLOSED,2024-02-15,2024-02-22,,,45,,24-106,C-job,"Running repair(concrete mixing pot welding, engine service, grease, check bearing, travelling wheel repair)",
2024/2/R/107,RS-0483,Katana,CLOSED,2024-02-15,2024-02-15,,,15,,24-107,C-job,Replaced backhoe clamp seal kit,
2024/2/R/108,LA-9208,Badalgama,CLOSED,2024-02-15,2024-02-22,,,,,,Requested job,"clutch repair, thermostat joint replace",
2024/2/R/109,LC-0434,Badalgama,CLOSED,2024-02-15,2024-02-27,,,,,,Requested job,"clutch repair, gear box repair, chk service, propellar shaft",
2024/2/R/110,BGY-6446,cep-03,CLOSED,2024-02-15,2024-02-16,242331,Km,8,,24-110,C-job,"Running repair(wash & clean bike, carb cleaning, side mirror, adjusted drive chain, check air pressure in tyres)",242331Km
2024/1/R/063,HS-1794,cep-03,CLOSED,2024-02-16,2024-04-30,,,168,134947.92,24-063,C-job,"Engine minor repair(replaced gasket,head facing, check valve seat, valve seal kit, manifold stud & nut, Exhaust manifold, radiator hose, radiator mount, accelerator ball joint,radiator cooler, injector chamber washer, fan belt, water manifolt rubber hose, water cooler,injector pump & nozzel service, engine machine work repair-Edirisinghe ) ,elec .repair(head light , starter switch, push button swithc, tail light,), brake chamber repair2, brake chamber spring 2, engine stop cable, wiper blades, wiper arm, wiper groove, service wash & grease,",
2024/2/R/111,HEX-46,cep-03,CLOSED,2024-02-16,2024-02-17,,,,,,Requested job,Boom pin bush grease seal,
2024/2/R/112,HEX-46,cep-03,CLOSED,2024-02-16,2024-02-17,,,25,144156,24-112,C-job,"boom jack pin welding & turning out, grease seal 8",
2024/2/R/113,LB-4824,Katana,CLOSED,2024-02-16,2024-02-22,,,,,,Requested job,P/S oil leak,
2024/2/R/114,325-5120,Badalgama,CLOSED,2024-02-16,2024-02-19,,,12,,24-114,C-job,"Accelerator cable repair, wash & grease, wire harness repair, F/hub seal replace",
2024/2/R/115,LN-8277,cep-03,CLOSED,2024-02-16,2024-02-17,,,,,24-115,C-job,Alternator repair,
2024/2/R/116,PC-01,cep-03,CLOSED,2024-02-16,2024-02-17,,,,,24-116,C-job,Hy. cooling fan repair-Ex,ex
2024/2/R/119,LN-8279,Badalgama,CLOSED,2024-02-18,2024-02-19,,,15,,24-119,C-job,Air brake sys. Repair(rear brake check valve cleaning & o-ring replacing),
2024/2/R/117,AC-07,Badalgama,CLOSED,2024-02-19,2024-02-19,,,4,,24-117,C-job,"adjusted air pressure, tensioned non return valve spring",
2024/2/R/120,LK-6740,Kadawatha,CLOSED,2024-02-20,2024-02-21,,,,,,Requested job,"No tipping, injector pump diesel leak, service",
2024/2/R/121,PD-4739,Badalgama,CLOSED,2024-02-20,2024-02-21,,,,,,Requested job,"change brake oil, gear lever bushing",
2024/2/R/122,PR-1469,Katana,CLOSED,2024-02-20,2024-02-22,,,,,,Requested job,"head light, horn, temp. meter, overheating of engine",
2024/2/R/123,HEX-29,cep-03,CLOSED,2024-02-20,2024-03-01,1417,Hrs,133,,24-123,C-job,"Replaced bucket & arm jack seals, bucket pin welding & lathening, bucket repair, spool seal replacing, replaced hy. pump coupling, service, wash & grease, top up oils, repaired safety lever switch, replaced battery 95A 2nos, issued grease gun 500g, arm end bushing, 24V fan,",1417Hr
2024/2/R/124,LI-2427,cep-03,CLOSED,2024-02-22,2024-02-27,,,,,,Requested job,"Turbo intercooler cleaning, turbocharger repair",
2024/2/R/125,PC-01,cep-03,CLOSED,2024-02-22,2024-02-25,,,,,,Requested job,center bearing,
2024/2/R/126,LD-09,cep-03,CLOSED,2024-02-22,2024-02-22,,,,,,Requested job,Fan belt 8PK-950,
2024/2/R/127,LI-3395,Muthur Plant,CLOSED,2024-02-22,2024-02-24,,,,,,Requested job,Propellar shaft assy.,
2024/2/R/128,LD-02,Muthur Plant,CLOSED,2024-02-24,2024-03-24,,,,,,Requested job,Radiator repair,
2024/2/R/129,LD-09,cep-03,CLOSED,2024-02-24,2024-03-08,,,11,,24-129,C-job,Repaired auto greasing valve,
2024/2/R/130,GL-0019,Badalgama,CLOSED,2024-02-24,2024-02-24,,,,,,Requested job,chk heat meter,
2024/2/R/131,PR-1469,Badalgama,CLOSED,2024-02-24,2024-02-25,,,,,,Requested job,"chk horn, S/meter, R/door lock",
2024/2/R/132,LP-1566,Thebuwana,CLOSED,2024-02-24,2024-02-24,78817,Km,2,,24-132,C-job,"Replaced tail lamp lences,check horn",78817Km
2024/2/R/133,BGY-6445,Badalgama,CLOSED,2024-02-24,2024-05-04,,,,,,Requested job,Engine minor repair,
2024/2/R/134,BGY-6447,Badalgama,CLOSED,2024-02-24,2024-03-03,89482,Km,18,,24-134,C-job,"engine repair(Re-bore engine, piston with ring set, timing chain, chain gaurds, rubber roller, valve seal, clean carb. , change E/oil, bike cleaning",89482Km
2024/2/R/135,PT-1569,Badalgama,CLOSED,2024-02-26,2024-02-26,287479,Km,3,,24-135,C-job,"LH tail light repair, steering box oil top up",287479Km
2024/2/R/136,HEX-40,cep-03,CLOSED,2024-02-26,2024-03-16,,,,,,Requested job,"track repair, E/oil leak",
2024/2/R/137,LI-3396,cep-03,CLOSED,2024-02-26,2024-02-27,,,,,,Requested job,Foot valve R/kit,
2024/2/R/138,LH-5586,cep-03,CLOSED,2024-02-26,2024-02-27,,,5,,24-138,C-job,Starter motor repair(replaced starter motor solenoid with brush set,
2024/2/R/139,LN-8279,Badalgama,CLOSED,2024-02-26,2024-02-27,,,5,,24-139,C-job,"replaced brake chamber diaphram R/kit 2, elec .repair lights",
2024/2/R/141,LN-8278,Badalgama,CLOSED,2024-02-29,2024-03-05,,,,,,Requested job,"chk brakes, replaced ABS brake booster R/kit",
2024/2/R/142,PTR-04,Trinco,CLOSED,2024-02-29,2024-03-06,,,,,,Requested job,starter motor repair(replace armature),
2024/3/R/143,SR-08,cep-03,CLOSED,2024-03-01,2024-03-01,,,,,24-143,C-job,replaced oil plug,
2024/3/R/144,PT-1569,Badalgama,CLOSED,2024-03-01,2024-03-04,,,4,,24-144,C-job,"Disemble  & cleaned clutch pump, upholstery repair",
2024/3/R/145,48-4849,Badalgama,CLOSED,2024-03-01,2024-03-01,,,,,,Requested job,"replaced silensor packing, elec. Repair",
2024/3/R/146,LN-8279,Badalgama,CLOSED,2024-03-01,2024-03-01,,,,,,Requested job,brake check valve cleaning,
2024/3/R/147,BFR-4276,Katana,CLOSED,2024-03-02,2024-03-04,,,,,,Requested job,seat cushion,
2024/3/R/148,BIE-8576,cep-03,CLOSED,2024-03-02,2024-03-04,,,,,,Requested job,service,
2024/3/R/149,BIE-8557,cep-03,CLOSED,2024-03-02,2024-03-03,,,,,,Requested job,service,
2024/3/R/150,LM-6653,Badalgama,CLOSED,2024-03-04,2024-03-04,,,,,,Requested job,Alternator repair,
2024/3/R/152,ZA-8511,cep-03,CLOSED,2024-03-04,2024-03-14,,,,,,Requested job,"Spring blade repair, service-Rear engine",
2024/3/R/153,EQP-Bar cutter,cep-03,CLOSED,2024-03-04,2024-03-07,,,,,,Requested job,"replaced bearing, crankshaft bushing, connecting rod repair, cutting edge mounting, bolt hole bushing",
2024/3/R/154,57-3062,Badalgama,CLOSED,2024-03-04,2024-03-05,,,,,,Requested job,"replaced filter head, service,",
2024/3/R/151,PR-1469,,CANCELLED,2024-03-05,,,,,,,Requested job,Engine overheating,Cancel
2024/3/R/155,MG-04,cep-03,CLOSED,2024-03-05,2024-03-05,,,,,,Requested job,"chk oil level, wash & grease",
2024/3/R/156,LL-1782,Trinco,CLOSED,2024-03-05,2024-03-06,,,,,,Requested job,Elec. Repair(wire  harness short cct),
2024/3/R/157,HEX-19,cep-03,CLOSED,2024-03-05,2024-03-12,,,,,,Requested job,"Arm, boom, bucket pin bush, solenoid replace, service, windscreen frame repair",
2024/3/R/158,RC-9894,Chilaw,CLOSED,2024-03-06,2024-03-07,,,24,,24-158,C-job,"wash & grease, replaced fuel filters, Rear rim repair, check battery charging, changed gear box oil, replaced air filter pre-cleaner",
2024/3/R/159,EQP-1t roller,Chilaw,CLOSED,2024-03-06,2024-03-07,,,20,,24-159,C-job,"check wire harness(vibrator solenoid coil, fixed rectifier), removed water on piston of the engine, changed E/oil check starting, hy. level, vibration, changed fuel filter",
2024/3/R/160,"EQP-2"" water pump",Chilaw,CLOSED,2024-03-06,2024-03-07,,,4,,24-160,C-job,"Spark plug cleaning, service carburator, check E/oil",
2024/3/R/162,VR-62,Katana,CLOSED,2024-03-06,2024-03-06,1007,Hrs,4,,24-162,C-job,"wash & grease, check all oil level",1007Hr
2024/3/R/163,PT-1569,Badalgama,CLOSED,2024-03-06,2024-03-06,,,8,,24-163,C-job,"Tightened steering wheel nut, check lights(tail, signal ,head light),check clutch system",
2024/3/R/164,PR-1504,Katana,CLOSED,2024-03-06,2024-03-06,,,8,,24-164,C-job,"starter motor repair, wash & grease",
2024/8/R/604,"EQP-2"" water pump",cep-03,CLOSED,2024-03-06,2024-05-20,,,4,8350,24-576,C-job,"Replaced air filter housing carburator,change E/oil",
2024/3/R/165,PC-02,Moragahakanda,CLOSED,2024-03-07,2024-03-10,,,120,,24-165,C-job,F/spring blade repair(replaced 3 nos spring blades),
2024/3/R/166,HEX-17,Maggona,CANCELLED,2024-03-07,,,,,,,Requested job,"Remove long arm, boom, fix short arm, boom, pile hammer",Cancel
2024/3/R/167,LO-5986,Thebuwana,CLOSED,2024-03-07,2024-03-12,,,,,,Requested job,Replace brake liners,
2024/3/R/168,68-5115,Thalawa,CLOSED,2024-03-07,2024-03-12,,,,,,Requested job,Alternator repair,
2024/3/R/169,FL-03,Badalgama,CLOSED,2024-03-08,2024-03-08,,,3,,24-169,C-job,replaced starter motor brush set,
2024/3/R/170,ZA-6255,Badalgama,CLOSED,2024-03-08,2024-03-08,,,2,,24-170,C-job,Fuel system repair(FC-1001),
2024/3/R/171,LK-2366,Kadawatha,CLOSED,2024-03-08,2024-03-08,,,3,,24-171,C-job,"Replaced P/s oil tank, top up P/S oil",
2024/3/R/172,RC-9894,Badalgama,CLOSED,2024-03-08,2024-03-08,,,4,,24-172,C-job,Fuel sys. Repair(F-4000400 & 500),
2024/3/R/173,DAH-2230,Katana,CLOSED,2024-03-08,2024-03-08,,,16,,24-173,C-job,Fuel sys. Repair(injector repair),
2024/3/R/174,LX-1679,Badalgama,CLOSED,2024-03-08,2024-03-08,,,6,,24-174,C-job,wire harness repair,
2024/3/R/175,"EQP-6"" water pump",cep-03,CLOSED,2024-03-08,2024-03-24,,,,,,Requested job,running repair,
2024/3/R/161,SL-09,cep-03,CLOSED,2024-03-09,2024-06-13,,,20,159100,24-604,C-job,"replaced travelling motor seal 2,engine mount",
2024/3/R/177,SL-06,cep-03,CLOSED,2024-03-09,2024-10-03,,,,,,Requested job,"Travelling motor seal, parking brake defect, tail light repair",
2024/3/R/178,HEX-23,cep-03,CLOSED,2024-03-09,2024-03-11,,,4,,24-178,C-job,"Starter motor repair(repaired field coil & armature, replaced brush set)",
2024/3/R/179,LI-7620,cep-03,CLOSED,2024-03-09,2024-03-14,,,,,,Requested job,Field coil repair,
2024/3/R/181,HO-9850,cep-03,CLOSED,2024-03-09,2024-03-16,,,,,,Requested job,"Tipping jack seal(2nos), propellar shaft center mount, u-joints",
2024/3/R/182,LY-4524,Badalgama,CLOSED,2024-03-11,2024-03-17,,,,,,Requested job,"replace brake pads, chk lights",
2024/3/R/183,LP-1713,Badalgama,CLOSED,2024-03-11,2024-03-11,,,14,,24-183,C-job,"service, replaced tail light assy.",
2024/3/R/184,DAH-2230,Katana,CLOSED,2024-03-11,2024-03-13,,,,,,Requested job,starting defect,
2024/3/R/185,PH-0765,Katana,CLOSED,2024-03-11,2024-03-11,,,,,,Requested job,replace brake pads,
2024/3/R/186,LK-5041,Badalgama,CLOSED,2024-03-12,2024-03-12,,,,,,Requested job,"door lock, gear engage defect, adjust brakes, s/m repair",
2024/3/R/187,LP-1576,cep-03,CLOSED,2024-03-12,2024-04-01,,,,,,Requested job,differential repair-recondition pinion,
2024/3/R/188,HEX-41,cep-03,CLOSED,2024-03-12,2024-03-14,,,,,,Requested job,bucket jack repair,
2024/3/R/189,LD-09,cep-03,CLOSED,2024-03-12,2024-03-13,,,,,,Requested job,alternator repair,
2024/3/R/190,SR-08,cep-03,CLOSED,2024-03-12,2024-03-16,,,,,,Requested job,Radiator replace,
2024/3/R/191,LB-4824,Katana,CLOSED,2024-03-12,2024-03-27,,,,,,Requested job,"brake repair-brake pads, disc, hub",
2024/3/R/176,PTR-05,cep-03,CLOSED,2024-03-13,2024-05-06,,,60,17400,24-161,C-job,"change roof,wash & grease , check battery water, E/oil & hy.level, brake oil, check brakes, clutch system",
2024/3/R/180,ZA-8373,cep-03,CLOSED,2024-03-13,2024-04-20,,,1,9030,24-176,C-job,agitator oil seal,
2024/3/R/192,PH-3945,H/O,CLOSED,2024-03-13,2024-03-20,,,,,,Requested job,"Brake, suspension repair, service",
2024/3/R/193,PR-1469,Badalgama,CLOSED,2024-03-13,2024-03-20,,,,,,Requested job,"Gear engage defect, chk meters",
2024/3/R/194,47-5112,Badalgama,CLOSED,2024-03-13,2024-03-13,,,,,,Requested job,Fuel sys. Repair,
2024/3/R/195,HEX-21,Palawatta,CLOSED,2024-03-13,2024-03-26,,,,,,Requested job,"bucket repair, service, chk heat meter,engine heat",
2024/3/R/197,AC-37,cep-03,CLOSED,2024-03-13,2024-03-15,,,,,,Requested job,"axel shaft end repair, replace hub bearing & seal",
2024/3/R/199,SR-04,cep-03,CLOSED,2024-03-13,2024-03-22,,,,,,Requested job,"wash & grease, radiator, hy. cooler cleaning, scraper reapir",
2024/3/R/200,AC-24,cep-03,CLOSED,2024-03-14,2024-03-22,,,,,,Requested job,"Engine overheating, radiator cleaning",
2024/3/R/201,LO-9810,Badalgama,CLOSED,2024-03-15,2024-03-15,,,,,,Requested job,"Removed brake drums, clean & greasing",
2024/3/R/202,SR-10,cep-03,CLOSED,2024-03-15,2024-03-15,,,,,,Requested job,"chk battery charging, replaced battery",
2024/3/R/203,48-4849,Badalgama,CLOSED,2024-03-15,2024-03-15,,,,,,Requested job,"Air compressor delivery steel air hose repair, change line filter",
2024/3/R/204,LM-2298,cep-03,CLOSED,2024-03-15,2024-03-16,,,,,,Requested job,Cola pump leak repair,
2024/3/R/205,VR-54,Trinco,CLOSED,2024-03-15,2024-03-15,,,,,,Requested job,"Replaced fan belt 6405, wash & grease, service",
2024/3/R/206,PTR-09,Badalgama,CANCELLED,2024-03-15,,,,,,,Requested job,"tyre change, chk brake & clutch",Cancel
2024/2/R/118,TM-20,Abanpola,CLOSED,2024-03-18,2024-03-19,,,,,,Requested job,Running repair,
2024/3/R/198,AP-11,Thanthirimale,CLOSED,2024-03-18,2024-03-20,,,1,300,24-180,C-job,Replaced blower fan(removed fan from AP-09 & sent to asphalt team Thanthirimale),
2024/3/R/207,LM-6653,Badalgama,CLOSED,2024-03-18,2024-03-18,,,,,,Requested job,"Replace brake diaphram, chk lights, replace reverse plug",
2024/3/R/208,PY-2408,Kallanchiya,CLOSED,2024-03-18,2024-03-20,,,,,,Requested job,"diesel leak repair, starter motor brush , tail lamp LH",
2024/3/R/209,ZA-8337,Mundalama Estate,CLOSED,2024-03-18,2024-03-21,,,,,,Requested job,"starter motor repair, replace stabilizer seal kit",
2024/3/R/210,BGY-6440,Badalgama,CLOSED,2024-03-18,2024-03-18,,,,,,Requested job,Carb. Tune up,
2024/3/R/211,LY-1614,Badalgama,CLOSED,2024-03-18,2024-03-23,,,,,,Requested job,"Spring blade repair,starter motor brush set, replace armature",
2024/3/R/212,RF-0748,Mundalama Estate,CLOSED,2024-03-18,2024-03-26,,,,,,Requested job,"Tinkering, hitch repair, bonnet cover repair, kin pin repair, operating seat repair, chk & repair lights",
2024/3/R/214,LO-7180,Badalgama,CLOSED,2024-03-20,2024-03-21,,,,,,Requested job,"chk brakes & park light, replace R/brake liners, B/drum facing",
2024/3/R/215,DAH-2491,Katana,CLOSED,2024-03-20,2024-03-30,,,,,,Requested job,"Replace water jacket, radiator cleaning, filter change",
2024/3/R/216,LI-3401,cep-03,CLOSED,2024-03-20,2024-03-25,,,,,,Requested job,S/meter cable,
2024/3/R/217,LM-7948,cep-03,CLOSED,2024-03-20,2024-03-23,,,,,,Requested job,clutch repair,
2025/3/R/242,LK-6740,Ruwanwella,CLOSED,2024-03-20,2025-03-24,,,,,,Requested job,Starter motor repair-Ex,
2025/3/R/243,HEX-43,cep-03,CLOSED,2024-03-20,2025-03-24,,,,,,Requested job,H-repair,
2024/3/R/218,ZA-6068,cep-03,CLOSED,2024-03-21,2024-03-26,,,,,,Requested job,Alternator repair,
2024/3/R/219,LO-7184,cep-03,CLOSED,2024-03-21,2024-03-26,,,,,,Requested job,Clutch repair,
2024/3/R/220,LK-5586,cep-03,CLOSED,2024-03-21,2024-04-20,,,,,,Requested job,"Fuel mixed with E/oil, clutch repair, Steering box R/kit",
2024/3/R/221,LB-9496,Kilinochchi,CLOSED,2024-03-22,2024-10-01,,,,,,Requested job,Engine overhaul,
2024/3/R/222,LN-8279,Badalgama,CLOSED,2024-03-22,2024-03-23,,,,,,Requested job,"Replace F/brake chamber, clutch master pump R/kit",
2024/3/R/224,RS-0483,Katana,CLOSED,2024-03-22,2024-03-23,,,,,,Requested job,Trans. Oil cooler leak repair,
2024/3/R/225,LM-5722,cep-03,CLOSED,2024-03-22,2024-03-23,,,,,,Requested job,S/meter cable,
2024/3/R/226,PTR-10,Asphalt Team,CLOSED,2024-03-22,2024-03-23,,,,,,Requested job,Replace brake master pump R/kit,
2024/3/R/223,48-4849,Badalgama,CLOSED,2024-03-23,2024-03-23,,,,,,Requested job,"Replace exhaut manifold, propellar shaft bolt",
2024/3/R/227,LO-1059,Galnewa,CLOSED,2024-03-24,2024-03-28,,,,,,Requested job,"Clutch repair, service, wash & grease",
2024/3/R/228,LN-8279,Badalgama,CLOSED,2024-03-25,2024-03-28,,,,,,Requested job,"Starter motor repair-armature, brush set, brush holder",
2024/3/R/229,LK-2366,Kadawatha,CLOSED,2024-03-25,2024-03-25,,,,,,Requested job,Spring blade repair,
2024/3/R/230,HEX-17,Kilinochchi,CLOSED,2024-03-25,2024-03-26,,,,,,Requested job,Convert long arm to short arm,
2024/3/R/231,AC-03,Muthur Plant,CLOSED,2024-03-25,2024-05-01,,,,,,Requested job,replace compressor piston rings,
2024/3/R/232,LI-3396,Kilinochchi,CLOSED,2024-03-27,2024-03-28,,,,,,Requested job,"Wash & grease, adjust brake, spare wheel tube, collar replce",
2024/3/R/233,LX-1045,Badalgama,CLOSED,2024-03-27,2024-03-27,,,,,,Requested job,"Disemble hub, clean & grease, brake rachet repair, -R/RHS middle wheel set",
2024/3/R/234,48-4849,Badalgama,CLOSED,2024-03-28,2024-03-29,,,,,,Requested job,"service, elec. Repair",
2024/3/R/196,68-5115,Thalawa,CLOSED,2024-03-30,2024-05-28,,,82,64462.18,24-196,C-job,"Battery charging line checked & repaired, check horn -ok, starter motor repaired, Replced king pin R/kit, wire harness repair(battery discharging when switch off starter key-Ex. Kamal katana, adjusted brakes F & R, replaced brake washers, tie rod end, winder cable repair",
2024/3/R/213,PA-6399,Thalawa,CLOSED,2024-03-30,2024-05-04,,,155,496025.52,24-213,C-job,"Engine overhaul (Replaced engine head-recondition, head checked with Edirisinghe, block faced, replaced sleeve, piston ,rings, con .rods, big end bearing, main bearing, thrust bearing, gudgeon pin bush, overhaul packing kit, inlet air hose, fan belt, p/s belt, radiator hose, R/cap,valve guide,crank wheel,), p/s oil leak repair, clutch R/kit, brake caliper assy. , starter motor repair(armature)",MNW
2024/3/R/235,LX-1679,Badalgama,CLOSED,2024-03-30,2024-03-30,,,,,,Requested job,Ramp motor switch chk & repair,
2024/3/R/236,HEX-29,Erawur,CLOSED,2024-03-30,2024-06-07,,,51,62109,24-236,C-job,"Replaced engine mount, travelling motor oil leak repair, wash & grease , due to high cost of repair, AC was not repaired, removed counter weight for E/mount replacement, & assemble,",
2024/4/R/239,LH-5475,Badalgama,CLOSED,2024-04-01,2024-04-01,,,,,,Requested job,Mixer drum bearing,
2024/4/R/240,LP-1580,Erawur,CLOSED,2024-04-01,2024-04-01,,,,,,Requested job,"replace RH side mirror, LH & RH square mirror, wash & grease",
2024/4/R/241,LP-1715,Erawur,CLOSED,2024-04-01,2024-04-01,,,,,,Requested job,"Wash & grease, tail light repair-LH",
2024/4/R/242,LO-4822,Thebuwana,CLOSED,2024-04-01,2024-04-04,,,,,,Requested job,"Service, battery post filling, chk brakeliners, wiper, windscreen, wash & grease",
2024/4/R/243,LO-5985,Thebuwana,CLOSED,2024-04-01,2024-04-03,,,,,,Requested job,"Wash & grease, service",
2024/3/R/238,LC-0434,Erawur,CLOSED,2024-04-02,2024-04-04,388048,Km,18,14030,24-237,C-job,"replaced clutch master pump, clutch oil tank hose, speed meter cable",388048Km
2024/4/R/244,LL-0920,cep-03,CLOSED,2024-04-02,2024-04-02,,,,,,Requested job,brake master pump,
2024/4/R/245,LI-3401,cep-03,CLOSED,2024-04-02,2024-04-02,,,,,,Requested job,Fuel feed pump,
2024/4/R/246,SR-09,cep-03,CLOSED,2024-04-02,2024-04-03,,,,,,Requested job,Drum mount - 9,
2024/4/R/247,PY-2408,Katana,CLOSED,2024-04-02,2024-04-10,,,,,,Requested job,"Differential repair, replac recondition pinion, S/meter repair(replace sensor)",
2024/4/R/249,LY-4524,Badalgama,CLOSED,2024-04-02,2024-04-06,,,,,,Requested job,"Brake repair, LH side glass",
2024/4/R/250,LX-1679,Badalgama,CLOSED,2024-04-02,2024-04-06,,,,,,Requested job,"chk signal light, Ramp operating switch N/W",
2024/4/R/251,LP-1571,Erawur,CLOSED,2024-04-02,2024-04-07,,,,,,Requested job,Replace pinion assy. Fixed recondition pinion by ex . Mechanic,
2024/4/R/252,LO-4823,Buttala,CLOSED,2024-04-03,2024-04-04,,,,,,Requested job,"Wash & grease, wiper blade, fan 12V, bidy light, door winder, tail light, chk brakes",
2024/4/R/253,DAH-2230,Badalgama,CLOSED,2024-04-03,2024-04-04,,,,,,Requested job,"hand brake cable repair, door hinger repair",
2024/4/R/254,LP-1569,Erawur,CLOSED,2024-04-03,2024-04-04,,,,,,Requested job,"clutch repair, adjusted clutch",
2024/4/R/255,LH-5475,Badalgama,CLOSED,2024-04-04,2024-04-06,,,,,,Requested job,silensor repair,
2024/4/R/256,LK-5041,Badalgama,CANCELLED,2024-04-04,,,,,,,Requested job,"MNW, chk lights with wire harness",Cancel
2024/4/R/257,HEX-18,Badalgama,CLOSED,2024-04-04,2024-04-06,,,,,,Requested job,top roller,
2024/4/R/258,48-4849,Badalgama,CLOSED,2024-04-06,2024-04-19,,,,,,Requested job,"Alternator repair, signal light assy.",
2024/4/R/259,LM-5721,cep-03,CLOSED,2024-04-08,2024-04-10,,,,,,Requested job,"Flywheel , clutch liner, re-condition P/plate, pressure plate springs, finger kit",
2024/3/R/237,LL-0920,cep-03,CLOSED,2024-04-19,2024-05-03,,,32,83360,24-198,C-job,"Replaced king pin R/kit, wheel cylinders4 , hub bearing inner, outer, both sides, drag link R/kit, tie rod ends",
2024/4/R/248,LD-8875,Galnewa,CLOSED,2024-04-19,2024-08-27,,,180,446636.49,24-248,C-job,"Chassis repair-Ex, fabricate inlet air hose, turbo oil leak repair-tightened union, replaced rear crank oil seal, p/s filter, starter motr repair-ex, clutch R/kit low, dissemble & asemble gear box ,wire harness & air hose set, electical repair",
2024/4/R/260,PA-4879,Muthur Plant,CLOSED,2024-04-19,2024-04-20,,,,,,Requested job,"silensor repair, service, fuel sys. Repair, air filter housing repair",
2024/4/R/261,LL-1782,Badalgama,CLOSED,2024-04-19,2024-04-20,,,,,,Requested job,"Replace hub bolt middle  R/RH & R/LH, replace brake washers, hub seal, axel seal",
2024/4/R/262,PC-01,cep-03,CLOSED,2024-04-19,2024-04-22,,,,,,Requested job,agitator motor seal,
2024/4/R/263,PT-1569,Katana,CLOSED,2024-04-19,2024-04-20,,,,,,Requested job,"clutch repair, replace clutch plate, bearing, clutch fork, gear box mount,",
2024/4/R/264,HEX-39,Galnewa,CLOSED,2024-04-19,2024-05-09,1938,Hrs,120,102949,24-238,C-job,"Replaced boom bush , pin filling, & turningout, bucket repair, replaced tie rod end 2 nos, air filter, wash & grease, high/low gear selector oil leak repair",1938Hr
2024/4/R/266,LD-02,Muthur Plant,CLOSED,2024-04-19,2024-04-20,,,,,,Requested job,starter motor repair,
2024/4/R/267,ZB-1496,Moragahakanda,CLOSED,2024-04-21,2024-04-27,12127,Km,78,122720,24-264,C-job,"Brake Repair(replaced all brake liners), AC repair, Added spring blades for Rear LH & RH-ex repair",12127Km
2024/4/R/265,MG-11,Badalgama,CLOSED,2024-04-22,2024-06-26,8080,Hrs,226,855739.88,24-265,C-job,"Transmission repair(replaced transmission full seal kit, trans. Plate 20, plate 02, plate 04, valve body packing), changed hy. filter JS-2092, pump joint groove, trans. Oil SAE 30 48L, gear cable repair",8080Hr
2024/8/R/582,LO-5981,cep-03,CLOSED,2024-04-22,2024-05-08,,,32,41115,24-563,C-job,"Fuel system repair(replaced fuel cut off solenoid, change fuel filters, air filter, cleaned fuel pipe lines, check feed pump), wash & grease",
2024/4/R/270,LN-8278,Badalgama,CLOSED,2024-04-23,2024-04-23,860036,Km,1,350,24-267,C-job,Adjusted brakes,860036Km
2024/4/R/271,ZA-6069,Kadawatha,CLOSED,2024-04-23,2024-05-04,,,67,152758,24-271,C-job,"Replaced tie rod end 2, fan belt 8PK-1835, belt adjuster, bucket jack bush, grease seal, multi jack seal kit 2, arm end bush 2, seal, H-bush 2 nos, bucket & H pin filling & lathening",
2024/4/R/272,LO-4824,Thebuwana,CLOSED,2024-04-23,2024-04-30,,,37,14000,24-272,C-job,"Fuel system reapir(serviced 4 injectors - AGM , fuel feed pum prepair, cleaned fuel pipe lines, cut & cleaned diesel tank,",
2024/4/R/273,LK-2276,Katana,CLOSED,2024-04-23,2024-04-25,,,24,11750,24-273,C-job,"Replaced air driyer R/kit, repaired water leak",
2024/4/R/274,PR-1469,Badalgama,CLOSED,2024-04-24,2024-04-24,,,4,1400,24-274,C-job,"Radiator cooling fan not work, supply direct current to fan motor",MNW
2024/4/R/275,LD-05,Badalgama,CLOSED,2024-04-25,2024-04-25,,,3,5680,24-275,C-job,Fexed new hour meter,
2024/4/R/268,PH-3945,H/O,CLOSED,2024-04-26,2024-05-09,192884,Km,31,13575,24-268,C-job,"Radiator fan doesn’t work properly.signal doesn’t come to relay from ECM.Repaired Externally(Kamal-Katana), checked abnormal noise-ok, hand brake cable lubricated,fixed temperature sensor",192884Km
2024/4/R/269,LK-5041,Badalgama,CLOSED,2024-04-26,2024-05-02,,,7,18378,24-582,C-job,"Replaced spring bushes-Ex, gear lever rod end,air hose",
2024/4/R/276,RD-6318,Katana,CLOSED,2024-04-26,2024-04-27,,,18,6050,24-276,C-job,"Battery guard repair, hitch assy. Repair",
2024/4/R/280,LH-5475,Badalgama,CLOSED,2024-04-26,2024-04-29,,,4,11705,24-278,C-job,Replaced clutch R/kit,
2024/4/R/281,ZA-6255,Badalgama,CLOSED,2024-04-26,2024-04-28,,,3,5450,24-281,C-job,"Fuel system repair(replaced filter FC-1001, line filter, fuel filter blocked)",
2024/6/R/378,PTR-08,Asphalt Team,CLOSED,2024-04-26,2024-05-03,,,136,136210,24-365,C-job,"replaced rear tyre 5 nos, wheel cylinder 3 nos, grease seal 4 nos, hub greased, replaced brake hose, wash & grease",
2024/4/R/277,HEX-41,cep-03,CLOSED,2024-04-29,2024-05-22,,,28,205255.75,24-277,C-job,"swing motor repair(replaced planetary gear wheel assy-Done by C-COM), boom jack seal kit 2, checked travelling motor oil level, air filter, wash & grease,battery post filling",
2024/4/R/278,EQP-4WD bike,Mundalama Estate,CLOSED,2024-04-29,2024-05-31,,,12,7320,24-269,C-job,"wire harness repair, replaced accelerator cable",
2024/4/R/283,LO-4821,Bulnewa,CLOSED,2024-04-29,2024-04-30,,,8,27250,24-283,C-job,"Wash & grease, replaced ait filter, speed meter sensor",MNW
2024/4/R/279,43-3416,Doramadalawa,CLOSED,2024-04-30,2024-06-07,,,32,37915,24-270,C-job,"service, wash & grease, replaced fan belt  with pulley, battery terminal, battery post repair, fixed fog light,rear bituman engine belt C-68 2nos, pulley turning out & key cutting",MNW
2024/4/R/282,LY-1614,Badalgama,CLOSED,2024-04-30,2024-07-12,,,13,28250,24-282,C-job,"Brake repair(replaced air tank drain valve 3), ramp motor field coil repair, replaced brush set",MNW
2024/4/R/286,RF-0748,Mundalama Estate,CLOSED,2024-04-30,2024-05-03,2728,Hrs,,27625,24-280,C-job,"Clutch repair, adjusted brakes,replaced radiator hose, fuel leak repair, wash & grease",2728Hr
2024/4/R/289,HEX-23,cep-03,CLOSED,2024-04-30,2024-05-03,,,5,16500,24-586,C-job,Replaced RPM sensor,
2024/4/R/290,LD-06,Muthur,CLOSED,2024-04-30,2024-05-03,,,18,39650,24-290,C-job,"Replaced U-joint, pinio oil seal",
2024/8/R/586,LI-7620,cep-03,CLOSED,2024-04-30,2024-05-03,,,,19500,24-565,C-job,Starter motor repair-Ex kamal katana,
2024/4/R/284,PH-0765,Katana,CLOSED,2024-05-01,2024-05-04,,,44,48435,24-284,C-job,"Replaced F/RH upper arm & lower arm ball joints, rear all brake shoes, propellar shaft sliding joint, u-joints 2",
2024/4/R/287,47-5112,Badalgama,CLOSED,2024-05-01,2024-05-09,294644,Km,36,34769.75,24-287,C-job,"Replaced brake load sensing valve, adjusted brakes, replaced rear Hub seal,brake washer, brake shoe both sides",294644Km
2024/5/R/294,ASC-21,Katana,CLOSED,2024-05-01,2024-05-09,,,18,26650,24-288,C-job,"Engine repair(Replaced connecting rod, piston with ring set, air filter)",
2024/4/R/285,LK-2276,Katana,CLOSED,2024-05-02,2024-05-03,,,10,2300,24-279,C-job,"Rear LH brake drum doesn't rotate, loosen brakes & check the brake cam doesn't return when release brakes.therefore lubricate brake cam & complete the repair",
2024/4/R/288,LL-0936,Dekatana,CLOSED,2024-05-05,2024-05-17,196578,Km,40,22870,24-283,C-job,"Replaced u-joint, sliding joint, PTO lever repaired,adjusted brakes, Elec. Repair(signal, wiper, tail light)",196578KM
2024/5/R/297,VR-14,Buttala,PENDING,2024-05-05,,,,,,,Requested job,"Drum mount, circuit board repair",Not done
2024/4/R/291,DAH-2230,Badalgama,CLOSED,2024-05-07,2024-05-17,208209,Km,45,95500,24-291,C-job,"replaced fuel tank pump, injector & low pressure pump Repair & service(replaced 3 nozzels),changed fuel filter",208209Km
2024/8/R/583,LH-5475,Badalgama,CLOSED,2024-05-07,2024-05-08,,,,5500,24-564,C-job,Starter motor repair-Ex kamal katana,
2024/5/R/292,HEX-01,Muthur,CLOSED,2024-05-08,2024-05-22,,,88,233828,24-285,C-job,"Radiator cleaned, repaired reserve tank, replaced high pressure pump, wash & grease, radiator hose extend, checked water pump, replaced air filter,starter switch, AC belt, AC compressor top up hy. oil,AC repair",11.5Hrs
2024/5/R/301,LD-02,Muthur Plant,PENDING,2024-05-08,,,,,,,Requested job,Trans. Repair,Not done
2024/5/R/302,51-8083,Kallanchiya,CLOSED,2024-05-08,2024-09-01,,,,,,Requested job,Tinkering & painting,
2024/5/R/303,PT-1569,Katana,CLOSED,2024-05-09,2024-05-16,,,,,,Requested job,"Propellar shaft sliding joint repair, hub seal",
2024/5/R/293,TM-13,Buttala,CLOSED,2024-05-11,2024-06-18,,,70,30965,24-286,C-job,"Replaced cabin door glass-Autobacs, Elec repair(tail light,replaced hr meter, wire harness, ), replaced battery 120A ,shooter repair, adjusted radiator fan guard, electric fuel feed pump fuel pipe repair",0Hr
2024/5/R/296,LM-6653,Erawur,CLOSED,2024-05-13,2024-05-17,,,60,61250,24-289,C-job,"Clutch repair(Replaced c/plate, c/bearing, f/bearing,)replaced fuel overflow valve,crank oil seal, speed meter sensor",
2024/5/R/298,48-4849,Badalgama,CLOSED,2024-05-13,2024-05-16,,,13,16990,24-292,C-job,"E/oil leak repaired (from breather hose),fixed recondition alternator",
2024/5/R/295,ZB-1547,Dekatana,CLOSED,2024-05-14,2024-06-08,5303,Hrs,88,46829,24-295,C-job,"Loader & backhoe bucket repair, (replaced cutting edge), replaced stabilizer pads, king post nylon pads, elec. Horn 12v,",5303Hr
2024/5/R/304,LK-4061,cep-03,CLOSED,2024-05-14,2024-06-06,,,226,426412.52,24-294,C-job,"Engine overhaul(Replaced sleeve Z-2, Y-4, piston with ring set, con rod bearing, valve oil seal, head bolt 6, engine valve 12,valve guide set, con rod bush , cylinder head check & facing, engine repair-edirisinghe, injector service) , clutch repair(replaced clutch liner set, clutch bearing), Gear box repair (Top shaft bearing, bearing lock, lock cover, counter shaft bearing, gear box packing, bearing, F & R oil seal, genuine fork guide, top shaft bearing, bearing lock, lock cover, counter shaft bearing, clutch release bearing, ), speed meter assy.",
2024/5/R/299,LL-0920,cep-03,CLOSED,2024-05-16,2024-05-19,,,,19338,24-583,C-job,"Radiator cleaning, water pump repair, replaced 3 fan belts, R/hose, hub brearing with seal",SSO
2024/5/R/300,LA-1359,cep-03,CLOSED,2024-05-16,2024-05-20,,,16,3200,24-293,C-job,"starter motor repair, removed all brake drums, check liners, wheel cylinders, adjusted brakes, brake master pump repaired",
2024/5/R/310,DAH-2228,Asphalt Team,CLOSED,2024-05-17,2024-05-31,200045,Km,4,54040,24-304,C-job,"starter motor repair(replaced motor clutch assy,)canopy repair-ex, side mirror",200045Km
2024/5/R/312,PH-0765,Katana,CLOSED,2024-05-17,2024-05-17,,,,,,Requested job,LH lower arm ball joint replace,
2024/5/R/313,PR-1469,Badalgama,CLOSED,2024-05-18,2024-05-18,,,,,,Requested job,Fuel sys. Repair,
2024/5/R/314,EQP-wacker 2nos,Katana,CLOSED,2024-05-18,2024-05-21,,,,,,Requested job,"service, shoe bolt replace",
2024/5/R/315,HEX-43,cep-03,CLOSED,2024-05-18,2024-05-18,,,,,,Requested job,Arm jack seal replace,
2024/5/R/305,LP-1582,Kilinochchi,CLOSED,2024-05-20,2024-05-21,52546,Km,28,20500,24-296,C-job,"Adjusted brakes, wash & grease, abnormal color of diesel(removed fuel in the tank, replaced fuel filter ,w/sep filter, cleaned fuel pipes)",52546Km
2024/5/R/316,LO-5984,cep-03,CLOSED,2024-05-20,2024-05-28,112820,Km,36,26960,24-305,C-job,"service(oil ,fuel filter change, top up gear box pinion oil ), replaced benjo washer with bolt of filter head,fuel supply  hose of feed pump, fuel pump overflow valve, wash & grease",1615C   112820Km
2024/5/R/318,SR-09,cep-03,CLOSED,2024-05-20,2024-05-21,,,,,,Requested job,water reserve tank,
2024/5/R/319,LM-5721,cep-03,CLOSED,2024-05-20,2024-05-21,,,,,,Requested job,clutch slave pump,
2024/5/R/317,40-8060,Badalgama,CLOSED,2024-05-21,2024-05-28,,,14,16172,24-317,C-job,"replaced cable ball joint, gear cable bush, adjusted gear cable, replaced idle arm bush, fixed Hr meter, removed upper arm shims F/LH",mnw
2024/5/R/320,DAH-2229,cep-03,CLOSED,2024-05-21,2024-05-27,,,,,,Requested job,Alternator repair,
2024/5/R/321,PH-0765,Katana,CLOSED,2024-05-21,2024-05-21,,,,,,Requested job,"Replace fuel filters, feed pump R/kit, fuel pipe cleaned, F/bumper repair",
2024/5/R/322,LO-9810,Badalgama,CLOSED,2024-05-21,2024-05-21,,,,,,Requested job,Radiator repair,
2024/5/R/323,40-2955,Badalgama,CLOSED,2024-05-21,2024-06-29,,,96,48097,24-323,C-job,"repaired radiator, steering linkage, replaced radiator fan blade, clutch master cylinder & slave cylinder R/kit, strut bar repair, check wheel alignment",
2024/5/R/325,PA-4879,Muthur,CLOSED,2024-05-22,2024-05-28,,,13,11390,24-306,C-job,"Replaced electric fuel feed pump, heat timer, silensor packing, door post repair, light repair",MNW
2024/5/R/326,PR-1469,Badalgama,CANCELLED,2024-05-22,,,,,,,Requested job,Abnormal noise from front wheel,Cancel
2024/5/R/328,GE-104,Badalgama,CANCELLED,2024-05-22,,,,,,,Requested job,Chk & repair,Cancel
2024/5/R/329,LD-07,Mihinthale Plant,CLOSED,2024-05-22,2024-07-30,,,,,,Requested job,"Roof repair, tyre punch, hy. top up, wash & grease, side mirror",
2024/5/R/330,LO-4821,Hambantota,CANCELLED,2024-05-22,,,,,,,Requested job,Replaced clutch washer,Cancel
2024/5/R/306,LK-5041,Badalgama,CLOSED,2024-05-27,2024-05-27,,,2,3595,24-298,C-job,"replaced wiper link,wiper blades",MNW
2024/5/R/307,SR-05,Badalgama,CLOSED,2024-05-27,2024-06-07,,,84,60845,24-299,C-job,"wash & grease, made a silensor, wire harness repair, service, (oil, fuel ,air, hy. filter changed,), top up hy. oil., operating seat repair, replaced steering jack seal 2 nos, repaired vibration solenoid coil, checked vibration  & travelling system",
2024/5/R/327,28-4314,Badalgama,CLOSED,2024-05-27,2024-05-31,,,22,17636.82,24-327,C-job,"Service(oil ,fuel, air filter change)check gear box ,pinion oil, Replaced filter head(fuel filter), diesel hose, door winder repair, p/s oil hose tightened, F/brake caliper hose tightened, wash & grease, repaced accelerator cable",
2024/5/R/331,253-2574,Serunuwara,CLOSED,2024-05-27,2024-05-28,409455,Km,27,19840,24-331,C-job,"Steering & suspension sys. Repair(lower arm ball joint, repaired both side upper arm ball joints, fitman arm ball joint, idle arm ball joint & bush)check wheel alignment, LH door glass fixed, service(diesel tank leak repair),",409455Km
2024/5/R/333,253-2574,Serunuwara,CLOSED,2024-05-27,2024-05-28,,,,,,Requested job,"service, steering, suspension repair",
2024/5/R/309,LP-1580,Erawur,CLOSED,2024-05-28,2024-05-30,,,8,26350,24-300,C-job,replaced e/mount & gear box mounts,
2024/5/R/311,LH-5586,cep-03,CLOSED,2024-05-28,2024-07-03,,,275,630236.75,24-311,C-job,"Engine overhaul(Replaced Sleeve set, piston with ring set, main bearing set, big end bearing set, thrust bearing, gudgeon pin bush set, cam bush set, valve guide set, idler wheel bush, cam follower set, cam shaft, idle wheel thrust washer, valve spring retainer, oil pump,engine mount ,crank seal, oil pressure regulator valve, injector boot, valve cotter 12, air compressor piston ring set, bearing sea, packing set, accelerator spring , injector service, radiator cleaning, injector pump repair,), Clutch repair(pressure plate & flywheel facing, clutch bearing, clutch liner set, clutch fork lock, ), Gear box repair(counter wheel bearing, main shaft bearing, lock cover, gear box seal F & R, packing set, top shaft bearing,  ), belt A-56 2nos, Alternator repair(voltage regulator, brush set), oil presure meter,",
2024/5/R/324,PT-1569,Katana,CLOSED,2024-05-28,2024-05-28,,,3,2250,24-324,C-job,S/motor repair(replaced contact pieces),
2024/5/R/334,LK-4058,cep-03,CLOSED,2024-05-28,2024-05-29,,,,32000,24-309,C-job,starter motor- Recondition,
2024/5/R/335,LA-1359,cep-03,CLOSED,2024-05-28,2024-05-31,,,,29950,24-335,C-job,Replaced vaccum brake booster-Recondition,
2024/5/R/336,HEX-21,Erawur,CLOSED,2024-05-28,2024-05-30,,,8,38800,24-336,C-job,"Hy. leak repair, repaired hy. tank suction hose oil leak, top up hy. oil, replaced top roller",
2024/5/R/340,LO-4816,cep-03,CLOSED,2024-05-29,2024-05-29,,,17,34778,24-325,C-job,"Replaced PTO lever, checked sump oil leak, wash & grease, replaced air filter, Elec. Repair(signal), no need to replaced sump packing immediately",MNW
2024/5/R/341,LO-8348,cep-03,CLOSED,2024-05-29,2024-05-30,,,9,9575,24-341,C-job,"Service, wash & grease, axel oil leak repair, check accelerator cable",MNW
2024/5/R/343,HEX-33,Erawur,CLOSED,2024-05-29,2024-05-30,,,16,42892.5,24-332,C-job,"Replaced bucket jack seal ,top up hy. oil, E/oil, Travelling motor oil",
2024/5/R/332,MGS-01,Solution,CLOSED,2024-05-31,2024-06-10,,,63,110832,24-332,C-job,"service, wash & grease , brake hose repair, top up B/oil , made a brake oil tank cap, replaced hy. brake hose 2 nos, alternator repair(replaced brush holder with regulator , ), replaced parking brake valve, brake repair, check all oil levels.",
2024/5/R/337,LL-0623,Badalgama,CLOSED,2024-05-31,2024-06-10,,,18,10502.5,24-337,C-job,Vehicle cleaning,
2024/5/R/345,RS-0483,Marandagahamula,CLOSED,2024-05-31,2024-05-31,,,10,2800,24-602,C-job,welded shims for U-joint caps & stopped U-joint movement in th Yoke,
2024/8/R/602,CR-02,cep-03,CLOSED,2024-05-31,2024-06-01,,,4,12050,24-574,C-job,Replaced air dryer R/kit,
2024/5/R/338,PY-2408,Katana,CLOSED,2024-06-01,2024-06-10,,,38,26903.5,24-310,C-job,"Replaced radiator fan , fan belt, alternator belt, water pump repair(replaced water seal kit, bearing 2 nos, pum pshaft turning out), wash & grease",MNW
2024/5/R/339,DAH-2228,Asphalt Team,CLOSED,2024-06-01,2024-06-06,200278,Km,17,9850,24-316,C-job,"Replaced rear all brake liners,P/S belt",200278Km
2024/5/R/342,ASC-24,Kadawatha,CLOSED,2024-06-01,2024-06-26,,,24,33994.18,24-342,C-job,"Engine repair(Re-boring, piston rings, gasket, spark plug, E/oil)",
2024/8/R/587,LK-2366,Kadawatha,CLOSED,2024-06-01,2024-06-04,,,10,21750,24-567,C-job,"starter motor repair(replaced solenoid coil, brush set, bronze bush set), repaired fuel leak from injector pipe, hy. leak repair, spring  blade repair-ex.",MNW
2024/8/R/592,SR-06,cep-03,CLOSED,2024-06-01,2024-06-01,,,6,9255,24-570,C-job,"Alternator repair(battery not charging) replaced bearing 2, regulator, slip ring",
2024/8/R/597,325-3448,cep-03,CLOSED,2024-06-01,2024-06-01,,,,2680,24-572,C-job,Replaced speed meter cable,SSO
2024/8/R/599,PR-1504,Katana,CLOSED,2024-06-01,2024-06-01,,,2,600,24-573,C-job,Radiator cooling fan motor not work.checked supply current & fixed the repair,MNW
2024/5/R/344,HEX-18,Mundalama Estate,CLOSED,2024-06-03,2024-07-19,,,36,13176,24-344,C-job,"travelling motor oil leak-tightened union with hose, hy.leak repair, starter motor repair",
2024/5/R/346,HEX-39,Biyagama,CLOSED,2024-06-03,2024-06-13,5193,Hrs,58,74642,24-346,C-job,"Hy. oil cooler leak repair, hy. hose, change R/coolant, AC filter, High /low gear selector oil leak repair, top up hy. oil ,replaced R/hose",5193Hr
2024/5/R/347,ZB-1979,Dekatana,CLOSED,2024-06-03,2024-06-28,4828,Hrs,110,110800,24-334,C-job,"Turbocharger repair, injector cleaning, changed fuel filter, water seperator, silensor cleaning, backhoe bucket arm end & bucket pin filling ,turning out, replaced bushes 45x55x42mm 8nos, 45x60x60 mm 2 nos, wash &  grease, fuel system check & repair",4828Hr
2024/6/R/356-1,MG-04,Badalgama,CLOSED,2024-06-03,2024-08-16,,,,,,Requested job,replace hy. pump,
2024/6/R/359,LO-7184,cep-03,CLOSED,2024-06-03,2024-06-04,,,,,,Requested job,wiper motor repair-kamal,
2024/8/R/589,LC-0434,Badalgama,CLOSED,2024-06-03,2024-06-03,,,6,6198,24-568,C-job,"Fuel system repair(changed fuel filter, ), top up p/s oil",mnw
2024/5/R/348,LK-5041,Badalgama,CLOSED,2024-06-05,2024-06-07,,,11,26375,24-338,C-job,"wiper motor replaced -recondition, replaced winder assy. New, starter motor repair(solenoid coil wire welding-soldering work)",MNW
2024/6/R/350,40-8060,Badalgama,CLOSED,2024-06-05,2024-06-10,,,22,13000,24-599,C-job,"repaired gear engage problem, fixed Hr meter, 1 st service after engine overhaul, elec. Repair(tail light), removed shims of upper arm",MNW
2024/6/R/353,51-7158,Dekatana,CLOSED,2024-06-06,2024-06-14,379616,Km,72,36195,24-597,C-job,"replaced side door handle, winder handle, sliding door bearing, heat timer, heater plug 4nos, wash & grease, elec repair(tail light, signal)",379616Km
2024/6/R/354,ZB-2587,Kebithigollawa,CLOSED,2024-06-06,2024-06-06,1759,Hrs,5,18400,24-587,C-job,"service, greasing(change oil, fuel air filters), top up hy. oil",1759HR
2024/6/R/367,LO-7855,Solution,CLOSED,2024-06-06,2024-06-06,,,,,,Requested job,"service, boom greasing, chk head light",
2024/6/R/351,VR-49,Dekatana,CLOSED,2024-06-07,2024-06-11,,,18,19744,24-340,C-job,"changed silensor assy, replaced air filter, inlet manifold repair, E/oil change, check & repair vibration sys. Radiator leak repair, injector with pump repair",
2024/6/R/352,LK-6740,Dekatana,CLOSED,2024-06-07,2024-06-15,,,28,13176,24-592,C-job,"starter motor repair, no tipping(check Hy. elec. System for PTO operating",MNW
2024/6/R/369,ZA-6255,Badalgama,CANCELLED,2024-06-07,,,,,,,Requested job,brake repair. Light repair,Cancel
2024/6/R/355,LI-3401,cep-03,CLOSED,2024-06-08,2024-06-12,,,,5500,24-343,C-job,P/S pump oil leak-Ex,
2024/6/R/356,LI-7620,cep-03,CLOSED,2024-06-08,2024-06-14,,,,77400,24-345,C-job,"Turbocharger repair-(Ex Mendis Kandana), air hose, turbo hose clips",
2024/6/R/357,PJ-6376,Badalgama,CLOSED,2024-06-08,2024-06-10,235516,Km,28,8750,24-347,C-job,"disemble rear brake drum clean & assemble, lubricate gear cable, repaired air leak from vaccume pump",235516Km
2024/6/R/358,48-4849,Badalgama,CLOSED,2024-06-08,2024-07-31,,,258,609613.24,24-589,C-job,"Engine ovehaul(water pump R/kit, cam fillower set, idle wheel thrust washer, bolt lock set, air compressor R/kit, oil pressure relief valve, overhaul gasket kit, oil pump, comp. piston ring set, rocker arm braket, r/mount, E/mount, crank oil seal, top shaft bearing,piston ring set,,silensor packing ,pinion seal, main bearing set, big end bearing set, thrust bearing, sleeve set, cam bush set, valve guide set, gudgeon pin bush set, cam shaft, crank sleeve, idle wheel bush, cam plate, compressor-recondition, comp. bearing, r/hose, ), injector service & repair, radiator repair, water reserve tank repair, egine repaire-Edirisinghe,",
2024/6/R/360,SL-03,Dekatana,CLOSED,2024-06-08,2024-09-07,2716,Hrs,23,9037,24-348,C-job,"Bucket pin repair, starter switch",2716Hr
2024/6/R/361,LO-4824,Badalgama,CLOSED,2024-06-08,2024-06-15,64227,Km,28,8200,24-349,C-job,"service, check fuel & trans. System, injector serviced by AGM",64227Km
2024/6/R/362,LH-5475,Badalgama,CLOSED,2024-06-08,2024-06-11,,,4,8986.25,24-350,C-job,Replaced clutch slave cylinder assy.,MNW
2024/6/R/363,LP-1566,cep-03,CLOSED,2024-06-09,2024-06-10,,,1,370,24-351,C-job,"adjusted brakes, service",
2024/6/R/364,LC-0434,Badalgama,CLOSED,2024-06-09,2024-06-11,,,29,11060,24-352,C-job,"Brake hoses & wire harness damaged due to combination with propellaer shaft, disemble & repair, fuel filter leak repair, wash & grease",MNW
2024/6/R/365,VR-44,cep-03,CLOSED,2024-06-10,2024-06-16,,,72,28300,24-353,C-job,"wash & grease, service, replaced water pump seal, check vibration & travelling, travelling lever repair",MNW
2024/6/R/366,LI-7701,cep-03,CLOSED,2024-06-10,2024-06-27,,,55,120400.5,24-354,C-job,"replaced tipping jack -recondition, elec. Repair(replaced fuse box, horn , etc), replaced clutch pump up, adjusted gear linkage, check brakes, wash & grease",MNW
2024/6/R/368,SL-25,Dekatana,CLOSED,2024-06-10,2024-06-12,1257,Hrs,5,3375,24-355,C-job,"service, wash & grease",1257Hr
2024/6/R/381,HEX-29,Badalgama,CLOSED,2024-06-10,2024-06-18,,,,,,Requested job,hy. breaker gas charging,
2024/6/R/370,LN-9046,Buttala,CLOSED,2024-06-11,2024-06-16,131511,Km,40,68415,24-356,C-job,"Replaced king pin R/.kit, service, elec. Repair(horn), tir rod end R/kit, shock bush 4, shock absorber 2",131511Km
2024/6/R/371,LN-8278,Badalgama,CLOSED,2024-06-11,2024-06-11,867145,Km,1,2850,24-357,C-job,checked wheel alignment & shock absorbers,867145Km
2024/6/R/372,TB-15,Kadawatha,CLOSED,2024-06-11,2024-06-14,,,14,17568,24-358,C-job,"replaced axel bearing inne, outer, hub greasing, water pump E/oil change, carb replaced clean plug, carb tune up",
2024/6/R/373,GE-156,Katana,CLOSED,2024-06-11,2024-06-11,,,16,7497,24-360,C-job,"stand making for stand up, the gnerator, replaced starting rachet, -used, change E/oil carb clean, check spark plug, clean, check poer out put",
2024/6/R/374,LM-7949,cep-03,CLOSED,2024-06-11,2024-06-12,,,8,3000,24-361,C-job,Brake drum facing-2nos,
2024/6/R/375,SR-08,cep-03,CLOSED,2024-06-11,2024-06-30,,,,83700,24-362,C-job,drum mount 9nos,SSO
2024/6/R/376,LL-0936,Dekatana,CLOSED,2024-06-11,2024-06-14,,,5,4579,24-363,C-job,"Alternator repair( replaced bearing 2nos 6303,6201), alternator belt 2nos",
2024/6/R/377,VR-61,Port City,CLOSED,2024-06-11,2024-06-14,,,6,2725,24-364,C-job,"checked all oil levels battery charging, wash & grease, fixed another machine fuel tank cap",
2024/6/R/379,HEX-23,cep-03,CLOSED,2024-06-11,2024-06-13,,,4,20700,24-366,C-job,Replaced oil pressure sensor,
2024/6/R/380,LO-4823,Erawur,CLOSED,2024-06-13,2024-06-15,183258,Km,42,51203,24-368,C-job,"Clutch repair(replaced clutch plate new ), fuel hose damage repair, service, wash & grease",183258Km
2024/6/R/382,PT-1569,Katana,CLOSED,2024-06-13,2024-06-13,,,16,17206,24-370,C-job,"Replaced hub seal, bearings, top up pinion oil",
2024/6/R/383,LK-2276,Katana,CLOSED,2024-06-14,2024-06-14,159163,Km,10,6827,24-371,C-job,"Repaired water leak(replaced radiator hose), wash & grease",159163Km
2024/6/R/384,PH-6742,cep-03,CLOSED,2024-06-14,2024-06-22,,,31,70702,24-372,C-job,"Replaced king pin R/kit, tie rod end 2, grease cup, F/ hub bearing inner & outer L & R, brake shoe re lining F LH ,RH, shockabsorber repair F LH & RH , shock absorber bush, brake washer 8",
2024/6/R/385,RS-0483,Katana,CLOSED,2024-06-14,2024-06-14,,,16,18300,24-373,C-job,"replaced stabilizer seal kit ,top up hy. oil",
2024/6/R/386,GE-107,cep-03,CLOSED,2024-06-15,2024-06-18,,,18,8800,24-374,C-job,"service, check power Output, machine cleaning, fuel tank cleaning",
2024/6/R/387,28-4314,Badalgama,CLOSED,2024-06-17,2024-06-20,,,13,22010,24-375,C-job,"replaced caliper piston 2, clutch R/kit, brake R/kit,",MNW
2024/6/R/388,47-5112,Badalgama,CLOSED,2024-06-17,2024-06-17,299167,Km,14,7050,24-376,C-job,"Fuel system repair, cleaned fuel tank, changed fuel filter FC-1001",299167Km
2024/6/R/389,325-5120,Badalgama,CLOSED,2024-06-17,2024-06-17,,,7,10950,24-377,C-job,"adjusted brakes, gear linkage, replaced gear lever rod end 2 nos",MNW
2024/6/R/390,LK-5041,Badalgama,CLOSED,2024-06-17,2024-06-17,423266,Km,5,10650,24-378,C-job,"Adjusted gear linkage, tightened hy. hose,disemble F/fog lamp",423266Km MNW
2024/6/R/393,HEX-26,Kilinochchi,CLOSED,2024-06-17,2024-06-22,,,56,167100,24-382,C-job,"Replaced sprocket wheel 2, bucket repair,bucket teeth, coller bush 4",
2024/6/R/399,HEX-42 breaker,cep-03,CLOSED,2024-06-17,2024-06-20,,,,,,Requested job,chisel fallen down-c-com,
2024/6/R/391,PR-1469,Badalgama,CLOSED,2024-06-18,2024-06-18,,,3,2800,24-379,C-job,"adjusted steering free play, wash & grease, repaired tappet cover oil leak",MNW
2024/6/R/392,LK-2276,Katana,CLOSED,2024-06-18,2024-06-24,159270,Km,4,9710,24-380,C-job,"replaced fuel cut off solenoid, tipper door lock repair",159270Km
2024/6/R/394,HEX-41,cep-03,CLOSED,2024-06-18,2024-06-18,,,,245000,24-383,C-job,Replaced alternator -new,SSO
2024/6/R/395,LJ-5559,cep-03,CLOSED,2024-06-18,2024-06-26,,,22,14600,24-384,C-job,replaced tipping jack seal,
2024/6/R/396,325-5120,Badalgama,CLOSED,2024-06-21,2024-06-22,,,8,4800,24-385,C-job,"Replaced clutch washer, gear lever rod ends",MNW
2024/6/R/397,LN-1867,Kilinochchi,CLOSED,2024-06-22,2024-06-22,300419,Km,10,3400,24-386,C-job,"fuel system check clean water seperator,feed pump, service",300419Km
2024/6/R/409,HEX-26,Kilinochchi,CLOSED,2024-06-22,2024-06-22,,,,,,Requested job,bucket repair,
2024/6/R/398,ZA-7810,cep-03,CLOSED,2024-06-24,2024-06-26,,,6,10691.85,24-387,C-job,"Replaced mixture cleaning water pump water seal, bearing 2 nos, reverse plug,",
2024/6/R/400,MG-10,cep-03,CLOSED,2024-06-24,2024-06-25,,,,4500,24-388,C-job,gear cable repair-ex,
2024/6/R/401,HEX-41,cep-03,CLOSED,2024-06-24,2024-06-26,,,72,29300,24-389,C-job,"bucket pin filling, turning out 3nos, replaced H bushes 4, welding cutting edge for bucket, bucket welding work, pin holder",
2024/6/R/402,LI-3401,cep-03,CLOSED,2024-06-24,2024-06-25,,,,1600,24-390,C-job,Replaced oil cooler packing,SSO
2024/6/R/403,VR-12,Port City,CLOSED,2024-06-24,2024-06-25,,,2,40190,24-391,C-job,"service,check vibration,replaced battery",
2024/6/R/404,DAH-2228,Batticaloa,CLOSED,2024-06-24,2024-06-25,202749,Km,29,52000,24-392,C-job,"injector cleaned, diesel tank & high pressure pump cleaned,replaced fuel filter adjusted fan belt",202749Km
2024/6/R/405,LB-4824,Katana,CLOSED,2024-06-24,2024-06-25,,,3,900,24-393,C-job,"Starter motor repair,",
2024/6/R/406,AC-37,cep-03,CLOSED,2024-06-24,2024-07-24,,,105,48030,24-394,C-job,"Accident repair(Replaced engine mount, paint items,tinkering, painting)",
2024/6/R/407,RD-3536,Alawwa,CLOSED,2024-06-24,2024-06-24,4983,Hrs,6,2100,24-395,C-job,"changed battery, check all oil levels, brake, battery charging, starting",4983Hr
2024/6/R/407-1,LM-5720,cep-03,CLOSED,2024-06-24,2024-06-27,,,22,36580,24-396,C-job,"Accident repair, replaced clutch master cylinder, clutch slave cylinder, air hose, fuel feed pump R/kit, wash & grease, service",MNW
2024/6/R/410,PA-4879,Muthur,CLOSED,2024-06-25,2024-06-27,,,24,32900,24-398,C-job,"T-belt(replaced t-belt, adjuster, idle wheel bearing, ),PS belt, fan belt 2",
2024/6/R/408,LD-06,Muthur,CLOSED,2024-06-26,2024-06-27,,,12,29960,24-397,C-job,Replaced steering jack seal 2,
2024/6/R/411,LI-7618,cep-03,CLOSED,2024-06-26,2024-07-10,,,18,171670,24-400,C-job,"replaced king pin R/kit, clutch repair(pressure plate facing, clutch liner set,finger R/kit, clutch bearing assy.), Gear box repair(top shaft repair, counter shaft repair, top shaft seal, brass corn 1, gear box packing kit, counter shaft bearing outer,inner bearing, ) shockabsorber repair 2 nos, F/axel bearing inner 2, outer bearing 2, top shaft bearing, ball joint set, center bolt2, U bolt 2, grease seal set 2, U-joint 2 R/hub bearing 2, hub seal 2",
2024/6/R/412,LM-5723,cep-03,CLOSED,2024-06-26,2024-07-15,,,22,129487.5,24-401,C-job,"Clutch Repair(replaced clutch liner set, clutch bearing, pressure plate Finger R/kit, p/plate spring set, clutch fork), Gear box repair(brass corn small 2, large 1, counter shaft bearing 2, thrust washer, gasket kit, pilot bearing, main shaft oil seal, top shaft oil seal), u-joint",
2024/6/R/413,47-5112,Badalgama,CLOSED,2024-06-26,2024-06-27,299775,Km,20,12855,24-402,C-job,"cleaned diesel tank, changed fuel filter, removed contaminated diesel & fill new 15Ltrs, check E/starting",299775Km
2024/6/R/414,PA-6398,Serunuwara,CLOSED,2024-06-26,2024-08-29,,,33,186148,24-403,C-job,"Tinkering & painting, repaired oil leak from tappet cover, wash & grease, fixed f brake caliper assy., Elec. Repair(replaced signal light LH, tail light , foot board, parking light), suspension repair(D bush 2, stabilizer bush 8, shockabsorber bush 4, strut rod bush 4, lower arm bush 2), door lock, winder assy. LH, wiper blade, starter motor contact pcs, (alternator repair, upper arm, lower arm ball joint, steering link , wheel alignment, upholstery repair, seat cusion)",
2024/6/R/415,EQP-Wacker & sub. Pump,Katana,CLOSED,2024-06-26,2024-06-27,,,16,11432.5,24-404,C-job,"sub pump. Replaced capacitor, wacker-check clutch system,clutch housing lathening, clutch liner rough, check carb. , spark plug, check working condion",
2024/6/R/416,28-4314,Badalgama,CLOSED,2024-06-26,2024-06-26,,,4,2100,24-405,C-job,replaced fan belt 6370,
2024/6/R/422,LI-7618,cep-03,CLOSED,2024-06-26,2024-07-10,,,,,,Requested job,"king pin repair, shockabsorber repair, clutch repair, PTO seal, gear box repair, u-bolt, center bolt, tie rod end, silensor repair",
2024/6/R/423,LM-5723,cep-03,CLOSED,2024-06-26,2024-07-15,,,,,,Requested job,"Top shaft worn out, clutch plate, p/plate, flywheel bearing, u-joint 2",
2024/6/R/417,LM-2298,cep-03,CLOSED,2024-06-27,2024-07-08,,,58,29635,24-406,C-job,Bituman pump housing damage(repaired bituman pump),
2024/6/R/418,HU-5097,Badalgama,CLOSED,2024-06-27,2024-07-04,,,28,92405,24-407,C-job,"Suspension repar(replaced upper arm  & lower arm ball joints, tie rod ends, tie rod inner ball joint, fitman arm, CV joint boot, gear box mount, 7380 belt 2nos",
2024/6/R/419,LN-8279,Badalgama,CLOSED,2024-06-28,2024-07-12,,,39,69542.44,24-407-1,C-job,"Claned air dryer, radiator repaired, top up hy. oil, E/oil , replaced radiator hose",MNW
2024/6/R/420,PR-1469,Badalgama,CLOSED,2024-06-28,2024-07-04,,,18,15830,24-408,C-job,"Replaced F/axel bearing inner,outer, hub ,hub seal",MNW
2024/6/R/432,PA-6398,Serunuwara,CLOSED,2024-06-28,2024-07-30,,,,,,Requested job,"tinkering, suspension & brake, steering sys. Repai, elec. Repair",
2024/6/R/433,68-5115,cep-03,CLOSED,2024-06-28,2024-07-02,,,,,,Requested job,starter motor repair-ex,
2024/6/R/421,LP-1710,Kilinochchi,CLOSED,2024-06-30,2024-06-30,,,4,3540,24-410,C-job,service & elec. Repair,
2024/6/R/424,LP-1579,Kilinochchi,CLOSED,2024-06-30,2024-06-30,,,2,7200,24-413,C-job,Replaced fan clutch gel,
2024/6/R/425,ZB-1047,Kilinochchi,CLOSED,2024-06-30,2024-06-30,,,3,2100,24-414,C-job,Starter motor repair(replaced starter relay),
2024/6/R/426,41-1130,cep-03,CLOSED,2024-06-30,2024-07-11,224,Hrs,64,81356,24-415,C-job,"bowser tank repaired, clutch repair( replaced clutch plate, pressure plate, clutch bearing, pilot bearing), center bearing,joint mount)",224Hr
2024/6/R/427,40-2955,Badalgama,CLOSED,2024-06-30,2024-06-30,,,4,1400,24-416,C-job,"check starting, change battery, clutch cylinder air bleeding",
2024/6/R/434,LI-3395,Muthur Plant,CLOSED,2024-06-30,2024-07-02,,,,,,Requested job,sterter motor repair,
2024/6/R/438,LA-4229,Muthur Plant,CLOSED,2024-06-30,2024-07-01,,,,,,Requested job,"Replace clutch plate , p/plate",
2024/6/R/439-1,40-2955,Badalgama,CLOSED,2024-06-30,2024-06-30,,,,,,Requested job,chk & repair,
2024/6/R/428,PA-6399,Badalgama,CLOSED,2024-07-01,2024-07-10,,,30,35055.34,24-417,C-job,"Replaced gear box mount, clutch fork, adjusted fan belt, clutch fork ball repair, replaced P/S belt, top up P/S oil",MNW
2024/6/R/429,LO-9810,Badalgama,CLOSED,2024-07-01,2024-07-04,108633,Km,4,23081.25,24-418,C-job,"replaced brake pads,repaired driving seat",108633Km
2024/7/R/442,PH-3945,h/o,CLOSED,2024-07-01,2024-07-01,,,,,,Requested job,"oil leak from filter, R/coolant change 2.5L",
2024/7/R/443,HEX-37,cep-03,CLOSED,2024-07-01,2024-07-02,,,,,,Requested job,can not change bucket mode to breaker mode-Elec. Repair,
2024/7/R/445,water pump- LK-4057,Kilinochchi,CLOSED,2024-07-01,2024-07-03,,,,,,Requested job,starting defect,
2024/7/R/444,HEX-26,Kilinochchi,CLOSED,2024-07-02,2024-07-03,,,,,,Requested job,Bucket repair,
2024/7/R/446,ZA-7968,ja-ela bridge,CLOSED,2024-07-02,2024-07-02,,,,,,Requested job,"replace tie rod, service",
2024/7/R/447,LO-7181,Kilinochchi,CLOSED,2024-07-02,2024-07-18,,,,,,Requested job,Injector pump repair- Dimo Anuradhapura,
2024/7/R/448,LD-09,cep-03,CLOSED,2024-07-03,2024-07-05,,,,,,Requested job,"starter motor repair-brush with holder, alternator repair-doide plate",
2024/7/R/449,GE-66,cep-03,CLOSED,2024-07-03,2024-07-05,,,,,,Requested job,starter motor repair-clutch & bushes,
2024/7/R/450,GE-143,cep-03,CLOSED,2024-07-03,2024-07-05,,,,,,Requested job,fan belt,
2024/6/R/430,LN-8278,Badalgama,CLOSED,2024-07-04,2024-07-15,869102,Km,22,14250,24-419,C-job,"repaired shock absorbers,top up B/oil, adjusted fan belt, changed boom cable, adjusted gear lever, repaired door winder motor",869102Km
2024/6/R/431,LL-0936,Katana,CLOSED,2024-07-04,2024-07-06,,,11,14421,24-420,C-job,"Replaced tail light lences, RH side mirror, accelerator cable, battery guard repair, wash & grease , top up gear oil",mnw
2024/6/R/436,PJ-6376,Badalgama,CLOSED,2024-07-04,2024-07-13,,,34,67209.4,24-422,C-job,"clutch repair(replaced clutch plate, pressure plate, clutch bearing), replaced F/LH hub bearings, brake liners,",
2024/7/R/451,LK-6740,Katana,CLOSED,2024-07-04,2024-07-05,,,,,,Requested job,Elec. Repair,
2024/7/R/452,LN-8278,Badalgama,CLOSED,2024-07-04,2024-07-13,,,,,,Requested job,"Door winder motor repair, shockabsorber repair, boom cable side change",
2024/6/R/435,HEX-22,Thissamaharama,CLOSED,2024-07-05,2024-07-10,,,68,91670,24-421,C-job,"repaired tappet cover oil leak,bucket repair, replaced hour meter, bucket teeth, elec. Repair(check engine starting by starter key switch)",CAT 314C
2024/6/R/439,LO-8348,Kilinochchi,CLOSED,2024-07-05,2024-07-12,,,61,221606,24-424,C-job,"Clutch repair(Replaced clutch plate ,pressure plate, flywheel, clutch bearing, pilot bearing, clutch bearing spring)",MNW
2024/7/R/455,LK-1679,Badalgama,CLOSED,2024-07-05,2024-07-06,,,,,,Requested job,parking light repair,
2024/6/R/437,LY-4524,Badalgama,CLOSED,2024-07-06,2024-07-11,831693,Km,5,76577.5,24-423,C-job,"Replaced emergency light, center lock, door lock, tail light,AC repair",831693KM
2024/6/R/439-01,ZA-7968,Gampaha Bridge,CLOSED,2024-07-07,2024-07-08,11870,Hrs,10,28365,24-425,C-job,replaced bucket tilt jack seal,11870Hr
2024/7/R/422,PD-6917,cep-03,CLOSED,2024-07-07,2024-07-12,,,,34450,24-411,C-job,"Suspension & brake repair(Replaced balnce bar bush 2, link end ball joint 2 , balance bar link end bush 4, brake master pump )",SSO
2024/7/R/423,ZA-6255,Badalgama,CLOSED,2024-07-07,2024-07-17,,,56,100629.16,24-412,C-job,"Clutch repair(replaced clutch plate, pressure plate, top shaft bearing), gear box mount, rear all brake liners ,B/wheel cylinders 4nos, u-joint ,",MNw
2024/7/R/458-1,PD-6917,cep-03,CLOSED,2024-07-07,2024-07-12,,,,,,Requested job,R/light repair,
2024/7/R/440,GL-0019,Badalgama,CLOSED,2024-07-08,2024-07-08,,,2,1249,24-426,C-job,Elec. Repair(lights),
2024/7/R/441,HD-9005,Badalgama,CLOSED,2024-07-08,2024-07-11,,,34,7100,24-427,C-job,replaced hub bolts 5nos,
2024/7/R/456,LP-1569,cep-03,CLOSED,2024-07-08,2024-07-09,41961,Km,4,3100,24-435,C-job,Electrical repair(check lights),41961Km
2024/7/R/452-1,PH-6744,cep-03,CLOSED,2024-07-09,2024-07-10,,,2,2470,24-429,C-job,Starter motor clutch repair(replaced bearing),
2024/7/R/453,LO-4824,Badalgama,CLOSED,2024-07-10,2024-07-13,66650,Km,16,32700,24-430,C-job,"Diesel mixed with E/oil, replaced injector O-rings, oil filter, changed E/oil",66650Km
2024/7/R/457,HEX-37,cep-03,CLOSED,2024-07-10,2024-07-14,,,,7500,24-436,C-job,AC repair(expansion valve),
2024/7/R/458-01,LA-9208,Badalgama,CLOSED,2024-07-10,2024-07-18,,,3,7860,24-439,C-job,"Replaced clutch master cylinder R/kit, side mirror",
2024/7/R/459,LP-1578,cep-03,CLOSED,2024-07-10,2024-07-16,,,,97175,24-439-1,C-job,"AC repair(compressor, expansion valve)",
2024/7/R/465,LX-1679,Badalgama,CLOSED,2024-07-10,2024-07-22,,,,,,Requested job,Ramp motor repair,
2024/7/R/468-1,HEX-37,cep-03,CLOSED,2024-07-10,2024-07-14,,,,,,Requested job,AC repair,
2024/7/R/471-1,LP-1578,cep-03,CLOSED,2024-07-10,2024-07-16,,,,,,Requested job,AC repair,
2024/7/R/473,LJ-5203,cep-03,CLOSED,2024-07-10,2024-07-12,,,,,,Requested job,Steering box repair,
2024/7/R/468,EQP-Heat Burner,Badalgama,CLOSED,2024-07-11,2024-07-25,,,10,,24-468,C-job,cleaning & testing heat burner,
2024/7/R/454,LP-1581,Badalgama,CLOSED,2024-07-12,2024-07-18,83278,Km,10,19670,24-431,C-job,"Clutch master pump R/kit, greased clutch fork, elec. Repair(replaced tail light lences, )",83278Km
2024/7/R/460,LK-4058,cep-03,CLOSED,2024-07-12,2024-07-19,,,77,93920,24-440,C-job,"replaced rear all brake liner set, dial plate, hub seal, engine stop cable, rim repair,",MNW
2024/7/R/461,"PE-30,39,109",Badalgama,CLOSED,2024-07-12,2024-07-24,,,8,9097.5,24-441,C-job,"replaced air filter assy. , change E/oil",
2024/7/R/462,LP-1567,cep-03,CLOSED,2024-07-12,2024-07-21,,,,97175,24-452,C-job,"AC repair(compressor, expansion valve)",
2024/7/R/463,SL-11,cep-03,CLOSED,2024-07-12,2024-08-09,,,15,72706.25,24-452-1,C-job,"Replaced battery, fan belt, bucket pin repair",
2024/7/R/474-1,LP-1567,cep-03,CLOSED,2024-07-12,2024-07-21,,,,,,Requested job,AC repair,
2024/7/R/471,SAC-001,Solution,OPEN,2024-07-13,,,,,,,Requested job,Engine repair-,
2024/7/R/464,PD-7049,Solution,CLOSED,2024-07-14,2024-07-19,185253,Km,45,67595.5,24-453,C-job,"T-belt replacing,cam oil seal, turbo hose, injector holder",185253Km
2024/7/R/458,LO-4822,Badalgama,CLOSED,2024-07-15,2024-07-19,158103,Km,17,18662,24-437,C-job,"Replaced wiper spindles, wiper blades,wash & grease, Elec. Repair(check lights)",158103Km
2024/7/R/466,LO-9810,Badalgama,CLOSED,2024-07-15,2024-07-15,109443,Km,3,450,24-454,C-job,Adjusted & clean rear brakes,109443Km
2024/7/R/467,LC-0434,Badalgama,CLOSED,2024-07-15,2024-07-23,396155,Km,13,16096,24-456,C-job,"replaced center bearing, adjusted clutch, repaired alternator wire",396155Km
2024/7/R/468-01,LP-1711,cep-03,CLOSED,2024-07-16,2024-07-17,55691,Km,29,23490,24-457,C-job,"Replaced hub bolt Rear, elec. Repair (tail light)",55691Km
2024/7/R/469,CR-01,cep-03,CLOSED,2024-07-16,2024-07-16,,,17,36850,24-458,C-job,"Brake repair(replaced brake hose, top up brake oil seiken DOT 5)",
2024/7/R/470,PR-1469,Badalgama,CLOSED,2024-07-16,2024-08-02,,,25,24255,24-458-1,C-job,"Repaired starter motor(brush holder, brush set), clutch repair(c/plate, c/bearing, p/plate, top shaft bearing",
2024/7/R/471-01,PR-1469,Badalgama,CLOSED,2024-07-16,2024-07-16,,,1,350,24-459,C-job,Adjusted clutch cable,MNW
2024/7/R/482,PR-1469,Badalgama,CLOSED,2024-07-16,2024-08-02,163877,Km,25,24255,24-482,C-job,"Starter motor repair(brush holder, brush set), Clutch repair(replaced clutch plate, pressure plate, c/bearing,pilot bearing ), wash & grease",163877Km
2024/7/R/489,ZA-2609,Ranpokunagama,CLOSED,2024-07-16,2024-08-10,,,79,313711,24-479,C-job,"replaced outtriger , arm jack seals, manifold packing, turbocharger, fan belt, belt adjuster, radiator cap, backhoe bucket seal kit, starter switch, u-joint, multi seal kit, loader tilt seal kit, bush 40*30, service, top up hy. Oil",
2024/7/R/472,PA-6399,Badalgama,CLOSED,2024-07-18,2024-07-25,,,12,19375,24-460,C-job,"Replaced alternator diode plate with oil seal, tail light lence set, fuel tank cap, adjusted brakes, repaired P/S pump pin bush",
2024/7/R/474,51-7158,Dekatana,CLOSED,2024-07-18,2024-07-19,381544,Km,10,2602,24-461,C-job,"cleaned diesel tank, pipe lines, repaired starter motor",381544Km
2024/7/R/474-01,59-5421,Kilinochchi,CLOSED,2024-07-18,2024-07-18,166117,Km,4,11251.75,24-462,C-job,"service,check brake pads,tie rod, ball joints",166117Km
2024/7/R/475,LK-5041,Badalgama,CLOSED,2024-07-18,2024-07-19,,,8,3500,24-463,C-job,"changed fuel line filter, check fuel system",
2024/7/R/476,VR-40,Biyagama,CLOSED,2024-07-18,2024-07-18,,,4,1400,24-464,C-job,vibration system repair,
2024/7/R/478,LK-2366,Biyagama,CLOSED,2024-07-18,2024-07-22,,,40,19368.5,24-466,C-job,"Repaired drag link, silensor, buffer, R-door.",MNW
2024/7/R/479,LB-4824,Katana,CLOSED,2024-07-22,2024-07-23,,,6,2350,24-467,C-job,"repaired fuel feed pump, accelerator cable",
2024/7/R/480,LD-05,Badalgama,CLOSED,2024-07-22,2024-07-25,,,5,16350,24-468-1,C-job,Starter motor repair(replaced motor clutch),
2024/7/R/481,BET-8552,Gampaha Bridge,CLOSED,2024-07-22,2024-07-28,15412,Km,12,14847.5,24-469,C-job,"Clutch repair(Replaced clutch plates, clutch hub, pressure plate, oil filter, clutch cable)",15412Km
2024/7/R/492,"TR-61,172",Badalgama,CLOSED,2024-07-22,2024-07-30,,,,,,Requested job,"Running repair,",
2024/7/R/483,57-3062,Badalgama,CLOSED,2024-07-24,2024-08-14,202239,Km,32,49844.75,24-472,C-job,"Replaced T-belt(t-belt, belt tensioner, idler wheel, ), fuel filter, P/S belt, Alternator belt, air filter,",202239Km
2024/7/R/484,LP-1566,cep-03,CLOSED,2024-07-26,2024-07-28,,,,97175,24-474,C-job,"AC repair(compressor, expansion valve)",
2024/7/R/485,LI-2427,cep-03,CLOSED,2024-07-26,2024-08-20,,,40,388640,24-474-1,C-job,"Gear box repair(clutch bearing, main shaft bearing 2, counter shaft bearing 2,follower kit, top shaft thrust washer, oil seal 2, needle bearing 2, main shaft lock, recondition gear box, brass corn 6 ,clutch liner set, flywheel disc, ring gear wheel, pilot bearing",
2024/7/R/486,LP-1573,cep-03,CLOSED,2024-07-26,2024-07-28,,,,97175,24-475,C-job,"AC repair(compressor, expansion valve)",
2024/7/R/487,LP-1715,Erawur,CLOSED,2024-07-26,2024-07-28,55646,Km,7,6334,24-476,C-job,"Replaced door winder assy. , tail light repair",55646Km
2024/7/R/488,ZA-2963,cep-03,CLOSED,2024-07-26,2024-08-31,,,66,163976.75,24-478,C-job,"replaced boom jack seal , outtriger jack seal 2, backhoe bucket jack seal , arm jack seal , multi seal , loader tilt seal , hr meter, voltage regulator,radiator reserve tank hose,wash & grease",0Hr
2024/7/R/490,LP-1569,cep-03,CLOSED,2024-07-26,2024-07-29,,,,97175,24-480,C-job,"AC repair(compressor, expansion valve)",
2024/7/R/491,LL-1782,Badalgama,CLOSED,2024-07-26,2024-07-28,,,18,74070,24-481,C-job,"Replaced tie rod end, adjusted clutch,wash & greased",MNW
2024/7/R/496,PJ-6376,Badalgama,CLOSED,2024-07-26,2024-07-27,,,,,,Requested job,diesel block,
2024/7/R/497,HU-5097,Badalgama,CLOSED,2024-07-26,2024-08-09,,,,,,Requested job,Engine overhaul,
2024/7/R/497-1,LP-1566,cep-03,CLOSED,2024-07-26,2024-07-28,,,,,,Requested job,AC Repair,
2024/7/R/498-1,LP-1573,cep-03,CLOSED,2024-07-26,2024-07-28,,,,,,Requested job,AC repair,
2024/7/R/499,LP-1577,cep-03,CLOSED,2024-07-26,2024-08-01,,,,,,Requested job,Head light repair,
2024/7/R/501,LI-3405,cep-03,CLOSED,2024-07-26,2024-09-14,,,,,,Requested job,chk & repair,
2024/7/R/503,LT-09,Erawur,CLOSED,2024-07-26,2024-07-30,,,,,,Requested job,"service, chk engine & light tower",
2024/7/R/504-1,LP-1569,cep-03,CLOSED,2024-07-26,2024-07-29,,,,,,Requested job,A/c repair,
2024/7/R/493,HEX-22,Rattota,CLOSED,2024-07-27,2024-08-10,,,42,135444,24-482,C-job,"bucket repair, replaced sprocket 2, top roller 2, track adjustment grease nipple 2, track link set 2,wash & grease,service",24Hrs
2024/7/R/494,HEX-23,cep-03,CLOSED,2024-07-29,2024-08-13,20137,Hrs,344,868272.5,24-482,C-job,"boom crack repair, arm end & bucket repair, replaced injector rubber, tappet cover packing, grease seal, idler wheel duocorn seal, idler bush, bucket jack seal kit, Undercarriage repair(top roller 4, bucket teeth5, sprocket wheel 2, repaired bucket jack shaft, repaired idler wheel -ex. ,track reapir-ex",20137HR
2024/7/R/495,PH-0765,Katana,CLOSED,2024-07-29,2024-07-30,301608,Km,6,13100,24-483,C-job,replaced F/RH lower arm ball joint,301608Km
2024/7/R/497-01,LH-5475,Badalgama,CLOSED,2024-07-29,2024-07-29,,,3,1609.63,24-484,C-job,"Tightened u-bolts, top up P/S oil",
2024/7/R/498,LK-5041,Badalgama,CLOSED,2024-07-30,2024-07-31,,,6,5604,24-485,C-job,"Replaced diesel return line hose, wiper spindle, starter motor wire, wiper repair",
2024/7/R/498-01,LM-7940,cep-03,CLOSED,2024-07-30,2024-07-31,,,,3500,24-486,C-job,Starter motor repair-Ex kamal katana,
2024/7/R/500,LD-09,cep-03,CLOSED,2024-07-30,2024-07-30,,,,7000,24-487,C-job,Brake oil reserve tank replaced,SSO
2024/7/R/504,PJ-6376,Badalgama,CLOSED,2024-07-30,2024-07-21,,,10,10531,24-489,C-job,"replaced fuel feed pump, w/sep filter, chasis filter,",
2024/7/R/502,ZB-2587,Ranpokunagama,CLOSED,2024-07-31,2024-07-31,1843,Hrs,2,42013,24-488,C-job,Replaced oil pressure sensor,1843Hr
2024/7/R/504-01,PA-6399,Badalgama,CLOSED,2024-07-31,2024-08-02,,,21,35093.5,24-490,C-job,"Replaced gear lever ball joint 2, fan belt 6320A, p/s belt, engine mount 2, gear selector oil seal, silensor mount 4, repaired P/S pump housing",MNW
2024/7/R/515,PA-6399,Badalgama,CLOSED,2024-07-31,2024-08-02,1624,Hrs,21,35093.5,24-515,C-job,"Replaced P/S belt, fan belt 6320A 2nos, engine mount 2, gear lever ball joints, gear selector oil seal, silensor mounts 4, repaired silensor, p/s pump housing & bracket, changed gear box oil",
2024/7/R/505,47-5112,Badalgama,CLOSED,2024-08-01,2024-08-01,,,4,4210,24-491,C-job,"changed filter head used, fuel filter",
2024/7/R/506,LK-5041,Badalgama,CLOSED,2024-08-01,2024-08-02,,,11,15409,24-493,C-job,"Replaced clutch master cylinder R/kit, hose, elec. Repair(lights)",
2024/7/R/507,AC-41,Badalgama,CLOSED,2024-08-01,2024-08-07,,,4,36545,24-494,C-job,"changed fuel filter, battery, check engine starting",
2024/7/R/508,DAH-2228,A/team,CLOSED,2024-08-01,2024-08-04,206645,Km,2,9600,24-495,C-job,"Replaced f/shell, elec. Repair",206645KM
2024/8/R/516,47-5112,Badalgama,CLOSED,2024-08-01,2024-08-01,,,4,3210,24-516,C-job,"change filter head -used, changed fuel filter FC-1821",
2024/8/R/517,LK-5041,Badalgama,CLOSED,2024-08-01,2024-08-02,,,11,15409,24-517,C-job,"Replaced clutch master cylinder R/kit, elec. Repair (lights)",MNW
2024/8/R/518,ZA-2608,Doramadalawa,CLOSED,2024-08-01,2024-11-06,,,112,,24-518,C-job,"repaired accelerator cable, replaced stabilizer jack seal kit, bucket tilt seal kit, backhoe bucket seal kit, backhoe boom seal kit, oil level stick, vaccum pump, spool vale o-rings, fan belt, cabin jack, hy. hose 6, hy. clamp seal 2, spool valve solenoid 4, extra dig pad set, oil plug, wiper blade set, cabin door jack, rear glass jack, trans. filter, hy. filter, battery, wash & grease",
2024/8/R/519,AC-41,Biyagama,CLOSED,2024-08-01,2024-08-07,206678,Km,4,36545,24-519,C-job,"Chec kengine starting, changed fuel filter FC-1821, change battery 65A, top up E/oil 2L",
2024/8/R/520,AC-32,Badalgama,CLOSED,2024-08-01,2024-10-01,,,,,,Requested job,"chk & repair, radiator repair",
2024/8/R/521,DAH-2228,A/team,CLOSED,2024-08-01,2024-08-04,206645,Km,2,9600,24-521,C-job,"Replaced f/shell, elec. repair",206645Km
2024/7/R/509,LC-0434,Badalgama,CLOSED,2024-08-02,2024-08-06,,,12,9669,24-497-1,C-job,"service,,replaced hub seal, elec. Repair",
2024/8/R/523,LP-1712,cep-03,CLOSED,2024-08-02,2024-09-11,,,,,,Requested job,"Accident repair- Autobacs, AC repair",
2024/7/R/510,BET-3772,Badalgama,CLOSED,2024-08-03,2024-08-05,33050,Km,3,7270,24-498,C-job,chain sprocket replaced,33050Km
2024/7/R/511,LN-8278,Badalgama,CLOSED,2024-08-03,2024-08-08,873307,Km,34,30425,24-498-1,C-job,"brake repair(replaced brake washers,dust boot)",873307Km
2024/8/R/526,LD-05,Badalgama,CLOSED,2024-08-03,2024-09-01,,,,,,Requested job,AC Repair,
2024/8/R/528,MG-15,cep-03,CLOSED,2024-08-03,2024-09-14,3871,Hrs,,,,Requested job,hy. pump repair,3871Hr
2024/8/R/529,PH-3945,h/o,CLOSED,2024-08-03,2024-09-02,,,,,,Requested job,suspension repair,
2024/8/R/549,PY-2408,Neluwa,CLOSED,2024-08-03,2024-09-29,,,,,,Requested job,"accident repair, chk steering sys. , alternator repair",
2024/7/R/512,DAH-2230,Serunuwara,CLOSED,2024-08-04,2024-08-08,216571,Km,6,35290,24-500,C-job,"Electrical repair(Replaced head light assy. ), service, replaced wiper blades",216571KM
2024/7/R/513,PY-2408,Badalgama,CLOSED,2024-08-04,2024-08-05,,,2,5750,24-502,C-job,"service, replaced tail light lence, wiper blades,side mirrors",
2024/7/R/514,LP-1578,cep-03,CLOSED,2024-08-04,2024-08-20,,,,1000,24-504,C-job,Head light repair(glass fixing)Ex,
2024/5/R/349,ZA-8337,cep-03,CLOSED,2024-08-05,2024-06-26,,,106,495890,24-339,C-job,"hy. pump housing, 4WD propellarshaft yoke, u-joints, sliding joint,trans, seal,  rear axel u-bolt , service( change trans,  oil with filter, oil filter, fuel filter, top up hy. oil), Elec .repair(light, battery charging, s/motor. Hr meter, horn),",
2024/8/R/527,BDI-8546,Badalgama,CLOSED,2024-08-05,2024-08-16,,,,,,Requested job,chk & repair,
2024/8/R/579,MGS-01,Solution,CLOSED,2024-08-06,2024-08-16,,,9,434517.74,24-561,C-job,"Change tyre 6, battery 2, elec. Repair",MG230
2024/8/R/522,LL-0936,Mathale,CLOSED,2024-08-07,2024-08-14,,,27,65236.5,24-509,C-job,"Replaced clutch cylinder, hand brake cable repaired, head light repair, tightened power steering box union, repaired brake pipe,service, u-joint, joint bolt",
2024/8/R/530,PD-4739,Badalgama,CLOSED,2024-08-07,2024-08-07,,,,12000,24-512,C-job,Steering rack repair-ex,
2024/8/R/539,HO-9850,cep-03,OPEN,2024-08-07,,,,,,,Requested job,replace pinion assy.,
2024/8/R/541,SL-13,cep-03,CLOSED,2024-08-07,2024-08-12,,,,,,Requested job,alternator repair,
2024/8/R/532,VR-29,Gampaha Bridge,CLOSED,2024-08-08,2024-08-09,,,6,5800,24-515,C-job,"check & start Engine, changed E/oil ,air filter",
2024/8/R/531,SL-02,Buttala,CLOSED,2024-08-10,2024-08-26,7265,Hrs,18,15700,24-513,C-job,"Repaired parking solenoid, hy.leaks, battery charging system,starter motor repair (brush set)",S130    7265Hrs
2024/8/R/533,LI-7620,cep-03,CLOSED,2024-08-10,2024-08-10,,,,14500,24-516,C-job,send filters & feed pump to cep-03,
2024/8/R/546,ZA-8337,cep-03,CLOSED,2024-08-10,2024-08-10,,,,,,Requested job,"replace jack seal- loader lift , bucket",
2024/8/R/534,325-5120,Badalgama,CLOSED,2024-08-11,2024-08-14,,,11,14600,24-517,C-job,"brake repair(replaced compressor piston ring set, con rod bearing, f/diaphram 320)",
2024/8/R/550,LP-1719,Erawur,CLOSED,2024-08-11,2024-09-11,,,,,,Requested job,"fuel sys,. Repair-Dimo",
2024/8/R/535,PC-7812,Anuradhapura Lab,CLOSED,2024-08-12,2024-08-22,289067,Km,38,74893.59,24-519,C-job,"Replaced tappet cover packing, R/brake re-lining, F/brake pads, F/hub bolts, clutch slave cylinder R/kit, steering rack repair, check wheel alignment, adhusted hand brakes",289067Km
2024/8/R/552,SR-11,cep-03,CLOSED,2024-08-12,2024-08-15,,,,,,Requested job,,
2024/8/R/553,VR-62,Badalgama,CLOSED,2024-08-13,2024-08-14,,,,,,Requested job,"Wash & grease, chk & repair",
2024/8/R/554,VR-67,Badalgama,CLOSED,2024-08-13,2024-08-14,,,,,,Requested job,vibration switch repair,
2024/8/R/524,TR-144,Biyagama,CLOSED,2024-08-14,2024-08-18,,,11,16743.5,24-510,C-job,"replaced wacker shoe, check & tune up carb. Check machine working condition",
2024/8/R/548,HEX-28,Buttala,CLOSED,2024-08-14,2024-09-12,,,,,,Requested job,"jack seal, sprocket, silensor repair",
2024/8/R/556,TR-01,Biyagama,CLOSED,2024-08-14,2024-08-18,,,,,,Requested job,"replace wacker shoe, carb. Cleaning, chk machine",
2024/8/R/557,TR-144,Biyagama,CLOSED,2024-08-14,2024-08-18,,,,,,Requested job,"replace wacker shoe, carb. Cleaning, chk machine",
2024/8/R/525,48-4849,Badalgama,CLOSED,2024-08-15,2024-08-16,,,3,102910.01,24-511,C-job,replaced batteries 2,
2024/8/R/536,EQP-Concrete mixer,Neluwa-solution,CLOSED,2024-08-15,2024-08-22,,,18,17782,24-521,C-job,"Engine repair(replaced gasket, crankshaft bearing, )check running condition",
2024/8/R/558,48-4849,Badalgama,CLOSED,2024-08-15,2024-08-16,,,,,,Requested job,Replace battery,
2024/8/R/537,PR-1504,Katana,CLOSED,2024-08-16,2024-08-17,,,1,1750,24-524,C-job,Replaced alternator belt,MNW
2024/8/R/555,RC-9894,Badalgama,CLOSED,2024-08-16,2024-08-22,,,,,,Requested job,tyre repair,
2024/8/R/560,LN-1867,Kilinochchi,CLOSED,2024-08-16,2024-09-26,,,,,,Requested job,Engine repair,
2024/8/R/562,LO-5981,cep-03,CLOSED,2024-08-16,2024-09-24,,,,,,Requested job,Fuel sys. Repair Dimo,
2024/8/R/538,LO-4822,Kilinochchi,CLOSED,2024-08-17,2024-08-23,160655,Km,3,3166,24-525,C-job,"Accident repair(windscreen),elec. (lights)",160655Km
2024/8/R/540,LN-8279,Badalgama,CLOSED,2024-08-17,2024-08-23,,,18,34580,24-530,C-job,"clutch washer,check & repair starter motor,",MNW
2024/8/R/542,LP-1715,cep-03,CLOSED,2024-08-18,2024-08-26,,,,,24-531,C-job,Replaced side door glass-accident repair-Autobacs,
2024/8/R/543,PA-6399,Badalgama,CLOSED,2024-08-18,2024-08-24,,,6,14225.5,24-532,C-job,"Repaired stater motor, replaced main relay",
2024/8/R/569,ZA-8445,cep-03,CLOSED,2024-08-19,2024-10-16,,,,,,Requested job,"silensor , shooter repair, remove concrete in mixer drum, starter key cutting",
2024/8/R/544,PR-1504,Katana,CLOSED,2024-08-20,2024-08-21,,,23,23400,24-532,C-job,"Wash & grease, signal light repair, replaced brake disc, pad, hub bearing",
2024/8/R/545,47-5112,Badalgama,CLOSED,2024-08-20,2024-08-28,308656,Km,7,4450,24-533,C-job,Repaired F/shockabsorber,308656Km
2024/8/R/547,LP-1569,cep-03,CLOSED,2024-08-20,2024-08-22,44612,Km,11,6439,24-534,C-job,"adjusted clutch , brakes, wash 7 grease, change fuel filters",44612Km
2024/8/R/571,ASC-19,Batticaloa,CLOSED,2024-08-20,2024-09-10,,,,,,Requested job,Engine overhaul,
2024/8/R/551,VR-68,Badalgama,CLOSED,2024-08-22,2024-08-22,,,7,6362.25,24-535,C-job,"Wash & grease, checked hy, e/oil, battery water",
2024/8/R/559,VR-49,Dekatana,CLOSED,2024-08-22,2024-08-26,,,8,2400,24-536,C-job,Repaired vibration system.,
2024/8/R/575,DAH-2230,Badalgama,CLOSED,2024-08-22,2024-08-29,,,,,,Requested job,Fuel sys. Repair,
2024/8/R/577,LK-6740,Dekatana,CLOSED,2024-08-22,2024-10-04,,,,,,Requested job,"gear engage defect, chk steering ,brakes, turbo hose, service, chk engine stop",
2024/8/R/578,LP-1711,cep-03,CLOSED,2024-08-22,2024-10-23,,,,,,Requested job,Accident repair,
2024/8/R/580,EQP-E55W,Ruwanwella,CLOSED,2024-08-22,2024-08-27,,,,,,Requested job,bucket & breaker pin repair,
2024/8/R/563,LK-5041,Badalgama,CLOSED,2024-08-23,2024-08-23,,,,58480,24-537,C-job,"check battery charging,replaced battery",MNW
2024/8/R/564,VR-48,Badalgama,CLOSED,2024-08-23,2024-08-24,,,4,1395,24-538,C-job,Repaired vibration switch & elec. Repair,
2024/8/R/581,PT-1569,,CLOSED,2024-08-23,2024-09-08,,,,,,Requested job,"steering box repair, suspension repair",
2024/8/R/566,VR-44,,CLOSED,2024-08-24,2024-09-10,,,,,,Requested job,chk travelling & vibration,
2024/8/R/573,LK-2366,Biyagama,CLOSED,2024-08-24,2024-08-30,,,12,10400,24-547,C-job,"Replaced clutch R/kit, lubricated accelerator cable,adjusted brakes.",
2024/8/R/561,GE-102,Abanpola,CLOSED,2024-08-26,2024-08-31,,,,11280,24-537,C-job,Generator coil rewinding-Ex. Buddika,
2024/8/R/565,HEX-29,Ududumbara,CLOSED,2024-08-26,2024-08-27,,,,5000,24-540,C-job,Replaced track link,
2024/8/R/567,HEX-21,Erawur,CLOSED,2024-08-26,2024-08-31,,,17,37750,24-542,C-job,"Replaced valve box pressure sensor 2, air filter, black smoke, machine slow,repaired",SK115SR
2024/8/R/568,LK-2276,Katana,CLOSED,2024-08-26,2024-08-26,,,8,4500,24-543,C-job,"Replaced silensor packing, wash & grease",
2024/8/R/584,LD-03,Muthur Plant,CLOSED,2024-08-26,2024-08-30,,,,,,Requested job,"Replace u-joint,",
2024/8/R/588,AC-41,Biyagama,CLOSED,2024-08-26,2024-08-27,,,,,,Requested job,Alternator repair,
2024/8/R/590,LP-1719,Erawur,CLOSED,2024-08-26,2024-09-11,,,,,,Requested job,Fuel sys. Repair-Dimo Anuradhapura,
2024/8/R/591,EQP-2.5KW Generator,Abanpola,CLOSED,2024-08-26,2024-09-08,,,,,,Requested job,Elec. Repair,
2024/8/R/570,DAH-2228,Badalgama,CLOSED,2024-08-27,2024-08-28,,,30,38425,24-544,C-job,"Replaced steering u-joint 2 , fuel filter, starter motor solenoid, brush set, elec. Horn, checked clutch system",
2024/8/R/585,HEX-33,Erawur,CLOSED,2024-08-27,2024-08-28,,,,,,Requested job,"Error code, tappet cover oil leak repair",
2024/8/R/593,51-8083,Kallanchiya,OPEN,2024-08-27,,,,,,,Requested job,"winder, rear cabin glass, upholstery repair-autobacs",
2024/8/R/572,HEX-18,Erawur,CLOSED,2024-08-28,2024-08-31,,,6,26250,24-545,C-job,Replace hy. pressure sensor.top up hy. oil,
2024/8/R/574,AC-41,Biyagama,CLOSED,2024-08-28,2024-08-29,2691,Hrs,40,70130,24-551,C-job,"Replaced alternator recondition, check & repair electrical system, engine stopped when reduce RPM to idle speed, increase idle rpm check fuel sys., change E/oil, check battery charging",2691Hr
2024/8/R/594,ZA-6255,Badalgama,CLOSED,2024-08-28,2024-09-08,,,,,,Requested job,"Brake repair, leaf spring repair",
2024/8/R/595,PTR-06,Asphalt Team,CLOSED,2024-08-28,2024-09-12,,,,,,Requested job,"clean clutch pump, light, side mirror 2, service, wash & grease, tyre fix, drive chain greasing",
2024/8/R/596,PTR-01,Asphalt Team,CLOSED,2024-08-28,2024-09-12,,,,,,Requested job,"Seat repair, light fix, side mirror 2, wash & grease, chk air pressure",
2024/8/R/598,EQP-Cola cart,Asphalt Team,CLOSED,2024-08-28,2024-09-05,,,,,,Requested job,"carb .clean, chk starting",
2024/8/R/600,SR-15,Badalgama,OPEN,2024-08-28,,,,,,,Requested job,replace water pump seal,
2024/8/R/601,AP-08,Asphalt Team,CLOSED,2024-08-28,2024-09-12,,,,,,Requested job,"chk machine oil level, trans. Conveyors",
2024/8/R/576,PA-6399,Port City,CLOSED,2024-08-29,2024-08-30,,,,20700,24-559,C-job,Starter motor repair-Ex kamal katana,3L
2024/8/R/603,HEX-01,cep-03,CLOSED,2024-08-29,2024-09-11,,,,,,Requested job,"scanning, injector repair-DAX , C-com",
2024/8/R/605,PC-01,cep-03,CLOSED,2024-08-30,2024-12-20,,,,,,Requested job,"Agitator, S-valve, pump cylinder replace",
2024/8/R/606,LE-4986,Kallanchiya,OPEN,2024-08-30,,,,,,,Requested job,"Starter motor repair,tinkering & painting-autobacs,",
2024/8/R/607,CR-02,cep-03,CLOSED,2024-08-30,2024-09-02,,,,,,Requested job,Elec. Repair,
2024/9/R/608,LN-8279,Badalgama,CLOSED,2024-09-02,2024-09-02,,,,,,Requested job,change w/separator,
2024/9/R/609,ZA-0447,Doramadalawa,CLOSED,2024-09-02,2024-09-02,,,,,,Requested job,water pump repair,
2024/9/R/610,LL-0690,Doramadalawa,CLOSED,2024-09-02,2024-09-02,,,,,,Requested job,,
2024/9/R/611,LD-8875,Galnewa,CLOSED,2024-09-02,2024-09-05,,,,,,Requested job,Gear link repair,
2024/9/R/612,DAH-2231,cep-03,CLOSED,2024-09-02,2024-09-02,,,,,,Requested job,Brake & suspension parts send wadakada,
2024/9/R/613,PJ-6376,Badalgama,CLOSED,2024-09-02,2024-09-02,,,,,,Requested job,Fuel sys. Repair,
2024/9/R/618,BGM-2094,cep-03,CLOSED,2024-09-02,2024-09-08,,,,,,Requested job,CDI,
2024/9/R/619,LM-7949,cep-03,CLOSED,2024-09-02,2024-09-10,,,,,,Requested job,starter motor repair,
2024/9/R/620,TM-20,Kilinochchi,CLOSED,2024-09-02,2024-09-02,,,,,,Requested job,sent water pump by c-com to site,
2024/9/R/621,WG-06,cep-03,CLOSED,2024-09-02,2024-09-24,,,,,,Requested job,Replace starter motor,
2024/9/R/614,PH-6747,cep-03,CLOSED,2024-09-03,2024-09-08,,,,,,Requested job,brake repair,
2024/9/R/616,LD-09,cep-03,CLOSED,2024-09-03,2024-09-07,,,,,,Requested job,fan belt  10PK1334,
2024/9/R/617,MG-12,cep-03,CLOSED,2024-09-03,2024-09-08,,,,,,Requested job,"Bearing ,oil seal",
2024/9/R/622,HEX-19,cep-03,CLOSED,2024-09-03,2024-09-05,,,,,,Requested job,fan belt,
2024/9/R/623,PD-7049,Solution,CLOSED,2024-09-03,2024-09-11,,,,,,Requested job,"oil leak, suspension repair, center bearing",
2024/9/R/624,LM-6653,Batticaloa,CLOSED,2024-09-03,2024-09-10,,,,,,Requested job,"Welding work, replace accelerator cable, elec. Repair",
2024/9/R/625,DAH-2230,,CLOSED,2024-09-03,2024-09-08,,,,,,Requested job,"clutch, u-joint,",
2024/9/R/626,EQP-concrete mixture,Raththota,CLOSED,2024-09-03,2024-09-12,,,,,,Requested job,Engine repair,
2024/9/R/627,VR-69,cep-03,CLOSED,2024-09-03,2024-09-03,,,,,,Requested job,Replace elec .fuel feed pump,
2024/9/R/615,PD-6917,cep-03,CLOSED,2024-09-04,2024-09-26,,,,,,Requested job,"Suspension repair, R-deck repair",
2024/9/R/628,MG-04,cep-03,CLOSED,2024-09-04,2024-11-12,,,,,24-628,C-job,Hy.pump repair-warranty repair by C-COM,
2024/9/R/629,HEX-05,Raththota,CLOSED,2024-09-04,2024-09-05,,,,,,Requested job,"hy. oil leak, top up hy. oil",
2024/9/R/630,LK-4061,cep-03,CLOSED,2024-09-04,2024-09-18,,,,,,Requested job,"spring pin bush, silensor, king pin, shock absorber repair",
2024/9/R/631,ASC-19,Katana,CLOSED,2024-09-05,2024-12-11,,,,,,Requested job,Engine repair,
2024/9/R/632,LM-5720,cep-03,CLOSED,2024-09-05,2024-09-14,,,,,,Requested job,"gear box, clutch, tie rod,",
2024/9/R/644,VR-14,Badalgama,OPEN,2024-09-05,,,,,,,Requested job,circuit board repair,
2024/9/R/645,ZA-2964,cep-03,CLOSED,2024-09-05,2025-01-09,,,,,,Requested job,Engine overhaul,
2024/9/R/646,HS-1773,Badalgama,CLOSED,2024-09-05,2024-12-10,,,85,,24-646,C-job,"Tinkering & painting-Autobacs, Deck repair & painting, injector pump repair, replaced disel pipe, R-crank oil seal, R-tipping deck shaft, side mirror, crank oil seal housing, wiper arm groove,injector pump housing, Elec. Repair(H-light, signal ,battery charging checking)",
2024/9/R/647,PA-4879,Muthur Plant,CLOSED,2024-09-05,2024-10-30,,,,,,Requested job,Engine minor repair,
2024/9/R/649,DAH-2228,Asphalt Team,CLOSED,2024-09-05,2024-09-10,,,,,,Requested job,clutch repair,
2024/9/R/650,LO-8348,Kilinochchi,CLOSED,2024-09-05,2024-09-12,,,,,,Requested job,Accident repair,
2024/9/R/651,LD-07,Kallanchiya,CLOSED,2024-09-07,2024-10-04,,,,,,Requested job,"Elec. Repair, seat repair, meter repair, tyre",
2024/9/R/652,LL-0623,,OPEN,2024-09-07,,,,,,,Requested job,tinkering & painting-autobacs,
2024/9/R/653,SR-09,cep-03,CLOSED,2024-09-07,2024-09-07,,,,,,Requested job,Radiator repair,
2024/9/R/654,LM-5720,cep-03,CLOSED,2024-09-07,2024-09-08,,,,,,Requested job,"Drag link ,tie rod repair",
2024/9/R/655,LM-5721,cep-03,CLOSED,2024-09-07,2024-09-08,,,,,,Requested job,brake chamber clamp repair,
2024/9/R/656,LK-4059,cep-03,CLOSED,2024-09-07,2024-09-07,,,,,,Requested job,starter motor repair,
2024/9/R/657,LM-5719,cep-03,CLOSED,2024-09-07,2024-09-08,,,,,,Requested job,pressure plate finger  repair,
2024/9/R/658,LP-1577,cep-03,CLOSED,2024-09-07,2024-09-09,,,,,,Requested job,Fan belt,
2024/9/R/659,CR-01,ja-ela bridge,CLOSED,2024-09-07,2024-09-11,,,,,,Requested job,"brake hose repair, suspension sys. Repair",
2024/9/R/660,EQP-water pump,ja-ela bridge,CLOSED,2024-09-07,2024-09-10,,,,,,Requested job,"silensor, pump housing, belt",
2024/9/R/661,PTR-006,Badalgama,CLOSED,2024-09-07,2024-09-10,,,,,,Requested job,tyre repair,
2024/9/R/662,28-4314,Badalgama,CLOSED,2024-09-07,2024-09-10,,,,,,Requested job,alternator repair,
2024/9/R/663,LC-0434,Badalgama,CLOSED,2024-09-08,2024-09-08,,,,,,Requested job,diesel tank bracket repair,
2024/9/R/664,40-2955,,CLOSED,2024-09-09,2024-09-15,,,,,,Requested job,"Elec. Repair, glow plug,",
2024/9/R/665,SR-04,Asphalt Team,CLOSED,2024-09-09,2024-09-12,,,,,,Requested job,"seat ,canopy, light bracket, water pump,",
2024/9/R/666,HS-1794,Asphalt Team,CLOSED,2024-09-09,2024-09-12,,,,,,Requested job,"elec. Repair-tail light, cabin fan",
2024/9/R/667,ZA-7965,Katana,CLOSED,2024-09-10,2024-09-10,,,,,,Requested job,replace fuel feed pump,
2024/9/R/668,LX-1045,Badalgama,CLOSED,2024-09-11,2024-09-11,,,,,,Requested job,tightend wheel nut,
2024/9/R/669,LK-4059,cep-03,OPEN,2024-09-11,,,,,,,Requested job,"Chk gear box, door lock, water pump, chk lights,",
2024/9/R/670,LK-2276,Katana,CANCELLED,2024-09-11,,,,,,,Requested job,air dryer repair,Cancel
2024/9/R/671,HEX-22,Hambantota,CLOSED,2024-09-13,2024-09-15,,,,,,Requested job,"Breaker line oil leak, arm jack hose oil leak, E/oil leak,",
2024/9/R/672,325-5120,Badalgama,CLOSED,2024-09-13,2024-09-14,,,,,,Requested job,diesel block,
2024/9/R/673,MT-270,Mundalama Estate,CLOSED,2024-09-13,2024-09-28,,,,,,Requested job,"service, hy. leak, rotavator repair",
2024/9/R/674,EQP-Slasher,Mundalama Estate,CLOSED,2024-09-13,2024-09-25,,,,,,Requested job,"replace oil seal, cutting blade bracket repair",
2024/9/R/675,LY-4524,Badalgama,CLOSED,2024-09-13,2024-09-14,,,,,,Requested job,Elec. Repair-tail light,
2024/9/R/676,LL-1782,Badalgama,CLOSED,2024-09-14,2024-09-14,,,,,,Requested job,Ramp hy. hose repair,
2024/9/R/677,LN-8278,Badalgama,CLOSED,2024-09-16,2024-09-16,,,,,,Requested job,"chk brakes, replace F/LH brake washer",
2024/9/R/678,ZA-7092,Abanpola,CLOSED,2024-09-16,2024-09-18,,,,,,Requested job,"replace teering rack end, multi jack seal, outtriger jack seal",
2024/9/R/679,LO-7184,cep-03,CLOSED,2024-09-16,2024-09-24,,,,,,Requested job,clutch repair,
2024/9/R/680,LM-7948,cep-03,CLOSED,2024-09-16,2024-09-25,,,,,,Requested job,clutch repair,
2024/9/R/681,LP-1574,cep-03,CLOSED,2024-09-16,2024-09-18,,,,,,Requested job,"gear shift rail springs tensioned, 1 st & 5th gear not engage properlly, gear oil leak, AC repair, service",
2024/9/R/682,DAH-2228,Asphalt Team,CLOSED,2024-09-16,2024-09-17,,,,,,Requested job,"brake oil leak, replac caliper seal kit",
2024/9/R/683,LI-3395,Muthur,CLOSED,2024-09-16,2024-11-06,,,137,,24-683,C-job,"Deck repair, replaced starter relay, tyre change R RH two wheel, starter motor repair(replaced solenoid), F/RH door post tinkering & painting, replaced tipping jack seal , hy. pump oil leak repair, replaced F all brake liners & axel outer bearings, wash & grease, replaced gear lever ball joint S-3, L-1, gear link bush set, tail light set LH RH",
2024/9/R/684,BIE-8724,Badalgama,CLOSED,2024-09-16,2024-09-18,,,,,,Requested job,"replace brake cable, meter cable",
2024/9/R/685,LJ-5559,cep-03,CLOSED,2024-09-16,2024-10-02,,,,,,Requested job,"clutch repair, gear ball repair",
2024/9/R/686,41-1130,cep-03,CLOSED,2024-09-16,2024-09-29,,,,,,Requested job,alternator repair,
2024/9/R/687,41-7225,Solution,CLOSED,2024-09-16,2024-10-23,,,,,,Requested job,"engine starting, starter motor repair",
2024/9/R/688,LO-4925,Solution,OPEN,2024-09-16,,,,,,,Requested job,"cabin jack repair, wash, light repair, service, door pin repair",
2024/9/R/689,LO-8350,cep-03,CLOSED,2024-09-16,2024-09-24,,,,,,Requested job,clutch repair,
2024/9/R/690,ZA-8511,cep-03,CLOSED,2024-09-16,2024-10-11,,,,,,Requested job,wiper motor,
2024/9/R/691,HEX-41,cep-03,CLOSED,2024-09-16,2024-09-30,,,,,,Requested job,arm end repair,
2024/9/R/692,PH-3945,H/o,CLOSED,2024-09-18,2024-09-19,,,,,,Requested job,"replace clutch slave pump, master cylinder R/kit, body wash & grease",
2024/9/R/693,SR-11,cep-03,CLOSED,2024-09-19,2024-10-23,,,,,,Requested job,hy. mixed with R/axel oil-replace caliper seal,
2024/9/R/694,LX-1679,Badalgama,CLOSED,2024-09-25,2024-09-28,,,,,,Requested job,brake reapir,
2024/9/R/695,PH-6747,Batticaloa,CLOSED,2024-09-25,2024-10-01,,,,,,Requested job,king pin repair,
2024/9/R/696,LB-4824,Badalgama,CLOSED,2024-09-25,2024-10-30,,,,,,Requested job,"suspension, R/wheel cylinder, B/washer, brake master cylinder R/kit",
2024/9/R/697,SL-03,Gampaha,OPEN,2024-09-25,,,,,,,Requested job,"chk & repair radiator, bucket",
2024/9/R/698,PD-6917,cep-03,CLOSED,2024-09-26,2024-09-28,,,,,,Requested job,signal light,
2024/9/R/699,SL-05,ja-ela bridge,CLOSED,2024-09-26,2024-09-26,,,,,,Requested job,parking brake defect,
2024/9/R/699-1,SL-24,cep-03,CLOSED,2024-09-27,2024-09-27,,,,,,Requested job,hy. hose,
2024/9/R/700,LO-7855,Neluwa,CLOSED,2024-09-29,2024-09-29,,,,,,Requested job,"Elec .repair, fan belt",
2024/9/R/701,PJ-6376,Badalgama,CLOSED,2024-09-29,2024-09-29,,,,,,Requested job,fuel sys. Repair,
2024/9/R/702,43-1191,Badalgama,CLOSED,2024-09-29,2024-10-16,,,,,,Requested job,"Radiator repair, wash & grease, P/S pump oil leak, E/cooling sys. Repair",
2024/9/R/703,LI-3851,Muthur,CLOSED,2024-09-30,2024-11-12,,,62,,24-703,C-job,"Tipper deck repair, greased F/axel braing, replaced F LH brake liners, Rear LH RH hub seal, hub bolt 2, sump oil drain nut repaired, service, wash & grease",
2024/9/R/704,HEX-28,Buttala,CLOSED,2024-09-30,2024-10-01,,,,,,Requested job,"door lock repair, hy. leak",
2024/9/R/705,ZA-7965,Katana,CLOSED,2024-09-30,2024-09-30,,,,,,Requested job,"trans .oil change, chk light trans. Sys.",
2024/9/R/706,LY-1614,,CLOSED,2024-09-30,2024-10-01,,,,,,Requested job,"main switch, lights, door lock, battery post repair",
2024/9/R/707,EQP-2.5KW Generator,Serunuwara,CLOSED,2024-09-30,2024-09-30,,,,,,Requested job,"Spark plug, clean carb, service, change air filter, replace brush set, AVR",
2024/10/R/709,57-3062,Badalgama,CLOSED,2024-10-01,2024-10-03,,,,,,Requested job,Fuel sys. Repair,
2024/10/R/710,HEX-01,cep-03,CLOSED,2024-10-01,2024-10-02,,,,,,Requested job,"fan belt, belt adjuster, AC belt",
2024/10/R/711,LP-1574,cep-03,CLOSED,2024-10-01,2024-10-02,,,,,,Requested job,fan belt,
2024/10/R/712,LM-5720,cep-03,CLOSED,2024-10-01,2024-10-30,,,,,,Requested job,"heat meter, speed meter cable",
2024/10/R/713,HEX-46,cep-03,CLOSED,2024-10-01,2024-10-08,,,,,,Requested job,Top roller 2nos,
2024/10/R/714,HEX-22,Erawur,CLOSED,2024-10-01,2024-10-01,,,,,,Requested job,boom & arm joining pin making,
2024/10/R/715,LC-0434,Badalgama,CLOSED,2024-10-01,2024-10-02,,,,,,Requested job,accelerator cable gear lever ball joint,
2024/10/R/708,LJ-5203,cep-03,CLOSED,2024-10-02,2024-10-14,,,,,,Requested job,"E/oil lek repair, injector pump governor seal, bushing, tappet cover packing, service, wash & grease, silensor repair",
2024/10/R/716,SRS-01,Solution,CLOSED,2024-10-02,2024-10-05,,,,,,Requested job,"service, running repair",
2024/10/R/717,DAH-2228,Badalgama,CLOSED,2024-10-03,2024-10-03,,,,,,Requested job,Elec .repair,
2024/10/R/718,HEX-28,Badalgama,CLOSED,2024-10-03,2024-10-08,,,,,,Requested job,"travelling, starting light",
2024/10/R/719,47-5112,Badalgama,CLOSED,2024-10-03,2024-10-15,,,,,,Requested job,"suspension, rack end, water pump, tappet cover packing, timing belt",
2024/10/R/720,LC-0434,Badalgama,CLOSED,2024-10-04,2024-10-09,,,,,,Requested job,gear box top shaft coupling,
2024/10/R/721,325-5120,Badalgama,CLOSED,2024-10-04,2024-10-05,,,,,,Requested job,"cleaned diesel tank, fuel pipes",
2024/10/R/722,PC-02,cep-03,CLOSED,2024-10-04,2024-10-05,,,,,,Requested job,water pump repair,
2024/10/R/723,LO-7184,cep-03,CLOSED,2024-10-05,2024-10-09,,,,,,Requested job,Drag link repair,
2024/10/R/724,EQP-concrete mixture,Neluwa,CLOSED,2024-10-05,2024-10-05,,,,,,Requested job,"diesel filter change, replace gasket",
2024/10/R/725,EQP-Batching plant,cep-03,CLOSED,2024-10-05,2024-10-06,,,,,,Requested job,"bearing ,seal",
2024/10/R/726,PD-6917,cep-03,CLOSED,2024-10-05,2024-10-09,,,,,,Requested job,"brake disc, pads, fan belts",
2024/10/R/727,SL-08,cep-03,CLOSED,2024-10-05,2024-10-10,,,,,,Requested job,"Alternator repair,belt-replace regulator",
2024/10/R/728,LH-5475,Badalgama,CLOSED,2024-10-07,2024-10-07,,,,,,Requested job,"mixture motor oil change, filter change",
2024/10/R/729,48-4849,Badalgama,CLOSED,2024-10-07,2024-10-08,,,,,,Requested job,hose & union repair,
2024/10/R/730,LK-6740,Katana,CLOSED,2024-10-07,2024-10-09,,,,,,Requested job,Elec .repair-floor board tinkering,
2024/10/R/731,LK-2276,Katana,CLOSED,2024-10-08,2024-10-16,,,,,,Requested job,"air leak, elec. Repair ,air dryer",
2024/10/R/732,RF-8340,Mundalama Estate,CLOSED,2024-10-08,2024-10-22,,,,,,Requested job,Tailor not connect with machine,
2024/10/R/733,28-4314,Badalgama,CLOSED,2024-10-08,2024-10-09,,,,,,Requested job,hub bearing repair-F/LH,
2024/10/R/735,LD-8875,Galnewa,CLOSED,2024-10-08,2024-10-11,,,,,,Requested job,"Gear oil change, water delivery pipe fix, change PS oil, water pump fix",
2024/10/R/736,PH-3945,H/O,CLOSED,2024-10-08,2024-10-10,,,,,,Requested job,"Suspension, brake, tappet cover packing",
2024/10/R/737,EQP-concrete mixture,Neluwa,CLOSED,2024-10-08,2024-10-14,,,,,,Requested job,"Engine repair, chassis, pot repair",
2024/10/R/738,EQP-concrete mixture,Neluwa,CLOSED,2024-10-08,2024-10-14,,,,,,Requested job,"Engine repair, chassis, pot repair",
2024/10/R/739,HU-5097,cep-03,CLOSED,2024-10-08,2024-10-08,,,,,,Requested job,Leaf spring repair,
2024/10/R/740,EQP-bar cutter,cep-03,CANCELLED,2024-10-08,,,,,,,Requested job,armature,Cancel
2024/10/R/734,GL-0019,Badalgama,CLOSED,2024-10-09,2024-12-27,,,,,,Requested job,"wheel abnormal worn F/RH, suspension repair",
2024/10/R/741,ZA-7290,cep-03,CLOSED,2024-10-09,2024-10-10,,,,,,Requested job,clutch cylinder repair,
2024/10/R/742,ZA-8033,cep-03,CLOSED,2024-10-09,2024-10-11,,,,,,Requested job,fan belt,
2024/10/R/743,LK-4057,cep-03,CLOSED,2024-10-09,2024-10-12,,,,,,Requested job,alternator repair,
2024/10/R/744,PH-6744,cep-03,CLOSED,2024-10-09,2025-01-10,,,,,,Requested job,Accident repair-Autobacs,
2024/10/R/745,MG-10,cep-03,CLOSED,2024-10-09,2024-10-10,,,,,,Requested job,King pin repair,
2024/10/R/746,MGS-01,cep-03,CLOSED,2024-10-09,2024-11-24,,,,,,Requested job,Hy. pump repair,
2024/10/R/747,LO-7855,Solution,CLOSED,2024-10-09,2024-10-20,,,,,,Requested job,Replaced head light circuit,
2024/10/R/748,CR-02,cep-03,CLOSED,2024-10-09,2024-10-09,,,,,,Requested job,Brake booster repair,
2024/10/R/749,LK-2366,Katana,CLOSED,2024-10-09,2024-10-13,,,,,,Requested job,"starter motor, clutch, lights, meter, door lock, driving seat welding",
2024/10/R/750,HEX-28,Badalgama,CLOSED,2024-10-09,2024-10-15,,,,,,Requested job,Alternator repair-Battery not charging,
2024/10/R/751,BDJ-2375,Katana,CLOSED,2024-10-10,2024-12-02,,,16,,24-751,C-job,"Engine repair(Re-boring engine, replaced timing chain, cam racer,vale in,ex, valve rubber, spark plug, tappet adjusting bolt, oil filter, plug top), clutch plate, pressure plate, horn, signal flasher, speed meter wheel , battery terminalE/oil,",
2024/10/R/752,LK-4058,cep-03,CLOSED,2024-10-10,2024-10-30,,,52,,24-752,C-job,tipper deck door repair,
2024/10/R/753,SR-13,Batticaloa,CLOSED,2024-10-11,2024-10-25,,,,,,Requested job,Filter head-made an union at lathe,
2024/10/R/754,HEX-17,Kilinochchi,CLOSED,2024-10-11,2024-10-20,,,,,,Requested job,Blower motor,
2024/10/R/755,HEX-41,cep-03,CLOSED,2024-10-11,2024-10-20,,,,,,Requested job,Blower motor,
2024/10/R/756,HU-5097,Badalgama,CLOSED,2024-10-11,2024-10-12,,,,,,Requested job,"Servcie, diesel tank cleaning",
2024/10/R/757,PA-6399,Port City,CLOSED,2024-10-14,2024-11-29,,,,,,Requested job,Accident repair-replace re-conditioned  engine,
2024/10/R/758,LO-4816,Kilinochchi,CLOSED,2024-10-14,2024-10-23,,,,,,Requested job,"chk clutch sys., gear lever boot, tail light lences",
2024/10/R/759,DAH-2491,Batticaloa,CLOSED,2024-10-14,2025-02-28,,,,,,Requested job,"Accident repair-autobacs, sent to Dimo 30.12.2024 for starting defect",
2024/10/R/760,325-5120,Badalgama,CLOSED,2024-10-14,2024-10-15,,,,,,Requested job,Sliding joint repair,
2024/10/R/761,RS-0483,Siyabalanduwa,CLOSED,2024-10-14,2024-12-03,2246,Hrs,163,,24-761,C-job,"Service, loader lift & backhoe arm jack seal, H-bushes , loader arm bushes 44*52*20mm 24nos, gear lever ball joint, planetary wheel bearing, side mirror, fuel feed pump, fan belt 6490, solenoid 4WD,  u-joint with F/ propellar shaft assy, loader arm support lever line boring, R/ RH hub bearing with seal, loader lift arm pin & hole repair, alternator bearing, wash & grease, bucket repair, Elec. repair",2246Hr
2024/10/R/762,LP-1577,cep-03,CLOSED,2024-10-14,2024-10-23,,,,,,Requested job,Brake booster repair,
2024/10/R/763,325-3448,cep-03,CLOSED,2024-10-14,2024-10-28,,,,,,Requested job,"sun wiser, starter motor, kin pin, supension repair",
2024/10/R/764,LY-1614,Badalgama,CLOSED,2024-10-15,2024-12-04,,,,,24-764,C-job,Tinkering & painting-Autobacs,
2024/10/R/765,LH-5475,Badalgama,CLOSED,2024-10-15,2024-10-16,,,,,,Requested job,"diesel block, gear shifting issue",
2024/10/R/766,LD-8875,Galnewa,CLOSED,2024-10-16,2024-10-22,,,,,,Requested job,Power steering oil leak,
2024/10/R/767,HS-1774,Muthur Plant,CLOSED,2024-10-16,2024-10-20,,,,,,Requested job,Gear box repair,
2024/10/R/768,EQP-Muthur Plant,Muthur Plant,CLOSED,2024-10-16,2024-10-19,,,,,,Requested job,jack seal,
2024/10/R/769,DAH-2231,cep-03,CLOSED,2024-10-16,2024-10-17,,,,,,Requested job,"Replaced fuel tank pump, service injectors & high pressure pump",
2024/10/R/770,325-5120,Badalgama,CLOSED,2024-10-17,2024-10-17,,,,,,Requested job,Air cleaner repair,
2024/10/R/771,LO-8349,,CLOSED,2024-10-18,2024-10-18,,,,,,Requested job,Elec. Repair,
2024/10/R/773,EQP-concrete mixture,Solution,CLOSED,2024-10-18,2024-10-22,,,,,,Requested job,Engine repair,
2024/10/R/778,LO-9810,Badalgama,CLOSED,2024-10-18,2024-10-19,,,,,,Requested job,"Fan belt, battery terminal, R/cab repair",
2024/10/R/779,LO-7180,cep-03,CLOSED,2024-10-18,2024-11-06,,,22,,24-779,C-job,"Clutch repair(Clutch plate Re-lining, replaced clutch bearing with hub,withdrawal plate, top shaft bearing, p/plate finger R/kit, facing p/plate & flywheel )",
2024/10/R/780,LB-9496,Kilinochchi,CLOSED,2024-10-18,2024-11-02,,,22,,24-780,C-job,"Replaced radiator core, signal flasher",
2024/10/R/774,LI-3401,cep-03,CLOSED,2024-10-19,2024-10-20,,,,,,Requested job,P/S pump repair,
2024/10/R/775,HEX-28,Ruwanwella,CLOSED,2024-10-19,2024-10-22,,,,,,Requested job,"Bucket repair, pin repair",
2024/10/R/776,SR-09,cep-03,CLOSED,2024-10-19,2024-10-20,,,,,,Requested job,Steering jack repair,
2024/10/R/777,LH-5586,cep-03,CLOSED,2024-10-19,2024-10-19,,,,,,Requested job,starter motor repair,
2024/10/R/782,LO-4822,Kilinochchi,CLOSED,2024-10-20,2024-10-23,,,,,,Requested job,"Steering box, elec. Repair",
2024/10/R/783,LC-0434,Badalgama,CLOSED,2024-10-20,2024-10-28,,,,,,Requested job,Replace gear box bell housing,
2024/10/R/786,LP-1582,Muthur Plant,CLOSED,2024-10-20,2024-10-20,,,,,,Requested job,Abnormal smoke,
2024/10/R/789,LD-03,Muthur Plant,CLOSED,2024-10-20,2024-10-24,,,,,,Requested job,replace Jack seal,
2024/10/R/781,LM-5722,cep-03,CLOSED,2024-10-21,2024-10-23,,,,,,Requested job,Replace brake liners,
2024/10/R/784,HU-5097,Badalgama,CLOSED,2024-10-21,2024-10-25,,,,,,Requested job,Suspension repair,
2024/10/R/785,HEX-46,cep-03,CLOSED,2024-10-21,2024-10-22,,,,,,Requested job,Track master pin repair,
2024/10/R/787,48-4849,Badalgama,CLOSED,2024-10-21,2024-10-21,,,,,,Requested job,Brake hose repair,
2024/10/R/788,PA-6398,Serunuwara,CLOSED,2024-10-21,2024-10-21,,,,,,Requested job,Diesel block,
2024/10/R/790,325-5120,Badalgama,CLOSED,2024-10-22,2024-11-07,,,56,,24-790,C-job,"Starter motor repair-Ex kamal katana, replaced hub seal 2, injector pump -recondition, injector nozel 4nos, recondition injector pump serviced by Granville diesel centre",
2024/10/R/791,ZA-6255,Badalgama,CLOSED,2024-10-22,2024-10-24,,,,,,Requested job,Mixture tank repair,
2024/10/R/792,LO-4824,Port City,CLOSED,2024-10-22,2024-10-24,,,,,,Requested job,"Low pulling power, elec. Repair",
2024/10/R/794,PH-0765,Ruwanwella,CLOSED,2024-10-22,2024-10-24,,,,,,Requested job,Elec. Repair,
2024/10/R/772,LN-8278,Badalgama,CLOSED,2024-10-23,2024-10-23,,,,,,Requested job,Brake repair(adjust brakes),
2024/10/R/795,LK-5041,Badalgama,CLOSED,2024-10-23,2024-10-23,,,,,,Requested job,light repair,
2024/10/R/796,43-1191,Badalgama,CLOSED,2024-10-23,2024-11-06,,,58,,24-796,C-job,"Replaced center bearing with bracket(recondition), replaced air hose with union, brake chamber R/kit, wiper blade, wiper armwash & grease, repaired lights",
2024/10/R/793,SL-02,Port City,CLOSED,2024-10-24,2024-10-26,,,,,,Requested job,"overheating, parking brake defect",
2024/10/R/797,28-4314,Badalgama,CLOSED,2024-10-24,2024-10-24,,,,,,Requested job,"brake abnormal sound, wheel alignment, alternator oil leak,",
2024/10/R/798,LK-5041,Badalgama,CLOSED,2024-10-24,2024-10-25,,,,,,Requested job,elec. Repair,
2024/10/R/799,LK-6740,Ruwanwella,CLOSED,2024-10-25,2024-10-30,,,,,,Requested job,"Brake repair, fuel sys, repair",
2024/10/R/800,ZA-6255,Badalgama,CLOSED,2024-10-25,2024-10-26,,,,,,Requested job,Diesel water mix,
2024/10/R/801,LD-06,Muthur Plant,CLOSED,2024-10-25,2024-03-20,,,,,,Requested job,"Engine overhaul,",
2024/10/R/802,LL-1782,Badalgama,CLOSED,2024-10-25,2024-10-26,,,,,,Requested job,"Ac, elec. Repair, adjusted clutch",
2024/10/R/803,LP-1582,Muthur Plant,CLOSED,2024-10-28,2024-11-19,,,,,,Requested job,oil mix with diesel-Dimo Siyabalape,
2024/10/R/804,ZA-7291,Port City,CLOSED,2024-10-28,2024-10-29,,,,,,Requested job,"clutch pump repair(slave pump, master pump R/kit, b/oil)",
2024/10/R/805,PY-2408,Neluwa,CLOSED,2024-10-28,2024-11-01,,,22,,24-805,C-job,"Replaced water pump assy. New, fan blet",
2024/10/R/806,SR-09,cep-03,CLOSED,2024-10-28,2024-12-20,,,,,,Requested job,"E/overheating, Turbo repair, radiator cleaning",
2024/10/R/807,MG-07,cep-03,CLOSED,2024-10-29,2024-11-16,10021,Hrs,144,,24-807,C-job,"transmission Repair(trans. Plate 20, 03, 04, bearing 3, oil seal 2 , O-ring 4, clutch plate ,trans. filter )Radiator cleaning, elec. Repaire(lights), top up trans. Oil SAE 30, tandem oil 10W",10021Hr
2024/10/R/808,LN-1867,Badalgama,CLOSED,2024-10-29,2024-10-30,,,,,,Requested job,"chk clutch , light",
2024/10/R/810,HEX-39,Port City,CLOSED,2024-10-29,2024-12-04,,,,,,Requested job,"boom pin bush repair, high/low gear selector oil leak, hy. leak repair, safety lever, Travelling lever repair",
2024/10/R/811,PH-3945,H/O,CLOSED,2024-10-29,2024-10-29,,,,,,Requested job,check radiator fan motor relay-ok,
2024/10/R/809,EQP-Wacker,Ruwanwella,CLOSED,2024-10-30,2024-11-08,,,8,,24-809,C-job,"Replaced wacker boot, check working condition",
2024/10/R/812,EQP-concrete mixture,Solution,CLOSED,2024-10-30,2024-10-30,,,,,,Requested job,mixture axel bearing replace,
2024/10/R/813,LL-1782,Badalgama,CLOSED,2024-10-30,2024-11-08,,,76,,24-813,C-job,"Clutch repair(replaced clutch bearing, pilot bearing, clutch plate Re-lining(plate liner thickness 5mm one side), clutch R/kit low top up gear oil), repaired door hingers RH, wash & grease, elec. Repair(deck light 8 nos,check battery charging)",
2024/10/R/814,CR-01,cep-03,CLOSED,2024-10-30,2024-11-01,,,14,,24-814,C-job,silensor repair,
2024/10/R/815,LO-5983,cep-03,CLOSED,2024-10-30,2024-10-31,,,4,,24-815,C-job,"Clutch repair(Replaced C/plate, c/bearing, p/plate finger springs, pilot bearing), brake rachet 2",SSO
2024/10/R/816,LM-7948,cep-03,CLOSED,2024-10-30,2024-11-02,,,,,24-816,C-job,Replaced radiator tank,SSO
2024/10/R/817,LH-5586,cep-03,CLOSED,2024-10-30,2024-11-01,,,4,,24-817,C-job,starter motor repair,
2024/10/R/818,ZA-8337,cep-03,CLOSED,2024-10-30,2024-11-01,,,6,,24-818,C-job,Starter motor repair(replaced brush with holder),
2024/10/R/819,28-4314,Badalgama,CLOSED,2024-10-30,2024-11-09,,,,,,Requested job,A/c repair,
2024/10/R/821,SL-05,ja-ela bridge,CLOSED,2024-10-31,2024-10-31,,,,,,Requested job,"Elec . Repair, (unable to travell), parking solenoid elec. Repair",
2024/11/R/821,SL-05,Ja-Ela,CLOSED,2024-10-31,2024-10-31,,,6,,24-821,C-job,"Elec. Repair(check & repair parking solenoid wire harness),drive belt",
2024/10/R/820,SL-13,Neluwa,CLOSED,2024-11-01,2024-11-22,,,,,,Requested job,"chk battery bracket, accelerator, drive chain",
2024/11/R/822,48-4849,Badalgama,CLOSED,2024-11-02,2025-01-09,,,,,,Requested job,"Engine ovehaul,",
2024/11/R/823,RD-6318,Katana,CLOSED,2024-11-02,2024-11-19,,,,,,Requested job,"chk brakes, hy. repair, hitch repair, Elec. Repair, tailor tipping jack seal",
2024/11/R/824,LB-4824,Katana,CLOSED,2024-11-02,2024-11-05,,,7,,24-824,C-job,Check elec. Sys. Check 7 lubricate accelerator cable,
2024/11/R/825,41-7225,Solution,CLOSED,2024-11-02,2024-11-20,,,,,,Requested job,starter motor repair,
2024/11/R/826,ZA-6068,cep-03,CLOSED,2024-11-04,2024-11-06,,,20,,24-826,C-job,"Replaced steering jack seal kit, rack end 2, tie rod end 2",
2024/11/R/827,SL-06,Ududumbara,CLOSED,2024-11-04,2024-11-05,,,10,,24-827,C-job,Hy.leak repair,
2024/11/R/828,HS-1794,Muthur Plant,OPEN,2024-11-05,,,,,,,Requested job,No tipping,
2024/11/R/829,VR-40,Biyagama,CLOSED,2024-11-05,2024-11-06,,,3,,24-829,C-job,"Battery chrging, check machine working condition",
2024/11/R/830,LK-2366,Ruwanwella,CLOSED,2024-11-05,2024-11-18,,,,,,Requested job,"Starter motor repair, chk clutch, P/S pump, spring blade forming-front",
2024/11/R/831,LK-4061,cep-03,CLOSED,2024-11-06,2024-11-06,,,3,,24-831,C-job,"Rear spring blade repair(increase one blade for one set of blades), wash & grease",
2024/11/R/832,LO-7855,Solution,CLOSED,2024-11-06,2024-11-06,,,2,,24-832,C-job,check & adjusted brakes,
2024/11/R/833,LM-7942,Neluwa,CLOSED,2024-11-07,2024-11-08,,,10,,24-833,C-job,"Replaced fan belt, alternator bearing",
2024/11/R/834,EQP-Elec. Hoist,Neluwa-solution,CLOSED,2024-11-07,2024-11-09,,,20,,24-834,C-job,"Fixed new single phase motor with overload switch, supplied electrical wire 100m",
2024/11/R/835,CR-02,cep-03,CLOSED,2024-11-07,2024-11-09,,,,,24-835,C-job,Replaced brake booster pump & air dryer assy. New,SSO
2024/11/R/836,LM-7940,cep-03,CLOSED,2024-11-07,2024-11-09,,,,,24-836,C-job,"Clutch repair(replaced clutch liner set, pilot bearing, clutch bearing, top shaft)",SSO
2024/11/R/837,LJ-5203,cep-03,CLOSED,2024-11-07,2024-11-07,,,,,24-837,C-job,starter motor repair(replaced carbon brush set),SSO
2024/11/R/838,DAH-2228,Batticaloa,CLOSED,2024-11-07,2024-11-27,,,,,,Requested job,Fuel system repair,
2024/11/R/839,LC-0434,Badalgama,CLOSED,2024-11-07,2024-11-07,,,3,,24-839,C-job,replaced starter relay,
2024/11/R/840,HEX-22,Erawur,CLOSED,2024-11-07,2024-11-10,,,34,,24-840,C-job,"Replaced hy. pump coupling, oil seal, o-ring, top up hy. oil",
2024/11/R/841,HEX-21,Erawur,CLOSED,2024-11-07,2024-11-07,,,16,,24-841,C-job,Hy. leak repair.,
2024/11/R/842,LI-3402,Muthur,CLOSED,2024-11-07,2024-12-18,,,71,,24-842,C-job,"Replaced accelerator cable, check clutch ,brake liners,F-axel bearing LH RH, driving seat cushion work, starter motor repair, deck repair",
2024/11/R/844,LN-1867,Badalgama,CLOSED,2024-11-09,2024-11-10,,,42,,24-844,C-job,"Replaced head gasket(Fuji), fan clutch gel, Starter motor repair(replaced bearing)",
2024/11/R/845,LH-5586,cep-03,CLOSED,2024-11-09,2024-11-18,351443,Km,37,,24-845,C-job,"repaired door winder & door lock, horn, p/s oil leak, s/motor,roof,wash & greased",351443Km
2024/10/R/847,MG-05,cep-03,CLOSED,2024-11-10,2024-11-11,,,8,,24-847,C-job,Propellarshft coupling repaired-lathe work,
2024/11/R/846,LM-5723,cep-03,CLOSED,2024-11-10,2024-11-11,,,,,24-846,C-job,"replaced PTO lever-new, brake booster R/kit",
2024/11/R/847,MG-05,cep-03,CLOSED,2024-11-10,2024-11-11,,,,,,Requested job,Propellar shaft repair-lathe work,
2024/11/R/843,28-4314,Badalgama,CLOSED,2024-11-11,2024-11-16,,,32,,24-843,C-job,"E/overheating, replace gasket, tappet cover packing, radiator cleaning",
2024/11/R/851,325-5120,Badalgama,CLOSED,2024-11-11,2024-11-22,,,,,,Requested job,"replace injector pump, cleaned fuel tank",
2024/11/R/849,HEX-26,Kilinochchi,CLOSED,2024-11-12,2024-12-08,9066,Hrs,198,,24-849,C-job,"supply 500g grease gun, replaced  arm & boom jack seal , ac blower, hy. hose, stop solenoid, side glass, governor motor, track adjuster spring, track adjuster bolt outer thread & hub inner thread cutting, change hy. oil with all hy. filters(SFF-6141, JS-4049), track adjuster guide repair(welding & grinding), Bucket repair, arm end bush replace,sid e mirror, cabin light, AC belt 6460",9066Hr
2024/11/R/850,LM-7942,Neluwa,CLOSED,2024-11-12,2024-12-07,23890,Km,62,,24-850,C-job,"Repaired E/oil leak from injector pump, serviced injector pump, elec. Repair(h/light, horn,wiper , tail light), rear deck door  & bucket repair, wash & grease, repalced air filter, wiper bled side mirror LH",23890Km
2024/11/R/852,ZB-1979,Port City,CLOSED,2024-11-12,2024-11-22,,,,,,Requested job,"Loader arm bushing, backhoe arm, king post bushing, tie rod repair & replace",
2024/11/R/853,DAH-2231,cep-03,CLOSED,2024-11-16,2024-11-17,216480,Km,10,,24-853,C-job,Fuel system repair(low pressure pump solenoid valve block repair),216480Km
2024/11/R/854,EQP-Tractor tailor,Badalgama,CLOSED,2024-11-16,2024-12-17,,,,,,Requested job,"Fixed new tipping cylinder , axel bearing greasing, PTO hy. hose",
2024/11/R/859,PJ-6376,Badalgama,CLOSED,2024-11-16,2024-11-17,,,,,,Requested job,"Replace air filter, chk clutch",
2024/11/R/860,ZA-7968,Batticaloa,CLOSED,2024-11-16,2024-11-21,,,,,,Requested job,Alternator repair-slip ring,
2024/11/R/855,SL-05,Gampaha,CLOSED,2024-11-17,2024-11-18,,,,,,Requested job,Drive belt,
2024/11/R/856,SL-25,Port City,CLOSED,2024-11-17,2024-11-21,,,,,,Requested job,FD sys. Repair,
2024/11/R/857,ZA-2963,Thissamaharama,CLOSED,2024-11-17,2024-12-12,,,127,,24-857,C-job,"E/oil leak repaired from tappet cover, Backhoe pin bush repair 45*55*60-2 , 45*55*50 - 4, gear lever bush set, crank oil seal - F, air filter, fuel filter, filter head, cut & clean silensor, adjusted tappets, replaced tie rod end with rack ends 2 , outtriger shoe repair, wash & grease, check all oil levels",
2024/11/R/858,LL-0936,Ududumbara,CLOSED,2024-11-17,2024-11-23,206502,Km,,,,Requested job,"Silensor, starter motor repair",206502Km
2024/11/R/861,PY-2408,Neluwa,CLOSED,2024-11-18,2024-11-19,,,,,,Requested job,Alternator repair,
2024/11/R/862,HEX-18,Erawur,CLOSED,2024-11-18,2024-11-23,,,,,,Requested job,"Hy.leak repair, chk service, jack seal, track repair",
2024/11/R/863,LM-6653,Erawur,CLOSED,2024-11-18,2024-11-23,,,,,,Requested job,"E/oil mixed with diesel, jack oil leak, light epair",
2024/11/R/864,LY-4524,Badalgama,CLOSED,2024-11-18,2024-11-18,,,,,,Requested job,"chk wheel alignment, service",
2024/11/R/864-1,51-8083,Kallanchi,CLOSED,2024-11-18,2024-12-06,,,61,,24-864-1,C-job,"Gear box repair( needle bearing, brass corn, bearin 4, 4/5 spring with dog teeth 3 , 1/R spring with dog teeth, slector fork lock ball pin, selector fork spring, selector ball 6, 4WD oil seal, top shaft seal, clutch release bearing, ), clutch plate, clutch slave cylinder, cmc R/kit, brake hose, caliper pin replace",
2024/11/R/865,LN-8279,Badalgama,CLOSED,2024-11-19,2025-01-08,,,,,,Requested job,"Chk & repair air baloon,",
2024/11/R/866,LK-2366,Badalgama,CLOSED,2024-11-19,2024-11-19,,,,,,Requested job,"reverse gear engage defect, parking light repair, chk clutch",
2024/11/R/868,LO-7184,cep-03,CLOSED,2024-11-19,2024-11-20,,,,,,Requested job,"adjust clutch, chk brakes",
2024/11/R/869,LO-5983,cep-03,CLOSED,2024-11-19,2024-11-19,,,,,,Requested job,"Adjust clutch, replace brake rachets R/RH, wash & grease",
2024/11/R/870,Crusher-cep03,cep-03,CLOSED,2024-11-19,2024-11-19,,,8,,24-870,C-job,32mm tor steel bended bar thread cutting 600mm,
2024/11/R/871,RD-3537,Badalgama,CLOSED,2024-11-19,2024-11-21,,,,,,Requested job,"chk & repair head lights, wash & grease",
2024/11/R/872,LL-1782,Badalgama,CLOSED,2024-11-19,2024-11-21,,,,,,Requested job,"Alternator repair,replace CMC R/kit",
2024/11/R/873,MG-14,Serunuwara,CANCELLED,2024-11-19,,,,,,,Requested job,Brake booster R/kit,Cancel
2024/11/R/867,LO-7855,Solution,CANCELLED,2024-11-20,,,,,,,Requested job,"Elec. Repair(park light), S/M NW, Exhaust control NW",Cancel
2024/11/R/874,LJ-5203,cep-03,CLOSED,2024-11-20,2024-11-20,,,,,,Requested job,Starter motor repair(solenoid coil earth wire defect ),
2024/11/R/875,HEX-42,cep-03,CLOSED,2024-11-20,2024-11-20,,,,,,Requested job,Track master pin,
2024/11/R/876,LM-7940,cep-03,CLOSED,2024-11-20,2024-11-21,,,,,,Requested job,Top shaft bearing,
2024/11/R/877,LN-8278,Ruwanwella,CLOSED,2024-11-20,2024-11-22,,,,,,Requested job,boom repair,
2024/11/R/878,WG-06,cep-03,CLOSED,2024-11-20,2024-11-21,,,,,,Requested job,Starter motor repair,
2024/11/R/879,RC-9894,Ruwanwella,CLOSED,2024-11-20,2024-11-21,,,,,,Requested job,replace tie rod end,
2024/11/R/880,SL-04,Batticaloa,CLOSED,2024-11-21,2024-11-23,,,,,,Requested job,"replace drive belt, chk travelling chain oil, changed operating seat from SL-05",
2024/11/R/881,SL-05,Gampaha,CLOSED,2024-11-21,2024-11-23,,,,,,Requested job,chk running condition,
2024/11/R/882,PJ-6376,Badalgama,CLOSED,2024-11-22,2024-11-26,,,,,,Requested job,Brake repair(replace brake master pump,
2024/11/R/883,LN-1867,Batticaloa,CLOSED,2024-11-22,2024-11-23,,,,,,Requested job,Brake repair,
2024/11/R/884,LO-7180,cep-03,CLOSED,2024-11-22,2024-11-25,,,,,,Requested job,clutch booster,
2024/11/R/885,28-4314,Badalgama,CLOSED,2024-11-22,2024-12-14,,,20,,24-885,C-job,Elec reapir(re-wiring the electrical circuit-damaged only) couldn't  claim insurance,
2024/11/R/886,LP-1569,cep-03,CLOSED,2024-11-22,2024-11-23,,,13,,24-886,C-job,"Repaired 1st gear shifting defect, wash & grease, replaced tail light set 2, wiper blade set,",
2024/11/R/887,40-2955,Badalgama,CLOSED,2024-11-23,2024-11-23,,,3,,24-887,C-job,Engine starting defect(battery charging),
2024/11/R/888,PC-02,cep-03,CLOSED,2024-11-23,2024-11-26,,,,,,Requested job,Gear selector grove repair,
2024/11/R/889,LD-03,Muthur Plant,CLOSED,2024-11-23,2024-11-26,,,,,,Requested job,Replace differential seal,
2024/11/R/890,HEX-19,cep-03,CLOSED,2024-11-25,2024-11-29,,,,,,Requested job,"alternator repair, (replace brushes, bearing 2nos, rewinding field coil)",
2024/11/R/891,PR-1504,Katana,CLOSED,2024-11-26,2024-11-27,,,,,,Requested job,steering system repair(tie rod ball joint),
2024/11/R/892,MG-07,cep-03,CLOSED,2024-11-26,2024-11-26,,,,,,Requested job,Gear cable repair,
2024/11/R/893,68-5115,cep-03,CLOSED,2024-11-26,2024-11-28,,,,,,Requested job,Starter motor repair,
2024/11/R/894,VR-62,Port City,CLOSED,2024-11-26,2024-11-26,,,,,,Requested job,"change vibrator switch, greasing, chk all oil levels",
2024/11/R/895,SR-12,cep-03,CLOSED,2024-11-26,2024-11-28,,,10,,24-895,C-job,Repaired hy. pump coupling,
2024/11/R/897,HEX-05,Raththota,CLOSED,2024-11-28,2024-12-06,9270,Hrs,81,,24-897,C-job,"service, repaired accelerator cable, replaced track bottom rollers 6, roller bolts, check travelling defect, fog light set, travelling hy. hose, wash & grease",9270Hr
2024/11/R/898,ZA-0447,Doramadalawa,CLOSED,2024-11-28,2025-06-07,,,,,,Requested job,"chk gear shifting, brakes, loader bucket, pin ,bush",
2024/11/R/896,CR-02,cep-03,CLOSED,2024-11-29,2024-12-06,9264,Hrs,,,24-896,C-job,Swival repair-done by CEP-03 repair team with operator Harischandra & Darshana,9264Hr
2024/11/R/899,TM-20,Kilinochchi,CLOSED,2024-11-29,2024-12-13,4910,Hrs,68,,24-899,C-job,"replaced bucket tilt jack seal 2, lift cylinder seal kit 2, service, wash & grease, replaced windscreen - used done by c-com, ele. Repair(check lights, replaced fog lamp 2, push button switch, fuses,halogen bulb, travelling lever repaired), issued grease gun 500g, wiper blades,  top up hy/ oil HD-46",4910HR
2024/11/R/900,PE-3911,Batticaloa,CLOSED,2024-11-30,2024-11-30,,,,,,Requested job,"Replace T-belt, fan belt, winscreen sealing, park bulb",
2024/11/R/901,ZB-1548,Biyagama,CLOSED,2024-11-30,2024-11-30,,,,,,Requested job,"replace gear lever bush set, change trans. Oil with filter",
2024/11/R/902,LH-5586,cep-03,CLOSED,2024-11-30,2024-11-30,,,,,,Requested job,starter motor repair-replace mount bushing,
2024/11/R/903,41-7225,Solution,CLOSED,2024-11-30,2024-12-03,,,6,,24-903,C-job,Feed pump repaired & gear cable lubricated,
2024/11/R/904,LO-5984,cep-03,CLOSED,2024-11-30,2024-12-14,,,,,24-904,C-job,Starter motor repair(replaced field coil )-ex Kamal katana,
2024/11/R/905,HM-33,cep-03,CANCELLED,2024-11-30,,,,,,,Requested job,chk & repair,Cancel
2024/11/R/906,LX-1679,Badalgama,CLOSED,2024-11-30,2024-12-03,,,98,,24-906,C-job,"Replaced Ramp jack seal 2, ramp motor with hy. pump -recondition, ramp cylinder mounting shafts repaired by fabrication, elec. Repair(lights)",
2024/12/R/907,LO-9810,Badalgama,CLOSED,2024-12-02,2024-12-03,,,12,,24-907,C-job,"clean fuel tank, feed pump repair",
2024/12/R/908,LK-4056,Kilinochchi,CLOSED,2024-12-04,2024-12-31,,,,,,Requested job,"Running repair, gear engaging defect, cab tinkering, side mirror arm -LH, head light LH, chk battery charging",
2024/12/R/909,"TRN-05,19",Port City,CLOSED,2024-12-04,2024-12-05,,,8,,24-909,C-job,"TRN-05 Replaced carb assy, rachet -used, air filter-new, reduced E/oil upto standard level, TRN-19 removed excess E/oil in the engine, cleaned carb. , machine testing",
2024/12/R/910,LY-1614,Badalgama,CLOSED,2024-12-04,2024-12-07,,,,,24-910,C-job,"Changed driving seat from 48-4849, upholstery repair-Ex",
2024/12/R/911,LI-3396,Kilinochchi,CLOSED,2024-12-04,2025-02-12,,,,,,Requested job,"LH glass, chk servcie, chk gear box, driving seat cushion",
2024/12/R/912,HEX-46,cep-03,CLOSED,2024-12-05,2024-12-14,,,,,24-912,C-job,"cabin door lock, allenkey bolt 6, upholstery lock 10",SSO
2024/12/R/913,LL-0920,cep-03,CLOSED,2024-12-05,2024-12-10,,,,,24-913,C-job,"Gear lever & selector repair(gear handle bush set, needle bearing 2, oil seal, dust boot, selector shaft, selector lever, ball joint set",SSO
2024/12/R/914,RD-3536,Ruwanwella,CLOSED,2024-12-05,2024-12-06,,,5,,24-914,C-job,"Starter motor repair(solenoid, brush set)",
2024/12/R/915,BDJ-2375,Ruwanwella,CLOSED,2024-12-05,2024-12-05,,,4,,24-915,C-job,"replaced rear hub bearing ,rubber mount",
2024/12/R/916,LP-1580,Batticaloa,CLOSED,2024-12-05,2024-12-11,70452,Km,11,,24-916,C-job,"Replaced R/brake rachet 2, battery post repair, wash & grease, Adblue cut-uvindu, top up battery water, repalced b/terminal",70452Km
2024/12/R/917,GE-115,Badalgama,CLOSED,2024-12-05,2024-12-07,,,4,,24-917,C-job,"Check machine starting, power o/p, E/oil -ok",
2024/12/R/918,ASC-21,Ruwanwella,CLOSED,2024-12-05,2024-12-20,,,22,,24-918,C-job,"Engine overhaul (Replaced piston rings, gasket, re-sleeving engine block), spark plug",
2024/12/R/920,47-5112,Badalgama,CLOSED,2024-12-07,2024-12-07,319123,Km,6,,24-920,C-job,Repaired water leak(blocked blower water line),319123Km
2024/12/R/922,LN-8278,Badalgama,CLOSED,2024-12-07,2024-12-07,,,,,24-922,C-job,Readiator water leak repair-ex,
2024/12/R/923,47-5112,Badalgama,CLOSED,2024-12-07,2024-12-07,,,3,,24-923,C-job,"Repaired water leak,brake light repair",
2024/12/R/919,VR-44,Hambantota,CLOSED,2024-12-08,2024-12-22,,,,,,Requested job,"travelling defect, hy. leak, gear lever repair, ignition key repair",
2024/12/R/924,LD-05,Badalgama,CLOSED,2024-12-08,2024-12-10,,,10,,24-924,C-job,"replaced steering jack seal LH,top up HD 68 5Ltrs",
2024/12/R/925,PA-6399,Badalgama,CLOSED,2024-12-08,2024-12-11,,,8,,24-925,C-job,"Checked engine after installation of reconditioned engine, check elec. System",
2024/12/R/926,VR-08,,CLOSED,2024-12-08,2024-12-10,,,6,,24-926,C-job,"Fuel system repair(cleaned fuel tank, fuel filter with system)",
2024/12/R/921,LK-5041,Badalgama,CLOSED,2024-12-10,2024-12-11,,,8,,24-921,C-job,Alternator repair(replaced brush with regulator),
2024/12/R/927,51-7158,Ruwanwella,CLOSED,2024-12-10,2024-12-11,391853,Km,11,,24-927,C-job,"Replaced E/mount 2, gear box mount, oil seal,F/RH hub  bearing 2 , changed E/oil with filter C-111), Elec. Repair(check lights)",391853Km
2024/12/R/928,PR-1469,Badalgama,CLOSED,2024-12-10,2024-12-31,,,,,,Requested job,"Ball joint, feed pump, steering u-joints",
2024/12/R/929,SL-06,Ududumbara,CLOSED,2024-12-10,2024-12-10,,,2,,24-929,C-job,Replaced drive belt,
2024/12/R/930,SL-02,Port City,CLOSED,2024-12-10,2024-12-10,,,2,,24-930,C-job,Replaced drive belt,
2024/12/R/931,EQP-Crusher Plant,Muthur Plant,CLOSED,2024-12-10,2024-12-12,,,,,,Requested job,conveyor drum making,
2024/12/R/932,HEX-29,Ududumbara,CLOSED,2024-12-10,2024-12-10,,,,,,Requested job,starter motor repair,
2024/12/R/933,SL-04,Batticaloa,CLOSED,2024-12-11,2024-12-11,,,,,24-933,C-job,Replaced air filter,SSO
2024/12/R/934,SL-18,cep-03,CLOSED,2024-12-11,2024-12-11,,,,,24-934,C-job,Repaired accelearator cable,SSO
2024/12/R/935,EQP-water pump,cep-03,CLOSED,2024-12-11,2024-12-18,,,16,,24-935,C-job,"Replaced water seal, bearing 2, impeler repair",
2024/12/R/936,MGS-01,cep-03,CLOSED,2024-12-11,2024-12-15,,,,,24-936,C-job,Starter motor repair,Ex
2024/12/R/937,LI-7618,cep-03,CLOSED,2024-12-11,2024-12-12,,,,,24-937,C-job,"Clutch repair(top shaft welding-filling & turning out, replaced clutch liner set, clutch bearing)",
2024/12/R/938,PD-7049,Solution,CLOSED,2024-12-11,2024-12-17,,,54,,24-938,C-job,"Brake repair(Replaced brake shoe 4,brake washer 8, dust boot, ), replaced cv boot with cv grease, rack end, horn set, f/shockabsorber bush, shock absorber repair 2nos, change gear oil, wash & grease",Erawur
2024/12/R/939,LY-1614,Badalgama,CLOSED,2024-12-11,2025-08-15,,,,,,Requested job,"Low pulling power, compressed air leak",
2024/12/R/941,PT-1569,cep-03,CLOSED,2024-12-11,2024-12-12,,,,,24-941,C-job,Clutch repair(replaced clutch plate),SSO
2024/12/R/942,LA-1359,cep-03,CLOSED,2024-12-11,2024-12-14,,,,,24-942,C-job,Replaced engine stop booster,SSO
2024/12/R/943,ZB-1521,Mathale,CLOSED,2024-12-11,2024-12-11,,,,,24-943,C-job,"Replaced f/pinion seal, u-joint 4X4 drive shaft, service",Solution
2024/12/R/944,HEX-05,Mathale,CLOSED,2024-12-11,2024-12-11,,,20,,24-944,C-job,Replaced hy.hose,
2024/12/R/949,PH-0765,Ruwanwella,CLOSED,2024-12-11,2024-12-16,,,36,,24-949,C-job,"Repaired R- signal lights, park light, upper arm ball joint, checked lower arm ball joint with suspension system, check hub bearing & brake pads,",
2024/12/R/940,"AC-01,02",Asphalt plant-badalgama,CLOSED,2024-12-12,2024-12-18,,,,,,Requested job,"change comressor E/oil,",Elec. Motor driven compressor
2024/12/R/946,HEX-28,Ruwanwella,CLOSED,2024-12-12,2024-12-13,,,24,,24-946,C-job,"Replaced hy. hose, Elec .repair, removed broken bolts of exhaust manifold and replace bolts, hy. cylinder broken bolt remove & replace",
2024/12/R/947,WG-9941,Badalgama,CLOSED,2024-12-12,2025-02-20,,,,,,Requested job,"Engine repair, elec. Repair-lights",
2024/12/R/948,HEX-27,Muthur Plant,CLOSED,2024-12-12,2025-01-03,,,,,,Requested job,"swing motor oil leak, pin bush, coolant tank, bucket, track line, A/C repair",
2024/12/R/950,LB-4824,Badalgama,CLOSED,2024-12-12,2024-12-12,,,4,,24-950,C-job,"Elec. Repair(starting defect), top up E/oil, P/S oil , Brake oil",
2024/12/R/951,PY-2408,Ruwanwella,CLOSED,2024-12-12,2024-12-20,,,19,,24-951,C-job,"Repaired door hingers LH & RH, elec .repair(tail light, signal)",
2024/12/R/945,LK-2366,Ruwanwella,CLOSED,2024-12-13,2024-12-13,,,18,,24-945,C-job,Air brake system repair(replaced air dryer R/kit),
2024/12/R/952,HEX-39,Ruwanwella,CLOSED,2024-12-13,2024-12-13,,,6,,24-952,C-job,"Replaced parking switch, elec. Repair(short cct of wire harness)",
2024/12/R/953,MG-17,Badalgama,CLOSED,2024-12-14,2024-12-14,,,18,,24-953,C-job,"Change E/oil with filter, greasing, guide rail -used,made battery guard",
2024/12/R/954,57-3062,Badalgama,CLOSED,2024-12-14,2024-12-17,217610,Km,2,,24-954,C-job,injector pump solenoid wire amage repaired,217610Km
2024/12/R/955,PA-6399,Badalgama,CLOSED,2024-12-15,2024-12-18,,,22,,24-955,C-job,"Replaced rear all brake liners, wiper blades, wiper arm, wiper spindle, R/ deck door repair, disemble & clean head light RH",
2024/12/R/957,EQP-Crusher Plant,cep-03,CANCELLED,2024-12-16,,,,,,,Requested job,"Bolt thread cutting - 10nos, supply nut 55mm -10 nos",Cancel
2024/12/R/958,HEX-26,Muthur Plant,CLOSED,2024-12-16,2024-12-16,,,,,,Requested job,Replace feed pump,
2024/12/R/959,ZA-7968,Batticaloa,CLOSED,2024-12-16,2024-12-16,,,,,,Requested job,replace feed pump,
2024/12/R/956,LP-1580,Erawur,CLOSED,2024-12-17,2025-01-10,,,,,,Requested job,"Injector service, testing, service, wash & grease",
2024/12/R/960,28-4314,Badalgama,CLOSED,2024-12-17,2024-12-18,,,,,,Requested job,replace water hose,
2024/12/R/961,FL-02,Badalgama,CLOSED,2024-12-17,2025-01-25,,,,,,Requested job,"Alternator repair, fan belt",
2024/12/R/962,EQP-Rammer,Badalgama,CLOSED,2024-12-17,2024-12-17,,,,,,Requested job,"replace air filter assy, carb, Engine repair-block re-sleeving, replace piston ring set, spark plug",
2024/12/R/963,ZB-2587,Ruwanwella,CLOSED,2024-12-17,2024-12-18,,,,,,Requested job,Accelerator cable,
2023/12/R/673,LB-01,Alawwa,CLOSED,2024-12-18,2023-12-20,,,,,23-673,C-job,Replaced fan belt -used,
2024/12/R/964,PT-1569,cep-03,CLOSED,2024-12-19,2024-12-19,,,,,,Requested job,"alternator repair, (bearing, seal, regulator, diode plate)",
2024/12/R/965,HEX-01,cep-03,CLOSED,2024-12-19,2024-12-19,,,,,,Requested job,replace track master pin,
2024/12/R/966,LD-03,Muthur Plant,CLOSED,2024-12-19,2024-12-22,,,,,,Requested job,replace propellar shaft yoke,
2024/12/R/967,LD-08,Badalgama,CLOSED,2024-12-19,2025-03-15,,,,,,Requested job,"E/starting & chk machine, brake hub seal, silensor, water jacket, bucket pin repair, starter motor-reconditioned",
2024/12/R/968,PA-6398,Serunuwara,CLOSED,2024-12-19,2024-12-22,,,,,,Requested job,"F/hub, bearing",
2024/12/R/969,LB-4824,Ruwanwella,CLOSED,2024-12-19,2024-12-19,,,,,,Requested job,clutch repair,
2024/12/R/970,DAH-2231,Port City,CLOSED,2024-12-20,2025-03-10,,,,,,Requested job,"clutch repair-ws, Engine starting defect-repaired by ideal motors",
2024/12/R/971,ZA-7291,Port City,CLOSED,2024-12-20,2024-12-22,,,,,,Requested job,Elec. Repair,
2024/12/R/972,ZA-7965,Katana,CLOSED,2024-12-20,2025-01-30,,,,,,Requested job,"pin bush, bucket, trans. Seal & sensor, dip. -f pin, light, meter, turbo oil leak, outtriger jack guide, jack seal, steering knuckle, cleaning diesel tank",
2024/12/R/973,LB-4824,Ruwanwella,CLOSED,2024-12-20,2025-01-15,,,,,,Requested job,"clutch repair, lights, brake bind-front, gear handle, diesel leak, S/motor repair",
2024/12/R/974,PY-2408,Ruwanwella,CLOSED,2024-12-21,2024-12-25,,,,,,Requested job,"steering play , lights",
2024/12/R/978,LP-1712,Port City,CLOSED,2024-12-23,2024-12-23,,,,,,Requested job,fan belt,
2024/12/R/979,LL-1782,Badalgama,CLOSED,2024-12-23,2024-12-25,,,,,,Requested job,clutch booster,
2023/12/R/687,HEX-21,Erawur,CLOSED,2024-12-24,2024-01-07,19816,Hrs,18,,23-687,C-job,"Track link pin repair, boom jack seal kit replaced, check fan belt, light, horn",19816Hr
2024/12/R/975,LB-01,Abanpola,CLOSED,2024-12-24,2024-12-29,,,,,,Requested job,starter motor repair,
2024/12/R/976,ZA-2963,Ruwanwella,CLOSED,2024-12-24,2024-12-24,,,,,,Requested job,Fan belt,
2024/12/R/977,AC-24,Ruwanwella,CLOSED,2024-12-24,2024-12-24,,,,,,Requested job,compressor oil leak,
2024/12/R/980,LB-9496,cep-03,CLOSED,2024-12-24,2024-12-28,,,,,,Requested job,Propellar shaft repair,
2024/12/R/981,RC-9894,Ruwanwella,CLOSED,2024-12-24,2024-12-28,,,,,,Requested job,replaced hub bearing,
2024/12/R/982,LP-1582,Badalgama,CLOSED,2024-12-24,2025-01-31,,,,,,Requested job,Injector service,
2024/12/R/983,SR-19,cep-03,CLOSED,2024-12-24,2025-01-07,,,,,,Requested job,Bonnet repair,
2024/12/R/984,LH-5475,Badalgama,OPEN,2024-12-24,,,,,,,Requested job,"Alternator repair, brake repair",Sold
2024/12/R/985,MG-04,cep-03,CLOSED,2024-12-25,2024-12-29,,,,,,Requested job,starter motor repair,
2024/12/R/986,ZA-8511,cep-03,CLOSED,2024-12-25,2024-12-28,,,,,,Requested job,Mixture water pump repair,
2024/12/R/987,HEX-21,Erawur,CLOSED,2024-12-25,2025-01-03,,,,,,Requested job,Starter motor repair-field coil,
2024/12/R/988,VR-54,Batticaloa,CLOSED,2024-12-25,2025-01-02,,,,,,Requested job,Engine housing repair,
2024/12/R/989,HEX-29,Ududumbara,CLOSED,2024-12-25,2024-12-28,,,,,,Requested job,fan belt replace,
2024/12/R/990,AC-25,Muthur Plant,CLOSED,2024-12-25,2025-01-30,,,,,,Requested job,"Body, silensor repair, replace air filter, tinkering & painting",
2024/12/R/991,ZA-8445,Doramadalawa,CLOSED,2024-12-26,2024-12-31,,,,,,Requested job,"mixture engine starter motor repair, light repair",
2024/12/R/992,LO-5981,cep-03,CLOSED,2024-12-26,2024-12-30,,,,,,Requested job,clutch repair,
2024/12/R/993,43-1191,cep-03,CLOSED,2024-12-26,2024-12-31,,,,,,Requested job,water pump repair,
2024/12/R/1000,57-3062,Badalgama,CLOSED,2024-12-30,2024-12-30,,,,,,Requested job,"Replace F/brake pads, disc",
2024/12/R/994,LB-01,Abanpola,CLOSED,2024-12-30,2024-12-31,,,,,,Requested job,"fuel cut-off solenoid, multi jack seal",
2024/12/R/995,ZA-7092,Abanpola,CLOSED,2024-12-30,2024-12-31,,,,,,Requested job,outtriger jack seal,
2024/12/R/996,HEX-19,cep-03,CLOSED,2024-12-30,2024-12-31,,,,,,Requested job,boom jack pin replace,
2024/12/R/997,SL-10,Neluwa,CLOSED,2024-12-30,2024-12-30,,,,,,Requested job,"change bucket jack 2 nos from SL-15, wash & grease, change bobtach from SL-15, chk all oil levels, clean air filter",
2024/12/R/998,HEX-36,Ruwanwella,CLOSED,2024-12-30,2024-12-30,,,,,,Requested job,Elec. Repair-parking brake deffect,
2024/12/R/999,HEX-39,Ruwanwella,CLOSED,2024-12-30,2024-12-30,,,,,,Requested job,Elec. Repair-parking brake deffect,
2024/12/R/1001,LJ-5203,cep-03,CLOSED,2024-12-31,2025-01-03,,,,,,Requested job,"clutch repair, flywheel, c/bearing, p/plate, clutch plate re-lining",
2024/12/R/1002,CR-01,cep-03,CLOSED,2024-12-31,2025-01-04,,,,,,Requested job,Radiator hose,
2024/12/R/1003,ZA-8337,cep-03,CLOSED,2024-12-31,2024-12-31,,,,,,Requested job,tie rod end repair,
2024/12/R/1005,LL-1782,Badalgama,CLOSED,2024-12-31,2024-12-31,,,,,,Requested job,air bleeding clutch oil pipe lines,
2024/12/R/1006,LL-0936,Raththota,CLOSED,2024-12-31,2025-01-04,,,,,,Requested job,"Silensor repair, wash & grease, fuel sys. Repair, light, tyre change",
2024/12/R/1007,SL-15,Erawur,CLOSED,2024-12-31,2025-01-18,,,,,,Requested job,"chk drive chains, service, bobtach & bucket repair, pin & bush repair",
2025/1/R/002,41-7225,Solution,CLOSED,2025-01-02,2025-01-02,,,,,,Requested job,fuel sys. Repair. Chk accelerator,
2025/1/R/001,LK-6740,Ruwanwella,CLOSED,2025-01-03,2025-01-06,,,,,,Requested job,"chk oil , P/S pump, tipping, differential abnormal noise, tyre change",
2025/1/R/003,LK-2366,Ruwanwella,CLOSED,2025-01-04,2025-01-13,,,,,,Requested job,"P/S pump chk, chk gear engaging, clutch, compressed air leak, fuel sys.",
2025/1/R/005,MG-17,cep-03,CLOSED,2025-01-04,2025-01-07,,,,,,Requested job,Hy.filter,
2025/1/R/006,43-1191,cep-03,CLOSED,2025-01-04,2025-01-04,,,,,,Requested job,replace water pump,
2025/1/R/007,DAH-2229,cep-03,CLOSED,2025-01-04,2025-01-07,,,,,,Requested job,"Radiator, alternator repair, fan belt",
2025/1/R/008,HEX-01,cep-03,CLOSED,2025-01-04,2025-01-07,,,,,,Requested job,Fuel filter head repair,
2025/1/R/009,LJ-5203,cep-03,CLOSED,2025-01-04,2025-01-07,,,,,,Requested job,"Engine mount, sliding joint, crank seal housing",
2024/12/R/1004,LI-2427,cep-03,CLOSED,2025-01-05,2025-01-13,,,,,,Requested job,Gear box repair,
2025/1/R/011,LK-4058,cep-03,CLOSED,2025-01-06,2025-01-10,,,,,,Requested job,Gear box repair,
2025/1/R/012,MG-06,cep-03,CLOSED,2025-01-06,2025-01-06,,,,,,Requested job,starter motor pinion wheel lock circlip,
2025/1/R/013,LD-05,Badalgama,CLOSED,2025-01-06,2025-01-07,,,,,,Requested job,"operator seat, upholstery repair",
2025/1/R/014,GE-147,Badalgama,CLOSED,2025-01-06,2025-01-06,,,,,,Requested job,chk & clean machine,
2025/1/R/015,AC-32,Badalgama,CLOSED,2025-01-06,2025-01-06,,,,,,Requested job,"chk & top up E/oil, door repair",
2025/1/R/016,LO-5983,cep-03,CLOSED,2025-01-06,2025-01-10,,,,,,Requested job,clutch repair,
2025/1/R/018,LM-5721,cep-03,CLOSED,2025-01-07,2025-01-14,,,,,,Requested job,"drag link, ball joint replace",
2025/1/R/019,LI-3851,cep-03,CLOSED,2025-01-07,2025-01-09,,,,,,Requested job,air intake hose,
2025/1/R/020,LJ-5559,cep-03,CLOSED,2025-01-07,2025-01-18,,,,,,Requested job,Brake chamber repair-cup & repair kit replace,
2025/1/R/021,MG-04,cep-03,CLOSED,2025-01-07,2025-01-09,,,,,,Requested job,"Front axel repair, axel lock made, axel welding & lathe work, axel thread cutting",
2025/1/R/022,GE-84,Badalgama,CLOSED,2025-01-07,2025-01-20,,,,,,Requested job,"change air filter, replace battery, chk working condition",
2025/1/R/023,GE-53,Badalgama,CLOSED,2025-01-07,2025-01-09,,,,,,Requested job,chk working condition,
2025/1/R/024,HEX-37,cep-03,CLOSED,2025-01-08,2025-01-22,,,,,,Requested job,"swing motor oil change, bucket repair",
2025/1/R/025,RD-6318,Ruwanwella,CLOSED,2025-01-08,2025-01-11,,,,,,Requested job,brake repair-spply spares to site,
2025/1/R/026,RD-3536,Ruwanwella,CLOSED,2025-01-08,2025-01-11,,,,,,Requested job,brake repair-spply spares to site,
2025/1/R/027,SL-11,Ruwanwella,CLOSED,2025-01-09,2025-01-09,,,,,,Requested job,drive belt,
2025/1/R/028,SL-25,Ruwanwella,CANCELLED,2025-01-09,,,,,,,Requested job,"fan belt, hy. pressure sensor",Cancel
2025/1/R/029,DAH-2229,cep-03,CLOSED,2025-01-09,2025-01-09,,,,,,Requested job,alternator repair,
2025/1/R/030,PH-6747,Batticaloa,CLOSED,2025-01-09,2025-01-11,,,,,,Requested job,"injector pump with nozzel  service & repair, fan belt, oil seal, bearing, tappet cover packing",
2025/1/R/031,SL-10,Ududumbara,CLOSED,2025-01-09,2025-01-26,,,,,,Requested job,"MO-514 error, hy filter & sensor need to check, remover sensor wire connection temporily running, replace hy. sensor & filters",
2025/1/R/032,SL-02,Port City,OPEN,2025-01-09,,,,,,,Requested job,"c-com -travelling sys. Repair, parking solenoid chk, Not complete",C-Com
2025/1/R/033,MG-18,Badalgama,CLOSED,2025-01-09,2025-01-09,,,,,,Requested job,"replace guide rail set, service, wash & grease, chk machine",
2025/1/R/017,AC-27,Ruwanwella,CLOSED,2025-01-10,2025-04-28,,,,,,Requested job,"compressor gas back pressure, injector pump with nozzel service",
2025/1/R/034,SR-09,cep-03,CLOSED,2025-01-10,2025-01-11,,,,,,Requested job,jack seal-steering,
2025/1/R/035,PC-02,cep-03,CLOSED,2025-01-10,2025-01-11,,,,,,Requested job,"wiper blade, clutch slave pump R/kit",
2025/1/R/036,LD-09,cep-03,CLOSED,2025-01-10,2025-01-11,,,,,,Requested job,alternator repair,
2025/1/R/037,LD-05,Badalgama,CLOSED,2025-01-10,2025-01-11,,,,,,Requested job,replaced astarter motor oil seal,
2025/1/R/039,PR-1504,Katana,CLOSED,2025-01-10,2025-01-13,,,,,,Requested job,"light repair, replace LH-tail light aasy.",
2025/1/R/041,HEX-01,cep-03,CLOSED,2025-01-10,2025-01-12,,,,,,Requested job,replace fuel filter head,
2025/1/R/042,SL-06,Neluwa,CLOSED,2025-01-10,2025-01-12,,,,,,Requested job,Replace drive belt-Pathumini,
2025/1/R/043,PH-6744,Badalgama,CLOSED,2025-01-10,2025-02-12,,,,,,Requested job,"chk running condition, disemble brake drum-RH, adjust, AC repair, chk lights",
2025/1/R/044,BET-3772,Badalgama,CLOSED,2025-01-11,2025-01-14,,,,,,Requested job,"meter cable, service",
2025/1/R/046,HEX-39,Ruwanwella,CLOSED,2025-01-11,2025-05-08,,,,,,Requested job,Hy. hose guard,
2025/1/R/047,48-4849,Badalgama,CLOSED,2025-01-11,2025-01-16,,,,,,Requested job,diesel hose repair,
2025/1/R/040,LK-2276,Katana,CLOSED,2025-01-12,2025-01-15,,,,,,Requested job,"wiper blade, signal light repair, chassis mount replace",
2025/1/R/048,ZB-1547,Ruwanwella,CLOSED,2025-01-12,2025-01-12,,,,,,Requested job,"replace fog light, hy. sys. Repair",
2025/1/R/049,LK-4061,cep-03,CLOSED,2025-01-12,2025-07-29,,,,,,Requested job,"U-bolt repair, tinkering work",
2025/1/R/045,HU-5097,Badalgama,CLOSED,2025-01-15,2025-01-22,,,,,,Requested job,"chk suspension, oil elak, pinion repair, replace engine mount, timing belt replace",
2025/1/R/050,LD-05,Badalgama,CLOSED,2025-01-15,2025-01-16,,,,,,Requested job,"Hy. hose repair, service",
2025/1/R/051,PA-6399,Batticaloa,CLOSED,2025-01-15,2025-01-18,,,,,,Requested job,"wiper, seat, light, repair, R/cap change",
2025/1/R/052,HEX-22,Erawur,CLOSED,2025-01-15,2025-02-15,,,,,,Requested job,"Elec. , pin bush, jack seal, glass repair, crank oil seal(F), -70*95*13mm",
2025/1/R/053,DAH-2228,Badalgama,CLOSED,2025-01-15,2025-01-22,,,,,,Requested job,"diesel leak, F/tyre change, F/axel sys. , door lock, hand brake repair, replace steering link ball joints, fan belt, shockabsorber repair",
2025/1/R/054,40-2955,Badalgama,CLOSED,2025-01-15,2025-01-17,,,,,,Requested job,"gear link ball joint repair,",
2025/1/R/055,LY-4524,Badalgama,CLOSED,2025-01-16,2025-01-17,,,,,,Requested job,prime mover disc repair,
2025/1/R/056,LL-1782,Badalgama,CLOSED,2025-01-17,2025-01-21,,,,,,Requested job,"adjust clutch, hand brake repair, cab jack repair",
2025/1/R/057,MG-03,Badalgama,CLOSED,2025-01-17,2025-06-15,,,,,,Requested job,"replace hy. pump , MR valve, valve box seal, change hy. oil lwith filters",
2025/1/R/058,LD-01,Muthur Plant,CLOSED,2025-01-18,2025-02-06,,,,,,Requested job,brake repair,
2025/1/R/059,LK-2276,Katana,CLOSED,2025-01-19,2025-01-19,,,,,,Requested job,light repair,
2025/1/R/060,ZA-2964,Ruwanwella,CLOSED,2025-01-19,2025-01-25,,,,,,Requested job,"outtrige jack repair, shaft & piston jaclk plate repair, propellar shaft repair",
2025/1/R/061,FL-03,Badalgama,CLOSED,2025-01-19,2025-01-19,,,,,,Requested job,water pump repair,
2025/1/R/062,SL-02,Badalgama,CLOSED,2025-01-19,2025-03-08,,,,,,Requested job,"Engine overheating, bucket & bobtach repair",
2025/1/R/064,HEX-18,Raththota,CLOSED,2025-01-19,2025-02-05,,,,,,Requested job,"hy. leak, silensor, pin bush repair",
2025/1/R/065,VR-10,Badalgama,CLOSED,2025-01-19,2025-01-20,,,,,,Requested job,"Elec. Repair, vibrating switch replace",
2025/1/R/066,EQP-Pocker,cep-03,CLOSED,2025-01-19,2025-01-20,,,,,,Requested job,chk & repair,
2025/1/R/067,EQP-2' water pump,cep-03,CLOSED,2025-01-19,2025-01-20,,,,,,Requested job,chk & repair,
2025/1/R/068,EQP-Bar cutter,cep-03,CLOSED,2025-01-19,2025-01-20,,,,,,Requested job,Elec. Repair,
2025/1/R/069,GE-144,cep-03,CLOSED,2025-01-19,2025-01-21,,,,,,Requested job,Elec. Repair,
2025/1/R/070,HEX-01,cep-03,CLOSED,2025-01-19,2025-01-21,,,,,,Requested job,solenoid repair,
2025/1/R/070-1,GE-145,cep-03,CLOSED,2025-01-19,2025-05-25,,,,,,Requested job,Elec. Repair,
2025/1/R/071,SL-08,cep-03,CLOSED,2025-01-19,2025-01-28,,,,,,Requested job,"Alternator repair, fan belt",
2025/1/R/072,HEX-41,cep-03,CLOSED,2025-01-19,2025-01-26,,,,,,Requested job,"bucket jack seal, bucket pin, bush repair",
2025/1/R/072-1,HEX-40,cep-03,CLOSED,2025-01-19,2025-01-24,,,,,,Requested job,bucket pin bush repair,
2025/1/R/073,EQP-Batching plant,cep-03,CLOSED,2025-01-19,2025-01-24,,,,,,Requested job,"replace sprockets, bearings",
2025/1/R/074,LN-8277,cep-03,CLOSED,2025-01-20,2025-01-22,,,,,,Requested job,"valve box oil leak repair, elec. Repair",
2025/1/R/075,LL-0936,Raththota,CLOSED,2025-01-20,2025-01-23,,,,,,Requested job,"tie rod repair, silensor repair, light",
2025/1/R/076,VR-12,Badalgama,CLOSED,2025-01-20,2025-02-28,,,,,,Requested job,replace hy. pump coupling,
2025/1/R/077,GE-62,Badalgama,CLOSED,2025-01-22,2025-01-27,,,,,,Requested job,"service, replace battery, chk working condition",
2025/1/R/078,EQP-Bituman cart,Badalgama,CLOSED,2025-01-22,2025-01-24,,,,,,Requested job,"chk & start engine , running repair",
2025/1/R/079,LK-5041,Badalgama,CLOSED,2025-01-22,2025-01-23,,,,,,Requested job,"Elec .repair,",
2025/1/R/080,GL-0019,Badalgama,CLOSED,2025-01-22,2025-01-25,,,,,,Requested job,mud guard repair,
2025/1/R/081,LX-1045,Badalgama,CLOSED,2025-01-22,2025-01-23,,,,,,Requested job,adjust brakes,
2025/1/R/082,48-4849,Badalgama,CLOSED,2025-01-22,2025-01-25,,,,,,Requested job,"boom cable bearing repair, fuel sys. Repair, elec .repair",
2025/1/R/038,RA-3051,Ruwanwella,CLOSED,2025-01-23,2025-02-12,,,,,,Requested job,"battery charging, brake repair, water pump repair, alternator repair",
2025/1/R/084,51-7158,Ruwanwella,CLOSED,2025-01-23,2025-01-30,,,,,,Requested job,"steering rack, strut rod bush, ball joint-upper arm, rack end repair",
2025/1/R/085,LI-3851,cep-03,CLOSED,2025-01-24,2025-01-29,,,,,,Requested job,clutch repair-SSO,
2025/1/R/086,AC-37,Ruwanwella,CLOSED,2025-01-24,2025-01-25,,,,,,Requested job,Replace bearing-SSO,
2025/1/R/087,57-3062,Badalgama,CLOSED,2025-01-24,2025-01-30,,,,,,Requested job,"trans. Oil leak repair, hose replace, pipe repaired",
2025/1/R/088,PTR-01,Badalgama,CLOSED,2025-01-26,2025-01-26,,,,,,Requested job,replace hy. hose,
2025/1/R/089,HEX-28,Ruwanwella,CLOSED,2025-01-26,2025-02-03,,,,,,Requested job,"idler wheel, grease jack repair",
2025/1/R/090,HEX-26,Muthur Plant,CLOSED,2025-01-27,2025-01-27,,,,,,Requested job,"hy. union, idler wheel, track plate bolt",
2025/1/R/091,PT-1569,cep-03,CLOSED,2025-01-27,2025-02-02,,,,,,Requested job,starter motor repair,
2025/1/R/092,LM-7940,cep-03,CLOSED,2025-01-27,2025-02-02,,,,,,Requested job,PTO pump,
2025/1/R/093,28-4314,Badalgama,CLOSED,2025-01-27,2025-02-14,,,,,,Requested job,wiper repair,
2025/1/R/094,RC-9894,Ruwanwella,CLOSED,2025-01-27,2025-02-16,,,,,,Requested job,"Brake repair, oil elak, battery charging",
2025/1/R/083,LL-0920,cep-03,CLOSED,2025-01-28,2025-03-17,,,,,,Requested job,"clutch repair, gear box repair",
2025/1/R/095,LK-2276,Katana,CLOSED,2025-01-28,2025-01-31,,,,,,Requested job,"brake repair, F/hub bearing, rear brake, clutch repair",
2025/1/R/097,LI-3405,Muthur Plant,CLOSED,2025-01-29,2025-02-20,,,,,,Requested job,chassis repair-Kandana,
2025/1/R/098,LK-5041,Badalgama,CLOSED,2025-01-29,2025-01-29,,,,,,Requested job,Elec. Repair-head lights,
2025/1/R/099,LD-05,Badalgama,CLOSED,2025-01-29,2025-02-04,,,,,,Requested job,"Hy. hose replace, top up hy. oil",
2025/1/R/096,PC-01,cep-03,CLOSED,2025-01-30,2025-02-03,,,,,,Requested job,"S/valve seal, S-valve welding work, agitator cover welding work",
2025/1/R/100,LC-0434,Badalgama,CLOSED,2025-01-30,2025-01-31,,,,,,Requested job,spring blade repair-R/LH,
2025/1/R/101,PH-3945,H/O,CLOSED,2025-01-30,2025-01-30,,,,,,Requested job,"chk brakes, AC repair",
2025/1/R/102,PTR-01,Badalgama,CLOSED,2025-01-31,2025-01-31,,,,,,Requested job,replace steering hy. hose,
2025/1/R/103,ZA-8337,cep-03,CLOSED,2025-01-31,2025-02-12,,,,,,Requested job,"replace rear axel pinion wheel replace, rim repair, chk tie rod",
2025/1/R/105,PH-6747,Batticaloa,CLOSED,2025-02-01,2025-08-25,,,,,,Requested job,"Engine overhaul,- fixed recondition engine 4JB1, changed air filter with housing, clutch repair(clutch parts japan c/plate, p/plate, c/ bearing, c/ fork, )replace all brake liners & washers, brake master pump R/kit, front brake drums replaced",
2025/2/R/106,LN-9046,Port City,CLOSED,2025-02-01,2025-02-01,,,,,,Requested job,Replace air dryer R/kit,
2025/1/R/104,LP-1712,Port City,CLOSED,2025-02-02,2025-02-08,,,,,,Requested job,abnormal noise,
2025/2/R/107,47-5112,Badalgama,CLOSED,2025-02-02,2025-02-02,,,,,,Requested job,adjust brakes,
2025/2/R/108,HS-1773,Muthur Plant,CLOSED,2025-02-02,2025-02-05,,,,,,Requested job,PTO pump repair,
2025/2/R/109,GE-34,cep-03,CLOSED,2025-02-02,2025-03-01,,,,,,Requested job,"Exhaust manifold repair, belt-3nos, alternator bearings, air filter",
2025/2/R/110,EQP-Bar Bender,cep-03,CLOSED,2025-02-02,2025-02-03,,,,,,Requested job,"Bearing with oil seal, main shaft bushing, turning out 2 pins, bending pin holder support pin filling & lathe work",
2025/2/R/111,SR-09,Batticaloa,CLOSED,2025-02-02,2025-03-20,3775,Hrs,,,,Requested job,"Engine minor repair-replace gasket, alternator repair, ignition switch, elec .repair-vibrating switch, wash & grease",3775Hr
2025/2/R/112,SL-03,H/O,CLOSED,2025-02-04,2025-02-07,,,,,,Requested job,"oil leak from F/RH axel, replace 3nos axel oil seals, hy. fan coil (relay), cleaned wire sockets",
2025/2/R/113,AC-25,Ruwanwella,CLOSED,2025-02-04,2025-02-08,,,,,,Requested job,Engine govenor defect,
2025/2/R/116,ZA-8445,cep-03,CLOSED,2025-02-04,2025-02-07,,,,,,Requested job,"Mixture drum bearing,",
2025/2/R/117,ZA-7290,cep-03,CLOSED,2025-02-04,2025-02-07,,,,,,Requested job,"Mixture drum bearing,",
2025/2/R/118,LO-7184,cep-03,CLOSED,2025-02-05,2025-02-07,,,,,,Requested job,clutch booster,
2025/2/R/118-1,LK-2276,Ruwanwella,CLOSED,2025-02-05,2025-02-08,,,,,,Requested job,starter motor repair,
2025/2/R/114,HEX-18,Raththota,CLOSED,2025-02-07,2025-02-09,,,,,,Requested job,starter motor repair,
2025/2/R/115,LL-1782,Badalgama,CLOSED,2025-02-07,2025-02-08,,,,,,Requested job,Alternator repair-fixed recondition alternator,
2025/2/R/119,LB-4824,Ruwanwella,CLOSED,2025-02-07,2025-02-20,,,,,,Requested job,"accelerator pedal repair, diesel leak, elec. Repair",
2025/2/R/120,HEX-05,Raththota,CLOSED,2025-02-07,2025-03-21,,,,,,Requested job,"replace travelling motor-recondition, feed pump repair, swing motor oil elak repair, arm jack hole line boring-Ex",
2025/2/R/120-1,ZB-1979,Port City,CLOSED,2025-02-10,2025-02-11,,,,,,Requested job,"service, wash & grease, replace tie rod end",
2025/2/R/121,HEX-18,Raththota,CLOSED,2025-02-13,2025-02-14,,,,,,Requested job,"replace top roller, hy. hose 4, hy. pressure sensor(valve box), top up hy. oil, bolt 2",
2025/2/R/122,HEX-46,cep-03,CLOSED,2025-02-13,2025-02-15,,,,,,Requested job,top roller,
2025/2/R/123,LM-7948,cep-03,CLOSED,2025-02-13,2025-02-15,,,,,,Requested job,propellart shaft yoke,
2025/2/R/132,57-3062,Badalgama,CLOSED,2025-02-13,2025-02-17,,,,,,Requested job,"turbo hose, steering linkage & ball joint repair, shockabsorber repair, replace shock bushes, chk wheel alignment",
2025/2/R/133,51-8083,cep-03,CLOSED,2025-02-13,2025-02-15,,,,,,Requested job,"Upper arm bolt, starter motor pinion",
2025/2/R/134,HEX-36,Ruwanwella,CLOSED,2025-02-13,2025-02-13,,,,,,Requested job,tie rod end with rack end 2,
2025/2/R/135,LM-7951,cep-03,CLOSED,2025-02-13,2025-02-15,,,,,,Requested job,clutch repair,
2025/2/R/124,HEX-23,cep-03,CLOSED,2025-02-14,2025-02-15,,,,,,Requested job,"arm jack seal kit, hy. hose, 2, silensor repair",
2025/2/R/125,59-5421,Kilinochchi,CLOSED,2025-02-14,2025-02-15,,,,,,Requested job,"brake , tire rod linkage, suspension repair",
2025/2/R/126,HU-5097,Badalgama,CLOSED,2025-02-14,2025-02-15,,,,,,Requested job,"alternator oil leak,",
2025/2/R/127,SR-19,cep-03,CLOSED,2025-02-14,2025-02-15,,,,,,Requested job,"Bonnet jack2, made 2 union for bonnet jack mounting",
2025/2/R/128,PJ-6376,Badalgama,CLOSED,2025-02-14,2025-02-14,,,,,,Requested job,replace air hose,
2025/2/R/129,325-5120,Badalgama,CLOSED,2025-02-14,2025-02-14,,,,,,Requested job,"elec. Repair-horn, replace solenoid valve",
2025/2/R/130,TR-83/84,Badalgama,CLOSED,2025-02-14,2025-03-15,,,,,,Requested job,14.02.2025,
2025/2/R/131,LJ-5559,cep-03,CLOSED,2025-02-14,2025-02-22,,,,,,Requested job,clutch repair,
2025/2/R/136,43-1191,cep-03,CLOSED,2025-02-15,2025-02-24,,,,,,Requested job,pinion assy. Repaired,
2025/2/R/137,LO-4821,Batticaloa,CLOSED,2025-02-15,2025-02-17,,,,,,Requested job,Fuel sys. Repair-Dimo Baticaloa,
2025/2/R/138,LY-4524,Badalgama,CLOSED,2025-02-15,2025-02-18,,,,,,Requested job,"buffer repair, lights",
2025/2/R/139,LN-8278,Badalgama,CLOSED,2025-02-16,2025-02-16,,,,,,Requested job,"Lubricate gear cable, chk gear lever assy.",
2025/2/R/142,28-4314,Badalgama,CLOSED,2025-02-16,2025-02-16,,,,,,Requested job,alternater repair,
2025/2/R/143,SR-08,cep-03,CLOSED,2025-02-16,2025-02-18,,,,,,Requested job,alternator repair,
2025/2/R/144,PA-4879,Batticaloa,CLOSED,2025-02-16,2025-02-18,,,,,,Requested job,Brake repair,
2025/2/R/140,RD-3536,Ruwanwella,CLOSED,2025-02-17,2025-03-16,,,,,,Requested job,Gear sys. Repair(can't engage reverse gear),
2025/2/R/141,47-5112,Badalgama,CLOSED,2025-02-17,2025-02-17,,,,,,Requested job,starter motor repair,
2025/2/R/145,49-2288,Port City,CLOSED,2025-02-17,2025-02-18,,,,,,Requested job,"Gear engage defect, steering sys. Defect",
2025/2/R/146,325-5120,Badalgama,CLOSED,2025-02-17,2025-02-17,,,,,,Requested job,"Replace wheel stud, adjust brakes",
2025/2/R/147,LC-0434,Badalgama,CLOSED,2025-02-17,2025-02-17,,,,,,Requested job,F/shockabsorber repair,
2025/2/R/149,LL-1782,Badalgama,CLOSED,2025-02-19,2025-02-22,,,,,,Requested job,"replace clutch booster hose, center bearing",
2025/2/R/150,LY-4524,Badalgama,CLOSED,2025-02-20,2025-02-24,,,,,,Requested job,"Turbo hose, Head light NW",
2025/2/R/151,LK-4059,Badalgama,CLOSED,2025-02-20,2025-02-27,,,,,,Requested job,"air leak, chk brake, light",
2025/2/R/152,49-5294,Muthur Plant,CLOSED,2025-02-20,2025-02-23,,,,,,Requested job,"Replace fuel filters, top up E/oil,gear box oil, alternator repair, replaced battery HS-1794, fan belt, tinkering & painting, replace F-wheel, starter motor repair, wash & grease, Mud guard & bonnet fixed, chk all oil levels, air filter, hitch repair",
2025/2/R/153,EQP-bobcat boomer,cep-03,CLOSED,2025-02-20,2025-02-23,,,,,,Requested job,"Replace brush set-steel, hy. hose, greasing, wash & clean",
2025/2/R/154,DAH-2229,cep-03,CLOSED,2025-02-20,2025-02-24,,,,,,Requested job,Alternator repair-fixed recondition alternator,
2025/2/R/155,HEX-21,Erawur,CLOSED,2025-02-20,2025-04-05,,,,,,Requested job,"oil leak, turbo repair, crank seal-R, hy. pump coupling & regulator seal kit, boom jack bush, pin repair, bucket & H-bush with pin repair",
2025/2/R/158,SR-15,Badalgama,CLOSED,2025-02-20,2025-02-27,,,,,,Requested job,"light repair, wash & greased, reverse horn",
2025/2/R/159,PTR-01,Badalgama,CLOSED,2025-02-20,2025-02-27,,,,,,Requested job,"Fixed batteries & chk running condition, light repair",
2025/2/R/160,PTR-08,Badalgama,CLOSED,2025-02-20,2025-03-04,,,,,,Requested job,"fixed batteries, wash & grease, chk all oil levels, P/S oil hose replace",
2025/2/R/161,PTR-06,Badalgama,CLOSED,2025-02-20,2025-03-04,,,,,,Requested job,"Fixed batteies, elec. Repair, wash & grease, chk all oil levels",
2025/2/R/162,ZA-6069,cep-03,CLOSED,2025-02-20,2025-02-27,,,,,,Requested job,"Final drive repair-replace sun wheel, planetary wheel with bearings",
2025/2/R/163,PD-7049,Erawur,CLOSED,2025-02-21,2025-02-27,,,,,,Requested job,"P/S oil leak repair, Steering rack repair-Ex, check allignment",
2025/2/R/164,AC-41,Badalgama,CLOSED,2025-02-21,2025-02-27,,,,,,Requested job,"check running defect, engine governing system",
2025/2/R/165,MG-09,cep-03,CLOSED,2025-02-21,2025-03-02,,,,,,Requested job,"replace guide rail, hub bearing, seal, bearing cap",
2025/2/R/166,MG-10,cep-03,CLOSED,2025-02-21,2025-03-01,,,,,,Requested job,"replace guide rail, hub bearing ,grease seal",
2025/2/R/167,MG-07,cep-03,CLOSED,2025-02-21,2025-03-01,,,,,,Requested job,replace guide rail,
2025/2/R/168,LI-3402,Badalgama,CLOSED,2025-02-21,2025-06-17,,,,,,Requested job,clutch lever repair,
2025/2/R/169,LN-8278,Badalgama,CLOSED,2025-02-23,2025-02-23,,,,,,Requested job,"boom cable repair, change winch gear oil",
2025/2/R/170,PH-6744,cep-03,CLOSED,2025-02-23,2025-02-24,,,,,,Requested job,Elec. Repair,
2025/2/R/171,LM-2298,cep-03,CLOSED,2025-02-23,2025-02-24,,,,,,Requested job,Brake repair-SSO,
2025/2/R/172,SR-18,cep-03,CLOSED,2025-02-23,2025-03-04,,,,,,Requested job,"Bonnet repair, bonnet jack 2",
2025/2/R/157,48-4849,Badalgama,CLOSED,2025-02-24,2025-02-25,,,,,,Requested job,"hy. leak repair, replace stabilizer jack seal, change hy. oil with filter",
2025/2/R/173,MG-09,cep-03,CLOSED,2025-02-24,2025-02-28,,,,,,Requested job,"hub bearing, oil seal, bearing cap",
2025/2/R/174,AC-37,cep-03,CLOSED,2025-02-24,2025-02-28,,,,,,Requested job,starter motor repair,
2025/2/R/175,PD-6917,cep-03,CLOSED,2025-02-24,2025-02-27,,,,,,Requested job,"suspension & steering sys. Repair, D-bush, link end bush, brake pads, repaired shockabsorber, silensor mounts, rack end, strut rod bush, upper arm & lower arm bushes",
2025/2/R/176,LA-9208,Badalgama,CLOSED,2025-02-25,2025-02-25,,,,,,Requested job,"replace tie rod bar(center link), propellar shaft u-joint",
2025/2/R/177,LK-2276,Ruwanwella,CLOSED,2025-02-25,2025-02-27,,,,,,Requested job,"vaccume leak, PTO defect, replace PTO engage wheel",
2025/2/R/178,CR-01,cep-03,CLOSED,2025-02-26,2025-03-03,,,,,,Requested job,"Alternator repair, replace diode plate, field coil repair",
2025/2/R/179,HEX-39,Ruwanwella,CLOSED,2025-02-26,2025-03-04,,,,,,Requested job,Alternator repair,
2025/2/R/180,RA-3051,Ruwanwella,CLOSED,2025-02-26,2025-03-02,,,,,,Requested job,Alternator repair,
2025/2/R/182,FL-03,Badalgama,CLOSED,2025-02-26,2025-02-28,,,,,,Requested job,fan belt repair,
2025/2/R/181,LK-2366,Ruwanwella,CLOSED,2025-02-27,2025-03-07,,,,,,Requested job,"Leaf spring repair, replace brake liner F/R, hub greasing",
2025/2/R/183,PJ-6376,Badalgama,CLOSED,2025-02-28,2025-02-28,,,,,,Requested job,replace alternator oil seal,
2025/2/R/184,HU-5097,Badalgama,CLOSED,2025-02-28,2025-03-01,,,,,,Requested job,replaced F-LH hub bearing with seal,
2025/3/R/185,48-4849,Badalgama,CLOSED,2025-03-02,2025-03-02,,,,,,Requested job,"Repaired brake lights, replace parking brake lever",
2025/3/R/186,LL-1782,Badalgama,CLOSED,2025-03-02,2025-03-02,,,,,,Requested job,Replace fog lights,
2025/3/R/187,LK-5041,Badalgama,CLOSED,2025-03-02,2025-03-02,,,,,,Requested job,starter motor repair,
2025/3/R/188,LD-05,Badalgama,CLOSED,2025-03-03,2025-03-07,,,,,,Requested job,starter motor repair-replace clutch assy.,
2025/3/R/189,BET-3772,Badalgama,CLOSED,2025-03-03,2025-03-03,,,,,,Requested job,"servcie, meter cable",
2025/3/R/191,SR-11,cep-03,CLOSED,2025-03-03,2025-03-14,,,,,,Requested job,replace drum mounts 14 nos,
2025/3/R/192,SR-13,Kilinochchi,CLOSED,2025-03-03,2025-03-04,,,,,,Requested job,replace drum mounts-2nos,
2025/3/R/193,SR-06,cep-03,CLOSED,2025-03-03,2025-03-05,,,,,,Requested job,Drum mount replacing,
2025/3/R/190,HEX-40,cep-03,CLOSED,2025-03-04,2025-03-08,,,,,,Requested job,undercarriage repair,
2025/3/R/193-1,LP-1709,cep-03,CLOSED,2025-03-04,2025-03-08,,,,,,Requested job,Poor pulling force,
2025/3/R/194,28-4314,Badalgama,CLOSED,2025-03-05,2025-03-05,,,,,,Requested job,"Accelerator cable repair, bonnet cable fixing",
2025/3/R/196,ZA-8033,cep-03,CLOSED,2025-03-05,2025-03-09,,,,,,Requested job,"Brake booster, clutch booster repair,truck mixture water pump seal kit, bearing replacement",
2025/3/R/197,EQP-1T roller,Batticaloa,CLOSED,2025-03-05,2025-03-08,,,,,,Requested job,"service, chk engine, fuel filter assy., hy. hose, chk working condition",
2025/3/R/198,BET-3726,Batticaloa,CLOSED,2025-03-05,2025-03-20,,,,,,Requested job,"chassis repair, side mirror, brake cable, meter cable, head light bulb, oil burnt-not received approval from HO to repair",
2025/3/R/199,BIE-8543,Batticaloa,CLOSED,2025-03-05,2025-03-09,,,,,,Requested job,"gear shaft, side stand, foot rack accident repair, S/M cable, oil burnt-not received approval from HO to repair",
2025/3/R/200,LH-5586,cep-03,CLOSED,2025-03-05,2025-03-22,,,,,,Requested job,"Gear box housing damage, propellar shaft yoke damages, air leak, clutch R/kit UP/Down, alternator repair, lights",
2025/3/R/201,LL-0936,Raththota,CLOSED,2025-03-05,2025-03-14,,,,,,Requested job,"Fuel filter head, replace clutch plate, pressure plate, clutch bearing, gear box mount",
2025/3/R/202,CR-02,cep-03,CLOSED,2025-03-05,2025-03-07,,,,,,Requested job,Alternator field coil re-winding,
2025/3/R/195,PJ-6376,Badalgama,CLOSED,2025-03-08,2025-03-14,,,,,,Requested job,"chk Spring bush, E/mounts, starter motor repair, wash & grease",
2025/3/R/203,LA-9208,Badalgama,CLOSED,2025-03-08,2025-03-09,,,,,,Requested job,Tie rod ball joint repair,
2025/3/R/204,LK-5041,Badalgama,CLOSED,2025-03-08,2025-03-25,423266,Km,,,,Requested job,"Elec. Repair-wiring defect, replace S/meter cable, Fixed hr meter, 423266Km",
2025/3/R/205,HEX-43,cep-03,CLOSED,2025-03-08,2025-03-09,,,,,,Requested job,Bucket collar bush 80*130mm,
2025/3/R/206,PA-6399,Batticaloa,CLOSED,2025-03-08,2025-04-20,,,,,,Requested job,Engine repair - insurance work,
2025/3/R/207,LM-6653,Batticaloa,CLOSED,2025-03-08,2025-03-18,,,,,,Requested job,"winch repair, replace water temp. plug",
2025/3/R/208,LP-1567,cep-03,CLOSED,2025-03-08,2025-03-21,,,,,,Requested job,Accident repair-Autobacs,
2025/3/R/209,HEX-18,Raththota,CLOSED,2025-03-10,2025-07-02,,,,,,Requested job,"Swival oil leak, battery post filling",
2025/3/R/212,"EQP-porker vibrator, water pump",Badalgama,CLOSED,2025-03-10,2025-03-10,,,,,,Requested job,"carb clean, replace air filter, oil change, spark plug",
2025/3/R/213,TR-20,Badalgama,CLOSED,2025-03-10,2025-03-10,,,,,,Requested job,"replace carb., spark plug, change E/oil",
2025/3/R/214,325-5120,Badalgama,CLOSED,2025-03-11,2025-03-13,,,,,,Requested job,Diesel tank cleaning,
2025/3/R/215,LO-7183,cep-03,CLOSED,2025-03-11,2025-03-11,,,,,,Requested job,starter motor repair-replace brush set & armature,
2025/3/R/216,GL-0019,Badalgama,CLOSED,2025-03-11,2025-03-14,,,,,,Requested job,diesel leak from injector-2nos,
2025/3/R/217,PA-6398,Batticaloa,CLOSED,2025-03-11,2025-03-15,,,,,,Requested job,"fuel sys. Repair, elec. Repair, chk clutch & gear lever",
2025/3/R/218,LB-4824,Ruwanwella,CLOSED,2025-03-11,2025-03-11,,,,,,Requested job,"signal light, wiper",
2025/3/R/219,WQ-9941,Ruwanwella,CLOSED,2025-03-11,2025-03-20,,,,,,Requested job,Abnormal noise from engine- replace timing chain adjuster,
2025/3/R/220,HEX-39,Ruwanwella,CLOSED,2025-03-11,2025-03-13,,,,,,Requested job,Alternator repair-colombo Upali motor,
2025/3/R/221,SR-11,cep-03,CLOSED,2025-03-11,2025-03-14,,,,,,Requested job,returned drum mounts supplied by Mount House Colombo 3/3/25 . Fixed new mounts 14nos,
2025/3/R/222,ZA-7291,cep-03,CLOSED,2025-03-11,2025-03-18,,,,,,Requested job,Rear Engine starter motor repair-Kamal,
2025/3/R/225,MG -Mr Thilina,Badalgama,CLOSED,2025-03-11,2025-03-18,,,,,,Requested job,"Hose repaired, brake repair, elec. Repair",
2025/3/R/223,LB-01,Abanpola,CLOSED,2025-03-12,2025-03-15,,,,,,Requested job,"Alternator repair-Kamal, replace diode plate",
2025/1/R/004,EQP-concrete mixture,Neluwa,CLOSED,2025-03-14,2025-03-17,,,,,,Requested job,"replace drrive belt, chk running condition, replace drive wheel, greasing",
2025/3/R/224,LN-8278,Badalgama,CLOSED,2025-03-14,2025-03-16,,,,,,Requested job,"replace fuel filter, tightened boom mounting bolt",
2025/3/R/226,LP-1582,Badalgama,CLOSED,2025-03-14,2025-03-19,,,,,,Requested job,Alternator repair-replace bearing,
2025/3/R/227,FL-03,Badalgama,CLOSED,2025-03-14,2025-03-19,,,,,,Requested job,"starter motor repair-armature, brush set",
2025/3/R/210,ZA-6255,Badalgama,CLOSED,2025-03-15,2025-06-22,,,,,,Requested job,"chk, service, wiring",
2025/3/R/211,28-4314,Badalgama,CLOSED,2025-03-16,2025-03-27,,,,,,Requested job,"meter board repair, bonnet cable, hand brake, p/S pump hose, rear door repair, service, suspension repair",
2025/3/R/230,HEX-36,Ruwanwella,CLOSED,2025-03-17,2025-04-01,,,,,,Requested job,"boom jack line boring,  bucket pin bush, F/axel seal, tie rod end, Elec. (light, horn), parking brake, cabin glass",
2025/3/R/231,LP-1580,Batticaloa,CLOSED,2025-03-17,2025-03-30,,,,,,Requested job,"Gear box major repair, AC repair",
2025/3/R/232,LM-7942,Batticaloa,CLOSED,2025-03-17,2025-03-28,,,,,,Requested job,Propellar shaft repair,
2025/3/R/233,47-5112,Badalgama,CLOSED,2025-03-17,2025-03-18,,,,,,Requested job,Driving seat repair,
2025/3/R/234,LL-1782,Badalgama,CLOSED,2025-03-17,2025-03-17,,,,,,Requested job,Winch repair-change winch oil,
2025/3/R/235,VR-61,Port City,CLOSED,2025-03-18,2025-03-18,,,,,,Requested job,"Replace battery 95A, wash & grease, chk all oil levels",
2025/3/R/236,SL-15,Port City,CLOSED,2025-03-18,2025-03-18,,,,,,Requested job,"Wash & grease, chk all oil levels",
2025/3/R/237,HEX-42,cep-03,CLOSED,2025-03-19,2025-04-05,,,,,,Requested job,"Boom jack pin bush line bore, boom main pin bush line bore-Ex Katana",
2025/3/R/238,LL-1782,Badalgama,CLOSED,2025-03-19,2025-03-24,,,,,,Requested job,"Replace E/mounts(4), wash & grease",
2025/3/R/239,SL-13,Batticaloa,CLOSED,2025-03-19,2025-03-27,,,,,,Requested job,Travelling motor seal,
2025/3/R/240,ZA-7968,Batticaloa,CLOSED,2025-03-19,2025-03-21,,,,,,Requested job,"jack seal 2, multi jack seal, door jack, u-joint cap 4",
2025/3/R/241,LB-4824,Ruwanwella,CLOSED,2025-03-20,2025-03-26,,,,,,Requested job,Starter motor repair-Ex,
2025/3/R/244,LN-9046,Port City,CLOSED,2025-03-20,2025-04-07,,,,,,Requested job,"Injector pump with nozzel  service & repair, wash & grease, service, chk brake liner, air leak",
2025/3/R/245,48-4849,Badalgama,CLOSED,2025-03-21,2025-03-24,,,,,,Requested job,"Air compressor repair(replace gasket with valve plate), unloader valve",
2025/3/R/246,LN-8277,cep-03,CANCELLED,2025-03-21,,,,,,,Requested job,Elec. Repair(dim light),cancel
2025/3/R/247,ZA-8445,cep-03,CLOSED,2025-03-22,2025-03-24,,,,,,Requested job,"wash & grease, Elec. Repair, lights, chk all oil levels, adjust tie rod ends",
2025/3/R/248,ZA-7810,cep-03,CLOSED,2025-03-22,2025-03-26,,,,,,Requested job,"R-engine oil leak from push rods, service, shooter repair, driving seat cushion work, replace speedo meter sensor",
2025/3/R/249,BIE-8724,Badalgama,CLOSED,2025-03-24,2025-03-30,,,,,,Requested job,replace horn,
2025/3/R/250,PR-1504,Badalgama,CLOSED,2025-03-24,2025-03-25,,,,,,Requested job,Brake repair,
2025/3/R/251,LP-1571,Batticaloa,CLOSED,2025-03-24,2025-06-18,,,,,,Requested job,Injector knock-dimo siyabalape 26.04.2025,
2025/3/R/252,LL-0936,Raththota,CLOSED,2025-03-25,2025-03-26,,,,,,Requested job,"Brake repair, replace brake liners, brake washers",
2025/3/R/253,LT-21,Badalgama,CLOSED,2025-03-25,2025-04-08,,,,,,Requested job,"Servcie, chk lights with cables, generator coil re-winding",
2025/3/R/257,325-5120,Badalgama,CLOSED,2025-03-25,2025-03-27,,,,,,Requested job,clutch master & slave pump replace,
2025/3/R/258,TM-13,Ududumbara,CLOSED,2025-03-25,2025-03-25,,,,,,Requested job,"Fuel sys. Repair-chked fuel pump by supplying directly & observed no defect, then chked fuel pipe lines 7 tank filter blocked, cleaned & repaired, after that apply load to mixer drum & chked -ok, machine operates normally.injector pump has no governor defect.",
2025/3/R/254,LO-5981,cep-03,CLOSED,2025-03-27,2025-04-08,,,,,,Requested job,"Clutch repair-pressure plate, clutch liner",
2025/3/R/255,LO-7180,cep-03,CLOSED,2025-03-27,2025-03-29,,,,,,Requested job,clutch plate re-lining,
2025/3/R/256,LK-5586,cep-03,CLOSED,2025-03-27,2025-04-05,,,,,,Requested job,clutch repair,
2025/3/R/259,DAH-2229,cep-03,CLOSED,2025-03-28,2025-03-28,,,,,,Requested job,"Flywheel facing, pressure plate, clutch plate, clutch bearing",
2025/3/R/260,LI-7701,cep-03,CLOSED,2025-03-28,2025-03-29,,,,,,Requested job,fixed recondition power steerig pump,
2025/3/R/261,LP-1720,cep-03,CLOSED,2025-03-28,2025-03-29,,,,,,Requested job,"AC repair, fan belt 8PK-2120",
2025/3/R/262,LK-2366,Ruwanwella,CLOSED,2025-03-28,2025-04-02,,,,,,Requested job,"clutch repair-replace clutch plate, clutch master cylinder R/kit, slave cylinder R/kit",
2025/3/R/263,DAH-2230,Muthur Plant,CLOSED,2025-03-28,2025-04-04,,,,,,Requested job,"Fuel sys. Repair-replace high pressure pump by site, injector service & repair, repaired old high pressure pump & fixed to cab",
2025/3/R/264,SL-02,Batticaloa,CLOSED,2025-03-28,2025-03-31,,,,,,Requested job,"Fuel mixed with E/oil,",
2025/3/R/265,HU-5097,Badalgama,CLOSED,2025-03-28,2025-03-28,,,,,,Requested job,"E/oil leak repair, replace oil hose from engine to alternator",
2025/3/R/266,GE-144,Badalgama,OPEN,2025-03-28,,,,,,,Requested job,chk & repair,
2025/3/R/267,LM-7949,cep-03,CLOSED,2025-03-28,2025-04-01,,,,,,Requested job,"clutch plate re-lining, pressure plate facing, needle bearing change, top shaft welding filling & lathe work, clutch bearing bushing",
2025/3/R/267-1,LL-0936,Raththota,CLOSED,2025-03-29,2025-03-31,,,,,,Requested job,Brake repair-replace vaccum cylinder piston & ring set with bore,
2025/3/R/268,LH-5586,cep-03,CLOSED,2025-03-29,2025-04-23,,,,,,Requested job,king pin repair,
2025/3/R/269,LO-7184,cep-03,CLOSED,2025-03-29,2025-04-30,,,,,,Requested job,king pin repair,
2025/3/R/270,LM-5721,cep-03,CLOSED,2025-03-30,2025-04-03,,,,,,Requested job,king pin repair,
2025/3/R/272,LM-7942,Batticaloa,CLOSED,2025-03-31,2025-04-08,,,,,,Requested job,Air dryer R/kit,
2025/3/R/273,PWG-01,Batticaloa,CLOSED,2025-03-31,2025-04-03,,,,,,Requested job,Fixed recondition alternator,
2025/3/R/274,LD-06,Badalgama,CLOSED,2025-03-31,2025-04-04,,,,,,Requested job,windscreen repair,
2025/3/R/275,LD-08,Badalgama,CLOSED,2025-03-31,2025-08-01,,,,,,Requested job,"Painting, operator seat cushion, signal light",
2025/3/R/277,ASC-25,Badalgama,CLOSED,2025-03-31,2025-04-08,,,,,,Requested job,"Engine overhaul,",
2025/3/R/278,LN-8278,Badalgama,CLOSED,2025-03-31,2025-04-03,901373,Km,,,,Requested job,"Brake repair, -hand brakes 901373Km",
2025/3/R/271,ZA-8445,Moragahakanda,CANCELLED,2025-04-01,,,,,,,Requested job,pinion oil leak,cancel
2025/4/R/279,LT-18,Batticaloa,CANCELLED,2025-04-01,,,,,,,Requested job,,cancel
2025/4/R/280,LT-20,Badalgama,CANCELLED,2025-04-01,,,,,,,Requested job,,cancel
2025/4/R/281,LT-12,Badalgama,CANCELLED,2025-04-01,,,,,,,Requested job,,cancel
2025/4/R/282,LM-7948,cep-03,CLOSED,2025-04-01,2025-04-08,,,,,,Requested job,Starter motor repair-commutator repair,
2025/4/R/283,ZA-7810,Moragahakanda,CLOSED,2025-04-01,2025-04-01,,,,,,Requested job,Alternator repair,
2025/4/R/284,ZA-8445,Moragahakanda,CLOSED,2025-04-01,2025-04-01,,,,,,Requested job,"Pinion seal, alternator repair",
2025/4/R/285,PH-3945,H/O,CLOSED,2025-04-02,2025-04-02,,,,,,Requested job,"A/C repair, chk oil leak",
2025/3/R/276,RA-3051,Ruwanwella,CLOSED,2025-04-03,2025-05-03,,,,,,Requested job,"Replace steering rack , shaft, cup set, alternator repair, E/oil leak from manifold",
2025/4/R/286,PD-7049,Solution,CLOSED,2025-04-03,2025-04-07,,,,,,Requested job,"Brake repair, Top up E/oil",
2025/4/R/286-1,LL-0920,cep-03,CLOSED,2025-04-04,2025-06-08,,,,,,Requested job,"Engine repair, Accident repair-Auto bacs",
2025/4/R/287,ZA-8445,Moragahakanda,CLOSED,2025-04-05,2025-04-06,,,,,,Requested job,"pinion oil leak, brake repair",
2025/4/R/288,LK-2276,Ruwanwella,CLOSED,2025-04-05,2025-04-26,,,,,,Requested job,Starter motor repair,
2025/4/R/288-1,253-2574,Batticaloa,CLOSED,2025-04-06,2025-04-26,,,,,,Requested job,"Suspension repair, shockabsorber repair, uper arm & lower arm bushing, drop arm, idle arm replace",
2025/4/R/289,RS-0483,Batticaloa,CLOSED,2025-04-06,2025-04-25,,,,,,Requested job,"Final drive repair-replace planetary wheel ring gear, make a groove on axel, put circlip lock to avoid moving of sun gear wheel",
2025/4/R/291,SL-18,cep-03,CLOSED,2025-04-06,2025-04-08,,,,,,Requested job,Replace drive belt,
2025/4/R/292,28-4314,Badalgama,CLOSED,2025-04-06,2025-04-25,,,,,,Requested job,"Injector service, fuel sys. Cleaned, fuel tank, filter head, chk glow plugs circuit, change fuel filter",
2025/4/R/290,LM-6653,Batticaloa,CLOSED,2025-04-07,2025-06-15,,,,,,Requested job,Winch repair,
2025/4/R/294,LY-4524,Badalgama,CLOSED,2025-04-07,2025-04-07,,,,,,Requested job,Head light repair,
2025/4/R/295,BIE-8724,Badalgama,CLOSED,2025-04-08,2025-04-09,,,,,,Requested job,replace brake cable,
2025/4/R/296,PH-3945,H/O,CLOSED,2025-04-09,2025-04-10,,,,,,Requested job,A/C repair,
2025/4/R/297,48-4849,Badalgama,CLOSED,2025-04-09,2025-04-10,,,,,,Requested job,battery charging repair,
2025/4/R/299,SL-11,Ruwanwella,CLOSED,2025-04-21,2025-05-09,,,,,,Requested job,"glas repair, hub seal, bucket jack seal, bucket repair, travellling motor seal kit 2, wash & grease, hy. hose, fan belt, air filter, hy. top up, bucket jack pin repair, bush replace",
2025/4/R/300,47-5112,Badalgama,CLOSED,2025-04-21,2025-04-26,,,,,,Requested job,"Ball joint repair, adjuste F/hub bearings & ball joints, replace B/pad set, shockabsorber repair-F & R",
2025/3/R/229,PTR-08,cep-03,CLOSED,2025-04-22,2025-04-26,,,,,,Requested job,tyre punch,
2025/4/R/298,SL-18,cep-03,CLOSED,2025-04-22,2024-05-07,,,,,,Requested job,"Pin bush repair, oil leak repair, bucket jack seal 2, upholstery repair, controll pedal pin bush repair, wash & grease, adjust RPM",
2025/4/R/301,DAH-2230,Muthur Plant,CLOSED,2025-04-22,2025-05-03,,,,,,Requested job,"Fuel sys. Repair, injector service, replace low pressure pump, high pressure pump repair, wash & grease",
2025/4/R/302,HEX-17,Batticaloa,CLOSED,2025-04-23,2025-05-09,10605,Hrs,,,,Requested job,"AC repair, arm end bushing, bucket repair- 10605Hr",
2025/4/R/303,ZA-8445,Moragahakanda,CLOSED,2025-04-23,2025-04-24,,,,,,Requested job,"Replace tie rod ends, greasing, adjust brakes",
2025/4/R/304,ZA-7810,Moragahakanda,CLOSED,2025-04-23,2025-04-24,,,,,,Requested job,"replace brake rachets, light repair, adjust brakes, greasing",
2025/4/R/305,HEX-19,cep-03,CLOSED,2025-04-24,2025-04-30,,,,,,Requested job,"replace bottom rollers 4, track link, bush pin replace,-15nos, idler wheel broken bolt remove & replace, welding work",
2025/4/R/306,AC-01,cep-03,CLOSED,2025-04-24,2025-04-26,,,,,,Requested job,"starter motor repair-solenoid & pinion assy., chk & repair",
2025/4/R/307,LO-8350,cep-03,CLOSED,2025-04-24,2025-04-30,,,,,,Requested job,Starter motor repair-field coil burnt,
2025/4/R/308,LJ-5203,cep-03,CLOSED,2025-04-24,2025-07-20,,,,,,Requested job,Engine ovehaul,
2025/4/R/309,LK-5041,Badalgama,CLOSED,2025-04-25,2025-04-25,,,,,,Requested job,"Elec. Repair(fuse burnt when operating boom) horn NW, change lage fuse-ok",
2025/4/R/310,LC-0434,Badalgama,CLOSED,2025-04-25,2025-04-26,,,,,,Requested job,"battery charging repair, wiper blades",
2025/4/R/312,LN-8278,Badalgama,CLOSED,2025-04-25,2025-04-26,,,,,,Requested job,"Adjust drag link bal joints, hand brake repair - R",
2025/4/R/314,ZA-7925,cep-03,CLOSED,2025-04-25,2025-05-07,,,,,,Requested job,"chk tie rod, air leak, service, tail light, dryer filter, wash & grease",
2025/4/R/315,ZB-1047,Batticaloa,CLOSED,2025-04-25,2025-05-03,,,,,,Requested job,alternator repair,
2025/4/R/315-1,VR-14,Batticaloa,CLOSED,2025-04-25,2025-05-08,,,,,,Requested job,"Repaired control circuit board-Ex, ignition switch, hy. hose, wash & grease, change operating seat",
2025/4/R/313,LK-6738,Batticaloa,CLOSED,2025-04-26,2025-05-20,,,,,,Requested job,"chk & replace all brake liners, flexible silensor, king pin -RHS, no tipping, radiator fan, door post repair- rear deck",
2025/4/R/316,51-7158,Ruwanwella,CLOSED,2025-04-26,2025-04-26,,,,,,Requested job,clutch master cylinder,
2025/4/R/317,AC-32,Ruwanwella,CLOSED,2025-04-28,2025-06-06,,,,,,Requested job,"E/oil mix with water in radiator, compressor cover body damage by site",
2025/4/R/318,LN-8277,cep-03,CLOSED,2025-04-28,2025-05-01,,,,,,Requested job,"E/mount, boom oil leak, fix hr meter, Elec. Repair, (dash board indicators NW)",
2025/4/R/319,EQP-1T roller,Badalgama,CLOSED,2025-04-28,2025-08-05,,,,,,Requested job,chk & repair,
2025/4/R/320,VR-68,Batticaloa,CLOSED,2025-04-28,2025-05-03,,,,,,Requested job,Vibration motor oil leak(replace oil seal,
2025/4/R/321,SR-09,Batticaloa,CLOSED,2025-04-29,2025-04-30,,,,,,Requested job,Alternator repair,
2025/4/R/322,MG-09,cep-03,CLOSED,2025-04-29,2025-05-09,,,,,,Requested job,Guide rail,
2025/4/R/323,MG-05,cep-03,CLOSED,2025-04-30,2025-07-05,,,,,,Requested job,"Tie rod repair, Front axel center pin bush repair, king pin , jack seal,hr meter",
2025/4/R/324,LK-4057,cep-03,CLOSED,2025-04-30,2025-08-05,,,,,,Requested job,"Deck repair, chk brakes, service, tipping valve seal, wiper blades, wash & grease, clutch repair-clutch plate, , fixed new tail light set, horn air line",
2025/5/R/325,AC-41,cep-03,CLOSED,2025-05-02,2025-05-19,2739,Hrs,,,,Requested job,"Engine overheating, replace gasket, battery change - 2739Hrs",
2025/5/R/326,AC-38,cep-03,CLOSED,2025-05-02,2025-05-15,872,Hrs,,,,Requested job,"Running defect, E/stop suddenly after 10min operation, service - 872Hrs, need to change air filters-2, comp. oil filter, cleaned radiator externally, max operating temp. checked 86C, replaced temp. sensor previous & fixed 5pin relay with new sensor-it will cou off machine when tem. reaches 110C",
2025/5/R/327,WG-06,cep-03,OPEN,2025-05-02,,,,,,,Requested job,chk & repair,
2025/5/R/328,LY-4524,Badalgama,CLOSED,2025-05-02,2025-05-07,,,,,,Requested job,"gear engaging defect, replace brake pad - middle wheel set",
2025/5/R/329,HEX-05,Erawur,CLOSED,2025-05-02,2025-05-10,,,,,,Requested job,"replace sprocket, travelling lever bearings, fixed hr. meter, operating seat cushion",
2025/5/R/330,LO-4816,Serunuwara,CLOSED,2025-05-02,2025-06-30,,,,,,Requested job,"Replace clutch booster, chk parking brakes, tinkering, clutch repair, gear box repair, gear box pinion oil change",
2025/5/R/331,LP-1712,Batticaloa,CLOSED,2025-05-02,2025-05-07,,,,,,Requested job,"chasis repair, replace wiper blades,",
2025/5/R/332,48-4849,Badalgama,CLOSED,2025-05-02,2025-05-05,,,,,,Requested job,"fuel tank floater, boom swing motor bolt tightened, S/Meter cable",
2025/5/R/333,AC-25,Ruwanwella,CLOSED,2025-05-02,2025-05-15,,,,,,Requested job,"fuel sys. Repair, replace air regulator valve, attached to tailor, tube replace, service done",
2025/1/R/010,LK-5041,cep-03,CLOSED,2025-05-04,2025-01-04,,,,,,Requested job,alternator repair-Ex,
2025/5/R/335,DAH-2491,Batticaloa,CLOSED,2025-05-07,2025-07-30,,,,,,Requested job,"servcie, Fuel sys. Repair(fuel filter and w/sep with housing changed), injector repaired by dimo, replaced high pressure pump supplied by LM perera and fixed by dimo, new high pressure pump repaired by common rail sanjeewa according to the instructions of LM perera-Dimo",
2025/5/R/336,FL-03,Badalgama,CLOSED,2025-05-07,2025-05-19,,,,,,Requested job,"Brake repair, replace brake liners-F, wheel cylinder, hand brake cable, hub sea, fuel tank lock made, radiator cleaned externally, adjusted clutch",
2025/5/R/337,LD-06,Badalgama,CLOSED,2025-05-08,2025-05-17,,,,,,Requested job,"Replace trans. Seal, radiator leak, replace ignition switch",
2025/5/R/338,LM-7940,cep-03,CLOSED,2025-05-08,2025-05-08,,,,,,Requested job,Starter motor repair,
2025/5/R/340,HEX-23,cep-03,CLOSED,2025-05-09,2025-05-09,,,,,,Requested job,hy. hose,
2025/5/R/334,LC-0434,Badalgama,CLOSED,2025-05-10,2025-05-30,,,,,,Requested job,"S/M, F/M, H/M not work, shockabsorber replace, cabin jack seal, gear lever R/kit",
2025/5/R/341,PA-6398,Batticaloa,CLOSED,2025-05-10,2025-05-10,,,,,,Requested job,Elec. Fuel feed pump 12V,
2025/5/R/342,PC-7812,Batticaloa,CLOSED,2025-05-11,2025-05-11,,,,,,Requested job,"adjusted hand brakes, chk timing belt, oil eak",
2025/5/R/343,LK-2366,Ruwanwella,CLOSED,2025-05-11,2025-05-20,,,,,,Requested job,"hy. oil leak, hub seal, PTO repair, full service",
2025/5/R/344,LK-2276,Ruwanwella,CLOSED,2025-05-11,2025-05-23,,,,,,Requested job,"clutch repair-clutch plate, P/plate, c/bearing, clutch booster repair, water drain valves, steering box oil leak repair-Ex Dunagaha",
2025/5/R/339,47-5112,Badalgama,CLOSED,2025-05-13,2025-05-20,,,,,,Requested job,Suspension repair,
2025/5/R/345,VR-10,Batticaloa,CLOSED,2025-05-14,2025-05-15,,,,,,Requested job,steering jack mounting repair,
2025/5/R/346,48-4849,Badalgama,CLOSED,2025-05-15,2025-06-06,,,,,,Requested job,"Engine minor repair, head facing, replace in,Ex valves, 3rd piston seized,",
2025/5/R/347,AC-01,cep-03,CLOSED,2025-05-15,2025-07-21,,,,,,Requested job,"Alternator repair-Ex, fixed recondition alternator, fan belt, starter motor repair- Ex kamal",
2025/5/R/348,ZB-1047,Batticaloa,CLOSED,2025-05-15,2025-05-17,,,,,,Requested job,Alternator repair-recondition alternator,return previously sent recondition alternator to site
2025/5/R/349,SL-06,Batticaloa,CLOSED,2025-05-15,2025-06-18,,,,,,Requested job,"Replace drive belt & belt adjuster, elec. Repair",
2025/5/R/350,PTR-09,Badalgama,OPEN,2025-05-15,,,,,,,Requested job,"Tyre change , chk & repair",
2025/5/R/351,AC-27,Ruwanwella,CLOSED,2025-05-15,2025-05-28,,,,,,Requested job,Engine overheating,
2025/5/R/354,PA-4879,Batticaloa,CLOSED,2025-05-16,2025-05-18,,,,,,Requested job,"fan clutch, accelerator cable, starter motor repair, elec. Fuel pump, SSO",
2025/5/R/355,ZA-7925,Moragahakanda,CLOSED,2025-05-16,2025-05-16,,,,,,Requested job,"blocked fuel sys.,",
2025/5/R/356,ZA-7810,Moragahakanda,CLOSED,2025-05-16,2025-05-17,,,,,,Requested job,replace brake rachet,
2025/5/R/357,LL-1782,Badalgama,CLOSED,2025-05-17,2025-05-17,,,,,,Requested job,"Adjusted brakes, wash & grease",
2025/5/R/358,VR-71,cep-03,CLOSED,2025-05-17,2025-07-16,,,,,,Requested job,"Travelling sys. Repair,replace parking solenoid",
2025/5/R/359,PD-7049,Solution,CLOSED,2025-05-18,2025-05-18,,,,,,Requested job,"chk suspension sys., service",
2025/5/R/360,LM-2298,Badalgama,CLOSED,2025-05-19,2025-05-20,,,,,,Requested job,"adjust brakes, repaired b/oil tank",
2025/5/R/361,DAH-2228,A/Team,CLOSED,2025-05-19,2025-05-23,,,,,,Requested job,"fuel sys. Repair- replace high  & low pressure pumps, injector service & repair, fuel filter change, wash & grease",
2025/5/R/352,LK-5586,cep-03,CLOSED,2025-05-20,2025-07-03,,,,,,Requested job,"white smoke, ignition switch, air leak , brake liner ,hub oil seal",
2025/5/R/353,ZA-2608,cep-03,CLOSED,2025-05-20,2025-06-28,,,,,,Requested job,"Low pulling power, boom jack lowering",
2025/5/R/362,LN-8278,Badalgama,CLOSED,2025-05-20,2025-05-23,,,,,,Requested job,"Brake repair-Rear brake booster R/kit, removed brake drums, adjust brakes",
2025/5/R/363,LK-6740,Ruwanwella,CLOSED,2025-05-20,2025-10-04,,,,,,Requested job,"Door repair-accident, kin pin, clutch, spring pin bush, service, p/S oil leak",
2025/5/R/364,VR-12,Batticaloa,CLOSED,2025-05-20,2025-05-23,4005,Hrs,,,,Requested job,"chk vibration & all oil levels, fix new battery, chk hr meter, battery charging 4005Hr",
2025/5/R/365,ZB-1547,Ruwanwella,CLOSED,2025-05-20,2025-05-20,,,,,,Requested job,Silensor repair & cleaning,
2025/5/R/366,ZA-7968,Batticaloa,CLOSED,2025-05-20,2025-05-23,,,,,,Requested job,F/hub repair-tie rod end welding work,
2025/5/R/367,EQP-Muthur plant,Muthur Plant,CLOSED,2025-05-20,2025-05-21,,,,,,Requested job,oil seal & sleeve making-2 nos,
2025/5/R/368,ZA-2963,Ruwanwella,CLOSED,2025-05-20,2025-05-22,,,,,,Requested job,Fuel feed pump,
2025/5/R/369,PD-4739,Raththota,CLOSED,2025-05-20,2025-06-30,,,,,,Requested job,Accident repair-Autobacs,
2025/5/R/370,PA-6399,Batticaloa,CLOSED,2025-05-20,2025-06-05,,,,,,Requested job,Accident repair-Autobacs,
2025/5/R/371,LA-9208,Badalgama,CANCELLED,2025-05-20,,,,,,,Requested job,Accident repair-Autobacs,cancel
2025/5/R/372,LM-6653,Batticaloa,CLOSED,2025-05-20,2025-05-22,13686,Hrs,,,,Requested job,"service, change pinion, gear box oil, hr .meter repair-ok 13686Hr",
2025/5/R/373,PC-7812,Batticaloa,CLOSED,2025-05-20,2025-05-27,,,,,,Requested job,"diesel tank cleaning, feed pump assy, battery, tappet cover oil leak, turbo repair,",
2025/4/R/293,LP-1569,cep-03,CLOSED,2025-05-21,2025-06-13,,,,,,Requested job,Gear box repair-dimo Kurunegala,
2025/5/R/374,PR-1504,Badalgama,CLOSED,2025-05-21,2025-06-05,,,,,,Requested job,Alternator housing repair,
2025/5/R/375,EQP-Diesel bowser,cep-03,CLOSED,2025-05-21,2025-06-05,,,,,,Requested job,Diesel supply meter housing repair,
2025/5/R/376,LO-5985,cep-03,CLOSED,2025-05-21,2025-05-21,,,,,,Requested job,flywheel ring gear welding with flywheel,
2025/5/R/377,40-2955,Badalgama,CLOSED,2025-05-21,2025-06-05,,,,,,Requested job,"Tinkering & painting-Autobacs, door  winder , door handle",
2025/5/R/378,LB-4824,Ruwanwella,CLOSED,2025-05-22,2025-05-26,,,,,,Requested job,Starter motor repair-Ex,
2025/5/R/379,HEX-39,Ruwanwella,CLOSED,2025-05-22,2025-05-27,,,,,,Requested job,Alternator repair,
2025/5/R/380,51-7158,Ruwanwella,OPEN,2025-05-22,,,,,,,Requested job,"Tinkering & painting-Autobacs, E/oil burning, chk clutch, service",
2025/5/R/381,BET-3772,Badalgama,CLOSED,2025-05-23,2025-05-23,37121,Km,,,,Requested job,"service, washing- 37121Km",
2025/5/R/382,LK-5041,Badalgama,CLOSED,2025-05-23,2025-05-23,,,,,,Requested job,gear box coupling nut & bolt tightened,
2025/5/R/383,LB-01,Abanpola,CLOSED,2025-05-23,2025-05-27,,,,,,Requested job,alternator repair,
2025/5/R/384,HEX-33,Kilinochchi,CLOSED,2025-05-23,2025-05-28,,,,,,Requested job,"Radiator cleaning, water reserve tank fiber, hy. hose, radiator guard net repair, air filter housing repair, turbo inter cooler & hy. cooler externally cleaned",
2025/5/R/385,GE-136,Kilinochchi,CLOSED,2025-05-23,2025-05-27,,,,,,Requested job,"No power output,replace AVR used",
2025/5/R/386,ZA-7092,Abanpola,CLOSED,2025-05-23,2025-05-27,,,,,,Requested job,Fuel feed pump,
2025/5/R/387,HEX-36,Ruwanwella,CLOSED,2025-05-24,2025-05-25,,,,,,Requested job,tie rod end assy.,
2025/5/R/388,PH-9072,cep-03,CLOSED,2025-05-25,2025-05-26,,,,,,Requested job,Starter motor repair-commutator repair,
2025/5/R/389,LX-1679,Badalgama,CLOSED,2025-05-26,2025-05-31,,,,,,Requested job,"Replace torque arm bush 8, all brake liners, dial plates, hub greased",
2025/5/R/390,HEX-28,Iginimitiya,CLOSED,2025-05-26,2025-05-29,,,,,,Requested job,"replace cabin glass, chk E/mounts, replace radiator hose",
2025/5/R/391,LK-5041,Badalgama,CLOSED,2025-05-27,2025-05-28,,,,,,Requested job,replace u-joint between rear 2 axels,
2025/5/R/392,FL-02,Fabrication,CLOSED,2025-05-27,2025-05-29,,,,,,Requested job,"clutch repair-clutch plate re-lining, clutch bearing ,flywheel & pressure plate facing",
2025/5/R/393,SR-06,cep-03,CLOSED,2025-05-27,2025-05-28,,,,,,Requested job,starter motor solenoid,
2025/5/R/394,PD-6917,cep-03,CLOSED,2025-05-27,2025-05-28,,,,,,Requested job,Speedo meter cable,
2025/5/R/395,VR-14,Batticaloa,CLOSED,2025-05-27,2025-07-08,,,,,,Requested job,E/overheating,
2025/5/R/396,MG-15,Batticaloa,CLOSED,2025-05-27,2025-06-01,,,,,,Requested job,"replace jack seal, jack shaft repair-2",
2025/5/R/397,VR-68,Batticaloa,CLOSED,2025-05-27,2025-06-01,,,,,,Requested job,vibrator motor oil leak,
2025/5/R/398,LI-7701,cep-03,CLOSED,2025-05-27,2025-06-06,,,,,,Requested job,Gear box repair,
2025/5/R/399,LN-9046,Raththota,CLOSED,2025-05-28,2025-05-30,,,,,,Requested job,"Accelerator cable,chk all oil levels, air filter, greasing",
2025/5/R/400,AP-08,A/Team,CLOSED,2025-05-28,2025-06-18,,,,,,Requested job,screed jack seal,
2025/5/R/401,LP-1573,cep-03,CLOSED,2025-05-28,2025-05-28,,,,,,Requested job,Replace all brake rachets,
2025/5/R/402,PTR-10,A/Team,CLOSED,2025-05-28,2025-06-18,,,,,,Requested job,"Replace rear brake washers, adjust travelling chain, chk E/oil, elec repair (light, reverse horn, hr meter)",
2025/5/R/403,SR-04,A/Team,CLOSED,2025-05-28,2025-06-16,,,,,,Requested job,"Elec .repair(light, horn, hr meter),",
2025/5/R/404,PTR-06,A/Team,CLOSED,2025-05-28,2025-06-18,,,,,,Requested job,"Radiator cleaning, travelling chain adjust, elec. Repair(reverse horn, light ,hr meter, battery charging), wash & grease , chk all oil levels",
2025/6/R/436,ZB-2587,Ruwanwella,CLOSED,2025-05-28,2025-06-11,,,,,,Requested job,"Engine mount 4 , changed by site",
2025/6/R/405,LL-0936,Raththota,CLOSED,2025-06-01,2025-06-06,,,,,,Requested job,"E/mount, air filter ,air cleaner hose, gear box coupling bolt tightening, radiator cleaning, alternator repair",
2025/6/R/406,LP-1574,cep-03,CLOSED,2025-06-02,2025-07-02,,,,,,Requested job,1st gear shifting defect,
2025/6/R/407,LJ-5559,cep-03,CLOSED,2025-06-02,2025-06-06,,,,,,Requested job,"Hub seal, grease seal, brake liner",
2025/6/R/408,LM-6653,Badalgama,CLOSED,2025-06-02,2025-06-06,,,,,,Requested job,"Replace u-joint 2 between rear two differentials, replace clutch bearing, p/plate finger R/kit, top shaft bearing",
2025/6/R/409,PC-7812,Batticaloa,CLOSED,2025-06-03,2025-06-03,,,,,,Requested job,"Abnormal noise fron rear brakes, replace hub bolts, battery change",
2025/6/R/410,PD-7049,Solution,CLOSED,2025-06-03,2025-06-16,,,,,,Requested job,"fuel sys. , suspension, turbo repair",
2025/6/R/411,LO-5985,cep-03,CLOSED,2025-06-03,2025-06-03,,,,,,Requested job,turbo hose,
2025/6/R/413,PA-6399,Badalgama,CLOSED,2025-06-05,2025-06-08,,,,,,Requested job,"E/mounts,",
2025/6/R/414,RF-0748,Mundalama Estate,CLOSED,2025-06-05,2025-06-25,,,,,,Requested job,"Radiator repair, tinkering, elec. Repair, chk brakes, fuel leak repair, chk service",
2025/6/R/415,51-8083,cep-03,CLOSED,2025-06-05,2025-06-07,,,,,,Requested job,"Spares- air hose, hub bearing, grease seal, axel nut, brake shoe, clutch master & slave r/kit, shock bushes, tie rod bar repair",
2025/6/R/419,LA-1359,cep-03,CLOSED,2025-06-05,2025-06-16,,,,,,Requested job,fuel pump rotor plates,
2025/6/R/412,LO-4925,Solution,CLOSED,2025-06-06,2025-06-10,,,,,,Requested job,oil leak near gear box,
2025/6/R/416,LO-7184,cep-03,CLOSED,2025-06-06,2025-06-09,,,,,,Requested job,tie rod end 2,
2025/6/R/417,LO-5983,cep-03,CLOSED,2025-06-06,2025-06-09,,,,,,Requested job,tie rod end 2,
2025/6/R/418,LM-5720,cep-03,CLOSED,2025-06-06,2025-06-17,,,,,,Requested job,Power steering box repair,
2025/6/R/420,LD-8875,Batticaloa,CLOSED,2025-06-06,2025-06-14,,,,,,Requested job,"clutch repair, starter motor repair, turn flywheel ring gear, clutch plate & pressure plate replace, service, fuel feed pump R/kit",
2025/6/R/421,MG-04,Batticaloa,CLOSED,2025-06-06,2025-10-25,,,,,,Requested job,"center pin bush repair, gear lever cover welding work, wheel cylinder boring 4nos, piston turn out 8nos, Brake system assemble, testing",
2025/6/R/422,LL-1782,Badalgama,CLOSED,2025-06-07,2025-06-17,,,,,,Requested job,"Replace hub bolt,  F/LH brake wheel cylinder, brake washer, hub bearing, hub greasing",
2025/6/R/423,LK-2276,Ruwanwella,CLOSED,2025-06-07,2025-07-02,,,,,,Requested job,Power steering box repair,
2025/6/R/424,ZB-1546,cep-03,CLOSED,2025-06-07,2025-06-09,,,,,,Requested job,Tie rod end 2-SSO,
2025/6/R/425,TM-20,Kilinochchi,CLOSED,2025-06-07,2025-06-16,,,,,,Requested job,"fixed steering jack assy. Removed from   , replace steering jack seal kit",
2025/6/R/426,LC-0434,Badalgama,CLOSED,2025-06-07,2025-06-18,,,,,,Requested job,"hub seal, hub with axel LHS-Rear, adjust clutch",
2025/6/R/427,GE-11,cep-03,CLOSED,2025-06-07,2025-06-09,,,,,,Requested job,Slip ring,
2025/6/R/428,PV-6889,Batticaloa,CLOSED,2025-06-07,2025-06-14,,,,,,Requested job,"spares- water pump, brake washer, dust cap, brake shoe re-lining, radiator, u-joint, center bearing",
2025/6/R/429,ZA-7092,Abanpola,CLOSED,2025-06-07,2025-06-10,,,,,,Requested job,tie rod end thread & hole repair-12000,
2025/6/R/430,LH-5586,cep-03,CLOSED,2025-06-09,2025-06-17,,,,,,Requested job,"Starter motor repair- field coil re-winding, brush set",
2025/6/R/431,LO-9810,Badalgama,CLOSED,2025-06-10,2025-06-12,,,,,,Requested job,replace spring bolt(F/LH),
2025/6/R/434,PJ-6376,Badalgama,CLOSED,2025-06-11,2025-06-17,,,,,,Requested job,"clutch slave pump rod, clutch master & slave pump R/kit, clutch fork",
2025/6/R/435,ASC-27,Ruwanwella,CLOSED,2025-06-11,2025-06-24,,,,,,Requested job,Engine repair,
2025/6/R/438,ZA-0447,Inginimitiya,CLOSED,2025-06-12,2025-09-06,,,,,,Requested job,"fixed 95A  new battery, injector & pump repair",
2025/6/R/437,ZA-2964,Ruwanwella,CLOSED,2025-06-13,2025-06-14,,,,,,Requested job,filter head,
2025/6/R/439,LD-05,Badalgama,CLOSED,2025-06-13,2025-06-23,,,,,,Requested job,radiator cover repair,
2025/6/R/440,PR-1469,Badalgama,CLOSED,2025-06-14,2025-06-20,,,,,,Requested job,side mirror,
2025/6/R/441,PA-6399,Badalgama,CLOSED,2025-06-14,2025-06-18,,,,,,Requested job,"adjust brakes, s/m NW, diesel tank cap",
2025/6/R/443,PH-3945,H/O,CLOSED,2025-06-16,2025-06-16,,,,,,Requested job,"AC repair, service",
2025/6/R/444,LP-1569,cep-03,CLOSED,2025-06-17,2025-06-17,,,,,,Requested job,"pinion oil change, tipping sys. Chk",
2025/6/R/445,DAH-2229,cep-03,CLOSED,2025-06-18,2025-06-18,,,,,,Requested job,"S/motor repair(replace brush set with holder, armature done by site",
2025/6/R/446,HEX-01,cep-03,CLOSED,2025-06-18,2025-06-19,,,,,,Requested job,bucket repair,
2025/6/R/447,LK-5041,Badalgama,CLOSED,2025-06-18,2025-06-20,,,,,,Requested job,"headlight repair, adjust clutch, fixed new speedo meter",
2025/6/R/448,LB-9496,Muthur Plant,CLOSED,2025-06-18,2025-06-25,,,,,,Requested job,"chk brakes, tipping, lights",
2025/6/R/449,LP-1568,Batticaloa,CLOSED,2025-06-18,2025-06-21,,,,,,Requested job,Accident repair-Autobacs(air filter with housing),
2025/6/R/450,ZA-6068,Batticaloa,CLOSED,2025-06-18,2025-06-21,,,,,,Requested job,Starter motor repair(replace brush set with holder),
2025/6/R/452,HU-5097,Badalgama,CLOSED,2025-06-19,2025-06-25,,,,,,Requested job,"steering linkage repair, chk wheel alignment",
2025/6/R/453,LP-1571,Batticaloa,CLOSED,2025-06-19,2025-07-10,,,,,,Requested job,Gear box repair,
2025/6/R/451,PD-6917,cep-03,CLOSED,2025-06-20,2025-06-25,,,,,,Requested job,"sump drain nut & bolt repair, sump damage tinkering, brake hose",
2025/6/R/454,ZB-2587,Ruwanwella,CLOSED,2025-06-20,2025-06-21,,,,,,Requested job,replace door damper jack,
2025/6/R/455,LJ-5559,cep-03,CLOSED,2025-06-20,2025-06-22,,,,,,Requested job,Starter motor  repair-ex,
2025/6/R/456,LI-7701,cep-03,CLOSED,2025-06-20,2025-06-22,,,,,,Requested job,Starter motor  repair-ex,
2025/6/R/457,LO-5983,cep-03,CLOSED,2025-06-20,2025-06-24,,,,,,Requested job,"Drag link ball joint (40mm dia. Thread side, 27mm dia. Taper end)",
2025/6/R/458,GL-0019,Badalgama,CLOSED,2025-06-20,2025-06-26,,,,,,Requested job,"Temp . MNW, silensor repair",
2025/6/R/459,WP-118,Batticaloa,CLOSED,2025-06-23,2025-06-26,,,,,,Requested job,"replace pump housing, carb, water seal, plug, air filter, starting rachet",
2025/6/R/460,PRP-15,Ruwanwella,CLOSED,2025-06-23,2025-06-26,,,,,,Requested job,"replace air filter, carb, s/plug, service",
2025/6/R/461,SL-02,cep-03,CLOSED,2025-06-23,2025-07-11,,,,,,Requested job,"Elec. Repair(fuel shut off solenoid),operator seat repair, bucket repair, fuel sys. Repair",
2025/6/R/462,TRN-13,Batticaloa,CLOSED,2025-06-23,2025-06-30,,,,,,Requested job,"Engine overhaul,",
2025/6/R/463,TRN-07,Batticaloa,CLOSED,2025-06-23,2025-06-30,,,,,,Requested job,"Engine overhaul,",
2025/6/R/433,AC-25,Ruwanwella,CLOSED,2025-06-25,2025-08-12,,,,,,Requested job,"E/overheating, replaced engine head-recondition, radiator cleaning",
2025/6/R/464,PR-1469,Badalgama,CLOSED,2025-06-26,2025-06-30,,,,,,Requested job,"Accelerator cable, chk battery charging",
2025/6/R/465,SAC-02,Solution,CLOSED,2025-06-26,2025-06-29,,,,,,Requested job,silensor  repair,
2025/6/R/466,PA-6398,Batticaloa,CLOSED,2025-06-26,2025-07-01,,,,,,Requested job,"steering link repair(link adjustment lathe work, adjust ball joint, replace idle arm bush)",
2025/6/R/467,HU-5097,Badalgama,CLOSED,2025-06-26,2025-07-02,,,,,,Requested job,"Replace T-belt,",
2025/6/R/468,PJ-6376,Badalgama,CLOSED,2025-06-27,2025-06-30,,,,,,Requested job,AC repair,
2025/6/R/469,HEX-40,cep-03,CLOSED,2025-06-27,2025-06-28,,,,,,Requested job,Engine stop solenoid,
2025/6/R/470,LM-5722,cep-03,CLOSED,2025-06-27,2025-06-27,,,,,,Requested job,"Air compressor repair, P/S pump repair",
2025/6/R/471,LN-8277,cep-03,CLOSED,2025-06-28,2025-06-30,,,,,,Requested job,"Hy. pump R/kit , Pto propellar shaft u-joint",
2025/6/R/472,LK-5041,Badalgama,CLOSED,2025-06-29,2025-07-01,,,,,,Requested job,replace clutch slave & master pump assy.,
2025/6/R/442,LN-8278,Badalgama,CLOSED,2025-06-30,2025-07-03,,,,,,Requested job,"S/blade repair, AC repair, b/oil leak , water leak repair",
2025/6/R/473,LY-4524,Badalgama,CLOSED,2025-06-30,2025-07-05,,,,,,Requested job,Cabin air baloon,
2025/6/R/474,SL-08,cep-03,CLOSED,2025-07-02,2025-08-07,,,,,,Requested job,"bucket lift jack lowering, replace spool seal, jack seal",
2025/7/R/475,RD-3536,Ruwanwella,CLOSED,2025-07-02,2025-08-14,,,,,,Requested job,Gear box repair,
2025/7/R/476,48-4849,Badalgama,CLOSED,2025-07-02,2025-07-05,,,,,,Requested job,Alternator repair,
2025/7/R/477,GL-0019,Badalgama,CLOSED,2025-07-02,2025-08-21,,,,,,Requested job,Head light repair(not enough light),
2025/7/R/478,HEX-23,cep-03,CLOSED,2025-07-02,2025-07-03,,,,,,Requested job,"sent alternator spares,hy. pressure sensores 2 nos, finally alternator repaired by upali-colombo",
2025/7/R/479,VR-66,Baticaloa,CLOSED,2025-07-02,2025-07-10,,,,,,Requested job,vibration motor  coupling,
2025/7/R/480,SR-09,Serunuwara,CLOSED,2025-07-02,2025-07-07,,,,,,Requested job,"silensor, radiator repair, replace drum mount, wash & grease, chk service & all oil levels",
2025/7/R/481,LO-7855,Solution,CLOSED,2025-07-02,2025-07-03,,,,,,Requested job,Speedo meter sensor-replaced by sathosa motors,
2025/7/R/482,LD-09,cep-03,CLOSED,2025-07-02,2025-07-02,,,,,,Requested job,"alternator belt, fan belt",
2025/7/R/483,RS-0401,Badalgama,OPEN,2025-07-02,,,,,,,Requested job,4WD switch,
2025/7/R/484,LI-3851,cep-03,CLOSED,2025-07-02,2025-07-12,,,,,,Requested job,"Door lock, service, wash & grease, fuel sys. Repair, chk brakes",
2025/7/R/486,LN-8278,Badalgama,CLOSED,2025-07-02,2025-07-26,,,,,,Requested job,"Brake repair, engine overheating(head chk & repair, radiator cleaning0",
2025/7/R/487,VR-44,Badalgama,CLOSED,2025-07-02,2025-08-21,,,,,,Requested job,"Replace hy. hose 4nos , chk vibration",
2025/7/R/488,HEX-33,Kilinochchi,CLOSED,2025-07-03,2025-07-09,,,,,,Requested job,"bucket jack shaft repair, replace jack seal",
2025/7/R/489,LB-4824,Ruwanwella,CLOSED,2025-07-03,2025-07-11,,,,,,Requested job,replace pinion with axel-recondition,
2025/7/R/490,HS-1773,Muthur Plant,CLOSED,2025-07-03,2025-07-09,,,,,,Requested job,replace 2 tipping jack seal by ws & sent to site,
2025/7/R/491,DAH-2230,Muthur Plant,CLOSED,2025-07-03,2025-07-09,,,,,,Requested job,fuel system repair(3rd injector repair),
2025/7/R/492,GE-83,Badalgama,CLOSED,2025-07-03,2025-07-14,,,,,,Requested job,"Fan belt 2, service, machine cleaning, chk power o/p, fixed new  2 batteries",
2025/7/R/493,LP-1572,cep-03,CLOSED,2025-07-04,2025-07-31,,,,,,Requested job,"Gear box repair(1 st gear shifting),hy. filter cover",
2025/7/R/494,SL-03,Baticaloa,CLOSED,2025-07-04,2025-07-24,,,,,,Requested job,"replace axel bearing 8nos, axel seal 4, axel shaft key way repair, service, wash & grease,seat cushion",
2025/7/R/495,PR-1469,Badalgama,CLOSED,2025-07-05,2025-07-06,,,,,,Requested job,Engine cooling sys. Repair,
2025/7/R/496,LB-01,Inginimitiya,CLOSED,2025-07-06,2025-07-06,,,,,,Requested job,"Accident repair(replace trans, filter with oil, hy, hose)",
2025/7/R/497,LC-0434,Badalgama,CLOSED,2025-07-07,2025-07-13,,,,,,Requested job,"clutch repair(replace clutch plate, pressure plate flywheel new )",
2025/7/R/498,LO-7855,Solution,CLOSED,2025-07-07,2025-07-08,,,,,,Requested job,Ball joint repair,
2025/7/R/499,GE-01,cep-03,CLOSED,2025-07-07,2025-07-18,,,,,,Requested job,Engine cooling sys. repair,
2025/7/R/500,VR-10,Marawila,CLOSED,2025-07-08,2025-07-27,,,,,,Requested job,steering jack mounting repair,
2025/7/R/501,SL-13,Baticaloa,CLOSED,2025-07-08,2025-07-10,,,,,,Requested job,Replace travelling motor seal-2nos,
2025/7/R/502,ZA-8445,cep-03,CLOSED,2025-07-08,2025-07-12,,,,,,Requested job,starter motor repair-ex kamal,
2025/7/R/503,EQP-Asphalt cutter,Asphalt Team,CLOSED,2025-07-08,2025-08-02,,,,,,Requested job,Engine overhaul,
2025/7/R/504,VR-23,Badalgama,CLOSED,2025-07-08,2025-09-05,,,,,,Requested job,"steering jack seal, wire harness repair, fuel feed pump(elec.)",
2025/7/R/506,HEX-21,Baticaloa,CLOSED,2025-07-10,2025-07-27,,,,,,Requested job,"track line pin welding, hr meter chk, lights, hy. leak repair, wash & grease, boom lower pin & arm end bushes worn out due to not applying grease",
2025/7/R/505,MG-18,cep-03,CLOSED,2025-07-11,2025-07-17,,,,,,Requested job,"tandem repair(replaced axel bolt 12.9 strength 18 nos , apply lock tight 423, machine was testing by applying load , removed axel cover and chk tightness of bolts again)drive chain link bush & pin turning out",
2025/7/R/507,LY-4524,Badalgama,CLOSED,2025-07-12,2025-09-22,,,,,,Requested job,"water leak, indicate steering wheel repair, tailor control, gear engaging defect",
2025/7/R/508,HEX-17,Marawila,CLOSED,2025-07-12,2025-07-15,,,,,,Requested job,silensor repair,
2025/7/R/509,LX-1679,Badalgama,CLOSED,2025-07-12,2025-10-02,,,,,,Requested job,"Brake repair, park light",
2025/7/R/510,GE-104,Badalgama,CLOSED,2025-07-12,2025-07-26,,,,,,Requested job,"service, chk power o/P, fuel tank cleaning, supply fuel 40L",
2025/7/R/511,HEX-33,Kilinochchi,CLOSED,2025-07-12,2025-07-16,,,,,,Requested job,Replace accelerator actuator,
2025/7/R/512,28-4314,Badalgama,CLOSED,2025-07-13,2025-07-14,,,,,,Requested job,P/S hose repalce,
2025/7/R/513,HEX-22,Baticaloa,CLOSED,2025-07-15,2025-05-17,,,,,,Requested job,"track link set, track plate, plate bolt, master pin supply to site",
2025/7/R/514,ZA-2608,Baticaloa,CLOSED,2025-07-15,2025-07-17,,,,,,Requested job,replace 5 nos jack seal,
2025/7/R/515,ZA-7965,Baticaloa,CLOSED,2025-07-15,2025-07-17,,,,,,Requested job,replace 3 nos jack seal,
2025/7/R/516,MG-15,Baticaloa,OPEN,2025-07-15,,,,,,,Requested job,Door jack 2nos,
2025/7/R/517,VR-54,Baticaloa,CLOSED,2025-07-15,2025-07-17,,,,,,Requested job,radiator fan-sent VR-64 fan to site,
2025/7/R/518,SL-13,Baticaloa,CLOSED,2025-07-15,2025-07-17,,,,,,Requested job,sent wheel stud & bolt 4nos,
2025/7/R/519,PA-4879,Baticaloa,CLOSED,2025-07-15,2025-07-17,,,,,,Requested job,"Door lock , wash & grease",
2025/7/R/520,PH-6742,cep-03,CLOSED,2025-07-15,2025-07-16,,,,,,Requested job,Alternator repair-Ex kamal,
2025/7/R/521,GE-05,Badalgama,CLOSED,2025-07-15,2025-08-12,,,,,,Requested job,Rear crank oil seal,
2025/7/R/522,LP-1571,Kilinochchi,CLOSED,2025-07-15,2025-07-16,,,,,,Requested job,"fuel sys. Repair, hy. return filter change, top up hy. oil",
2025/7/R/523,LI-3396,Kilinochchi,CLOSED,2025-07-15,2025-07-16,,,,,,Requested job,replace clutch slave pump,
2025/7/R/524,LB-4824,Ruwanwella,CLOSED,2025-07-16,2025-07-16,,,,,,Requested job,Replace brake disc F/LH,Done by site
2025/7/R/525,LK-2366,Ruwanwella,CLOSED,2025-07-16,2025-07-18,,,,,,Requested job,Replaced rear axel -recondition,
2025/7/R/526,LC-0434,Badalgama,CLOSED,2025-07-16,2025-07-17,,,,,,Requested job,"Replace R/LH hub seal, air leak repair",
2025/7/R/530,HEX-23,cep-03,CLOSED,2025-07-17,2025-08-13,,,,,,Requested job,"machine shutdown when operating arm, boom. Unable to travell",
2025/7/R/527,PH-6744,Baticaloa,CLOSED,2025-07-18,2025-09-09,,,,,,Requested job,"Engine repair(fixed reconditioned engine 4JG2),Clutch repair(clutch spares JMC) accident repair-windscreen Autobacs, Buffer fiber works, air filter assy changed & modified, silensor modified",
2025/7/R/528,325-5120,Badalgama,CLOSED,2025-07-18,2025-07-31,,,,,,Requested job,E/oil mixed with water,
2025/7/R/531,VR-14,Marawila,CLOSED,2025-07-19,2025-07-23,,,,,,Requested job,"Servcie, check for overheating-no defect,",
2025/7/R/532,LD-06,Badalgama,CLOSED,2025-07-20,2025-07-31,,,,,,Requested job,"replace brake caliper seal kit in axel, gear lever cable repair",
2025/7/R/537,SR-09,Marawila,CLOSED,2025-07-20,2025-07-23,,,,,,Requested job,"replaced steering jack seal, elec. Repair(solenoid)",
2025/7/R/535,HEX-17,Marawila,CLOSED,2025-07-21,2025-07-22,,,,,,Requested job,Bucket teeth repair,
2025/7/R/536,VR-71,Marawila,CLOSED,2025-07-21,2025-07-21,,,,,,Requested job,"hy. leak repair- solenoid O-ring replaced, done by service team",
2025/7/R/539,LK-5586,cep-03,CLOSED,2025-07-21,2025-08-05,,,,,,Requested job,"Clutch repair(replace flywheel disk, clutch plate, clutch bearing, withdrawal plate, pilot bearing , bell housing bolts, ), brake repair-replace brake chamber R/kit 4 Nos(rear)",
2025/7/R/538,MG-05,Marawila,CLOSED,2025-07-22,2025-07-23,,,,,,Requested job,Battery charging repair-fixed wire damages,
2025/7/R/540,LL-1782,Badalgama,CLOSED,2025-07-22,2025-07-27,,,,,,Requested job,"Hy. filter changed with hy. oil, repaired hy. leak, replaced hub bolt 10nos",
2025/7/R/541,LM-6653,Batticaloa,CLOSED,2025-07-23,2025-07-30,,,,,,Requested job,"replaced water pump, Radiator hose 2, thermostat upper housing, temp . Sensor, water reserve tank",
2025/7/R/542,LO-7855,Solution,CLOSED,2025-07-23,2025-07-26,,,,,,Requested job,"A/C repair, alternator repair & service done by c-com",
2025/7/R/544,MG-17,cep-03,CLOSED,2025-07-23,2025-07-26,,,,,,Requested job,"fuel sys. Repaired by C-Com, sent w/sep 2, fuel filters to wadakada",
2025/7/R/543,MG-08,Batticaloa,CLOSED,2025-07-26,2025-07-30,,,,,,Requested job,replace rail guide,
2025/7/R/545,MG-13,Batticaloa,CLOSED,2025-07-26,2025-07-30,,,,,,Requested job,replace rail guide,
2025/7/R/546,LP-1568,Batticaloa,CLOSED,2025-07-26,2025-07-28,,,,,,Requested job,Air filter sent to Batticaloa,
2025/7/R/547,LP-1713,cep-03,CLOSED,2025-07-27,2025-07-30,,,,,,Requested job,w/sep filter sent to cep-03,
2025/7/R/548,EQP-air compressor,Batching Plant,CLOSED,2025-07-28,2025-07-29,,,,,,Requested job,elec. Repair,
2025/7/R/549,LM-2298,cep-03,CLOSED,2025-07-28,2025-08-05,,,,,,Requested job,"Brake repair, adjusted brakes, chk clutch",
2025/7/R/533,LO-9810,Badalgama,CLOSED,2025-07-29,2025-08-01,,,,,,Requested job,"replace F/brake pads, rear brake liners & all hub greasing, replaced body lights",
2025/7/R/552,LI-2427,cep-03,CLOSED,2025-07-29,2025-08-02,,,,,,Requested job,"replace king pin, tipping jack seal, wash & grease",
2025/7/R/553,LK-2366,Ruwanwella,CLOSED,2025-07-29,2025-08-05,,,,,,Requested job,"replace rear both brake chamber R/kit, hy. Suction  hose oil leak repair, MNW",
2025/7/R/550,RA-3052,Baticaloa,CLOSED,2025-07-30,2025-07-31,,,,,,Requested job,"checked battery charging, wash & grease, changed gear oil",
2025/7/R/554,LK-4059,Batticaloa,CLOSED,2025-07-30,2025-08-07,,,,,,Requested job,"Gear box repair(replace reverse gear fork, needle bearings), clutch repair(clutch liner,flywheel disc, c/bearing)",
2025/7/R/555,LI-3396,Kilinochchi,CLOSED,2025-07-30,2025-07-30,,,,,,Requested job,Fuel sys. Repair,
2025/7/R/556,LO-7180,Kilinochchi,CLOSED,2025-07-30,2025-07-30,,,,,,Requested job,"Engine overheating(remove water in cooling system, cleaned blocked water hose, need to change fan clutch gel, & radator cleaning",
2025/7/R/557,ZB-2587,Ruwanwella,CLOSED,2025-07-30,2025-07-30,,,,,,Requested job,replaced oil pressure plug,
2025/7/R/558,LI-3401,Muthur Plant,CLOSED,2025-07-30,2025-07-31,,,,,,Requested job,"replaced rear all brake liners(same with tata1615), hub seal inner & outer. Parts sent to site)",
2025/7/R/559,AC-09,Batticaloa,CLOSED,2025-07-30,2025-07-30,,,,,,Requested job,"Replace engine mounts L-2, S-2. SSO",
2025/7/R/560,LP-1713,cep-03,CLOSED,2025-07-30,2025-07-31,,,,,,Requested job,"Low pulling force, -dimo kurunegala",
2025/7/R/561,LM-5723,cep-03,CLOSED,2025-07-30,2025-08-01,,,,,,Requested job,"Clutch repair9new p/plate, clutch plate, c/bearing, flywheel facing, top shaft repair- Lathe & welding work",
2025/7/R/562,MG-13,cep-03,CLOSED,2025-07-30,2025-08-15,,,,,,Requested job,AC fan motor repair,
2025/7/R/563,LD-02,Badalgama,OPEN,2025-07-30,,,,,,,Requested job,transmission repair,
2025/7/R/551,GE-39,Badalgama,CLOSED,2025-07-31,2025-08-09,,,,,,Requested job,"Engine repair(crankshaft re-grinding, replace piston with ring set, con rod bearing, crank bearing",
2025/7/R/564,LP-1568,Marawila,CLOSED,2025-07-31,2025-08-05,,,,,,Requested job,"replace PTO valve, changed pinion & gear box oil, wash & greased, air pressure meter repaired",
2025/7/R/565,LC-6767,Solution,CLOSED,2025-07-31,2025-08-02,,,,,,Requested job,"Gear lever repair, Brake foot valve R/kit, clutch master pump -New",
2025/6/R/432,AC-27,Ruwanwella,CLOSED,2025-08-01,2025-08-23,,,,,,Requested job,"E/overheating(no gasket leak, battery fixed to sold truck mixer, tyre punched, informed to use to get only air without using any equipments",
2025/8/R/566,SR-09,Marawila,CLOSED,2025-08-01,2025-08-01,,,,,,Requested job,Starter motor repair(replaced solenoid),
2025/8/R/566-1,LP-1571,Kilinochchi,CLOSED,2025-08-01,2025-08-13,,,,,,Requested job,"Fuel sys. Repair(changed fuel filters, cleaned fuel lines, adjusted rail pressure, adblue system repair- error clearing by scan tool) done by dimo jafna",
2025/8/R/567,LB-01,Abanpola,CLOSED,2025-08-02,2025-08-08,,,,,,Requested job,"Wire harness repair- done by ex. Elec. By site, replaced ignition switch  by ex .elec. 31.07.2025 informed by operator, alternator repaired by Kamal katana",
2025/8/R/568,CR-02,cep-03,CLOSED,2025-08-02,2025-08-02,,,,,,Requested job,Alternator repair-sent vinod to check wire harness,
2025/8/R/569,CR-01,cep-03,CLOSED,2025-08-02,2025-08-05,,,,,,Requested job,"swival joint seal sent to site, sucker shaft repair",
2025/8/R/570,PC-01,cep-03,CLOSED,2025-08-02,2025-08-09,,,,,,Requested job,"S-valve seal, concrete pipe seal 30 nos sent to site",
2025/8/R/572,LI-7618,cep-03,CLOSED,2025-08-02,2025-08-05,,,,,,Requested job,"Clutch repair(new clutch plate, pressure plate, top shaft bearing, facing flywheel) SSO",
2025/8/R/573,LM-7940,cep-03,CLOSED,2025-08-02,2025-08-12,,,,,,Requested job,"Clutch repair(clutch plate re-lining, clutch bearing, p/plate disc facing,p/plate spring set, finger R/kit, flywheel facing",
2025/8/R/571,LC-0434,Badalgama,CLOSED,2025-08-04,2025-08-04,,,,,,Requested job,"fixed hr meter, elec. Repair",
2025/8/R/574,HEX-41,cep-03,CLOSED,2025-08-05,2025-10-13,,,,,,Requested job,"swing wheel ring gear and bearing replace, pinion wheel, track link repair, silensor, hy. leak, bucket jack pin bush, travelling motor repair, chk boom & swing controlling",MJ
2025/8/R/575,LL-1782,Badalgama,CLOSED,2025-08-05,2025-08-07,,,,,,Requested job,"Service, brake wheel cylinder Front ,brake washer front, hub seal, deck repair, light, MNW",
2025/8/R/576,LN-8279,Badalgama,CLOSED,2025-08-05,2025-10-07,,,,,,Requested job,"Gear cable repair, air brake system repair, compressor head removed &  clean, cabin leveling control valve, air solenoid valve, brake booster -rear 2nos, f/brake diaphram, pneumatic hoses replaced, air dryer R/kit & brake foot valve R/kit replaced(Hino 700 E13C air dryer kit 44086-1170 (DU-05) Dryer assy- S4430-E0120",
2025/8/R/577,SR-13,Kilinochchi,CLOSED,2025-08-05,2025-08-06,,,,,,Requested job,replaced drum mount 2nos,
2025/8/R/578,MG-07,cep-03,CLOSED,2025-08-06,2025-08-07,,,,,,Requested job,jack seal 3nos replaced and sent jacks to site,
2025/8/R/579,GE-139,Kilinochchi,OPEN,2025-08-06,,,,,,,Requested job,defeect of power O/P,
2025/8/R/580,57-3062,Badalgama,CLOSED,2025-08-08,2025-08-10,,,,,,Requested job,"replace F/brake pads, facing both  brake disc",
2025/8/R/581,48-4849,Badalgama,CLOSED,2025-08-09,2025-08-10,,,,,,Requested job,replacing gear lever ball joints,
2025/8/R/582,SL-15,Ududumbara,CLOSED,2025-08-09,2025-08-23,,,,,,Requested job,"replace travelling motor seal kit 2nos, wash & grease, chk battery charging, all oil levels",
2025/8/R/583,CR-02,cep-03,CLOSED,2025-08-09,2025-08-10,,,,,,Requested job,"fuel system repair(diesel leak from D-valves, low level of fuel, fuel feed pump valve seat grinding",
2025/8/R/584,LO-4822,Batticaloa,CLOSED,2025-08-09,2025-08-18,,,,,,Requested job,"Clutch repair(clutch plate, c/bearing, finger R/kit, p/plate springs, clutch fork, ), PTO lever replace, wash & grease",
2025/8/R/585,LO-7183,Port City,CLOSED,2025-08-11,2025-08-12,,,,,,Requested job,"Replaced F/RH brake chamber air hose, wash & grease, wiper blades, wiper arms",
2025/8/R/586,SR-09,Marawila,CLOSED,2025-08-11,2025-08-11,,,,,,Requested job,starting defect(fuel sys. Repair),
2025/8/R/587,SR-13,Kilinochchi,CLOSED,2025-08-11,2025-08-13,,,,,,Requested job,"Coolant temp. & engine oil low pressure warning lamp indicate(radiator fan clutch locked, service done)",
2025/8/R/588,LP-1569,Kilinochchi,CLOSED,2025-08-11,2025-08-13,,,,,,Requested job,fan belt 8PK-2124,
2025/8/R/590,59-5421,Kilinochchi,CLOSED,2025-08-12,2025-08-13,,,,,,Requested job,starting defect,
2025/8/R/591,HEX-40,cep-03,CLOSED,2025-08-12,2025-08-12,,,,,,Requested job,arm end collar bush 80*95*90mm 2nos,
2025/8/R/592,RD-3537,Ruwanwella,CLOSED,2025-08-12,2025-08-13,,,,,,Requested job,"center pin spares supplied from badalgama, done by site",
2025/8/R/596,HEX-01,cep-03,CLOSED,2025-08-12,2025-08-20,,,,,,Requested job,track plate bolt & nut 4nos,
2025/7/R/534,LP-1582,Batticaloa,CLOSED,2025-08-13,2025-10-16,,,,,,Requested job,"Black smoke, low power,replaced engine head by Dimo siyabalape",
2025/8/R/593,PC-01,cep-03,CLOSED,2025-08-13,2025-08-22,,,,,,Requested job,"agitator motor , motor coupling welding & lathe work inner & outer, key way cutting",
2025/8/R/594,LN-8277,cep-03,CLOSED,2025-08-13,2025-08-22,,,,,,Requested job,blower motor -fixed recondition motor,
2025/8/R/595,PD-6917,cep-03,CLOSED,2025-08-13,2025-08-14,,,,,,Requested job,"brake booster assy. , air filter, alternator repair SSO",
2025/8/R/597,EQP-one bag mixture,Batticaloa,CLOSED,2025-08-13,2025-08-28,,,,,,Requested job,"engine repair, pinion wheel, drive belt, fuel filter, structure tinkering",
2025/8/R/598,EQP-Tractor bowser,Marawila,CLOSED,2025-08-13,2025-08-13,,,,,,Requested job,replaced axel bearing inner & outer with hub greasing,
2025/8/R/599,ZA-6255,Kimbulapitiya,CLOSED,2025-08-13,2025-08-13,,,,,,Requested job,Diesel block,
2025/8/R/600,PY-2408,Ruwanwella,CLOSED,2025-08-13,2025-08-13,,,,,,Requested job,"Alternator repair-done by site, diode plate, regulator, hose, oil seal(8400)",
2025/8/R/601,DAH-2491,Badalgama,CLOSED,2025-08-16,2025-08-17,,,,,,Requested job,starter motor repair(commutator repair),
2025/8/R/602,LO-4925,Solution,CLOSED,2025-08-16,2025-08-17,,,,,,Requested job,silensor repair(replace flexible unit),
2025/8/R/602-1,SL-11,Ruwanwella,CLOSED,2025-08-16,2025-08-18,,,,,,Requested job,starter motor repair(pinion wheel lock fixed),
2025/8/R/603,LK-2276,Ruwanwella,CLOSED,2025-08-16,2025-08-23,,,,,,Requested job,"F/axel repair(hub seal, hub bearing inner , outer, lock nut , washer, hub bolt 2 nos) hub greasing",
2025/8/R/604,LI-3401,Muthur Plant,CLOSED,2025-08-17,2025-08-25,,,,,,Requested job,Starter motor repair,
2025/8/R/605,ZA-7965,Batticaloa,CLOSED,2025-08-17,2025-08-25,,,,,,Requested job,Turbocharger repair,
2025/8/R/606,PA-4879,Batticaloa,CLOSED,2025-08-17,2025-08-18,,,,,,Requested job,"Clutch repair(clutch plate, c/bearing, p/plate) SSO",
2025/8/R/607,LP-1568,Marawila,CLOSED,2025-08-18,2025-08-18,,,,,,Requested job,"Coolant leak from radiator-Radiator cleaned & repaired by Nainamadama , assemble & disembled by WS",
2025/8/R/608,LK-6738,Batticaloa,CLOSED,2025-08-18,2025-10-31,,,,,,Requested job,Accident repair-Autobacs,
2025/8/R/609,SL-06,Marawila,CLOSED,2025-08-19,2025-08-19,,,,,,Requested job,Replaced drive belt 6736775,
2025/8/R/610,MG-05,Marawila,CLOSED,2025-08-19,2025-08-19,,,,,,Requested job,Replace hr meter,
2025/8/R/611,DAH-2231,Serunuwara,CLOSED,2025-08-19,2025-08-21,,,,,,Requested job,"replace low pressure pump, high pressure pump repair, SSO",
2025/8/R/612,MG-10,cep-03,CLOSED,2025-08-19,2025-09-20,,,,,,Requested job,"jack seal, air filter, guide rail",
2025/8/R/613,MG-17,cep-03,OPEN,2025-08-19,,,,,,,Requested job,"AC repair, indicate warning lamp",
2025/8/R/614,GL-0019,Badalgama,CLOSED,2025-08-19,2025-08-21,,,,,,Requested job,Battery charging defect,
2025/8/R/615,LO-5981,cep-03,CLOSED,2025-08-19,2025-08-20,,,,,,Requested job,"Replace F/R brake liners, hub greasing, SSO",
2025/8/R/616,LO-7182,cep-03,CLOSED,2025-08-19,2025-08-20,,,,,,Requested job,"replace drag link ball joint, tie rod end 2 nos, SSO",
2025/8/R/618,HEX-46,Erawur,CLOSED,2025-08-19,2025-08-31,,,,,,Requested job,"Track link & pin replacing 3 nos, boom jack pin bush repair, chk all oil levels",
2025/8/R/620,CR-02,cep-03,CLOSED,2025-08-19,2025-08-26,,,,,,Requested job,Alternator repair(replace diodes-fixed externaly),
2025/8/R/617,HEX-18,Inginimitiya,CLOSED,2025-08-20,2025-08-21,,,,,,Requested job,Track repair(track adjuster grease leak),
2025/8/R/619,PTR-01,Batticaloa,CLOSED,2025-08-20,2025-09-29,,,,,,Requested job,"Clutch repair, P/S pump pulley repair, battery & main switch checking",
2025/8/R/621,LP-1568,Marawila,CLOSED,2025-08-20,2025-08-30,,,,,,Requested job,Radiator leak repair-apply glue externally,
2025/8/R/622,ZB-2587,Ruwanwella,CLOSED,2025-08-20,2025-08-23,,,,,,Requested job,"Abnormal noise, jack seal replacement, hy. Suction filter , silensor repair, chk pin bushes",
2025/8/R/623,AC-25,Rathmalana Airport,CLOSED,2025-08-20,2025-08-25,,,,,,Requested job,starter motor repair-sent AC-33 motor temporily),
2025/8/R/624,PH-6742,cep-03,CLOSED,2025-08-21,2025-09-10,,,,,,Requested job,"Gear box repair(3rd gear stuck- conter shaft 4th wheel, top shaft , all bearings, lock pin, wheel lock), engine mounts, steering box oil leak repair-Ex, dash board meter (fuel , temp . MNW),",
2025/8/R/626,HEX-19,cep-03,CLOSED,2025-08-21,2025-08-30,,,,,,Requested job,"Engine mount-8, swing wheel repair, radiator cleaning",
2025/8/R/627,LN-8278,Badalgama,CLOSED,2025-08-21,2025-08-22,,,,,,Requested job,"Replaced injector pipe o-rings, diesel block",
2025/8/R/629,,Badalgama,CLOSED,2025-08-21,2025-08-22,,,,,,Requested job,Engine repair,
2025/8/R/630,HEX-39,Ruwanwella,CLOSED,2025-08-23,2025-08-28,,,,,,Requested job,"Engine overheating(Radiator cleaning, Hy. Cooler oil leak repair,)",
2025/8/R/631,VR-53,Marawila,CLOSED,2025-08-23,2025-08-23,,,,,,Requested job,"Wash & grease, service, chk working condition",
2025/8/R/632,48-4849,Badalgama,CLOSED,2025-08-23,2025-08-27,,,,,,Requested job,Alternator repair-Ex Kamal,
2025/8/R/633,DAH-2230,Ruwanwella,CLOSED,2025-08-24,2025-08-28,,,,,,Requested job,Replace fuel L/P pump,
2025/8/R/625,51-8083,cep-03,CLOSED,2025-08-25,2025-09-18,,,,,,Requested job,"Engine repair(replace head-reconditioned, radiator cleaning)valve seat ,guide replace, head facing by edirisinghe",
2025/8/R/635,LN-9046,Ududumbara,CLOSED,2025-08-25,2025-08-27,,,,,,Requested job,"Adjusted drag link, tie rod ball joints, fuel sys. Defect(engine RPM slow on high mountain roads), change PTO air hose",
2025/8/R/636,57-3062,Badalgama,CLOSED,2025-08-25,2025-08-27,,,,,,Requested job,"water leak(replaced water pump, fan belt, fuel floater, radiator cleaning)",
2025/8/R/639,PR-1504,Muthur Plant,CLOSED,2025-08-26,2025-09-04,,,,,,Requested job,replace flexible silensor,
2025/8/R/640,LP-1720,Kilinochchi,CLOSED,2025-08-26,2025-08-28,,,,,,Requested job,replace engine mounts(F),
2025/8/R/641,LP-1709,cep-03,CLOSED,2025-08-26,2025-08-28,,,,,,Requested job,Low pulling force-dimo K'gala,
2025/8/R/642,LP-1576,cep-03,CLOSED,2025-08-26,2025-08-26,,,,,,Requested job,"Scanning & chk elec. Sys. , replace thermostat valve, repair wire harness short cct by Dimo K'gala Rs. 9901.31",
2025/8/R/637,LO-4822,Batticaloa,CLOSED,2025-08-27,2025-09-06,,,,,,Requested job,"clutch repair(replace CMC, p/plate & flywheel disc facing)",
2025/8/R/638,PH-6747,Batticaloa,CLOSED,2025-08-27,2025-08-30,292747,Km,,,,Requested job,"check E/oil level, oil leak repair",292747Km
2025/8/R/643,LP-1569,Kilinochchi,CLOSED,2025-08-27,2025-08-28,,,,,,Requested job,Replace PTO lever,
2025/8/R/644,HEX-21,Marawila,CLOSED,2025-08-28,2025-08-29,,,,,,Requested job,"starter motor repair(replace brush set, field coil repair)",
2025/8/R/645,SL-06,Marawila,CLOSED,2025-08-28,2025-10-30,,,,,,Requested job,"wire harness repair(Error code M 1507, M 909, M 613), service, multi bucket welding, greasing, removed multi bucket hy. Hose set, wheel fix, feed pump fix",
2025/8/R/646,LK-5041,Badalgama,CLOSED,2025-08-28,2025-09-02,,,,,,Requested job,"king pin repair-RH, R/axel oil leak repair LH, tie rod ball joint replace, drag link R/kit, tightened F/LH hub nuts, need to replace axel bearings both sides",
2025/8/R/647,PC-7812,Lab,CLOSED,2025-08-31,2025-10-17,,,,,,Requested job,Tinkering & painting(Auto bacs),
2025/8/R/648,SR-11,Kilinochchi,CLOSED,2025-08-31,2025-08-31,,,,,,Requested job,"wash & grease, light repair, E/oil top up, fixed sheep foot set",
2025/8/R/649,PH-0765,Ruwanwella,CLOSED,2025-08-31,2025-09-05,,,,,,Requested job,"steering rack repair, replace rack ends, brake pads set, rack mount",
2025/8/R/650,LP-1720,Kilinochchi,CLOSED,2025-08-31,2025-10-07,,,,,,Requested job,Abnormal noise from pinion,MJ
2025/9/R/651,GL-0019,Badalgama,CLOSED,2025-09-01,2025-09-02,,,,,,Requested job,"Water leak repair(R/hose, water outlet made by lathe)",
2025/9/R/652,SL-14,cep-03,CLOSED,2025-09-02,2025-09-03,,,,,,Requested job,"Starter motor repair(brush set, solenoid) SSO",
2025/9/R/653,CR-01,cep-03,CLOSED,2025-09-02,2025-09-03,,,,,,Requested job,"water pump repair(water seal, bearing, O-ring, brush set) pump assemble and sent to site",
2025/9/R/654,PT-1569,cep-03,CLOSED,2025-09-02,2025-09-03,,,,,,Requested job,Replace pinion assy. SSO,
2025/9/R/655,GE-34,cep-03,CLOSED,2025-09-02,2025-09-03,,,,,,Requested job,"Replaced exhaust manifold(imported), turbocharger checked by Mendis Kandana, turbo packing replaced",
2025/9/R/656,28-4314,Badalgama,CLOSED,2025-09-02,2025-09-05,,,,,,Requested job,replaced LH tie rod,
2025/9/R/657,PH-3945,H/O,CLOSED,2025-09-02,2025-09-03,,,,,,Requested job,"LH caliper piston rust off, F/brake disc edge facing, chk brake pads, rear brake drum remove & cleaned, need to repair E/oil leak(crank oil seal)",
2025/9/R/658,VR-49,Mallawagedara Bridge,CLOSED,2025-09-02,2025-09-10,,,,,,Requested job,"service,",
2025/9/R/659,LO-4824,Batticaloa,CLOSED,2025-09-04,2025-09-15,,,,,,Requested job,"Wash & grease, wiper motor repair",
2025/9/R/660,LP-1567,Batticaloa,CLOSED,2025-09-04,2025-09-09,,,,,,Requested job,"wash & grease, service",
2025/9/R/662,LP-1578,Batticaloa,CLOSED,2025-09-04,2025-09-10,,,,,,Requested job,"head light wire harness repair( short cct), wash & grease, gear box & pinion oil change",
2025/9/R/663,HEX-21,Marawila,CLOSED,2025-09-04,2025-09-04,,,,,,Requested job,Alternator repair(replace diodes),
2025/9/R/664,VR-10,Marawila,CLOSED,2025-09-04,2025-09-04,,,,,,Requested job,Elec. Repair( parking doesn't release),
2025/9/R/665,SR-11,Kilinochchi,CLOSED,2025-09-04,2025-09-06,,,,,,Requested job,replace drum mount 6nos,
2025/9/R/666,SR-13,Kilinochchi,CLOSED,2025-09-04,2025-09-06,,,,,,Requested job,replace drum mounts 2nos,
2025/9/R/667,ZA-2964,Batticaloa,CLOSED,2025-09-04,2025-09-09,,,,,,Requested job,Replaced 4WD shaft u-joint,
2025/9/R/668,HEX-17,Marawila,CLOSED,2025-09-04,2025-09-06,,,,,,Requested job,replace sprocket wheel,
2025/9/R/671,LM-5721,Marawila,OPEN,2025-09-06,,,,,,,Requested job,"Center bolt repair, rear deck door repair, pinion oil leak, service",
2025/9/R/669,HEX-18,Mundalama Estate,CLOSED,2025-09-07,2025-09-17,,,,,,Requested job,"starter motor repair-done by operator at site, travelling motor oil leak repaired by ex. Shop (Mr. Thilina), replace hy. Hose",
2025/9/R/670,SR-11,Kilinochchi,CLOSED,2025-09-07,2025-09-10,,,,,,Requested job,Starter motor & alternator repaired by site Rs.15500,
2025/9/R/661,TM-13,Ududumbara,CLOSED,2025-09-10,2025-09-27,,,,,,Requested job,"hy, leak repair, shoote repair, tie rod , wiper, light, chk diff., hy. Oil changing intervals",
2025/9/R/674,LO-7181,cep-03,CLOSED,2025-09-10,2025-09-11,,,,,,Requested job,"Brake liner -Rear all, brake rachet 2 nos, hub bolt 8nos",
2025/9/R/675,LO-7182,cep-03,CLOSED,2025-09-10,2025-09-11,,,,,,Requested job,"Brake liner -Rear one side, hub bolt 2 nos",
2025/9/R/676,LO-5983,cep-03,CLOSED,2025-09-10,2025-09-11,,,,,,Requested job,Replace rear all brake liners(SSO),
2025/9/R/677,CR-01,cep-03,CLOSED,2025-09-10,2025-09-11,,,,,,Requested job,"Swival joint water supply pump water seal kit, brush set fixed and sent water pump to site",
2025/9/R/678,PA-6399,Inginimitiya,CLOSED,2025-09-11,2025-09-13,,,,,,Requested job,"Fuel sys. Repair, change speed meter cable",
2025/9/R/679,LN-9046,Mathale,CLOSED,2025-09-11,2025-09-12,,,,,,Requested job,"Tie rod ball joint 2, drag link R/kit 2, SSO",
2025/9/R/681,LL-0920,cep-03,CLOSED,2025-09-11,2025-09-13,,,,,,Requested job,"Gear box repair(disemble gear box and reduce spring tension of gear wheel lock), wash & grease, need to fix engine stop cable",
2025/9/R/682,HEX-17,Port City,CLOSED,2025-09-12,2025-09-18,,,,,,Requested job,"Removed short arm boom, fixed long arm boom, AC repair, greasing, bucket repair, arm & boom joining pin lock made",
2025/9/R/683,MG-09,Batticaloa,CLOSED,2025-09-13,2025-09-17,,,,,,Requested job,"Front axel repair(Bearing 32018 2nos, oil seal, hub cup made)",
2025/9/R/684,PT-1569,cep-03,CLOSED,2025-09-13,2025-09-16,,,,,,Requested job,"Suspension repair(shock absorber repair, bush, bolt",
2025/9/R/685,LN-8278,Badalgama,CLOSED,2025-09-15,2025-09-18,,,,,,Requested job,"kin pin repair(RHS only), replace clutch booster",
2025/9/R/686,LJ-8055,Badalgama,CLOSED,2025-09-15,2025-10-02,,,,,,Requested job,"Brake repair, gear cable repair, steel brake hose repair, hub greased",
2025/9/R/687,PH-3945,H/O,CLOSED,2025-09-15,2025-09-16,,,,,,Requested job,Engine overheating(radiator cooling fan relay repalced),
2025/9/R/688,LK-5047,Badalgama,CLOSED,2025-09-15,2025-09-30,,,,,,Requested job,"Replace clutch booster, brake booster, (brake hose replace, air brake sys. Repair, service, greasing",
2025/9/R/689,DAH-2491,Badalgama,CLOSED,2025-09-15,2025-09-17,,,,,,Requested job,"Replaced water pump, p/steering hose, & belt",
2025/9/R/690,43-1191,Batticaloa,CLOSED,2025-09-15,2025-09-19,,,,,,Requested job,starter motor repair-ex kamal,
2025/9/R/690-1,DAH-2228,Asphalt Team,CLOSED,2025-09-16,2025-09-17,,,,,,Requested job,Replace fuel tank pump-SSO,
2025/9/R/691,VR-23,Marawila,CLOSED,2025-09-16,2025-09-26,,,,,,Requested job,vibration sys. Repair,
2025/9/R/692,VR-64,Mallawagedara Bridge,CLOSED,2025-09-16,2025-09-16,,,,,,Requested job,Hy. Leak from vibration motor hose union,
2025/9/R/693,VR-71,Gampaha,CLOSED,2025-09-17,2025-09-18,,,,,,Requested job,Starting defect(Elec. Sys. Repair),
2025/9/R/694,48-4849,Badalgama,CLOSED,2025-09-17,2025-09-17,,,,,,Requested job,"Alternator breakdown at Rathmalana, Fixed another alternator (HO-9850)& came to Badalgama",
2025/9/R/695,ZB-1521,Solution,CLOSED,2025-09-18,2025-09-18,,,,,,Requested job,"Fuel sys. Repair. Change fuel filter, AC pump cleaning",
2025/9/R/696,LY-1614,Badalgama,OPEN,2025-09-18,,,,,,,Requested job,Fix emergency light & fog light,
2025/9/R/697,LN-9046,Mathale,CLOSED,2025-09-18,2025-09-18,,,,,,Requested job,Starter motor repair(repaced brush set),
2025/9/R/697-1,LK-5041,Badalgama,CLOSED,2025-09-18,2025-09-18,,,,,,Requested job,"Replace hub seal inner & outer-Rear left, hub greasing",
2025/9/R/698,EQP-Asphalt cutter,Ruwanwella,OPEN,2025-09-18,,,,,,,Requested job,Engine overhaul,S/N EH25D-2041046
2025/9/R/699,EQP-Concrete Mixer,,OPEN,2025-09-18,,,,,,,Requested job,Structure repair works,
2025/9/R/700,VR-29,Inginimitiya,CLOSED,2025-09-18,2025-10-02,,,,,,Requested job,Vibrator shaft bearing replacement,
2025/9/R/701,PH-6742,cep-03,CLOSED,2025-09-19,2025-09-27,,,,,,Requested job,"Dash board meter repair(fuel, heat meter NW), Gear lever bushing( unable to engage gears properly)",
2025/9/R/703,LO-7181,cep-03,CLOSED,2025-09-19,2025-09-22,,,,,,Requested job,Brake shoe 2 nos(SSO),
2025/9/R/704,LO-4822,Batticaloa,CLOSED,2025-09-19,2025-09-25,,,,,,Requested job,Clutch sys. Repair,
2025/9/R/705,LM-5722,cep-03,CLOSED,2025-09-19,2025-09-22,,,,,,Requested job,"U-joint, sliding joint, PTO housing, nut & bolt-SSO",
2025/9/R/706,ZA-8033,cep-03,CLOSED,2025-09-19,2025-10-03,,,,,,Requested job,"Silensor repair, shooter repair, chk service, wash & grease, injector pump & injector repair, LHS seat cushion",
2025/9/R/707,PA-3911,Batticaloa,CLOSED,2025-09-19,2025-09-22,,,,,,Requested job,"Suspension repair(shockabsorber repair, bushes, etc)",
2025/9/R/708,"EQP-Water Pump 2""",Batticaloa,CLOSED,2025-09-19,2025-09-28,,,,,,Requested job,Engine repair,
2025/9/R/709,ZB-1521,Solution,CLOSED,2025-09-20,2025-09-20,,,,,,Requested job,"Diesel mixed with E/oil-informed by operator, change E/oil, oil filter, fuel ac pump, checked machine -ok",Mathale
2025/9/R/712,MGS-01,Solution,CLOSED,2025-09-20,2025-09-25,,,,,,Requested job,Replace jack seal 3nos,
2025/9/R/713,LM-7949,cep-03,CLOSED,2025-09-20,2025-10-11,,,,,,Requested job,Pinion wheel with bearings,
2025/9/R/714,ZB-1979,Batticaloa,CLOSED,2025-09-20,2025-09-22,,,,,,Requested job,Tie rod end with rack end-SSO,
2025/9/R/715,LO-7184,Batticaloa,CLOSED,2025-09-20,2025-09-22,,,,,,Requested job,Sent fuel filters to site(abnormal noise of injector pump due to less fuel supply),
2025/9/R/710,GL-0019,Badalgama,CLOSED,2025-09-21,2025-09-29,,,,,,Requested job,"Alternator repair(diode plate, regulator, bearings), replaced engine rear mount 2 nos(recondition)",
2025/9/R/711,DAH-2230,Ruwanwella,CLOSED,2025-09-22,2025-10-02,,,,,,Requested job,Unble to engage reverse gear(gear box repair-clutch plate),
2025/9/R/717,BIE-8543,Batticaloa,CLOSED,2025-09-22,2025-09-29,,,,,,Requested job,"service, sprocket wheel, speedo meter cable, timing chain, handle cup set",
2025/9/R/718,PH-6744,Badalgama,CLOSED,2025-09-23,2025-10-15,,,,,,Requested job,"Check starting, tie rods, F/buffer repair, brake repair, replace brake master pump, spring blade repair, door winder handle, hoo light",
2025/9/R/720,PH-6747,Badalgama,CLOSED,2025-09-23,2025-09-24,,,,,,Requested job,"Elec. Repair, (replace fuses, checked lights)",
2025/9/R/721,SL-04,Batticaloa,CLOSED,2025-09-23,2025-09-26,,,,,,Requested job,"Drive belt, belt tensioner-SSO",
2025/9/R/723,LM-5720,Marawila,CLOSED,2025-09-23,2025-09-26,,,,,,Requested job,"Starter motor repair(brush set, bush set)",
2025/9/R/724,VR-23,Marawila,CLOSED,2025-09-23,2025-09-26,,,,,,Requested job,Vibration system repair(checked electrical & hy system),
2025/9/R/722,HEX-05,cep-03,CLOSED,2025-09-24,2025-09-25,,,,,,Requested job,Travelling motor seal With bearing-SSO,
2025/9/R/716,ZA-6255,cep-03,CLOSED,2025-09-25,2025-10-08,,,,,,Requested job,"check & repair battery charging, concrete mixing defect",
2025/9/R/725,TM-17,Batticaloa,CLOSED,2025-09-25,2025-09-25,,,,,,Requested job,"Steering jack seal, bucket jack seal replaced by ccom, fixed by WS badalgama",
2025/9/R/726,PJ-6376,Gampaha,CLOSED,2025-09-25,2025-09-26,,,,,,Requested job,"Check clutch system, electrical system",
2025/9/R/727,LM-6653,Batticaloa,CLOSED,2025-09-25,2025-09-27,,,,,,Requested job,"Brake repair(hub seal, rear all brake liners, brake springs), service",
2025/9/R/728,LD-06,Badalgama,CLOSED,2025-09-25,2025-10-02,,,,,,Requested job,"aceelerator cable repair, hand brake cable repair, brake pad replace,",
2025/9/R/730,GE-04,Kandawala Filling Station,CLOSED,2025-09-26,2025-10-14,,,,,,Requested job,"Water leak, check starting, service, body painting, roof making",MJ
2025/9/R/732,ZB-1546,cep-03,CLOSED,2025-09-27,2025-09-30,,,,,,Requested job,"Jcb pin filling & lathework 2 nos, bushes, grease seal, shims-SSO",SSO
2025/9/R/680,48-4849,Badalgama,CLOSED,2025-09-28,2025-09-29,,,,,,Requested job,"Boom motor broken, fixed LC-0434 boom swing motor to this boom truck",
2025/9/R/731,HEX-28,Ruwanwella,CLOSED,2025-09-28,2025-10-09,,,,,,Requested job,"Arm jack pin filling & lathework, jack bore repair/ replace",MJ
2025/9/R/719,LL-1782,Badalgama,CLOSED,2025-09-29,2025-10-15,,,,,,Requested job,"Center axel repair(disemble torque arms, center axel mountings, spring blades with u-bolt, replace center pin bushes, center pin filleng & turn out, pin holder crack repair with lathe work, replaced torque arm bush 4 nos, assemble all above parts",
2025/9/R/735,LK-4057,Port City,CLOSED,2025-09-29,2025-10-03,,,,,,Requested job,"P/S oil leak, accelerator cable repair, fix door glass, rim repair, gear engaging defect repair",MR
2025/9/R/736,RS-0483,Batticaloa,CLOSED,2025-09-29,2025-10-01,,,,,,Requested job,Replace backhoe boom jack seal,MR
2025/9/R/737,LO-5986,Batticaloa,CLOSED,2025-09-29,2025-10-01,,,,,,Requested job,PTO lever-SSO,SSO
2025/9/R/702,LO-5984,Kilinochchi,CLOSED,2025-09-30,2025-10-23,,,,,,Requested job,"E/oil level decreasing & mix with fuel, clutch repair, king pin checked-ok",MJ
2025/9/R/733,PD-6917,cep-03,CLOSED,2025-09-30,2025-10-11,,,,,,Requested job,Gear box repair(clutch plate-springs damaged due to gear gear neutral & engaging while running,MJ
2025/9/R/738,HEX-27,cep-03,CLOSED,2025-09-30,2025-10-02,,,,,,Requested job,"Track repair( track plate bolt 4, link set 2 with bushes, pin 2, seal 4)-SSO",SSO
2025/9/R/739,LN-8277,cep-03,CLOSED,2025-09-30,2025-10-23,,,,,,Requested job,Mud cover repair,MR
2025/9/R/740,PR-1469,Badalgama,CLOSED,2025-09-30,2025-09-30,,,,,,Requested job,Adjusted gear linkage,MR
2025/9/R/741,PH-0765,Ruwanwella,CLOSED,2025-09-30,2025-09-30,,,,,,Requested job,Replace clutch R/kit-up,MR
2025/9/R/742,LO-5983,cep-03,CLOSED,2025-09-30,2025-09-30,,,,,,Requested job,Brake drum facing - nos,MR
2025/10/R/743,GE-05,A/P Badalgama,CLOSED,2025-10-01,2025-10-01,,,,,,Requested job,"E/oil leak from filter, fil E/oil 38ltrs",MR
2025/10/R/744,LY-4524,Badalgama,CLOSED,2025-10-01,2025-10-01,,,,,,Requested job,"Head light repair(wires connected), buffer bolt fixed",MR
2025/10/R/744-1,48-4849,Badalgama,OPEN,2025-10-01,,,,,,,Requested job,"Replace hub bolt, alternator repair-Kamal(Katana)",MR
2025/10/R/745,PTR-06,Marawila,CLOSED,2025-10-01,2025-10-01,,,,,,Requested job,"Brake booster pump R/kit sent to Asphalt team Marawila, removed brake master pump(pedal pump)valve due to brake bind of machine by asphalt team",MR
2025/7/R/529,49-5294,Baticaloa,OPEN,2025-10-01,,,,,,,Requested job,chk working condition,MR
2025/10/R/746,DAH-2231,Serunuwara,CLOSED,2025-10-02,2025-10-05,,,,,,Requested job,Replace fuel tank pump-SSO,MR
2025/10/R/747,HEX-40,cep-03,CLOSED,2025-10-02,2025-10-07,,,,,,Requested job,"Replace single track line with plates, top roller 4, roller bolt 16, sprocket wheel, idler wheel new-SSO",MJ
2025/10/R/748,SL-09,Marawila,CLOSED,2025-10-02,2025-10-02,,,,,,Requested job,Drive belt 7233409- SSO,SSO
2025/10/R/749,HEX-19,cep-03,CLOSED,2025-10-03,2025-10-10,,,,,,Requested job,"Alternator repair(Field coil rewinding, bearing, regulator, brush set)",MJ
2025/9/R/734,PA-6399,Inginimitiya,CLOSED,2025-10-03,2025-10-25,,,,,,Requested job,"Engine overheating(replace gasket, r/hoses), checked engine head by Edirisinghe, suspension system repair, steering linkage repair, wheel alignment",MJ
2025/10/R/750,DAH-2228,Asphalt Team,CLOSED,2025-10-04,2025-10-04,,,,,,Requested job,starter motor repair(brush set)-ex kamal,MR
2025/10/R/751,PH-6747,Marawila,CLOSED,2025-10-04,2025-10-06,,,,,,Requested job,"Tie rod ball joint 2, CMC washer,P/S steel hose leak repair , check wheel alignment",MR
2025/10/R/752,LJ-8055,Badalgama,OPEN,2025-10-04,,,,,,,Requested job,"Hand brake repair, fog light fix",MR
2025/10/R/753,DAH-2230,Batticaloa,CLOSED,2025-10-04,2025-10-07,,,,,,Requested job,Replace CMC & CSC new,MR
2025/10/R/754,FL-03,Badalgama,CLOSED,2025-10-04,2025-10-05,,,,,,Requested job,"replace hy. Hose2, top up hy. Oil",MR
2025/10/R/755,HEX-22,Batticaloa,CLOSED,2025-10-04,2025-10-05,,,,,,Requested job,replace safety solenoid 24V,SSO
2025/10/R/756,LK-5041,Badalgama,CLOSED,2025-10-05,2025-10-06,,,,,,Requested job,Clutch slave cylinder rod bolt replace,MR
2025/10/R/757,LO-5985,Kilinochchi,CLOSED,2025-10-05,2025-10-07,,,,,,Requested job,Replace ignition switch,MR
2025/9/R/729,ZA-2608,Serunuwara,CLOSED,2025-10-05,2025-10-11,,,,,,Requested job,"Multi jack repair, alternator belt replace, outriger jack fix",MR
2025/10/R/758,LO-7855,Solution,CLOSED,2025-10-07,2025-10-13,,,,,,Requested job,Replace brake liner & jack seal-C COM,MJ
2025/10/R/759,HEX-17,Port City,OPEN,2025-10-08,,,,,,,Requested job,Accident repair,MJ
2025/10/R/760,LB-4824,Ruwanwella,OPEN,2025-10-08,,,,,,,Requested job,E/oil burning,MJ
2025/10/R/761,GL-0019,Badalgama,CLOSED,2025-10-09,2025-10-09,,,,,,Requested job,"Light repair, tailor air hose repair",MR
2025/10/R/762,LK-5041,Badalgama,CLOSED,2025-10-09,2025-10-10,,,,,,Requested job,Starter motor repair(field coil rewinding),MR
2025/10/R/763,HEX-18,Badalgama,CLOSED,2025-10-09,2025-09-10,,,,,,Requested job,"Replace hy. Hose, top up hy. Oil",MR
2025/10/R/764,LD-05,Badalgama,CLOSED,2025-10-11,2025-10-11,,,,,,Requested job,Replaced bucket tilt jack seal kit,MR
2025/10/R/765,LO-7180,Kilinochchi,OPEN,2025-10-11,,,,,,,Requested job,Engine overheating,MJ
2025/10/R/769,325-5120,Badalgama,CLOSED,2025-10-11,2025-10-18,,,,,,Requested job,Chassis repair(removed engine with gear box ),MJ
2025/10/R/772,ZA-7290,Badalgama,CLOSED,2025-10-13,2025-10-16,,,,,,Requested job,Starter motor repair,MR
2025/10/R/773,ZA-8337,Batticaloa,OPEN,2025-10-13,,,,,,,Requested job,bucket repair,MJ
2025/10/R/778,MG-07,cep-03,CLOSED,2025-10-13,2025-10-14,,,,,,Requested job,"Parking brake valve, turn out union",SSO
2025/10/R/779,GL-0019,Badalgama,CLOSED,2025-10-14,2025-10-16,,,,,,Requested job,Replaced steering U-joint,MR
2025/10/R/781-1,AC-01,Mathale,CLOSED,2025-10-14,2025-10-14,,,,,,Requested job,Fan belt 8PK-1530,SSO
2025/10/R/774,LO-4824,Badalgama,CLOSED,2025-10-15,2025-10-16,74091,Km,,,,Requested job,"Gear box oil changed, wiper system repair, pinion removed from vehicle & cleaned, removed cast iron piece broken ,adjust crown wheel,Pinion fix & oil filling, odometer repaired 3494.2Hrs, 74091Km",MR · need to disemble & repair gear box near future(observed small particals in gear oil
2025/10/R/776,VR-62,Batticaloa,CLOSED,2025-10-15,2025-10-24,,,,,,Requested job,"hy. Tank nut repair, service, changed hy. Oil only, fixed VR-71 battery, ignition switch repair",MR
2025/10/R/777,LT-21,Marawila,CLOSED,2025-10-15,2025-10-16,,,,,,Requested job,Engine repair,MJ
2025/10/R/782,AC-38,cep-03,OPEN,2025-10-15,,,,,,,Requested job,"Engine oil sludge, check & clean engine",MJ
2025/10/R/784,51-8083,cep-03,CLOSED,2025-10-15,2025-10-15,,,,,,Requested job,Check tappet noise-ok,MR
2025/10/R/785,LN-8278,Badalgama,CLOSED,2025-10-15,2025-10-16,,,,,,Requested job,Engine cooling system repair-replaced radiator hose,MR
2025/10/R/787,SL-14,cep-03,CLOSED,2025-10-15,2025-10-20,,,,,,Requested job,Replace travelling motor seal kit  repair-done by Wadakada team,MJ
2025/10/R/788,SL-24,cep-03,CLOSED,2025-10-15,2025-10-17,,,,,,Requested job,Engine stop solenoid,SSO
2025/10/R/789,325-3448,cep-03,CLOSED,2025-10-15,2025-11-04,,,,,,Requested job,"Gear box repair, glow plug 2, injector repair(replace all noxzzels)",MJ
2025/10/R/790,PJ-6376,Gampaha,CLOSED,2025-10-15,2025-10-15,,,,,,Requested job,Starter motor repair-Kamal,MR
2025/10/R/791,57-3062,Badalgama,CLOSED,2025-10-15,2025-10-17,,,,,,Requested job,Ignition switch repair-fixed recondition switch,MR
2025/10/R/792,HEX-23,cep-03,CLOSED,2025-10-16,2025-10-17,,,,,,Requested job,Engine oil pressure sensor,SSO
2025/10/R/793,LY-4524,Badalgama,CLOSED,2025-10-16,2025-10-18,,,,,,Requested job,Emmobilizer defect-ex. Repair,MR
2025/10/R/794,PR-1469,Badalgama,CLOSED,2025-10-17,2025-10-17,,,,,,Requested job,Radiator fan NW-elec. Repair,MR
2025/10/R/795,PJ-6376,Gampaha,CLOSED,2025-10-17,2025-10-19,,,,,,Requested job,"king pin repair, brake shoe re-lining",MJ
2025/10/R/796,LO-7855,Solution,OPEN,2025-10-18,,,,,,,Requested job,Hy. & filter change-done by c-com,MR
2025/10/R/797,GE-01,cep-03,CLOSED,2025-10-18,2025-10-18,,,,,,Requested job,Starter motor repair(Solenoid defect)-upali motor colombo,MR
2025/10/R/797-1,HEX-40,cep-03,CLOSED,2025-10-18,2025-10-28,,,,,,Requested job,"Idler wheel repair(grease seal, duo corn seal, spare supply & external repair)",MJ
2025/10/R/798,LP-1578,cep-03,CLOSED,2025-10-18,2025-10-22,,,,,,Requested job,Brake repair (Replaced rear brake rachet 2nos),SSO
2025/10/R/799,ZB-1546,Ruwanwella,CLOSED,2025-10-19,2025-10-22,,,,,,Requested job,Replaced jack backhoe arm jack seal(jack sent to site),MR
2025/10/R/800,RD-6318,Ruwanwella,CLOSED,2025-10-19,2025-10-22,,,,,,Requested job,"Brake repair(Replaced brake pad set 2, axel oil seal 2 , brake disc assy. 2 nos, tailor hose coupling",SSO
2025/10/R/801,LM-6653,Batticaloa,CLOSED,2025-10-20,2025-11-03,,,,,,Requested job,"Winch abnormal noise, stabilizer jack seal",MJ
2025/10/R/802,AC-01,Mathale,CLOSED,2025-10-20,2025-10-20,,,,,,Requested job,"Alternator repair(replaced bearings, pulley repair), adjusted air pressure, E/oil top up, 1st injector leak repair",MR
2025/10/R/804-1,LY-4524,Badalgama,CLOSED,2025-10-20,2025-10-20,,,,,,Requested job,Head light repair,MR
2025/10/R/766,EQP-Elec. Air compressor,Muthur Plant,CLOSED,2025-10-21,2025-11-05,,,,,,Requested job,"Low air pressure,fully cleaned maching compressor piston ring replacement, air filter, oil changed, testing",MJ
2025/10/R/771,LN-8277,cep-03,CLOSED,2025-10-21,2025-10-31,,,,,,Requested job,"Blower motor impeller repair, boom jack seal replaced, boom 2nd box repair, valve box repair, service,",MJ
2025/10/R/804,ZB-2583,Batticaloa,CLOSED,2025-10-21,2025-10-22,,,,,,Requested job,Replaced U-joint2 nos,SSO
2025/10/R/805,ZB-1979,Batticaloa,CLOSED,2025-10-21,2025-10-22,,,,,,Requested job,"Blower motor repair(permanent magnet fix), resistor 2nos",MR
2025/10/R/806,RD-3537,Ruwanwella,CLOSED,2025-10-21,2025-10-22,,,,,,Requested job,"Starter motor repair(replaced armature, brush set, bush set)",MR
2025/10/R/807,PC-7812,Lab,CLOSED,2025-10-22,2025-10-22,,,,,,Requested job,"Diesel leak repair, Wiper system repair(wiper arm nut tightened)",MR
2025/10/R/808,Asphalt cutter- S/N 2018 18003820009,Asphalt Team,CLOSED,2025-10-22,2025-10-22,,,,,,Requested job,"Replaced rocker arm used, top up E/oil",MR
2025/8/R/634,AC-24,Ruwanwella,CLOSED,2025-10-22,2025-10-25,,,,,,Requested job,"Replaced compressor tank filter, compressor oil filter & air filter",MR
2025/10/R/780,HD-9005,Badalgama,CLOSED,2025-10-23,2025-11-01,,,,,,Requested job,Brake repair,MJ
2025/10/R/786,LO-7183,Port City,CLOSED,2025-10-23,2025-11-02,,,,,,Requested job,"Wiper repair, check brake liners & hub greasing , check reverse switch",MJ
2025/10/R/809,LO-7855,Solution,CLOSED,2025-10-24,2025-10-31,,,,,,Requested job,Accumilation amount error- done by Sathosa Motors,MR
2025/10/R/810,SR-09,Marawila,CLOSED,2025-10-24,2025-10-27,,,,,,Requested job,Replaced elec. Fuel feed pump,SSO
2025/10/R/811,LO-8350,Marawila,OPEN,2025-10-24,,,,,,,Requested job,Wiper motor,SSO
2025/10/R/812,LO-4823,Marawila,OPEN,2025-10-24,,,,,,,Requested job,Wiper motor,SSO
2025/10/R/813,LO-4822,Badalgama,CLOSED,2025-10-24,2025-10-29,,,,,,Requested job,"Wiper system repair, door lock repair, replace side mirror",MR
2025/10/R/814,SR-14,Badalgama,CLOSED,2025-10-24,2025-10-31,,,,,,Requested job,"replace drum mount, ignition switch, check Hr meter",MR
2025/10/R/815,AP-09,Badalgama,CLOSED,2025-10-24,2025-10-29,,,,,,Requested job,"fix fog lights, screed mount, wire harness repair, service, fix blower motor, gas distribution solenoid valve",MJ
2025/10/R/817,PH-6744,Badalgama,OPEN,2025-10-26,,,,,,,Requested job,Engine repair(e/oil not pump to rocker arms),MJ
2025/10/R/818,ZA-7968,Batticaloa,CLOSED,2025-10-26,2025-10-28,,,,,,Requested job,Tie rod end,SSO
2025/10/R/819,PR-1469,Badalgama,CLOSED,2025-10-28,2025-10-29,,,,,,Requested job,Replace F/axel bearing,MR
2025/10/R/803,LD-8875,Batticaloa,CLOSED,2025-10-29,2025-11-05,,,,,,Requested job,Injector pump repair,MJ
2025/10/R/820,LK-5041,Badalgama,CLOSED,2025-10-29,2025-10-29,,,,,,Requested job,Battery charging defect(alternator repair),MR
2025/10/R/821,TB-02,Marawila,CLOSED,2025-10-29,2025-10-29,,,,,,Requested job,"replace bowser axel bearing in & out, grease seal, grease cup",SSO
2025/10/R/822,VR-14,Marawila,OPEN,2025-10-29,,,,,,,Requested job,Circuit board repair(tempory fixed VR- circuit),MR
2025/10/R/823,SR-09,Marawila,CLOSED,2025-10-29,2025-10-29,,,,,,Requested job,Fuel sys. Repair(send fuel filters),SSO
2025/10/R/824,BET-8772,Badalgama,CLOSED,2025-10-29,2025-10-31,,,,,,Requested job,"Remove engine , chassis repair",MR
2025/10/R/825,253-2574,Batticaloa,CLOSED,2025-10-29,2025-11-06,,,,,,Requested job,"Steering system repair, P/S box repair-Ex. , starter motor repair(pinion wheel with clutch )",SSO
2025/10/R/826,ZB-0050,cep-03,CLOSED,2025-10-29,2025-10-31,,,,,,Requested job,replace crank oil seal,SSO
2025/10/R/827,28-4314,Badalgama,OPEN,2025-10-29,,,,,,,Requested job,replaced steering link end,MR
2025/10/R/828,LL-0936,Mathale,CLOSED,2025-10-29,2025-10-30,,,,,,Requested job,replaced sliding joint by site,MR
2025/10/R/775,VR-71,Badalgama,OPEN,2025-10-30,,,,,,,Requested job,oil leak from drum,MR
2025/10/R/829,HEX-19,cep-03,CLOSED,2025-10-30,2025-11-04,,,,,,Requested job,"Arm end repair & bushing, bucket repair, bucket pin repair bush replacing",MJ
2025/10/R/830,VR-13,Badalgama,OPEN,2025-10-30,,,,,,,Requested job,"fuel cut off , elec. Fuel feed pump, fan  belt, ignition switch, hood repair, oil leak",MJ
2025/10/R/831,HEX-18,Badalgama,CLOSED,2025-10-30,2025-10-30,,,,,,Requested job,"replace grease jack nipple, idler wheel guide repair, track remove & fix, hy. Hose replace",MR
2025/10/R/832,EQP-Vibro Hammer,Badalgama,OPEN,2025-10-31,,,,,,,Requested job,check & repaired by C-com,MJ
2025/11/R/834,LK-6738,Batticaloa,CLOSED,2025-11-01,2025-11-04,,,,,,Requested job,"Replace R/LH hub seal, gear lever bush set, P/Steering hose repair, replace P/S filter, clutch slave pump, cultch master pump R/kit,",MR
2025/11/R/835,ZA-7092,Abanpola,CLOSED,2025-11-02,2025-11-02,,,,,,Requested job,Tie rod end knuckle arm repair-done by site,MR
2025/11/R/836,LK-2366,Ruwanwella,OPEN,2025-11-02,,,,,,,Requested job,Air brake system repair,
2025/11/R/837,PY-2408,Ruwanwella,CLOSED,2025-11-02,2025-11-04,,,,,,Requested job,"clutch repair(replace clutch plate, c/bearing), gear box mount",SSO
2025/11/R/838,CR-02,cep-03,OPEN,2025-11-02,,,,,,,Requested job,Replaced radiator hose,SSO
2025/11/R/895,DAH-2491,Badalgama,CLOSED,2025-11-02,2025-11-25,,,,,,Requested job,"Brake repair(b/pads, B/booster, BMC R/kit",MR
2025/11/R/897,SR-14,Marawila,CLOSED,2025-11-02,2025-11-23,,,,,,Requested job,starter motor repair-solenoid,MR
2025/11/R/839,PD-4739,Marawila,CLOSED,2025-11-03,2025-11-03,,,,,,Requested job,"Brake repair(replaced F/brake pads, rear brake shoes), fog light 2nos",SSO
2025/11/R/840,TM-17,Batticaloa,CLOSED,2025-11-03,2025-11-03,,,,,,Requested job,Replaced steering jack seal,MR
2025/11/R/841,51-8083,cep-03,CLOSED,2025-11-03,2025-11-03,,,,,,Requested job,Replaced brake master pump- item purchased & repair done by site,MR
2025/11/R/843,PA-4193,H/O,CLOSED,2025-11-04,2025-11-04,,,,,,Requested job,"starter motor repair(brush set with holder, bearing 2nos)",MR
2025/11/R/844,AP-09,Marawila,OPEN,2025-11-04,,,,,,,Requested job,"Burner elec. Repair, screed adjustment control (hy. & elec. Repair)",MR
2025/11/R/845,KC-08,Batticaloa,OPEN,2025-11-04,,,,,,,Requested job,starting defect,
2025/11/R/846,DAH-2491,Badalgama,CLOSED,2025-11-06,2025-11-11,,,,,,Requested job,"clutch repair(clutch plate, clutch bearing, CMC & CSC R/kit), gear box mount, service",MJ
2025/11/R/847,PC-7812,Lab,CLOSED,2025-11-06,2025-11-08,,,,,,Requested job,"Fuel system elec. Repair(suction controll valve), service",MR
2025/11/R/848,SL-09,Marawila,CLOSED,2025-11-06,2025-11-10,,,,,,Requested job,Bucket pin bush repair,MR
2025/11/R/849,HEX-18,Badalgama,CLOSED,2025-11-06,2025-11-07,,,,,,Requested job,Engine overheating ( fan belt broken-6440),MR
2025/11/R/850,LD-08,Badalgama,OPEN,2025-11-06,,,,,,,Requested job,"Engine overhaul, radiator cleaning, injector pump repair",MJ
2025/11/R/852,BGY-6440,Badalgama,CLOSED,2025-11-07,2025-11-12,,,,,,Requested job,"Replace chian sprocket, brake light",MR
2025/11/R/853,LD-05,Badalgama,CLOSED,2025-11-07,2025-11-08,,,,,,Requested job,"repalaced steering jack seal, AC repair",MR
2025/11/R/856,HU-5097,Badalgama,CLOSED,2025-11-08,2025-11-09,,,,,,Requested job,"Water leak, Engine RPM low, Service",MR
2025/11/R/858,LP-1571,Kilinochchi,CLOSED,2025-11-08,2025-11-11,,,,,,Requested job,"AC repair, changed fan clutch gel",MR
2025/11/R/851,ZB-1521,Solution,CLOSED,2025-11-10,2025-11-20,,,,,,Requested job,"silensor repair, loader bucket pin bush repair, bucket repair, air hose",MJ
2025/11/R/854,LO-7183,Badalgama,CLOSED,2025-11-10,2025-11-13,,,,,,Requested job,"Replaced tie rod ends, spring leaf lock repair, radiator repair",MR
2025/11/R/859,LO-5985,Badalgama,CLOSED,2025-11-10,2025-11-11,,,,,,Requested job,Starter motor repair(replaced brush set),MR
2025/11/R/860,PR-1504,Badalgama,OPEN,2025-11-10,,,,,,,Requested job,"Abnormal noise of alternator, replace fan belt, tinkering & painting",MJ
2025/11/R/861,LI-3401,Muthur Plant,OPEN,2025-11-11,,,,,,,Requested job,Starter motor repair,MR
2025/11/R/862,LI-3402,Muthur Plant,CLOSED,2025-11-11,2025-12-22,,,,,,Requested job,"Starter motor repair, brake oil tank, spring suckle",SSO
2025/11/R/863,LD-01,Muthur Plant,CLOSED,2025-11-11,2025-11-12,,,,,,Requested job,U-joint,SSO
2025/11/R/865,HEX-01,cep-03,CLOSED,2025-11-11,2025-11-18,,,,,,Requested job,"Undercarriage repair(Replaced two tracks with plates, sprocket wheel 2, sprocket bolt 42, master pin 2, idler wheel filling)",MJ
2025/11/R/866,48-4849,Badalgama,CLOSED,2025-11-11,2025-11-11,,,,,,Requested job,Brake repair(replaced 4 rachets),MR
2025/11/R/867,PH-6744,Badalgama,CLOSED,2025-11-12,2025-11-12,,,,,,Requested job,Replaced p/s hose,MR
2025/11/R/868,HEX-41,Port City,CLOSED,2025-11-13,2025-11-14,,,,,,Requested job,"Bucket line boring, hy. Hose, hy. Steel hose repair, bucket jack changed(fixed HEX-7 bucket jack)",MJ
2025/11/R/869,TM-20,Batticaloa,CLOSED,2025-11-14,2025-11-15,,,,,,Requested job,replaced steering jack seal,MR
2025/11/R/870,MG-15,Batticaloa,CLOSED,2025-11-14,2025-11-22,,,,,,Requested job,circle jack shaft replaced,MR
2025/11/R/871,325-5120,Badalgama,CLOSED,2025-11-14,2025-11-19,,,,,,Requested job,"Brake repair, MNW",MR
2025/11/R/872,HU-5097,Badalgama,CLOSED,2025-11-14,2025-11-15,,,,,,Requested job,AC repair,MR
2025/11/R/873,WG-10,Fabrication,CLOSED,2025-11-14,2025-11-18,,,,,,Requested job,"Engine overheating, radiator cleaning, replaced gasket, service",MJ
2025/11/R/876,57-3062,Badalgama,CLOSED,2025-11-14,2025-11-15,,,,,,Requested job,AC repair,MR
2025/11/R/877,HEX-40,Port City,CLOSED,2025-11-14,2025-11-15,,,,,,Requested job,"Elec. Repair(emergency light, reverse horn, fog light)",MR
2025/11/R/875,41-1130,cep-03,CLOSED,2025-11-15,2025-11-22,,,,,,Requested job,"Spring blade repair,door lock repair, fuel supply meter repair-claibration",MR
2025/11/R/878,GE-82,Muthur Plant,CLOSED,2025-11-15,2025-11-26,,,,,,Requested job,"service, starting defect- hard starting, frequency & O/P voltage defect- done by Geni Buddhika",MJ
2025/11/R/879,DAH-2231,Batticaloa,CLOSED,2025-11-15,2025-11-18,,,,,,Requested job,"service , steering box repair",MR
2025/11/R/880,PH-9072,cep-03,CLOSED,2025-11-15,2025-11-16,,,,,,Requested job,Brake repair(brake shoe with liner),SSO
2025/11/R/882,FL-02,Fabrication,CLOSED,2025-11-17,2025-11-18,,,,,,Requested job,"Radiator cleaning, jack seal 2",MR
2025/11/R/883,LK-6738,Batticaloa,CLOSED,2025-11-17,2025-12-22,,,,,,Requested job,"Gear box repai, light S/M repair",MJ
2025/11/R/884,HEX-27,Port City,CLOSED,2025-11-17,2025-11-18,,,,,,Requested job,arm jack seal replace-tempory fixed HEX-17 jack,MR
2025/11/R/885,LP-1572,cep-03,CLOSED,2025-11-17,2025-11-17,,,,,,Requested job,Replaced F & R brake liners,SSO
2025/11/R/886,325-5120,Badalgama,OPEN,2025-11-17,,,,,,,Requested job,Starter motor repair,MR
2025/11/R/887,HEX-37,cep-03,CLOSED,2025-11-17,2025-11-21,,,,,,Requested job,"swing motor seal, planetary wheel bush replacing",MJ
2025/11/R/888,48-4849,Badalgama,CLOSED,2025-11-17,2025-11-25,,,,,,Requested job,"replaced boom cable, speedo meter cable replace",MR
2025/11/R/889,ZA-7925,Badalgama,CLOSED,2025-11-18,2025-11-25,,,,,,Requested job,"air leak, hub seal R/LH, water pump check & repair",MR
2025/11/R/890,325-3448,cep-03,OPEN,2025-11-19,,,,,,,Requested job,"Gear box repair, door handle",MJ
2025/11/R/891,PH-6747,Marawila,CLOSED,2025-11-19,2025-11-24,,,,,,Requested job,"E/oil burning, drag link ball joint, brake adjust, E/oil pressure check by pressure gauge, replaced oil plug",MR
2025/11/R/893,51-8083,cep-03,CLOSED,2025-11-19,2025-11-20,,,,,,Requested job,Injector pump & nozzel service,SSO
2025/11/R/894,LM-7942,Batticaloa,OPEN,2025-11-20,,,,,,,Requested job,Tinkering & painting,MJ
2025/11/R/896,VR-65,cep-03,CLOSED,2025-11-20,2025-11-21,,,,,,Requested job,signal flasher,SSO
2025/11/R/898,VR-40,Ruwanwella,CLOSED,2025-11-21,2025-11-22,,,,,,Requested job,starting defect,MR
2025/11/R/899,HEX-37,cep-03,CLOSED,2025-11-21,2025-11-25,,,,,,Requested job,fix pile hammer,MJ
2025/11/R/900,LA-1359,cep-03,OPEN,2025-11-22,,,,,,,Requested job,bowser tank repair,MJ
2025/11/R/901,ZB-1979,Batticaloa,CLOSED,2025-11-22,2025-11-25,,,,,,Requested job,Replaced tie rod end,MR
2025/11/R/902,DAH-2228,Asphalt Team,CLOSED,2025-11-22,2025-11-22,,,,,,Requested job,spring blade repair,MR
2025/11/R/904,HEX-45,Marawila,CLOSED,2025-11-22,2025-12-18,,,,,,Requested job,"Remove tool box, boom jack holder hole line boring. Jack pin filling & turn out, replace jack bush with grease seals",MJ
2025/11/R/906,LY-4524,Badalgama,CLOSED,2025-11-23,2025-11-26,,,,,,Requested job,"R/coolant leak, head light, AC repair, AC belt 8PK-1500",MR
2025/11/R/907,HEX-23,cep-03,OPEN,2025-11-23,,,,,,,Requested job,"Engine overhaul, hy. Pump coupling",MJ
2025/11/R/909,PC-7812,Lab,CLOSED,2025-11-24,2025-11-24,,,,,,Requested job,Abnormal noise when accelerating- replaced propellarshaft u-joint,MR
2025/11/R/910,LB-01,Abanpola,OPEN,2025-11-24,,,,,,,Requested job,Wire harness defect,MJ
2025/11/R/911,PH-3945,H/O,CLOSED,2025-11-24,2025-11-27,,,,,,Requested job,"Brake repair-Rear brake drum cleaning, brake liner rough, F/brake pad replace, caliper pin boot, r/coolant leak repair, tapper cover oil leak repair",MR
2025/11/R/913,PA-4193,H/O,CLOSED,2025-11-25,2025-12-14,,,,,,Requested job,"Turbo repair, clutch repair, steering rack repair,",MJ
2025/11/R/914,ZA-6069,cep-03,CLOSED,2025-11-25,2025-11-27,,,,,,Requested job,tie rod end assy.,SSO
2025/11/R/915,LP-1567,Badalgama,CLOSED,2025-11-26,2025-11-26,,,,,,Requested job,wiper sys. Repair,MR
2025/11/R/916,HEX-40,Port City,CLOSED,2025-11-26,2025-11-26,,,,,,Requested job,"starting defect(battery charged by site), changed battery",MR
2025/11/R/874,LO-5985,Badalgama,CLOSED,2025-12-10,2025-12-15,,,,,,Requested job,"Brake repair(replaced rear all liners-done by wadakada WS), replaced hub bolt",MJ
2025/11/R/864,FL-02,Fabrication,CLOSED,2025-12-11,2025-11-12,,,,,,Requested job,Engine stop solenoid repair,MR
2025/11/R/908,57-3062,Badalgama,CLOSED,2025-12-18,2025-12-20,,,,,,Requested job,"Abnormal tyre wear, shockabsorber & steering link ball joint repair-Deeman",MR
2026/1/R/001,LP-1720,CEP-03,CLOSED,2026-01-01,2026-01-05,,,,,,Requested job,"Indicate "" check engine""",MR
2026/1/R/003,LC-0434,Badalgama,CLOSED,2026-01-03,2026-01-15,,,,,,Requested job,"Fuel sys. & engine cooling sys. Repair, adjust clutch, E/stop cable",MR
2026/1/R/002,LI-3396,Kilinochchi,OPEN,2026-01-04,,,,,,,Requested job,"starter motor repair, brake repair , unble to engage gears",MJ
2026/1/R/004,LM-5722,CEP-03,OPEN,2026-01-05,,,,,,,Requested job,"E/oil burning, P/S oil elak, deck repair, light repair",MR
2026/1/R/005,LD-05,Badalgama,CLOSED,2026-01-09,2026-01-11,,,,,,Requested job,"Brake repair, check & changed axel oil",MR
2026/1/R/006,PV-6889,Badalgama,CLOSED,2026-01-09,2026-01-15,,,,,,Requested job,"E/stop cable, door winders, floor board carpet, signal , gear lever boot replace",MR
2026/1/R/007,PH-9072,H/O,CLOSED,2026-01-09,2026-01-23,,,,,,Requested job,Tinkering & painting,MR
2026/1/R/008,PA-4879,Battcaloa,CLOSED,2026-01-09,2026-03-04,,,,,,Requested job,"Gear lever bush, door hingers, check battery, speedo meter cable, hand brake, gear box repair, light repair",MJ
2026/1/R/009,LY-1614,Badalgama,CLOSED,2026-01-12,2026-01-15,,,,,,Requested job,Silensor repair,MR
2026/1/R/010,LO-5985,Badalgama,CLOSED,2026-01-13,2026-01-15,,,,,,Requested job,Spring blade repair(R/LH),MR
2026/1/R/011,LO-5981,Badalgama,CLOSED,2026-01-13,2026-01-18,,,,,,Requested job,"Steering U-joint, tie rod ball joint repair, fuel cut off switch",MR
2026/1/R/012,48-4849,Badalgama,CLOSED,2026-01-14,2026-01-20,,,,,,Requested job,"Fuel sys. Repair(filter change), wash & grease , adjust brakes",MR
2026/1/R/013,BIE-8576,Mallawagedara,CLOSED,2026-01-14,2026-01-20,,,,,,Requested job,"Service, adjust clutch",MR
2026/1/R/014,XW-9222,Mathale,CLOSED,2026-01-14,2026-01-18,,,,,,Requested job,"Service, check running condition",MR
2026/1/R/015,41-1130,Marawila,CLOSED,2026-01-15,2026-01-30,,,,,,Requested job,"Engine overheating, (injector service, E/head pressure testing, replace gasket), engine mount",MJ
2026/1/R/016,LC-0434,Badalgama,CLOSED,2026-01-15,2026-01-20,,,,,,Requested job,"Replaced F/axel bearing, hub greasing",MR
2026/1/R/017,325-5120,Badalgama,CLOSED,2026-01-16,2026-01-19,,,,,,Requested job,"Check abnormal noise of clutch bearing, replaced speedo meter assy.",MR
2026/1/R/018,BIE-8543,Badalgama,CLOSED,2026-01-16,2026-01-20,,,,,,Requested job,Replace f/axel bearing,MR
2026/1/R/019,LO-5983,CEP-03,CLOSED,2026-01-16,2026-01-20,,,,,,Requested job,Spring blade repair,MR
2026/1/R/020,LO-7855,Solution,CLOSED,2026-01-16,2026-02-24,,,,,,Requested job,"Replace outriger jack seal, service, deck repair, hy. Change",MJ
2026/1/R/021,LY-1614,Badalgama,CLOSED,2026-01-16,2026-01-22,,,,,,Requested job,Elec. Repair( brake light),MR
2026/1/R/022,LP-1720,Badalgama,CLOSED,2026-01-17,2026-01-25,,,,,,Requested job,"LHS Side mirror bracket repair, wash & grease, adjust brakes, reverse light",MR
2026/1/R/023,59-5421,Kilinochchi,CLOSED,2026-01-17,2026-04-07,,,,,,Requested job,"light repair, silensor, starting defect, suspension repair, vSpeedo meter , door lock, door pin, hand brake, service, service brake, tinkering & painting",MJ
2026/1/R/025,VR-12,Battcaloa,CLOSED,2026-01-17,2026-02-06,,,,,,Requested job,"Engine overheating, radiator cleaning, fan belt, ignition switch, circuit repair, hy. Leak repair",MJ
2026/1/R/026,PT-1569,CEP-03,CLOSED,2026-01-17,2026-02-14,,,,,,Requested job,"replace axel oil seal, pinion oil seal, axel bearing, steering box repair, center bearing",MJ
2026/1/R/027,SL-06,Mundalama Estate,CLOSED,2026-01-18,2026-01-27,,,,,,Requested job,"Bucket pin bush bolt repair, black smoke, abnormal noise from fan belt",MR
2026/1/R/029,SR-09,Marawila,CLOSED,2026-01-18,2026-01-22,,,,,,Requested job,"replace drum mount, silensor repair, elec. repair",MR
2026/1/R/030,VR-14,Marawila,CLOSED,2026-01-18,2026-01-22,,,,,,Requested job,"Service, wash & grease, injector leak repair",MR
2026/1/R/031,LD-06,Badalgama,CLOSED,2026-01-19,2026-01-22,,,,,,Requested job,"hy. Leak, accelerator & gear cable lubricating, light repair",MR
2026/1/R/032,LY-4524,Badalgama,CLOSED,2026-01-19,2026-02-10,,,,,,Requested job,"Radiator coolant leak repair, head light repair",MR
2026/1/R/033,LX-1045,Badalgama,CLOSED,2026-01-19,1908-03-20,,,,,,Requested job,"Brake repair, Number plate light NW, replaced brake liners RH",MJ
2026/1/R/034,51-7158,Badalgama,CLOSED,2026-01-20,2026-01-24,,,,,,Requested job,"Clutch repair(CMC, CSC)",MR
2026/1/R/036,SR-12,Marawila,CLOSED,2026-01-21,2026-01-26,,,,,,Requested job,"Welding work-near engine, light repair",MR
2026/1/R/041,48-4849,Badalgama,CLOSED,2026-01-22,2026-02-24,,,,,,Requested job,"Abnormal noise of engine, fix another engine removed from LA-4229",MJ
2026/1/R/042,LC-0434,Badalgama,CLOSED,2026-01-22,2026-01-23,,,,,,Requested job,alternator repair( Fix LM-7949 alternator),MR
2026/1/R/046,PA-6399,Inginimitiya,CLOSED,2026-01-23,2026-02-10,,,,,,Requested job,"Engine overheating, light repair, repair temp. meter",MJ
2026/1/R/028,VR-23,Marawila,CLOSED,2026-01-24,2026-02-06,,,,,,Requested job,"Hy. Leak, vibration defect, diesel block",MR
2026/1/R/048,DAH-2491,Badalgama,CLOSED,2026-01-25,2026-01-26,,,,,,Requested job,Trans. Sys. Repair(gear engage defect),MR
2026/1/R/049,325-5120,Badalgama,CLOSED,2026-01-26,2026-01-28,,,,,,Requested job,Replace F/RH hub bearing,MR
2026/1/R/050,LP-1571,Badalgama,CLOSED,2026-01-26,2026-01-26,,,,,,Requested job,Elec. Sys. Repair(fuse burnt when parking on),MR
2026/1/R/051,LL-1782,Badalgama,CLOSED,2026-01-26,2026-01-30,,,,,,Requested job,"Elec. Repair(Wiper, park light, fog light, tail, emergency light, number plate light)",MR
2026/1/R/052,PA-4193,H/O,CLOSED,2026-01-26,2026-01-26,,,,,,Requested job,"A/C , diesel tank cap lock, starting defect",MR
2026/1/R/047,LD-06,Badalgama,CLOSED,2026-01-28,2026-01-31,,,,,,Requested job,Bucket lift arm pin repair,MR
2026/1/R/053,LO-5985,Badalgama,CLOSED,2026-01-28,2026-01-28,,,,,,Requested job,"Elec. Repair(park light, horn NW)",MR
2026/1/R/055,PH-3945,H/O,CLOSED,2026-01-28,2026-01-28,,,,,,Requested job,starter  motor repair(Rs.8500 ex repair),MR
2026/1/R/054,RS-0483,Battcaloa,CLOSED,2026-01-29,2026-03-12,,,,,,Requested job,"replace flywheel ring gear, jack seal(swing, stabilizer), check tie rod RH, check all oil levels, wash & grease, change Trans, oil with seal",MJ
2026/1/R/056,HEX-41,Port City,CLOSED,2026-01-29,2026-02-09,,,,,,Requested job,"E/stop solenoid, A/c repair, hy. Oil leak near the pump, check service, water temp. meter repair, arm end & bucket pin bush repair, arm painting",MJ
2026/1/R/057,51-7158,Badalgama,CLOSED,2026-01-29,2026-01-30,,,,,,Requested job,clutch oil leak repair(elec. Repair),MR
2026/1/R/058,TM-20,Battcaloa,CLOSED,2026-01-29,2026-01-29,,,,,,Requested job,Replace steering jack seal(done by C-com),MR
2026/1/R/059,GE-131,Marawila,CLOSED,2026-01-29,2026-01-29,,,,,,Requested job,"cleaning all parts of machine(petrol tank, coil pack, )E/oil change, testing",MR
2026/1/R/060,HD-9005,Badalgama,CLOSED,2026-01-30,2026-01-30,,,,,,Requested job,Tail light repair,MR
2026/1/R/061,LP-1710,Badalgama,CLOSED,2026-01-30,2026-02-02,,,,,,Requested job,"elec. Repair, (replaced main switch, DC-DC convertor repair",MR
2026/1/R/062,LD-05,Badalgama,CLOSED,2026-01-30,2026-02-10,,,,,,Requested job,"Starter motor oil leak, loader lift jack seal, service, change R/coolant",MJ
2026/1/R/063,SMG-01,Solution,CLOSED,2026-01-30,2026-04-08,,,,,,Requested job,"R/cap,",MJ
2026/1/R/064,SMG-02,Solution,CLOSED,2026-01-30,2026-04-08,,,,,,Requested job,"R/cap,",MJ
2026/1/R/065,PH-3945,H/O,CLOSED,2026-01-31,2026-04-20,,,,,,Requested job,"Fuel system  repair(Engine sudden stop, injector clean, rail with pressure sensor replaced, injector pump repair, ), tail light lence, body control unit, painting, steering link bushing, door beeding",MJ
2026/1/R/066,LN-8278,Badalgama,CLOSED,2026-01-31,2026-01-31,,,,,,Requested job,"Replace shockabsorber, check clutch for abnormal noise, brake oil level decreasing-checked",MR
2026/1/R/067,57-3062,Badalgama,CLOSED,2026-01-31,2026-02-02,,,,,,Requested job,"Replace brake pad, AC belt pulley change, AC belt, fan belt change",MR
2026/2/R/068,LP-1577,Badalgama,CLOSED,2026-02-02,2026-02-03,,,,,,Requested job,"Diesel leak from filter, AC repair, Tail light repair RH, replaced fuel filter drain valve",MR
2026/2/R/069,LC-0434,Badalgama,CLOSED,2026-02-02,2026-02-03,,,,,,Requested job,"P/S hose repair, P/S oil change, replaced fuel feed pump",MR
2026/2/R/070,LO-5981,Badalgama,CLOSED,2026-02-03,2026-02-13,,,,,,Requested job,"Speedo meter repair, tail light NW, F/RH signal light, wiper blades",MR
2026/2/R/071,LP-1571,Badalgama,CLOSED,2026-02-03,2026-02-03,,,,,,Requested job,Adjust clutch,MR
2026/2/R/072,LD-06,Badalgama,CLOSED,2026-02-03,2026-02-03,,,,,,Requested job,"Starting defect(fuel sys. Repair), fan belt adjust, fuel filter change",MR
2026/2/R/074,68-5115,Ruwanwella,CLOSED,2026-02-03,2026-02-10,,,,,,Requested job,"examiner inquiry- Repaired by Autobacs, F/RH brake washer replaced, hand brake liners re-lining",MJ
2026/2/R/076,PV-6889,Kotugoda Bridge,CLOSED,2026-02-04,2026-02-05,,,,,,Requested job,"Silensor repair, alternator braket repair, wash & grease, check lights",MR
2026/2/R/073,EQP-PV,Battcaloa,CLOSED,2026-02-05,2026-02-08,,,,,,Requested job,"cleaning, E/oil change, start & testing",MR
2026/2/R/077,LK-5041,Badalgama,CLOSED,2026-02-05,2026-02-15,,,,,,Requested job,"Gear engage deffect, replaced head lights",MJ
2026/2/R/078-1,FL-01,Badalgama,CLOSED,2026-02-06,2026-02-13,,,,,,Requested job,"Overheating, radiator cleaning, fuel feed pump replaced(elec)",MJ
2026/2/R/079,PA-4193,H/O,CLOSED,2026-02-06,2026-02-18,,,,,,Requested job,"Speed meter repair, Service & parking brake checked - ok, door lock repair, diesel tank cap lock cable repair, AC repair, temp. meter repair, replaced 3 wheel nuts",MJ
2026/2/R/078,PH-6744,Marawila,CLOSED,2026-02-07,2026-02-09,,,,,,Requested job,"P/S sys. Repair, silensor repair, replace glow plugs replaced",MR
2026/2/R/081,LC-0434,Badalgama,CLOSED,2026-02-10,2026-02-11,,,,,,Requested job,Silensor repair,MR
2026/2/R/082,41-1130,Marawila,CLOSED,2026-02-10,2026-02-22,,,,,,Requested job,"Brake ,king pin, tie rod, brake washer(F), replaced alternator oil hose, E/stop motor repair-EX, park light repair -EX",MJ
2026/2/R/083,PH-6742,Marawila,CLOSED,2026-02-10,2026-02-15,,,,,,Requested job,"Service done, engine & under wash, adjust fan belt, repaired gear lever clamping bolt, 20w 50 oil used to check oil burning, oil leak near crank seal",MJ
2026/2/R/084,ASC-25,Marawila,CLOSED,2026-02-10,2026-03-11,,,,,,Requested job,Engine repair(fixed new engine),MJ
2026/2/R/085,ASC-21,Marawila,CLOSED,2026-02-10,2026-02-12,,,,,,Requested job,"Check engine, carb. Cleaning, cheange E/oil, check machine working condition",MR
2026/2/R/086,EQP-Plate Compactor,Chilaw,CLOSED,2026-02-11,2026-02-13,,,,,,Requested job,"machine cleaning, check engine condition, change E/oil, check working condition",MR
2026/2/R/087,PV-6889,Kotugoda Bridge,CLOSED,2026-02-11,2026-02-26,,,,,,Requested job,Steering & suspension system repair,MJ
2026/2/R/088,LN-8278,Badalgama,CLOSED,2026-02-11,2026-05-13,,,,,,Requested job,Accident repair-Autobacs,MJ
2026/2/R/089,51-7158,Badalgama,CLOSED,2026-02-12,2026-02-15,,,,,,Requested job,"starting defect, door winder repair",MR
2026/2/R/091,TB-01,Badalgama,CLOSED,2026-02-13,2026-02-14,,,,,,Requested job,"Fabrication work, replaced wheel studs(6), adjusted hub bearings",MR
2026/1/R/043,BDI-8556,CEP-03,CLOSED,2026-02-14,2026-02-25,,,,,,Requested job,Engine overhaul,MJ
2026/2/R/080,LO-4823,Marawila,CLOSED,2026-02-14,2026-02-20,,,,,,Requested job,"P/S oil leak, gear lever boot, check tie rods, Elec. Repair(park, signal, tail light lence), check service, cab tinkering & painting, adjusted tie rod ends",MJ
2026/2/R/092,GL-0019,Badalgama,CLOSED,2026-02-14,2026-02-15,,,,,,Requested job,"Fuel hose repair, tail light set replace, check & repair all lights, fuel feed pump repair",MR
2026/2/R/093,LD-06,Badalgama,CLOSED,2026-02-14,2026-02-14,,,,,,Requested job,Repaired fuel leak from pump,MR
2026/2/R/095,HEX-18,Badalgama,CLOSED,2026-02-16,2026-02-18,,,,,,Requested job,"Fuel sys. Repair(block), starter motor defect, replaced feed pump from 48-4849 engine",MR
2026/2/R/097,GE-147,Badalgama,CLOSED,2026-02-16,2026-02-24,,,,,,Requested job,Check & repair,MR
2026/2/R/098,GE-62,Port City,CLOSED,2026-02-16,2026-02-17,,,,,,Requested job,Check & repair,MR
2026/2/R/099,HEX-27,Port City,CLOSED,2026-02-17,2026-02-24,,,,,,Requested job,"Swing gear, bucket pin bush, jack seal, AC, hy. Leak, track repair, H repair with pin bush",MJ
2026/2/R/100,LC-0434,Badalgama,CLOSED,2026-02-17,2026-02-25,,,,,,Requested job,"Engine mount, water leak, P/S oil leak, propellar shaft repair, cab shockabsorber repair, shock bolt repair",MJ
2026/2/R/101,LO-5985,Marawila,CLOSED,2026-02-18,2026-02-22,,,,,,Requested job,"Side guard repair, light repair",MR
2026/2/R/094,PD-6917,Batticaloa,CLOSED,2026-02-19,2026-03-10,,,,,,Requested job,"Suspension & steering sys. Repair, door lock, body tinkering work, cab mount tinkering, deck painting, hand brake  repair-Ex, replace speed meter cable",MJ
2026/2/R/102,BGY-6440,Badalgama,CLOSED,2026-02-19,2026-02-19,,,,,,Requested job,Adjusted brakes & tyre air pressure checked,MR
2026/2/R/104,51-7158,Badalgama,CLOSED,2026-02-19,2026-03-06,,,,,,Requested job,"P/S oil leak,(steering rack repair)",MR
2026/2/R/105,DAH-2228,Asphalt Team,CLOSED,2026-02-19,2026-02-19,,,,,,Requested job,"Starter motor repair(ex.), service",MR
2026/2/R/106,FL-01,Ware House Project,CLOSED,2026-02-19,2026-02-22,,,,,,Requested job,Engine overheating,MJ
2026/2/R/096,GE-126,Badalgama,CLOSED,2026-02-20,2026-02-23,,,,,,Requested job,Check & repair,MR
2026/2/R/103,PC-7812,Batticaloa,CLOSED,2026-02-20,2026-02-27,,,,,,Requested job,"Engine overhual, Injector service, T belt, turbocharger  repair, radiator cleaning, clutch repair(Clutch plate, p/plate, c/bearing)",MJ
2026/2/R/107,FL-03,Badalgama,CLOSED,2026-02-20,2026-02-20,,,,,,Requested job,e/oil leak repair(Deep stick oil pipe damage),MR
2026/2/R/109,LL-1782,Badalgama,CLOSED,2026-02-20,2026-02-26,,,,,,Requested job,"silensor, wiper, brake, hand brake, clutch plate check, AC , Adjusted hand brakes, speedo meter repair",MJ
2026/2/R/110,LJ-8055,Ware House Project,CLOSED,2026-02-20,2026-02-22,,,,,,Requested job,Replaced air dryer from LL-0690(air brake sys. Repair),MJ
2026/2/R/111,LY-1614,Badalgama,CLOSED,2026-02-20,2026-02-20,,,,,,Requested job,"Replaced battery terminals, tempory fix 325-5120 & PTR-01 batteries to this vehicle",MR
2026/2/R/112,325-5120,Badalgama,CLOSED,2026-02-20,2026-02-24,,,,,,Requested job,Fix seat belt,MR
2026/1/R/035,PV-6889,Badalgama,CLOSED,2026-02-21,2026-01-24,,,,,,Requested job,"seat belt, hand brake, speedo meter cable, rear brake wheel cylinder",MR
2026/2/R/108,LO-9810,Badalgama,CLOSED,2026-02-22,2026-02-26,,,,,,Requested job,"Brake & clutch repair(replaced c/bearing, clutch plate re-lining, ), repalce brake pads, clutch pedal repair",MJ
2026/2/R/113,PA-4193,H/O,CLOSED,2026-02-23,2026-02-23,,,,,,Requested job,"Abnoumal noise from propeelar shaft U-joints-checked(need to replace), dash board loose parts fixed, inspection done",MR
2026/2/R/115,CR-01,Jafna,CLOSED,2026-02-23,2026-04-02,,,,,,Requested job,"Service, wash & grease",MR
2026/2/R/114,LO-4824,Badalgama,CLOSED,2026-02-24,2026-02-28,,,,,,Requested job,"side fence fix, replace tail light set, wash & grease",MR
2026/2/R/117,HD-9005,Badalgama,CLOSED,2026-02-24,2026-02-24,,,,,,Requested job,Brake hose repair,MR
2026/2/R/119,LY-1614,Badalgama,CLOSED,2026-02-25,2026-02-26,,,,,,Requested job,"Ignition switch defect, speedo meter repair",MR
2026/2/R/121,EQP-PV,Awissawella Bridge,CLOSED,2026-02-25,2026-02-27,,,,,,Requested job,"check repair & testing, changed E/oil, fuel sys. Cleaning,",MR
2026/2/R/122,LP-1712,Badalgama,CLOSED,2026-02-26,2026-03-14,,,,,,Requested job,Replace tail light,MR
2026/2/R/116,FL-01,Ware House Project,CLOSED,2026-02-27,2026-03-07,,,,,,Requested job,"Engine overheating, radiator water level decreasing, starting defect",MJ
2026/2/R/124,68-5115,Ruwanwella,CLOSED,2026-02-27,2026-02-27,,,,,,Requested job,"Fixed silensor bracket, Engine no punching-ex, light & horn repair",MR
2026/2/R/090,28-4314,Badalgama,CLOSED,2026-02-28,2026-03-30,,,,,,Requested job,"meter board repair, shockabsorber repair, gear box seal, center bearing, hub bolt, S/meter cable",MJ
2026/2/R/123,EQP-1T Roller,Batticaloa,OPEN,2026-02-28,,,,,,,Requested job,"Change E/oil, e/starting, hy. Pump cleaning, check hy. Syetem, travelling motor groove repair",MJ
2026/2/R/125,LC-0434,Badalgama,CLOSED,2026-02-28,2026-03-10,,,,,,Requested job,"Oil leak from brake chambers, propellar shaft vibration, engine overheating, air leak from dryer",MJ
2026/3/R/126,HU-5097,Badalgama,CLOSED,2026-03-03,2026-03-04,,,,,,Requested job,Brake repair(replace caliper piston with seal),MR
2026/3/R/127,LD-06,Ware House Project,CLOSED,2026-03-03,2026-03-07,,,,,,Requested job,"Fuel mixed with E/oil(fuel feed pump repair, change E/oil with filter)",MJ
2026/3/R/128,49-5294,Badalgama,CLOSED,2026-03-03,2026-03-05,,,,,,Requested job,"Check battery , starter motor wash & greased",MR
2026/3/R/129,RF-8340,Mundalama Estate,CLOSED,2026-03-03,2026-03-08,,,,,,Requested job,"Service, power steering sys. Repair, hitch repair(unable to lift), roof fibre work",MJ
2026/3/R/130,LK-2276,Ruwanwella,CLOSED,2026-03-03,2026-04-27,,,,,,Requested job,"Brake repair(service, Parking), light(signal, tail, Head light), MNW, Tinkering, Painting, Spring blade repair, E/oil & hy. Leak repair",MJ
2026/3/R/131,EQP-Rammer,Ware House Project,CLOSED,2026-03-05,2026-03-06,,,,,,Requested job,starting defect(fuel sys. Repair & testing,MR
2026/3/R/132,BDI-8556,Ware House Project,CLOSED,2026-03-05,2026-03-07,,,,,,Requested job,starting defect,MR
2026/3/R/133,PA-6399,Inginimitiya,CLOSED,2026-03-06,2026-03-08,,,,,,Requested job,"P/S oil leak, E/oil , check suspension sys. (F & R), replaced gear box mount",MJ
2026/3/R/134,PH-6742,Batticaloa,CLOSED,2026-03-06,2026-03-07,,,,,,Requested job,Horn & hand brake repair,MR
2026/3/R/136,325-5120,Badalgama,CLOSED,2026-03-06,2026-03-06,,,,,,Requested job,"Starter motor repair, brake repair(vehicle went out from WS after S/motor repair without inform. Therefore brake repair was not done)",MR
2026/1/R/044,LJ-5559,CEP-03,OPEN,2026-03-07,,,,,,,Requested job,"Tinkering & painting , clutch repair",MJ
2026/3/R/138,51-7158,Badalgama,CLOSED,2026-03-07,2026-03-07,,,,,,Requested job,Starting defect,MR
2026/3/R/139,DAH-2230,Ruwanwella,CLOSED,2026-03-08,2026-03-20,,,,,,Requested job,"Water leak from radiator, abnormal noise from brake sys., & clutch, F-park light repair, service",MJ
2026/2/R/118,LO-5985,Badalgama,CLOSED,2026-03-09,2026-03-10,,,,,,Requested job,LH side mirror arm & door joining point tinkering & painting,MR
2026/3/R/135,EQP-2KW Generator,Kilinochchi,CLOSED,2026-03-09,2026-03-11,,,,,,Requested job,Check & repair,MJ
2026/3/R/140,LY-4524,Badalgama,CLOSED,2026-03-10,2026-03-17,,,,,,Requested job,"Cabin air ballon sys. Repair, pedal travell sys. Repair(EX)",MJ
2026/3/R/141,LN-8279,Badalgama,CLOSED,2026-03-11,2026-03-17,,,,,,Requested job,"speedo meter repair, AC repair, head light, emergency light, gear engaging defect, air brake sys. Repair",MJ
2026/3/R/142,LO-5985,Badalgama,CLOSED,2026-03-11,2026-03-17,,,,,,Requested job,Tipper bucket & cabin painting,MJ
2026/3/R/143,GL-0019,Badalgama,CLOSED,2026-03-11,2026-03-13,,,,,,Requested job,Air hose repair,MR
2026/3/R/144,LK-6738,Marawila,CLOSED,2026-03-12,2026-03-13,,,,,,Requested job,"Tipping jack seal, R/RH door lock & fabrication  work of rear door",MR
2026/3/R/146,PJ-6376,Badalgama,CLOSED,2026-03-13,2026-03-13,,,,,,Requested job,"Door lock repaired  F/RH,repaired p/s belt adjuster",MR
2026/3/R/148,PA-6399,Inginimitiya,CLOSED,2026-03-13,2026-03-14,,,,,,Requested job,"Service & parking brake repair, replaced speedo meter cable, service",MJ
2026/3/R/149,HU-5097,Badalgama,CLOSED,2026-03-13,2026-03-17,,,,,,Requested job,Brake oil leak from load sensing valve(body controll),MR
2026/3/R/151,FL-02,Fabrication,CLOSED,2026-03-13,2026-03-14,,,,,,Requested job,Starter motor repair,MR
2026/3/R/153,PTR-06,CEP-03,CLOSED,2026-03-14,2026-03-15,,,,,,Requested job,"Drive chain adjusted, check all oil levels, check running condition",MJ
2026/3/R/154,PTR-10,CEP-03,CLOSED,2026-03-14,2026-03-16,,,,,,Requested job,"Brake repair(brake washer, dust boot), brake booster changed by parked machine, adjusted drive chain, changed rear complete wheel",MJ
2026/3/R/155,LH-5586,CEP-03,CLOSED,2026-03-14,2026-03-18,,,,,,Requested job,starter motor repair(sent LA-4229 motor),MR
2026/3/R/156,HEX-37,Awissawella Bridge,CLOSED,2026-03-16,2026-03-17,,,,,,Requested job,"Remove short arm Boom & fix long arm with boom ,fix pile hammer",MJ
2026/3/R/157,"EQP-6"" WP",Karathiv Bridge,CLOSED,2026-03-17,2026-03-25,,,,,,Requested job,"Replaced pump bearings, E/oil, air filter & exhaust manifold repair, engine internal cleaning, water pump testing",MJ
2026/3/R/158,LI-7701,CEP-03,CLOSED,2026-03-17,2026-03-25,,,,,,Requested job,Replaced axel tube & shaft,SSO
2026/3/R/159,HEX-05,CEP-03,CLOSED,2026-03-17,2026-04-26,,,,,,Requested job,"Track repair, top roller 2nos, sprocket wheel",SSO
2026/3/R/186,PD-7049,Marawila,CLOSED,2026-03-17,2026-03-31,,,,,,Requested job,"Replaced alternator(kamal-Katana), AC repair,",MJ
2026/3/R/137,LD-05,Badalgama,CLOSED,2026-03-18,2026-03-31,,,,,,Requested job,"Loader lift jack seal & bushes replace, Brake repair(F- disemble axel , check & assemble)jack pin repair, tinkering, Brake repair(rear)",MJ
2026/3/R/160,PV-2nos,Karathiv Bridge,CLOSED,2026-03-18,2026-03-23,,,,,,Requested job,"check , change E/oil, fuel sys. Cleaning, testing",MR
2026/3/R/161,LD-08,Badalgama,CLOSED,2026-03-18,2026-03-19,,,,,,Requested job,"fix hour meter, replaced steering jack seal 2nos, changed trans. Oil ,diesel leak repair, parking brake repair(re-lining pads), hy. Leak repair of orbital motor",MJ
2026/3/R/162,HEX-18,Badalgama,CLOSED,2026-03-18,2026-03-18,,,,,,Requested job,"Replace hy. Hose, top up hy. Oil",MR
2026/3/R/163,GE-102,Abanpola,CLOSED,2026-03-18,2026-03-18,,,,,,Requested job,"check, repair & testing",MR
2026/3/R/164,48-4849,Badalgama,CLOSED,2026-03-19,2026-03-21,,,,,,Requested job,"Adjusted accelerator, e/oil leak from oil filter housing",MR
2026/3/R/165,LO-7855,Solution,CLOSED,2026-03-19,2026-03-19,,,,,,Requested job,Fix boom cable,MR
2026/3/R/166,PA-4879,Inginimitiya,CLOSED,2026-03-19,2026-03-31,,,,,,Requested job,fuel sys. Repair(injector pump with injector repair),MJ
2026/3/R/152,FL-01,Ware House Project,CLOSED,2026-03-20,2026-03-22,,,,,,Requested job,"Engine overheating, starting defect",MR
2026/3/R/167,57-3062,Badalgama,CLOSED,2026-03-21,2026-03-24,,,,,,Requested job,"Radiator cap water leak, alternator repair, AC pulley repair,f/ bumper & shell fixed",MJ
2026/3/R/168,41-1130,Auto Bacs,OPEN,2026-03-23,,,,,,,Requested job,Register as diesel bowser,MJ
2026/3/R/169,51-7158,Badalgama,CLOSED,2026-03-23,2026-03-24,,,,,,Requested job,"repair hard starting, replace engine mount, air cleaner hose",MJ
2026/3/R/170,DAH-2230,Ruwanwella,CLOSED,2026-03-23,2026-03-30,,,,,,Requested job,"E/stops while running, (check fuel system), check brakes & P/S pump noise, replace fuel tank pump",MJ
2026/3/R/171,GE-152,Ruwanwella,CLOSED,2026-03-23,2026-03-27,,,,,,Requested job,starting defect,MR
2026/3/R/172,48-4849,Badalgama,CLOSED,2026-03-24,2026-03-25,,,,,,Requested job,Door repair(replace lock riverts),MR
2026/3/R/175,LK-5041,Badalgama,CLOSED,2026-03-24,2026-03-28,,,,,,Requested job,"Adjusted brakes, air leak from PTO, park light repair, boom pulley bush turnout & replaced bearings",MJ
2026/2/R/120,LP-1571,Badalgama,CLOSED,2026-03-25,2026-03-30,,,,,,Requested job,Replace tail light,MR
2026/3/R/173,HEX-18,Badalgama,CLOSED,2026-03-25,2026-04-08,,,,,,Requested job,fuel leak from feed pump,MR
2026/3/R/174,ZA-7290,Badalgama,CLOSED,2026-03-25,2026-03-26,,,,,,Requested job,Emission test fail(changed fuel filters),MR
2026/3/R/177,GE-64,Badalgama,OPEN,2026-03-25,,,,,,,Requested job,starting defect(injector with pump repair)water mixed with diesel,MJ
2026/3/R/178,EQP-Fuel filling station,Badalgama,CLOSED,2026-03-25,2026-03-25,,,,,,Requested job,fuel pump leak repair,MR
2026/3/R/179,GE-82,Badalgama,CLOSED,2026-03-25,2026-04-10,,,,,,Requested job,flood recover(Geni Buddika),MJ
2026/3/R/180,GE-104,Badalgama,OPEN,2026-03-25,,,,,,,Requested job,flood recover(Geni Buddika),MJ
2026/3/R/181,MG-09,Batticaloa,CLOSED,2026-03-25,2026-03-26,,,,,,Requested job,"jack seal(steering-2, blade-1)",SSO
2026/3/R/182,253-2574,Batticaloa,CLOSED,2026-03-25,2026-03-28,,,,,,Requested job,"steering box repair, shockabsorber repair, shock bush 4",SSO
2026/3/R/183,"EQP-4"" WP",Awissawella Bridge,CLOSED,2026-03-25,2026-03-27,,,,,,Requested job,"fix new 12HP water cooled engine ,water pump repair(seal, bearing, axel with nut)",MJ
2026/3/R/184,PA-4193,H/O,CLOSED,2026-03-26,2026-04-02,,,,,,Requested job,"Brake oil level decreasing, F/shockabsorber repair, propellarshaft U-joint, suspension repair(lower arm, upper arm , tie rod ball joint repair)",MJ
2026/3/R/187,HU-5097,Badalgama,CLOSED,2026-03-26,2026-03-27,,,,,,Requested job,"AC repair(elec. Work), service, battery change, full wash",MR
2026/3/R/188,49-5294,Badalgama,OPEN,2026-03-26,,,,,,,Requested job,"Starter motor repair, fixed 2"" engine driven water pump",MJ
2026/3/R/189,HEX-01,CEP-03,CLOSED,2026-03-26,2026-04-10,,,,,,Requested job,"Engine overheating,(radiator cleaned by site), replaced water reserve tank cap",MJ
2026/3/R/190,41-7225,Solution,OPEN,2026-03-26,,,,,,,Requested job,"starter motor repair, brake repair",MJ
2026/3/R/185,ZA-6255,Ruwanwella,CLOSED,2026-03-27,2026-03-31,,,,,,Requested job,"Replace mixer drum bearing, check abnormal noise of brakes, signal NW, MNW, hy. Change with filter , hy. Hose",MJ
2026/3/R/176,ZA-7092,Abanpola,CLOSED,2026-03-30,2026-04-25,,,,,,Requested job,"jack seal(multi, loader lift, backhoe arm), turbocharger oil leak, extradig pad adjusting",MJ
2026/3/R/191,EQP-Asphalt plant,A/plant,CLOSED,2026-03-30,2026-03-31,,,,,,Requested job,thread cutting 4nos bolt-2',MR
2026/3/R/192,LY-4524,Badalgama,CLOSED,2026-03-30,2026-04-01,,,,,,Requested job,Brake repair(replaced brake chamber seal),MR
2026/3/R/194,PH-0765,Ruwanwella,CLOSED,2026-03-31,2026-05-03,,,,,,Requested job,"Clutch repair(clutch plate, bearing), p/s pump, tinkering & painting, door lock, AC ,MNW",MJ
2026/4/R/195,ZA-6068,Batticaloa,CLOSED,2026-04-02,2026-04-02,,,,,,Requested job,alternator repair(fixed ZA-7092 alternator),SSO
2026/4/R/196,40-2955,Batticaloa,CLOSED,2026-04-02,2026-04-20,,,,,,Requested job,"Lower arm bushing, ball joint 2nos repair",SSO
2026/4/R/197,ZA-7965,Batticaloa,CLOSED,2026-04-02,2026-04-02,,,,,,Requested job,Starter motor repair(fixed ZA-7092 s/motor),SSO
2026/4/R/198,EQP-CM,Badalgama,CLOSED,2026-04-02,2026-04-02,,,,,,Requested job,"Clean, check, greasing, testing, fabrication work of structure",MR
2026/4/R/199,51-7158,Badalgama,CLOSED,2026-04-02,2026-04-02,,,,,,Requested job,Starter motor repair-Kamal,MR
2026/4/R/200,EQP-Light Plant,Ware House Project,CLOSED,2026-04-02,2026-04-08,,,,,,Requested job,starting defect,MJ
2026/4/R/201,GL-0019,Badalgama,CLOSED,2026-04-02,2026-05-02,,,,,,Requested job,"replaced alternator belt, 6PK-1067, check belt alignment, cabin jack hy. Hose repair",MR
2026/4/R/202,PA-4193,H/O,CLOSED,2026-04-04,2026-04-04,,,,,,Requested job,Abnormal noise(F/RH dial plate contact with brake disc),MR
2026/4/R/203,MG-11,Batticaloa,CLOSED,2026-04-04,2026-04-04,,,,,,Requested job,HY. Level indicator glass replaced,MR
2026/4/R/204,LJ-8055,Whare House Project,CLOSED,2026-04-04,2026-04-04,,,,,,Requested job,"Diesel hose repair, door glass unable to operate(door winder motor electrical repair)",MR
2026/4/R/205,ZA-0447,Badalgama,CLOSED,2026-04-04,2026-04-09,,,,,,Requested job,Replaced hy. Hose,MR
2026/4/R/208,LD-06,Whare House Project,CLOSED,2026-04-05,2026-04-08,,,,,,Requested job,Steering sys. Hy. Repair,MR
2026/4/R/217,RD-3536,Ruwanwella,CLOSED,2026-04-20,2026-04-24,,,,,,Requested job,"Gear shifting defect repair, wash & grease, checked all oil levels",MJ
2026/4/R/209,LN-8277,CEP-03,CLOSED,2026-04-22,2026-05-14,,,,,,Requested job,"Boom cable hy. Motor oil leak(changed by LC-0434 motor), AC repair, vehicle scanning, injector with pump repair, rail pressure sensor replaced, fuel tank cleaning, filter change(fuel filter, engine breather , gear box filter, air filter), replaced fuel overflow hoses",MJ
2026/4/R/210,LN-1867,Batticaloa,CLOSED,2026-04-22,2026-05-19,,,,,,Requested job,"king pin, steering sys. Repair, seat cushion, speedo meter repair, silensor repair, door hinger repair, injector service, diesel tank bracket repair,fix seat belt, hand brake repair, tie rod end replacing,",MJ
2026/4/R/212,57-3062,Badalgama,CLOSED,2026-04-22,2026-04-22,,,,,,Requested job,Alternator repair(replaced brush set),MR
2026/4/R/213,ZB-2587(LB-23),Ruwanwella,CLOSED,2026-04-23,2026-04-24,,,,,,Requested job,"Travelling system repair, light repair(brake, signal), 4WD switch check",MR
2026/4/R/214,ZB-1548(LB-18),Ruwanwella,CLOSED,2026-04-24,2026-05-05,,,,,,Requested job,"Loader & backhoe bucket repair, F/R pin bush repair, replaced backhoe arm jack seal, Elec. Sys. Repair(H/light, brake light, ), 4WD sys. Repair, check & repair trans, oil leak, service, AC repair, diesel block repair, hy. Oil change, replaced tie rod with rack ends",MJ
2026/4/R/215,SL-11,Ruwanwella,OPEN,2026-04-24,,,,,,,Requested job,"Machine sudden stop, parking sys. Repair, hour meter NW, Sent To C-Com",MJ
2026/4/R/218,57-3062,Badalgama,CLOSED,2026-04-24,2026-04-28,,,,,,Requested job,"AC repair, battery not chargine(alternator repair)",MR
2026/4/R/219,FL-03,Badalgama,CLOSED,2026-04-24,2026-04-28,,,,,,Requested job,Starter motor repair-Ex kamal,MR
2026/4/R/220,DAH-2229,CEP-03,OPEN,2026-04-25,,,,,,,Requested job,Fuel sys. Repair-injector repair-Ex Lansakara Auto Engineerers Pannala,MJ
2026/4/R/221,PH-3945,CEP-03,CLOSED,2026-04-25,2026-05-04,,,,,,Requested job,"Elec. Sys. Repair(starter motor repair Ex. Pannala), Engine cooling sys. Repair(replaced radiator hose)",MJ
2026/4/R/207,HEX-33,Kilinochchi,OPEN,2026-04-27,,,,,,,Requested job,"Undercarriage repair, AC repair, floor board repair, governor repair, horn NW",MJ
2026/4/R/222,PV-6889,Kotugoda Bridge,CLOSED,2026-04-27,2026-04-27,,,,,,Requested job,Silensor repair,MR
2026/4/R/223,SL-06,Marawila,OPEN,2026-04-27,,,,,,,Requested job,"Elec. Sys. Repair(travelling defect, error code, etc)",MJ
2026/4/R/225,HEX-45,CEP-03,CLOSED,2026-04-27,2026-05-14,,,,,,Requested job,"Swing motor repair(replaced seal), bucket repair, AC repair, swing motor ring gear greasing, travelling motor oil changed, hy. Top up",MJ
2026/4/R/227,LB-01,CEP-03,CLOSED,2026-04-27,2026-05-14,,,,,,Requested job,"replaced backhoe clamp seal, clamp housing repair, light repair(brake, signal, park), F/hub knuckle arm repair, replaced tie rod end with rack end",MJ
2026/4/R/224,LX-1679,Badalgama,CLOSED,2026-04-28,2026-05-12,,,,,,Requested job,"Final drive system repair(repaired hub, replaced bearings with nut, seal, grease), greasing all hubs",MJ
2026/4/R/224-1,51-8083,CEP-03,CLOSED,2026-04-28,2026-05-02,,,,,,Requested job,"Spares supply(engine mount, gear box mount, brake pads, upper arm bushing, silent bush)",MJ
2026/4/R/226,LC-0434,Badalgama,CLOSED,2026-04-28,2026-05-09,,,,,,Requested job,Replaced rear axel tube without pinion with bearing,MJ
2026/4/R/231,MG-10,Whare House Project,CLOSED,2026-04-29,2026-04-30,,,,,,Requested job,Hy. Hose replaced,MR
2026/4/R/232,LD-05,Badalgama,CLOSED,2026-04-30,2026-05-12,,,,,,Requested job,"starter motor repair(1st time return to kamal, 2nd time repair -OK)",MR
2026/4/R/233,TM-17,Batticaloa,CLOSED,2026-04-30,2026-05-02,,,,,,Requested job,Spare parts sent to site(gear lever ball joint),SSO
2026/4/R/234,TM-20,Batticaloa,CLOSED,2026-04-30,2026-05-04,,,,,,Requested job,supply spares-water seperator assy to site,SSO
2026/4/R/235,ZB-1979,Batticaloa,CLOSED,2026-04-30,2026-04-30,,,,,,Requested job,supply spares-tie rod end(used),SSO
2026/4/R/237,PH-9072,CEP-03,CLOSED,2026-04-30,2026-05-21,,,,,,Requested job,Accident repair-Autobacs,MJ
2026/5/R/238,SL-05,Batticaloa,CLOSED,2026-05-03,2026-05-05,,,,,,Requested job,"Spares supply- (water pump, pump packing, fan belt, Radiator hose)",SSO
2026/5/R/239,LY-4524,Badalgama,CLOSED,2026-05-03,2026-05-09,,,,,,Requested job,Middle axel(RHS) air baloon repalced,MJ
2026/5/R/241,SR-06,Batticaloa,CLOSED,2026-05-03,2026-05-05,,,,,,Requested job,spares supply(drum mount-4 nos),SSO
2026/5/R/242,LK-6740,Batticaloa,CLOSED,2026-05-03,2026-05-05,,,,,,Requested job,"spares supply(c/plate, clutch bearing, c/ bearing lock, propellar shaft nut & bolts, u-joint, PTO shaft nut & bolts)",SSO
2026/4/R/228,HEX-41,Kilinochchi,OPEN,2026-05-04,,,,,,,Requested job,"travelling motor repair(2nos), undercarriage major repair9replaced two track with plates, etc), door lock repair, machine stop when apply heavy loads",MJ
2026/5/R/243,ZA-7968,Batticaloa,CLOSED,2026-05-05,2026-05-05,,,,,,Requested job,spares supply(tie rod with rack end),SSO
2026/5/R/244,ZA-8511,CEP-03,CLOSED,2026-05-05,2026-05-18,,,,,,Requested job,"Fuel sys. Repair(ex-Makandura), fuel tank cleaning",MJ
2026/5/R/245,PY-2408,Ruwanwella,OPEN,2026-05-06,,,,,,,Requested job,"Driver & passenger seat cushion work, tinkering & painting(Floor board, battery bracket, engine room, foot board, etc), hand brake repair, speedo meter repair",MJ
2026/4/R/229,48-4849,Badalgama,CLOSED,2026-05-07,2026-05-08,,,,,,Requested job,"silensor repair(fixed silensor packing), adjusted brakes",MR
2026/5/R/246,LK-2366,Ruwanwella,OPEN,2026-05-07,,,,,,,Requested job,"air brake repair(replaced air dryer R/kit), adjusted brakes, upholstery repair, Elec. Sys. Repair(signal , s/m repair), LH door panel fix, check & repair speedo meter",MJ
2026/5/R/247,PT-1569,CEP-03,CLOSED,2026-05-07,2026-05-15,,,,,,Requested job,"Pinion oil leak repair, steering wheel is tight",MJ
2026/5/R/248,51-7158,Badalgama,CLOSED,2026-05-07,2026-05-11,412232,Km,,,,Requested job,"replaced water pump, T-belt(412232Km)",MJ
2026/5/R/249,ZA-6255,Ruwanwella,CLOSED,2026-05-07,2026-05-08,,,,,,Requested job,Concrete mixer drum roller making(turn out),SSO
2026/5/R/250,HEX-19,CEP-03,CLOSED,2026-05-07,2026-05-07,,,,,,Requested job,"supply boom jack pin(Dia. 70mm*17"")",SSO
2026/5/R/251,MG-15,Serunuwara,OPEN,2026-05-08,,,,,,,Requested job,"Hy. Pump repair, diesel block(tank cleaning)",MJ
2026/5/R/252,PA-4879,Badalgama,CLOSED,2026-05-09,2026-05-11,,,,,,Requested job,Starter motor repair-Kamal,MR
2026/4/R/230,LB-25,Marawila,CLOSED,2026-05-11,2026-05-11,1000,Hrs,,,,Requested job,"Abnormal tyre wear(LHS), wiper & horn NW, RHS head light NW, 1000Hr service(oil & filters supplied by WS), done by C COM",MR
2026/5/R/253,HU-5097,Badalgama,CLOSED,2026-05-11,2026-05-11,,,,,,Requested job,AC repair,MR
2026/5/R/254,59-5421,CEP-03,CLOSED,2026-05-11,2026-05-20,,,,,,Requested job,spares supply(Hand brake cable repair),SSO
2026/5/R/255,PJ-7606,H/O,OPEN,2026-05-11,,,,,,,Requested job,Accident repair-Autobacs,MJ
2026/5/R/256,325-5120,Badalgama,OPEN,2026-05-11,,,,,,,Requested job,Tinkering & painting- Autobacs,MJ
2026/5/R/257,VR-48,Batticaloa,CLOSED,2026-05-13,2026-05-22,,,,,,Requested job,"Vibrate switch repair, silensor repair, diesel tank cap making",MJ
2026/5/R/260,HD-9005,Badalgama,CLOSED,2026-05-16,2026-05-16,,,,,,Requested job,Tail light repair,MR
2026/5/R/261,SL-14,Marawila,CLOSED,2026-05-16,2026-05-16,,,,,,Requested job,Replace loader lift jack seal(2Nos),MR
2026/5/R/259,LN-8278,Badalgama,CLOSED,2026-05-17,2026-05-28,,,,,,Requested job,"Boom switch board repair, brake repair(shoe re-lining), shockabsorber replace, diesel meter & temp. meter repair, AC repair",MJ
2026/5/R/240,PA-4879,Badalgama,CLOSED,2026-05-18,2026-05-22,,,,,,Requested job,speedo meter repair,MR
2026/5/R/262,CR-01,Badalgama,CLOSED,2026-05-18,2026-05-20,,,,,,Requested job,Stabilizer jack seal replacement(4nos),MJ
2026/5/R/263,59-5421,CEP-03,CLOSED,2026-05-20,2026-05-23,,,,,,Requested job,"spare parts request(steering box shaft needle bearing, oil seal, pressure seal, O-ring, ball bearing)",SSO
2026/5/R/264,LD-09,CEP-03,CLOSED,2026-05-20,2026-05-22,,,,,,Requested job,Spare request(brake booster R/kit,SSO
2026/5/R/265,LK-5041,Badalgama,CLOSED,2026-05-20,2026-05-21,19135,Km,,,,Requested job,"F/LH hub bearing reeplace, compressed air leak repair, adjust brakes(19135Km)",MR
2026/5/R/267,SL-14,Mallawagedara,CLOSED,2026-05-21,2026-05-21,,,,,,Requested job,Hy. hose replace (2 Nos),
2026/5/R/268,51-7158,Badalgama,CLOSED,2026-05-22,2026-05-22,,,,,,Requested job,Starting defect (main fuse repair); check & tighten engine mounts; check service – ok,
2026/5/R/269,LP-1720,Badalgama,CLOSED,2026-05-23,2026-05-28,,,,,,Requested job,Bucket door pin repair; full inspection of vehicle; greasing & full body wash,
2026/5/R/272,LD-08,Badalgama,CLOSED,2026-05-25,2026-05-25,,,,,,Requested job,Full inspection after 50 hr of engine overhaul; 1st service done,
2026/5/R/273,MT-270,Mundalama Estate,CLOSED,2026-05-25,2026-05-26,,,,,,Requested job,Hy. hose repair,
2026/5/R/270,DAH-2228,Batticaloa,CLOSED,2026-05-26,2026-06-06,,,,,,Requested job,Engine minor repair; door bush repair; door handle (outer),
2026/5/R/271,LN-8279,Badalgama,CLOSED,2026-05-26,2026-06-03,,,,,,Requested job,Starter motor repair,
2026/5/R/274,PA-4193,H/O,CLOSED,2026-05-27,2026-05-29,,,,,,Requested job,Service; tail light repair; idling engine RPM checking,
2026/5/R/275,FL-01,Warehouse Project,CLOSED,2026-05-27,2026-05-30,,,,,,Requested job,Radiator hose repair (engine cooling system),
2026/5/R/277,LN-8279,Badalgama,CLOSED,2026-05-28,2026-06-03,,,,,,Requested job,Starter motor repair (kamel katane),
2026/5/R/278,51-7158,Badalgama,CLOSED,2026-05-28,2026-05-30,,,,,,Requested job,P/S oil leak; light repair (dimmer),
2026/5/R/279,57-3062,Badalgama,CLOSED,2026-05-28,2026-05-28,,,,,,Requested job,Engine overheating,
2026/5/R/280,EQP-Jack Hammer,Mallawagedara Bridge,CLOSED,2026-05-28,2026-05-28,,,,,,Requested job,Machine inspection & lubrication,
2026/5/R/281,HEX-21,Mallawagedara Bridge,CLOSED,2026-05-28,2026-05-28,,,,,,Requested job,Hy. leak repair (replace O-rings),
2026/5/R/276,PA-4879,Badalgama,CLOSED,2026-05-29,2026-06-04,,,,,,Requested job,Brake system repair,
2026/5/R/282,49-5294,Badalgama,OPEN,2026-05-30,,,,,,,Requested job,Head light; signal; service,
2026/5/R/283,MG-05,Marawila,OPEN,2026-05-30,,,,,,,Requested job,Jack seal (blade jada); Hy. pump oil leak; brake repair; E/oil level decreasing; service,
2026/6/R/284,LO-8350,Badalgama,OPEN,2026-06-01,,,,,,,Requested job,Accelerator cable repair; clutch adjust; buffer repair; F/windscreen insurance work; wiper repair; greasing,
2026/5/R/286,FL-02,Fabrication,CLOSED,2026-06-02,2026-06-03,,,,,,Requested job,CMC & CSC R/kit,
2026/5/R/287,57-3062,Badalgama,CLOSED,2026-06-02,2026-06-02,,,,,,Requested job,Battery bracket repair; battery repair (damaged due to no bracket),
2026/5/R/288,CR-02,Badalgama,CLOSED,2026-06-02,2026-06-02,,,,,,Requested job,Fuel system repair,
2026/5/R/289,PH-6744,Marawila,CLOSED,2026-06-02,2026-06-04,,,,,,Requested job,Fuel feed pump replace; speedo meter repair; door winder repair,
2026/5/R/290,VR-48,Badalgama,CLOSED,2026-06-02,2026-06-03,,,,,,Requested job,Travelling lever cable lubricating,
2026/6/R/285,LB-4824,Badalgama,OPEN,2026-06-02,,,,,,,Requested job,Abnormal heat of F/hub; speedo meter repair; starter motor not working sometimes,
2026/6/R/322,LD-09,CEP-03,OPEN,2026-06-03,,,,,,,Requested job,"Spare supply, Diode plate alternator repair.",
2026/5/R/291,57-3062,Badalgama,CLOSED,2026-06-05,2026-06-07,,,,,,Requested job,Abnormal noise of engine (check & identify AC belt & adjuster pulley loosen),
2026/5/R/292,LL-1782,Badalgama,CLOSED,2026-06-05,2026-06-06,,,,,,Requested job,Brake foot valve air leak repair; fan belt replace,
2026/5/R/294,LP-1568,Badalgama,CLOSED,2026-06-05,2026-06-05,,,,,,Requested job,Rear brake system air leak repair; adjust brakes; deck light repair (not done); LH door mirror replace (not done),
2026/5/R/298,CR-02,Warehouse Project,CLOSED,2026-06-05,2026-06-06,,,,,,Requested job,Alternator repair (overcharging),
2026/6/R/293,LN-8278,Badalgama,OPEN,2026-06-05,,,,,,,Requested job,Service; door repair (F),
2026/6/R/295,48-4849,Badalgama,OPEN,2026-06-05,,,,,,,Requested job,Cab mount loosen,
2026/6/R/296,SL-15,Marawila / Badalgama,OPEN,2026-06-05,,,,,,,Requested job,Bucket repair,
2026/6/R/297,PV-6889,Kotugoda Bridge,OPEN,2026-06-05,,,,,,,Requested job,F/LH axle repair; door winder repair,
2026/6/R/299,,Batticaloa,OPEN,2026-06-06,,,,,,,Requested job,Spares request,
2026/6/R/300,AC-25,Mallawagedara Bridge,OPEN,2026-06-06,,,,,,,Requested job,Starter motor repair,
2026/6/R/301,ZA-2609,Badalgama,OPEN,2026-06-07,,,,,,,Requested job,(No remark recorded),
2026/6/R/302,LO-8348,Badalgama,CLOSED,2026-06-07,2026-07-06,,,,,,Requested job,Front right side footstep repair; speedo meter repair; accelerator cable repair,
2026/6/R/303,PA-4879,Badalgama,CLOSED,2026-06-07,2026-06-09,173241,Km,,,,Requested job,"Speedo meter repair,made a gear wheel for gear box inside.173241KM",
2026/6/R/304,ZB-1546,Batticaloa,CLOSED,2026-06-08,2026-06-08,,,,,,Requested job,"Spaires Request,Multi jack seal kit 2,loader bucket seal kit 1 ,backhoe bucket seal kit 1, arm seal kit 1, F pinion seal.",
2026/6/R/305,LO-4816,Batticaloa,CLOSED,2026-06-08,2026-06-08,,,,,,Requested job,"Spaires request,water pump 1,door lock 2",
2026/6/R/306,SR-06,Batticaloa,OPEN,2026-06-08,,,,,,,Requested job,Drum mount supply 4 nos,
2026/6/R/307,RS-0483,CEP-03,CLOSED,2026-06-09,2026-06-12,,,,,,Requested job,Spairs Request,
2026/6/R/308,28-4314,Badalgama,OPEN,2026-06-09,,,,,,,Requested job,"Hand brake cable,car set ,carpet,transmission system repair,suspention & steering system repair",
2026/6/R/309,PH-3945,H/O,OPEN,2026-06-09,,,,,,,Requested job,"Fuel system repair(Engine starting defect),Injector 4 nos & injector pump repair ( sanjaya - colombo)",
2026/6/R/310,ACS-21,Batticaloa,OPEN,2026-06-09,,,,,,,Requested job,"Fix new engine,Travelling wheel repair",
2026/6/R/311,LO-7855,Solution,CLOSED,2026-06-10,2026-06-10,,,,,,Requested job,"Adjust brake,boom u bolt chck and tight bolt and nut,adjust ball joints,wash and grease",
2026/6/R/313,LX-1679,Badalgama,CLOSED,2026-06-10,2026-06-10,,,,,,Requested job,Rear LH hub bearing replace (HM212049) bore diameter 66.675mm,
2026/6/R/314,PTR-10,Maravila,OPEN,2026-06-10,,,,,,,Requested job,"Brake Repair ( Hose,Starter motor repair,ignition switch,R/LH hub bolt replace",
2026/6/R/316,HEX-41,Mallawagedara Bridge,CLOSED,2026-06-10,2026-06-10,,,,,,Requested job,Hydraulic Hose repair,
2026/6/R/315,PD-7049,Marawila,OPEN,2026-06-11,,,,,,,Requested job,"F/LH shock absorber repair, Rear door lock repair, F/buffer repair (Accident), Upper arm bush, Lower arm bush, Lower arm ball joint,CV boot, rear shock absorber 2, Rear spring bush 12, Rear Spring blade, Fiber plate 12, Spring blade forming, wheel alignment.",
2026/6/R/317,51-7188,Badalgama,CLOSED,2026-06-11,2026-06-19,,,,,,Requested job,"steering Rack oil leak, Steering rack check, wheel Alignment, Check suspension sys.",
2026/6/R/318,SR-11,Warehouse Project,CLOSED,2026-06-11,2026-06-13,,,,,,Requested job,"Starting defect, Fuel repair, Water in fuel tank.",
2026/6/R/320,DAH-2228,Batticaloa,CLOSED,2026-06-12,2026-06-13,,,,,,Requested job,Brake System repair (Hand brake cable),
2026/6/R/323,10-7182,CEP-03,CLOSED,2026-06-13,2026-06-14,,,,,,Requested job,Spares Supply (Speedo meter Sensor),
2026/6/R/324,10-5983,CEP-03,CLOSED,2026-06-13,2026-06-14,,,,,,Requested job,Spares Supply (Speedo meter Sensor),
2026/6/R/328,LD-05,Badalgama,CLOSED,2026-06-14,2026-06-16,,,,,,Requested job,"Fuel system repair.Repair (Diesel block)Stop solenoid adjust, Wash, grease,",
2026/6/R/329,MG-14,Batticaloa,CLOSED,2026-06-14,2026-06-20,,,,,,Requested job,"Spares Supply,Jack seal kit (Nos), Dust Boot",
2026/6/R/325,CR-01,CEP-03,CLOSED,2026-06-15,2026-06-17,,,,,,Requested job,"Spares supply, Main Hy speed Solenoid Coil repair",
2026/6/R/326,PA-6744,Mannar,OPEN,2026-06-15,,,,,,,Requested job,"Speedo meter repair, Seat Cushion, R/ door repair (Auto Base), Replace water pump, check & repair Steering free play",
2026/6/R/327,SR-13,Kilinochchi,CLOSED,2026-06-15,2026-06-20,,,,,,Requested job,"Wash & grease, check all levels, Seat Cushion, Elec repair (Lights).",
2026/6/R/312,LL-1782,Badalgama,CLOSED,2026-06-16,2026-06-20,,,,,,Requested job,"Service,Spring blade repair,increase engine oil level,decrease water level in the reserve tank,diesel tank leak repair and clean",
2026/6/R/330,SL-17,Batticaloa,OPEN,2026-06-17,,,,,,,Requested job,"Travelling motor Seal kit replace, Seat cushion, Travelling motor bearing replace",
2026/6/R/331,EQP-CM,Mannar,OPEN,2026-06-17,,,,,,,Requested job,Mixer drive sys. repair,
2026/6/R/332,BGY-6440,Badalgama,OPEN,2026-06-18,,,,,,,Requested job,Starting defect,
2026/6/R/334,LA-9208,Marawila,CLOSED,2026-06-18,2026-06-19,,,,,,Requested job,F/LH axel repair,
2026/6/R/336,MG-07,Warehouse Project,CLOSED,2026-06-19,2026-06-22,,,,,,Requested job,"Circle motor pin replace, F/Number plate repair,Roof repair (Replace nut & bolt), Oil leak repair, Does not engage 6th gear",
2026/6/R/337,HD-9005,Badalgama,CLOSED,2026-06-19,2026-06-23,,,,,,Requested job,Pay-loader lifting jack shoe repair,
2026/6/R/338,LB-26 / ZB-4605,Mannar,OPEN,2026-06-19,,,,,,,Requested job,1st Service (C-Com),
2026/6/R/333,FL-01,Warehouse Project,OPEN,2026-06-20,,,,,,,Requested job,Overheating,
2026/6/R/335,SR-11,Badalgama,CLOSED,2026-06-20,2026-06-21,,,,,,Requested job,Starting defect.,
2026/6/R/339,EQP-Wacker 2 Nos,Mannar (Musali),CLOSED,2026-06-20,2026-06-20,,,,,,Requested job,Check start & testing,
2026/6/R/340,PA-4879,Musali,CLOSED,2026-06-20,2026-06-22,,,,,,Requested job,Speedo Meter replaced. Done by site,
2026/6/R/341,41-1130,Badalgama,OPEN,2026-06-20,,1167,Hrs,,,,Requested job,"Engine cooling system repair,1167Hrs,Head pressure test by edirisighe (replace valve guide)",
2026/6/R/343,57-3062,Badalgama,CLOSED,2026-06-20,2026-06-24,,,,,,Requested job,"Radiator water inlet repair,Replace shockabsober,replace pinion seal",
2026/6/R/344,48-4849,Badalgama,CLOSED,2026-06-22,2026-06-22,,,,,,Requested job,Bucket pin turn out,
2026/6/R/346,PC-7812,Mannar,CLOSED,2026-06-22,2026-06-23,,,,,,Requested job,"Steering rack repair,power steering oil leak, replace rack ends",
2026/6/R/347,LB-01,Badalgama,CLOSED,2026-06-22,2026-06-23,,,,,,Requested job,Starter motor repair,
2026/6/R/349,GE-102,Batticaloa,CLOSED,2026-06-24,2026-06-30,,,,,,Requested job,Check and repair service,
2026/6/R/351,LK-4058,Badalgama,CLOSED,2026-06-24,2026-06-27,,,,,,Requested job,"Check  Trans system (gear box),Engine mirnor repair, (repalced used con rod), starter motor repair wash and clean,",
2026/6/R/353,Diesel Unloading Motor - Filling station badalgama yard,Badalgama,CLOSED,2026-06-24,2026-06-30,,,,,,Requested job,"Motor Rewinding,Coupling making",
2026/6/R/354,LY-4524,Badalgama,CLOSED,2026-06-24,2026-07-07,,,,,,Requested job,"Mid axal repair, fix fog lights, service,air suspention system  repair,LH signal(tailer) F/Head light replace.Indicate switch off,on dashboard, air drayer leak,cab lifting jack oil leak",
2026/6/R/355,40-8060,Batticaloa,OPEN,2026-06-24,,,,,,,Requested job,"Gear box repair,Spares supply (clutch plate,clutch bearing)",
2026/6/R/356,LB-21,Galagedara,CLOSED,2026-06-24,2026-06-26,,,,,,Requested job,Turbocharger replace New one,
2026/6/R/352,CM-02,Where House Project,OPEN,2026-06-25,,,,,,,Requested job,running fabrication repair,
2026/6/R/348,LN-8278,Badalgama,CLOSED,2026-06-26,2026-06-26,,,,,,Requested job,Boom Elec repair ( Engine rpm increase but dosenot decrease,
2026/6/R/358,PV-6889,Gampaha Bridge,CLOSED,2026-06-26,2026-06-27,,,,,,Requested job,Replace clutch washer ( Done by site) labor -3500,
2026/6/R/359,HU-5097,Badalgama,CLOSED,2026-06-27,2026-06-27,,,,,,Requested job,Engine cooling system repair (water leak),
2026/6/R/360,MG-10,Mannar,CLOSED,2026-06-27,2026-06-30,,,,,,Requested job,"Check all oil levels ( Wash and greasing) replace guide rads,cutting edge with nut and bolt",
2026/6/R/361,SL-09,Mannar,CLOSED,2026-06-27,2026-07-05,,,,,,Requested job,"Starting default,electrical system repair,wash and greasing,check service",
2026/6/R/363,LP-1720,Badalgama,OPEN,2026-06-28,,,,,,,Requested job,"Abnormal noice of pinion(Propeller shaft turn out,but not move vehicle),Deck painting",
2026/6/R/366,PH-6744,Mannar,CLOSED,2026-06-30,2026-07-01,,,,,,Requested job,"Rear wheel bearing repair ( remove dust in drums),Abnormal noice,F/RH door hinger bushing,gear engaging default check ok,number plate bulb change,AC belt fix,Drag link ball joint repair",
2026/6/R/367,PE-3911,Batticaloa,OPEN,2026-06-30,,,,,,,Requested job,Request R shockabsober,
2026/6/R/368,SL-03,Batticaloa LoT-02,OPEN,2026-06-30,,,,,,,Requested job,"Request drive belt ,belt adjuster,fuel feed pump",
2026/6/R/362,LP-1574,Badalgama,OPEN,2026-07-01,,,,,,,Requested job,"AC repair,Adjust breake,replace tail light cup and battery,diesel meter not working",
2026/6/R/365,CR-02,Where House Project,CLOSED,2026-07-01,2026-07-01,,,,,,Requested job,"Cabin door bearing , alternator belt replace ( 2 nos)",
2026/6/R/369,ZB-1521,Solution Inginimitiya,CLOSED,2026-07-01,2026-07-01,,,,,,Requested job,"Replace multijack seal,AC repair",
2026/6/R/370,PA-6399,Inginimitiya,OPEN,2026-07-01,,,,,,,Requested job,Gear engaging Default (Gear box repair),
2026/7/R/372,LP-1579,Batticaloa,CLOSED,2026-07-01,2026-07-01,,,,,,Requested job,Spares supply PTO Switch,
2026/7/R/373,LP-1710,Batticaloa,CLOSED,2026-07-01,2026-07-01,,,,,,Requested job,Spares supply PTO Switch,
2026/7/R/374,TR-146,Mannar,CLOSED,2026-07-01,2026-07-02,,,,,,Requested job,"Fuel system repair,service and testing",
2026/7/R/375,ASC-25,Ruwanwella,CLOSED,2026-07-01,2026-07-01,,,,,,Requested job,"Silancer change ,fuel system clean,check,repair and testing,governer repair,oil change,machine testing,replace cutting wheel,drive belts.",
2026/7/R/376,ZB-1548,Kotugoda Bridge,CLOSED,2026-07-01,2026-07-01,,,,,,Requested job,Hy hose replace,
2026/7/R/378,GL-0019,Badalgama,CLOSED,2026-07-02,2026-07-03,,,,,,Requested job,"Air brake system repair,(steel hose brass welding)",
2026/7/R/377,RC-9894,Badalgama,CLOSED,2026-07-03,2026-07-08,,,,,,Requested job,"Starter motor not working,Hitch hook not working,Steering wheel is tight,hand brake,service brake repair,center pinbush repair",
2026/7/R/371,LA-9208,Maravila,OPEN,2026-07-04,,,,,,,Requested job,"Speedo meter repair,Heat meter repair,Ligt repair (Signal,head,brake),silancer repair,reverse gear engaging default cab tinkering Auto bacs ,Radiator water leak,Service,RH Door glass fix",
2026/7/R/379,ZB-1980,Galagedara,OPEN,2026-07-04,,,,,,,Requested job,"Fuel system repair,Terbocharger diagnese",
2026/7/R/380,48-4849,Badalgama,OPEN,2026-07-04,,,,,,,Requested job,Properller shaft gearbox side coupling repair,
2026/7/R/382,LD-05,Badalgama,CLOSED,2026-07-05,2026-07-06,,,,,,Requested job,Bucket operating lever enable repair,
2026/7/R/384,HU-5097,Badalgama,CLOSED,2026-07-06,2026-07-06,,,,,,Requested job,"Water leak from windscreen,beeding,numberplate fix,R/LH door winder repair",
2026/7/R/385,68-5115,Ruwanwella,OPEN,2026-07-06,,,,,,,Requested job,Gearbox repair,
2026/7/R/386,DAH-2230,Ruwanwella,CLOSED,2026-07-06,2026-07-06,,,,,,Requested job,Power steering box repair,
2026/7/R/387,SL-15,Ruwanwella,CLOSED,2026-07-06,2026-07-07,,,,,,Requested job,Spares supply (Driver belt),
2026/7/R/388,LK-4057,Batticaloa,OPEN,2026-07-06,,,,,,,Requested job,"Fix water tank removed from LI-3396 Fuel system repair,door winder repair,door lock, check all oil levels",
2026/7/R/389,LI-3857,Muthur Plant,OPEN,2026-07-06,,,,,,,Requested job,"Wiper blade with arm,door winder,check battery charging,head light,tail light,change fuel filters,full check up,wash and grease",
2026/7/R/390,HEX-42,CEP-03,OPEN,2026-07-06,,,,,,,Requested job,fuel system repair (remove and service injectors),
2026/7/R/391,VR-59,Galagedara,CLOSED,2026-07-06,2026-07-06,,,,,,Requested job,"Service,check all oil levels,wash and grease fix new battery",
2026/7/R/392,VR-64,Mannar,CLOSED,2026-07-06,2026-07-06,,,,,,Requested job,Check all oil levels wash and grease,
2026/7/R/381,FL-01,Where House Project,CLOSED,2026-07-07,2026-07-07,,,,,,Requested job,Hy hose replace,
2026/7/R/393,28-4314,Badalgama,CLOSED,2026-07-07,2026-07-08,,,,,,Requested job,Center bearing with mount replace,
2026/7/R/394,51-7158,Badalgama,OPEN,2026-07-07,,,,,,,Requested job,"Supention Repair,Gear cable repair,seat belt fix",
2026/7/R/395,BII-2094,Maravila,CLOSED,2026-07-07,2026-07-07,,,,,,Requested job,Check and service,
2026/7/R/396,HEX-43,Batticaloa,OPEN,2026-07-08,,,,,,,Requested job,"Supply spares ( Track master pin), dia 33* 210mm (L) case 220 excavetor",
2025/8/R/589,LP-1720,Kilinochchi,CLOSED,2026-08-11,2026-08-13,,,,,,Requested job,fan belt 8PK-2124,
